text,label
"""Breaking: NASA's Perseverance rover successfully lands on Mars.""",not_sarcasm
"""Finally home from work, can't wait to relax.""",not_sarcasm
"""The new bakery downtown has the best croissants.""",not_sarcasm
"""Just started reading 'The Nightingale', it's gripping.""",not_sarcasm
"""I'm so proud of my niece, she just got into her dream college.""",not_sarcasm
"""Can't believe it's already June, where did the time go?""",not_sarcasm
"""My friend just opened a coffee shop, wish them luck!""",not_sarcasm
"""Watching 'Hamilton', it's amazing.""",not_sarcasm
"""Need help moving this weekend, anyone available?""",not_sarcasm
"""Just tried meditation for the first time, felt very calming.""",not_sarcasm
"""Thinking of you today, friend. You're in my thoughts.""",not_sarcasm
"""Finally finished my garden, it looks beautiful.""",not_sarcasm
"""Just saw a shooting star, made a wish!""",not_sarcasm
"""Working from home has its perks, like lunch with the cat.""",not_sarcasm
"""Worried about the upcoming storm, hope everyone stays safe.""",not_sarcasm
"""I'm so grateful for the support from my colleagues.""",not_sarcasm
"""Just got back from a hike, nature is so restorative.""",not_sarcasm
"""Trying out that new recipe I saw on Instagram.""",not_sarcasm
"""Excited to see my family this weekend, miss them so much.""",not_sarcasm
"""Feeling a bit under the weather, might take a sick day.""",not_sarcasm
"""Just started learning Spanish, it's challenging but fun.""",not_sarcasm
"""Thrilled to announce I've been promoted.""",not_sarcasm
"""Sending love and strength to everyone affected by the recent wildfires.""",not_sarcasm
"""Just saw 'Black Widow', it was action-packed and emotional.""",not_sarcasm
"""Feeling motivated to hit the gym after work.""",not_sarcasm
"""Can't believe 'Game of Thrones' has been over for three years.""",not_sarcasm
"""Just got back from volunteering at the local food bank, felt rewarding.""",not_sarcasm
"""Thinking about traveling again, miss exploring new places.""",not_sarcasm
"""Just tried stand-up paddleboarding, it was a challenge!""",not_sarcasm
"""Sad to hear about the passing of a local legend, he will be missed.""",not_sarcasm
"""Just found out I'm going to be an aunt, can't wait to meet the little one.""",not_sarcasm
"""Feeling inspired after attending that art exhibition.""",not_sarcasm
"""Just got my COVID-19 vaccine, feeling relieved and grateful.""",not_sarcasm
"""Thinking of all the healthcare workers on the frontlines, you're heroes.""",not_sarcasm
"""Just saw a beautiful sunset, it was like nature's masterpiece.""",not_sarcasm
"""Trying out remote work for the first time, it's different but interesting.""",not_sarcasm
"""Just started a book club with some friends, looking forward to discussing 'The Vanishing Half'.""",not_sarcasm
"""Feeling nostalgic today, thinking about childhood memories.""",not_sarcasm
"""Sending virtual hugs to everyone who needs one.""",not_sarcasm
"""Just discovered a new favorite podcast, 'How I Built This'.""",not_sarcasm
"""Feeling grateful for the simple things in life, like a warm cup of tea on a rainy day.""",not_sarcasm
"""Just saw a post about a local community event, looking forward to attending.""",not_sarcasm
"""Thinking about all the people who have lost their lives to COVID-19, they will not be forgotten.""",not_sarcasm
"""Just started a new project at work, feeling excited and a bit nervous.""",not_sarcasm
"""Feeling the Monday blues, anyone else?""",not_sarcasm
"""Just saw a post about a charity run, thinking about participating.""",not_sarcasm
"""Thinking about all the teachers who are going above and beyond this year.""",not_sarcasm
"""Just started learning how to play the guitar, it's been a struggle but fun.""",not_sarcasm
"""Feeling blessed to have such wonderful friends in my life.""",not_sarcasm
"""Just saw a post about a local protest, thinking about attending.""",not_sarcasm
"""Thinking about all the small businesses that have struggled during the pandemic.""",not_sarcasm
"""Just started a new diet, feeling motivated but hungry.""",not_sarcasm
"""Feeling the pressure of upcoming deadlines, need to buckle down.""",not_sarcasm
"""Just saw a post about a local farmers market, looking forward to visiting.""",not_sarcasm
"""Thinking about all the lives that have been changed by the recent hurricane.""",not_sarcasm
"""Just started a new job, feeling excited and a bit overwhelmed.""",not_sarcasm
"""Feeling grateful for the little moments of joy in everyday life.""",not_sarcasm
"""Just saw a post about a local poetry reading, thinking about attending.""",not_sarcasm
"""Thinking about all the people who are struggling with mental health during these challenging times.""",not_sarcasm
"""Just started a new workout routine, feeling sore but determined.""",not_sarcasm
"""Feeling lucky to have found such a supportive community online.""",not_sarcasm
"""Just saw a post about a local fundraiser, thinking about donating.""",not_sarcasm
"""Thinking about all the people who are fighting for social justice, you're inspiring.""",not_sarcasm
"""Just started a new knitting project, it's very relaxing.""",not_sarcasm
"""Feeling anxious about the upcoming election, hope everyone gets out to vote.""",not_sarcasm
"""Just saw a post about a local art exhibit, looking forward to visiting.""",not_sarcasm
"""1. ""Breaking: NASA's Perseverance rover successfully lands on Mars.""",not_sarcasm
"""2. ""Just got my first coffee of the day, starting the morning right.""",not_sarcasm
"""3. ""I'm so proud of my daughter, she just got accepted into her dream college.""",not_sarcasm
"""4. ""Can't wait to see 'No Time to Die,' the new James Bond movie.""",not_sarcasm
"""5. ""I'm worried about the upcoming weather forecast, they're predicting heavy snow.""",not_sarcasm
"""6. ""Finally finished that report, time to clock out and enjoy the weekend.""",not_sarcasm
"""7. ""Just discovered a new favorite song, 'Drivers License' by Olivia Rodrigo.""",not_sarcasm
"""8. ""The Eiffel Tower is closed today due to high winds, plans changed.""",not_sarcasm
"""9. ""I've been trying to learn French for years, any tips are appreciated.""",not_sarcasm
"""10. ""Just got back from the gym, feeling great and ready for the day.""",not_sarcasm
"""11. ""I'm so grateful for the love and support of my friends and family.""",not_sarcasm
"""12. ""Can't decide between pizza or sushi for dinner, any suggestions?""",not_sarcasm
"""13. ""Just saw a beautiful sunset, nature's art is amazing.""",not_sarcasm
"""14. ""I'm struggling with this math problem, anyone have a hint?""",not_sarcasm
"""15. ""The new iPhone just came out, thinking about upgrading.""",not_sarcasm
"""16. ""I'm loving this cold weather, it's perfect for hot chocolate and movies.""",not_sarcasm
"""17. ""Just started reading 'The Great Gatsby,' any book club recommendations?""",not_sarcasm
"""18. ""I'm so excited for the new season of 'The Mandalorian' to start.""",not_sarcasm
"""19. ""Just found out my favorite band is coming to town, can't wait!""",not_sarcasm
"""20. ""I'm concerned about the rising COVID-19 cases in my city.""",not_sarcasm
"""21. ""Just tried online learning for the first time, it's different but manageable.""",not_sarcasm
"""22. ""I'm really enjoying my new job, the team is awesome.""",not_sarcasm
"""23. ""Just saw a dog walking itself, it was adorable and a little worrying.""",not_sarcasm
"""24. ""I'm planning a surprise birthday party for my best friend.""",not_sarcasm
"""25. ""Just tried making homemade pasta for the first time, it was a bit of a mess but delicious.""",not_sarcasm
"""26. ""I'm so impressed by the creativity of the contestants on 'The Great British Baking Show'.""",not_sarcasm
"""27. ""Just heard about the tragedy in Ukraine, my heart goes out to the victims.""",not_sarcasm
"""28. ""I'm trying to cut back on coffee, any tips for a caffeine addict?""",not_sarcasm
"""29. ""Just started a garden, it's been therapeutic and rewarding.""",not_sarcasm
"""30. ""I'm excited to attend my first virtual comic-con this weekend.""",not_sarcasm
"""31. ""Just found out I'm allergic to my favorite flowers, life's full of surprises.""",not_sarcasm
"""32. ""I'm so impressed by the work of local artists at the art market today.""",not_sarcasm
"""33. ""Just started learning to play the guitar, it's harder than it looks.""",not_sarcasm
"""34. ""I'm so grateful for the rain today, our plants needed it.""",not_sarcasm
"""35. ""Just saw a viral video of a cat playing the piano, it's amazing what they can do.""",not_sarcasm
"""36. ""I'm really enjoying this true crime podcast, it's both fascinating and disturbing.""",not_sarcasm
"""37. ""Just tried a new recipe, it was a hit with the kids.""",not_sarcasm
"""38. ""I'm so proud of myself for sticking to my New Year's resolution.""",not_sarcasm
"""39. ""Just saw a meteor shower, it was magical.""",not_sarcasm
"""40. ""I'm concerned about the increasing number of homeless people in my city.""",not_sarcasm
"""41. ""Just started a book club with some friends, it's been great to discuss different perspectives.""",not_sarcasm
"""42. ""I'm so excited to go camping this weekend, nothing beats the great outdoors.""",not_sarcasm
"""43. ""Just tried meditation for the first time, it was harder than I thought.""",not_sarcasm
"""44. ""I'm really enjoying this new series on Netflix, it's so binge-worthy.""",not_sarcasm
"""45. ""Just saw a video of a man proposing with a ring pop, it was adorable and creative.""",not_sarcasm
"""46. ""I'm so grateful for the healthcare workers on the frontlines during this pandemic.""",not_sarcasm
"""47. ""Just started learning a new language, any tips for a beginner?""",not_sarcasm
"""48. ""I'm so impressed by the creativity of the costumes at this year's Comic-Con.""",not_sarcasm
"""49. ""Just found out I got into my top choice for grad school, I'm over the moon!""",not_sarcasm
"""50. ""I'm really hoping for some clear skies tonight to see the Perseid meteor shower.""",not_sarcasm
"""1. ""I'm so thrilled to have graduated today, it's been a long journey but I finally did it!""",not_sarcasm
"""2. ""I'm really worried about the upcoming storm, I hope everyone stays safe.""",not_sarcasm
"""3. ""Just another rainy day in Seattle, perfect for a cozy movie night.""",not_sarcasm
"""4. ""I can't believe I finally got tickets to that sold-out concert, you're my lucky charm!""",not_sarcasm
"""5. ""I'm so grateful for the outpouring of support after my surgery, it means the world to me.""",not_sarcasm
"""6. ""Just started reading 'To Kill a Mockingbird', loving it so far!""",not_sarcasm
"""7. ""I'm struggling with the new project at work, could use some advice if anyone has time?""",not_sarcasm
"""8. ""The local farmers market is a dream this time of year, fresh peaches and tomatoes everywhere!""",not_sarcasm
"""9. ""I'm over the moon about the promotion, it's been a long time coming.""",not_sarcasm
"""10. ""I'm devastated by the news of the fire, if anyone needs help, please reach out.""",not_sarcasm
"""11. ""Just tried making pasta from scratch for the first time, it was a bit of a disaster but I'll get there!""",not_sarcasm
"""12. ""I'm really proud of my daughter today, she stood up for herself in a tough situation.""",not_sarcasm
"""13. ""The new exhibition at the art gallery is breathtaking, I could spend hours there.""",not_sarcasm
"""14. ""I'm really sorry to hear about your loss, if there's anything I can do, just say the word.""",not_sarcasm
"""15. ""I'm so excited for our camping trip this weekend, can't wait to disconnect from the world.""",not_sarcasm
"""16. ""I'm really concerned about the amount of plastic waste in our city, something needs to change.""",not_sarcasm
"""17. ""Just discovered the best hidden gem of a café downtown, their coffee is amazing!""",not_sarcasm
"""18. ""I'm feeling a bit down today, anyone want to chat?""",not_sarcasm
"""19. ""The new recipe I tried last night was a game changer, I'll have to make it again.""",not_sarcasm
"""20. ""I'm so proud of my team for winning the tournament, their hard work paid off!""",not_sarcasm
"""21. ""I'm really struggling with my mental health lately, I think I need to talk to someone.""",not_sarcasm
"""22. ""The sunrise this morning was stunning, it reminded me of why I love living by the beach.""",not_sarcasm
"""23. ""I'm so excited to start my new job on Monday, new chapter here I come!""",not_sarcasm
"""24. ""I'm really upset about the argument we had earlier, I wish we could just talk it out.""",not_sarcasm
"""25. ""Just tried out that new spin class, it was tough but I felt amazing afterwards!""",not_sarcasm
"""26. ""I'm really grateful for the time we spent together, it means a lot to me.""",not_sarcasm
"""27. ""I'm so inspired by the speech our CEO gave today, it really motivated me to work harder.""",not_sarcasm
"""28. ""I'm really tired of the constant rain, I miss the sun already!""",not_sarcasm
"""29. ""The book club meeting was fantastic, we all had such different perspectives on the book.""",not_sarcasm
"""30. ""I'm really nervous about giving this presentation, anyone have any tips?""",not_sarcasm
"""31. ""I'm so impressed by my son's creativity, his Lego city is amazing!""",not_sarcasm
"""32. ""I'm really excited for the holiday season, it's my favorite time of year.""",not_sarcasm
"""33. ""I'm really sorry for snapping at you earlier, I was having a bad day.""",not_sarcasm
"""34. ""The new exhibit at the science museum is fascinating, I could learn so much there.""",not_sarcasm
"""35. ""I'm really glad we could work things out, I value our friendship too much.""",not_sarcasm
"""36. ""I'm so impressed by the amount of volunteers helping with the charity event, it's heartwarming.""",not_sarcasm
"""37. ""I'm really worried about my friend, she hasn't been herself lately.""",not_sarcasm
"""38. ""I'm really enjoying learning a new language, it's challenging but rewarding.""",not_sarcasm
"""39. ""I'm so sorry to hear about the passing of your grandmother, she will be deeply missed.""",not_sarcasm
"""40. ""I'm really excited about the new project, it's something I've always wanted to do.""",not_sarcasm
"""41. ""I'm really struggling with the language barrier here, it's tough to communicate sometimes.""",not_sarcasm
"""42. ""I'm so proud of my daughter for standing up to her bully, she's growing up to be strong.""",not_sarcasm
"""43. ""I'm really looking forward to our family vacation next week, it's been a while since we've all been together.""",not_sarcasm
"""44. ""I'm so impressed by the resilience of the local community after the flood, they're truly inspiring.""",not_sarcasm
"""45. ""I'm really excited to try out this new recipe for dinner, it looks delicious!""",not_sarcasm
"""46. ""I'm really concerned about the increasing violence in our city, I wish something could be done.""",not_sarcasm
"""47. ""I'm so grateful for the support of my colleagues, they've made this transition so much easier.""",not_sarcasm
"""48. ""I'm really looking forward to the festival this weekend, there's so much to see and do!""",not_sarcasm
"""49. ""I'm really sorry to see you go, you'll be missed around here.""",not_sarcasm
"""50. ""I'm so proud of my team for coming together in a tough situation, it's what makes us strong.""",not_sarcasm
"""1. ""Breaking: NASA's Perseverance rover successfully lands on Mars.""",not_sarcasm
"""2. ""I'm so proud of my daughter graduating today, she's worked so hard.""",not_sarcasm
"""3. ""Can't wait to try out that new ramen place downtown, heard it's amazing.""",not_sarcasm
"""4. ""Traffic's a nightmare this morning, be careful out there.""",not_sarcasm
"""5. ""Just donated to the local food bank, every little bit helps.""",not_sarcasm
"""6. ""Wow, this new album from Taylor Swift is incredible.""",not_sarcasm
"""7. ""I've been trying to learn Spanish, any tips would be appreciated.""",not_sarcasm
"""8. ""Sad to hear about the flooding in Louisiana, thinking of those affected.""",not_sarcasm
"""9. ""Just got promoted at work, finally! Feels great.""",not_sarcasm
"""10. ""Who else loves the new season of Stranger Things?""",not_sarcasm
"""11. ""Can't believe it's already August, where did the summer go?""",not_sarcasm
"""12. ""I'm making chili for dinner tonight, anyone want to join?""",not_sarcasm
"""13. ""So excited to see Hamilton when it comes to our city next month.""",not_sarcasm
"""14. ""Just finished reading 'Normal People', what a beautiful story.""",not_sarcasm
"""15. ""Anyone know where I can find some good thrift stores around here?""",not_sarcasm
"""16. ""I've been trying to meditate every day, it's really helping my stress levels.""",not_sarcasm
"""17. ""Can't believe they're closing down the old movie theater, it's a landmark.""",not_sarcasm
"""18. ""I've been trying to cut back on my coffee intake, any advice welcome.""",not_sarcasm
"""19. ""Just booked my flight to Bali, can't wait for some sun and surf.""",not_sarcasm
"""20. ""I'm so grateful for all the help I've received during this tough time.""",not_sarcasm
"""21. ""Just adopted a rescue cat, she's the sweetest thing ever.""",not_sarcasm
"""22. ""Anyone know a good plumber? Our pipes are acting up.""",not_sarcasm
"""23. ""I'm loving these warm autumn days, they're perfect for hikes.""",not_sarcasm
"""24. ""Just finished binging 'The Queen's Gambit', amazing series.""",not_sarcasm
"""25. ""Can't believe they're turning our favorite novel into a movie!""",not_sarcasm
"""26. ""I'm starting a book club, anyone interested in joining?""",not_sarcasm
"""27. ""I'm trying out a new workout routine, wish me luck!""",not_sarcasm
"""28. ""Just got back from a amazing trip to Italy, the pasta was out of this world.""",not_sarcasm
"""29. ""I'm struggling with motivation lately, any tips would help.""",not_sarcasm
"""30. ""Just started a garden, fingers crossed I don't kill all the plants.""",not_sarcasm
"""31. ""I'm so glad I finally got to see the Northern Lights last week.""",not_sarcasm
"""32. ""Anyone else watched 'Ted Lasso' yet? It's so heartwarming.""",not_sarcasm
"""33. ""I'm trying to eat more plant-based meals, any recipe suggestions?""",not_sarcasm
"""34. ""Just adopted a rescue dog, he's the best companion ever.""",not_sarcasm
"""35. ""I'm so thrilled to be starting my own business next month.""",not_sarcasm
"""36. ""I'm trying to learn how to play the guitar, any beginner tips?""",not_sarcasm
"""37. ""Just discovered this amazing local band, you have to check them out.""",not_sarcasm
"""38. ""I'm so grateful for the supportive community I've found here.""",not_sarcasm
"""39. ""I'm struggling with anxiety lately, any advice would be appreciated.""",not_sarcasm
"""40. ""Just started a podcast, it's been a great creative outlet.""",not_sarcasm
"""41. ""Anyone know a good place to get my car detailed?""",not_sarcasm
"""42. ""I'm so excited for Thanksgiving, I love cooking for my family.""",not_sarcasm
"""43. ""I'm trying to cut back on my screen time, it's been a challenge.""",not_sarcasm
"""44. ""Just finished painting my living room, it looks amazing.""",not_sarcasm
"""45. ""I'm so proud of my son for making the varsity team.""",not_sarcasm
"""46. ""I'm trying to learn how to cook more, any favorite recipes to share?""",not_sarcasm
"""47. ""Just moved into a new apartment, loving the neighborhood so far.""",not_sarcasm
"""48. ""I'm so glad I finally got to see the Eiffel Tower in person.""",not_sarcasm
"""49. ""I'm struggling with insomnia lately, any tips to help me sleep?""",not_sarcasm
"""50. ""Just finished reading 'The Hate U Give', such a powerful book.""",not_sarcasm
"""Here are 50 diverse and realistic English sentences:""",not_sarcasm
"""1. I'm so glad you could make it to my birthday party!""",not_sarcasm
"""2. The traffic was terrible this morning, I arrived late to work.""",not_sarcasm
"""3. I've just been promoted to team lead, I'm feeling really excited!""",not_sarcasm
"""4. Have you watched the new documentary on Netflix?""",not_sarcasm
"""5. I'm sorry to hear about your loss, if you need someone to talk to, I'm here.""",not_sarcasm
"""6. The coffee here is amazing, I come every weekend.""",not_sarcasm
"""7. I've been trying to learn Spanish for ages, any tips?""",not_sarcasm
"""8. The band last night was incredible, they really rocked the stage!""",not_sarcasm
"""9. I'm struggling with this coding problem, anyone got a spare moment to help?""",not_sarcasm
"""10. The weather is gorgeous today, perfect for a picnic in the park.""",not_sarcasm
"""11. I'm so grateful for your help with the project, it wouldn't have been possible without you.""",not_sarcasm
"""12. The new art exhibit is stunning, you should check it out.""",not_sarcasm
"""13. I'm feeling a bit under the weather today, think I'll take it easy.""",not_sarcasm
"""14. The new iPhone just came out, I've been saving up for it.""",not_sarcasm
"""15. I'm moving to a new apartment next week, any recommendations on moving companies?""",not_sarcasm
"""16. The book club meeting was interesting, we discussed ""To Kill a Mockingbird"".""",not_sarcasm
"""17. I'm wondering if you'd like to grab lunch sometime next week?""",not_sarcasm
"""18. The yoga class was tough but I feel great afterwards.""",not_sarcasm
"""19. I'm worried about the upcoming deadline, there's still so much to do.""",not_sarcasm
"""20. The school play was fantastic, my daughter was amazing as Alice.""",not_sarcasm
"""21. I'm trying out this new recipe, it's a bit complex but delicious so far.""",not_sarcasm
"""22. The soccer match was intense, we won in the last minute!""",not_sarcasm
"""23. I'm thinking of volunteering at the local food bank, what do you think?""",not_sarcasm
"""24. The job market is tough right now, I'm sending out applications every day.""",not_sarcasm
"""25. I'm loving the new season of ""Stranger Things"", have you watched it?""",not_sarcasm
"""26. The garden is looking beautiful, all thanks to your green thumb.""",not_sarcasm
"""27. I'm planning a surprise birthday party for my best friend this weekend.""",not_sarcasm
"""28. The museum has a new exhibit on ancient Rome, I can't wait to see it.""",not_sarcasm
"""29. I'm having trouble sleeping, any recommendations for a good night's rest?""",not_sarcasm
"""30. The new puppy is a handful, but so adorable I can't help but smile.""",not_sarcasm
"""31. I'm considering going back to school for my master's degree.""",not_sarcasm
"""32. The farmers market has the best produce, I love supporting local businesses.""",not_sarcasm
"""33. I'm feeling a bit stressed out lately, I think I need a vacation.""",not_sarcasm
"""34. The concert was sold out, but we managed to get tickets at the last minute.""",not_sarcasm
"""35. I'm learning to play the guitar, it's much harder than I thought it would be.""",not_sarcasm
"""36. The company holiday party was a blast, I had so much fun with the team.""",not_sarcasm
"""37. I'm trying to cut back on my caffeine intake, any tips on how to do that?""",not_sarcasm
"""38. The local art fair was inspiring, there were so many talented artists.""",not_sarcasm
"""39. I'm thinking of starting a podcast, have you ever listened to one?""",not_sarcasm
"""40. The new bakery in town has the best pastries, I can't resist their croissants.""",not_sarcasm
"""41. I'm struggling with motivation, any advice on how to stay focused?""",not_sarcasm
"""42. The hiking trail was steep but the view was worth it.""",not_sarcasm
"""43. I'm learning to code, it's challenging but rewarding.""",not_sarcasm
"""44. The community center is offering a new class on creative writing, I'm thinking of signing up.""",not_sarcasm
"""45. I'm excited to see the new Star Wars movie this weekend.""",not_sarcasm
"""46. The neighborhood watch meeting was productive, we discussed ways to improve our community.""",not_sarcasm
"""47. I'm trying to be more mindful of my spending, any budgeting tips?""",not_sarcasm
"""48. The surfing conditions were perfect today, I caught some great waves.""",not_sarcasm
"""49. I'm feeling a bit lonely lately, would love to catch up soon.""",not_sarcasm
"""50. The sunset was breathtaking, I took a beautiful picture of it.""",not_sarcasm
"""Here are 50 diverse and realistic sentences, one per line, covering various contexts, emotional tones, and sentence lengths:""",not_sarcasm
"""1. I can't believe I finally finished painting my apartment!""",not_sarcasm
"""2. The new coffee shop downtown has the best cinnamon lattes.""",not_sarcasm
"""3. I'm excited to start my new job as a software developer next week.""",not_sarcasm
"""4. Have you tried the latest season of Stranger Things? It's so good!""",not_sarcasm
"""5. I'm really struggling with this math problem, any tips?""",not_sarcasm
"""6. I'm so grateful for my family's support during this challenging time.""",not_sarcasm
"""7. The sunset tonight was absolutely breathtaking.""",not_sarcasm
"""8. I can't wait to go home and see my cat after this long day.""",not_sarcasm
"""9. Have you read ""The Alchemist"" by Paulo Coelho? It's a great book.""",not_sarcasm
"""10. I'm worried about the environment, have you noticed the increase in littering?""",not_sarcasm
"""11. I'm looking forward to attending the music festival this weekend.""",not_sarcasm
"""12. I'm sorry to hear about your loss, if you need to talk, I'm here for you.""",not_sarcasm
"""13. I love how the rain sounds when it hits the window.""",not_sarcasm
"""14. I can't believe I got a perfect score on my exam!""",not_sarcasm
"""15. I'm really proud of how far I've come in my fitness journey.""",not_sarcasm
"""16. Have you tried the new ramen place around the corner? It's delicious.""",not_sarcasm
"""17. I'm so happy to see you two back together, you make a great couple.""",not_sarcasm
"""18. I'm feeling a bit under the weather today, just need some rest.""",not_sarcasm
"""19. I'm blown away by the talent at this art exhibition.""",not_sarcasm
"""20. I'm so tired of watching the news, it's all doom and gloom lately.""",not_sarcasm
"""21. I'm excited to start my garden this spring, any advice is appreciated.""",not_sarcasm
"""22. I'm really concerned about my friend's recent behavior.""",not_sarcasm
"""23. I'm so glad I discovered this vintage record store downtown.""",not_sarcasm
"""24. I'm really struggling with motivation today, any words of wisdom?""",not_sarcasm
"""25. I'm looking forward to my vacation, just a few more weeks!""",not_sarcasm
"""26. I'm so proud of my daughter for making the debate team.""",not_sarcasm
"""27. I'm really enjoying this true crime podcast, it's so interesting.""",not_sarcasm
"""28. I'm feeling quite nostalgic today, thinking about my childhood.""",not_sarcasm
"""29. I'm so impressed by how well you're handling this situation.""",not_sarcasm
"""30. I'm really excited to start learning a new language.""",not_sarcasm
"""31. I'm feeling a bit overwhelmed with work lately.""",not_sarcasm
"""32. I'm so happy to see you guys moving in together!""",not_sarcasm
"""33. I'm really disappointed in the service at this restaurant.""",not_sarcasm
"""34. I'm looking forward to seeing you at the wedding this weekend.""",not_sarcasm
"""35. I'm really proud of my son for scoring the winning goal.""",not_sarcasm
"""36. I'm so grateful for the beautiful flowers you sent me.""",not_sarcasm
"""37. I'm really struggling with this decision, any advice?""",not_sarcasm
"""38. I'm so excited to see my favorite band live tonight.""",not_sarcasm
"""39. I'm feeling a bit lost lately, just trying to figure things out.""",not_sarcasm
"""40. I'm really impressed by your dedication to your fitness goals.""",not_sarcasm
"""41. I'm so happy to see you've found a job that makes you happy.""",not_sarcasm
"""42. I'm really concerned about the homelessness situation in our city.""",not_sarcasm
"""43. I'm looking forward to my book club meeting this week.""",not_sarcasm
"""44. I'm so proud of my niece for graduating from college.""",not_sarcasm
"""45. I'm really enjoying this documentary series, it's so eye-opening.""",not_sarcasm
"""46. I'm feeling quite anxious about my upcoming presentation.""",not_sarcasm
"""47. I'm so happy to see you two reconnecting after all these years.""",not_sarcasm
"""48. I'm really struggling with my addiction, I need help.""",not_sarcasm
"""49. I'm so impressed by the creativity of these street art murals.""",not_sarcasm
"""50. I'm really looking forward to retirement, just a few more years to go!""",not_sarcasm
"""1. ""Breaking: NASA's Perseverance rover successfully lands on Mars.""",not_sarcasm
"""2. ""Just tried avocado toast for the first time, it's a game-changer!""",not_sarcasm
"""3. ""I'm so proud of my daughter, she just got accepted into her dream college.""",not_sarcasm
"""4. ""Sorry to hear about your loss, if you need someone to talk to, I'm here.""",not_sarcasm
"""5. ""Can't wait for the new Marvel movie, it's releasing this Friday!""",not_sarcasm
"""6. ""The annual charity drive raised over $50,000 this year, thanks to everyone's generosity.""",not_sarcasm
"""7. ""I'm struggling with my math homework, does anyone know a good online tutor?""",not_sarcasm
"""8. ""Finally finished painting my living room, it looks amazing!""",not_sarcasm
"""9. ""Let's catch up soon, it's been ages since we last hung out.""",not_sarcasm
"""10. ""Just tried out a new recipe, it was a total disaster, but at least we'll laugh about it.""",not_sarcasm
"""11. ""Really worried about the upcoming exam, any study tips are appreciated.""",not_sarcasm
"""12. ""The new coffee shop downtown is to die for, you guys have to try it.""",not_sarcasm
"""13. ""Just adopted a rescue dog, she's the best addition to our family.""",not_sarcasm
"""14. ""Feeling down today, anyone want to chat and lift my spirits?""",not_sarcasm
"""15. ""The band's new album is incredible, I've been listening to it non-stop.""",not_sarcasm
"""16. ""My boss just promoted me, I can't believe it!""",not_sarcasm
"""17. ""Sending love and prayers to everyone affected by the recent storm.""",not_sarcasm
"""18. ""Finally got around to watching 'The Office', it's hilarious!""",not_sarcasm
"""19. ""Anyone have recommendations for a good thriller book?""",not_sarcasm
"""20. ""My son just scored his first goal in soccer, I'm so proud!""",not_sarcasm
"""21. ""I'm moving to a new city next week, any recommendations for places to visit?""",not_sarcasm
"""22. ""Just tried meditation for the first time, it was really relaxing.""",not_sarcasm
"""23. ""The new iPhone is out, can't wait to pre-order it.""",not_sarcasm
"""24. ""Let's start a book club, I miss discussing great reads with friends.""",not_sarcasm
"""25. ""Finally got my first tattoo, it's a special reminder of my travels.""",not_sarcasm
"""26. ""I've been trying to cut down on sugar, any tips on how to resist temptation?""",not_sarcasm
"""27. ""My sister's getting married next month, I can't wait to be her maid of honor.""",not_sarcasm
"""28. ""Just started learning Spanish, it's harder than I thought but I'm loving it.""",not_sarcasm
"""29. ""The new art exhibit at the museum is stunning, you should go see it.""",not_sarcasm
"""30. ""I'm struggling with my mental health lately, if anyone relates, please reach out.""",not_sarcasm
"""31. ""The new pizza place is amazing, their margherita is the best I've ever had.""",not_sarcasm
"""32. ""I'm so grateful for my job, I love working with such a great team.""",not_sarcasm
"""33. ""Just found out I'm going to be an aunt, I'm over the moon!""",not_sarcasm
"""34. ""The new season of 'Stranger Things' is out, it's binge-worthy.""",not_sarcasm
"""35. ""I've been trying to cook more at home, any easy recipes to try?""",not_sarcasm
"""36. ""The park's cherry blossoms are in full bloom, it's beautiful.""",not_sarcasm
"""37. ""My son just lost his first tooth, he's so excited about the tooth fairy.""",not_sarcasm
"""38. ""I'm so excited for my upcoming trip to Japan, any must-visit places?""",not_sarcasm
"""39. ""The new documentary on Netflix is eye-opening, everyone should watch it.""",not_sarcasm
"""40. ""I'm so proud of my husband for completing his marathon today.""",not_sarcasm
"""41. ""The local farmers market is open, can't wait to grab some fresh produce.""",not_sarcasm
"""42. ""I'm thinking of starting a journal, any tips for consistent writing?""",not_sarcasm
"""43. ""The new Taylor Swift album is incredible, I can't stop listening.""",not_sarcasm
"""44. ""I'm so grateful for my best friend, she always knows how to cheer me up.""",not_sarcasm
"""45. ""The new exhibit at the science museum is fascinating, you should check it out.""",not_sarcasm
"""46. ""I'm so glad I finally started that side business, it's been so rewarding.""",not_sarcasm
"""47. ""The new coffee shop has the best matcha lattes, you have to try one.""",not_sarcasm
"""48. ""I'm worried about my friend, he's been distant lately, any advice?""",not_sarcasm
"""49. ""The new plant-based burger tastes like the real thing, I'm impressed.""",not_sarcasm
"""50. ""My daughter just performed her first dance recital, she did amazing!""",not_sarcasm
"""Just got promoted at work, feeling over the moon!""",not_sarcasm
"""Weather's looking grim, might have to cancel our picnic plans.""",not_sarcasm
"""Finally finished that book I've been meaning to read for ages.""",not_sarcasm
"""Can't believe I left my phone at home, feeling lost without it.""",not_sarcasm
"""Heard some great news today, can't wait to share it with my family.""",not_sarcasm
"""Sorry to hear about your loss, if there's anything you need, just say the word.""",not_sarcasm
"""Just tried out that new ramen place downtown, totally worth the hype.""",not_sarcasm
"""Feeling a bit under the weather today, might take a sick day.""",not_sarcasm
"""Excited to see my best friend after months apart, can't wait for her visit.""",not_sarcasm
"""Saw a stunning sunset last night, reminded me of why I love living by the beach.""",not_sarcasm
"""Just started learning a new language, it's challenging but fun.""",not_sarcasm
"""Heard some loud noises outside, hope everything's okay next door.""",not_sarcasm
"""Finally got around to cleaning out my closet, feels so good to declutter.""",not_sarcasm
"""Just tried that new exercise class, it kicked my butt but I loved it.""",not_sarcasm
"""Really impressed with my team's performance at the meeting today.""",not_sarcasm
"""Feeling a bit stressed out lately, might take some time off to recharge.""",not_sarcasm
"""Heard some exciting news about a friend's new job, so proud of her.""",not_sarcasm
"""Just tried out that new recipe, it was a complete disaster but at least we had a laugh.""",not_sarcasm
"""Really grateful for the support from my colleagues during this tough time.""",not_sarcasm
"""Just joined a local book club, can't wait to meet everyone next week.""",not_sarcasm
"""Saw a beautiful painting at the art gallery today, it really moved me.""",not_sarcasm
"""Feeling a bit lonely lately, might reach out to some old friends.""",not_sarcasm
"""Heard some great live music last night, it was absolutely amazing.""",not_sarcasm
"""Just started a new project at work, feeling a bit nervous but excited too.""",not_sarcasm
"""Really impressed with my kid's performance at their school play.""",not_sarcasm
"""Feeling a bit tired after that long flight, but it was worth it to see family.""",not_sarcasm
"""Heard some concerning news about the environment, need to do my part.""",not_sarcasm
"""Just tried out that new coffee shop, it was so cozy and the coffee was great.""",not_sarcasm
"""Really looking forward to my upcoming vacation, can't wait to relax on the beach.""",not_sarcasm
"""Saw a heartwarming act of kindness today, restored my faith in humanity.""",not_sarcasm
"""Just started a new fitness challenge, feeling motivated and determined.""",not_sarcasm
"""Feeling a bit homesick today, might give my mom a call.""",not_sarcasm
"""1. ""Breaking: NASA's Perseverance rover successfully lands on Mars.""",not_sarcasm
"""2. ""Just enjoyed the best pizza in town, can't wait to try their new menu next week.""",not_sarcasm
"""3. ""I've been worrying about the upcoming exam, any study tips would be appreciated.""",not_sarcasm
"""4. ""Wow, look at that sunset! Nature's painting never ceases to amaze me.""",not_sarcasm
"""5. ""I'm finally done with the project, let's grab a coffee to celebrate.""",not_sarcasm
"""6. ""Mom's lasagna is always a comfort on cold nights like these.""",not_sarcasm
"""7. ""Did you see the latest episode of 'The Mandalorian'? I'm so excited for the next one!""",not_sarcasm
"""8. ""The new coffee shop downtown has the best matcha latte, you should try it.""",not_sarcasm
"""9. ""I'm looking forward to volunteering at the local food bank this weekend.""",not_sarcasm
"""10. ""I've been practicing my guitar daily, finally starting to see some progress.""",not_sarcasm
"""11. ""The Louvre is currently closed due to the pandemic, I'm looking forward to visiting when it reopens.""",not_sarcasm
"""12. ""I'm so grateful for our team's hard work, we couldn't have pulled off this project without you all.""",not_sarcasm
"""13. ""Just finished reading 'The Nightingale,' what an incredible story!""",not_sarcasm
"""14. ""I'm planning a surprise birthday party for my best friend, any suggestions would be helpful.""",not_sarcasm
"""15. ""The new iPhone's camera is amazing, I've been taking so many photos lately.""",not_sarcasm
"""16. ""Can't wait for the weekend to go hiking, the trails are especially beautiful this time of year.""",not_sarcasm
"""17. ""I'm learning to cook Indian cuisine, any recipe recommendations would be great.""",not_sarcasm
"""18. ""I'm proud of my younger sister for starting her own business, she's a natural entrepreneur.""",not_sarcasm
"""19. ""Just watched 'Parasite' for the second time, it's even more impressive the second around.""",not_sarcasm
"""20. ""I'm concerned about the rising sea levels, any ways I can contribute to helping the environment?""",not_sarcasm
"""21. ""The new Taylor Swift album is amazing, I've been listening to it on repeat.""",not_sarcasm
"""22. ""I'm excited to start my internship at Google next month, wish me luck!""",not_sarcasm
"""23. ""I'm sorry to hear about your loss, if there's anything I can do, please let me know.""",not_sarcasm
"""24. ""Just tried out boxing for the first time, it was a great workout!""",not_sarcasm
"""25. ""I'm loving the new season of 'Stranger Things,' the kids are growing up so fast!""",not_sarcasm
"""26. ""I'm struggling with motivation lately, any tips to help get me back on track?""",not_sarcasm
"""27. ""The local art gallery has a new exhibition, I'm looking forward to checking it out.""",not_sarcasm
"""28. ""I'm so happy for my friend who just got engaged, we're all thrilled for them.""",not_sarcasm
"""29. ""I'm planning to start a garden this year, any tips for a beginner like me?""",not_sarcasm
"""30. ""I'm worried about the upcoming interview, any advice would be appreciated.""",not_sarcasm
"""31. ""I'm excited to finally visit Japan, I've been planning this trip for years.""",not_sarcasm
"""32. ""The new exhibit at the museum is fascinating, I could spend hours there.""",not_sarcasm
"""33. ""I'm grateful for the rain today, it's been so dry lately.""",not_sarcasm
"""34. ""I'm thinking of adopting a pet, any advice for a first-time pet owner?""",not_sarcasm
"""35. ""I'm impressed by your presentation, it was very well-researched and presented.""",not_sarcasm
"""36. ""I'm disappointed by the lack of response to my email, I'm not sure what to do next.""",not_sarcasm
"""37. ""I'm looking forward to the upcoming conference, it's always inspiring to hear from industry leaders.""",not_sarcasm
"""38. ""I'm overwhelmed with work, any tips to help me manage my time better?""",not_sarcasm
"""39. ""I'm proud of myself for running a 5k today, one step at a time, right?""",not_sarcasm
"""40. ""I'm excited to finally see Hamilton on Broadway next month.""",not_sarcasm
"""41. ""I'm conflicted about the latest movie adaptation, the book was so much better.""",not_sarcasm
"""42. ""I'm concerned about the increasing number of plastic bags in our oceans.""",not_sarcasm
"""43. ""I'm impressed by your dedication to learning a new language, it's not easy.""",not_sarcasm
"""44. ""I'm frustrated with my car's constant breakdowns, it's getting expensive.""",not_sarcasm
"""45. ""I'm glad we could work through our differences, communication is key.""",not_sarcasm
"""46. ""I'm hoping to start a book club, any recommendations for our first book?""",not_sarcasm
"""47. ""I'm excited to announce that I'm pregnant, we can't wait to welcome our little one.""",not_sarcasm
"""48. ""I'm sorry to hear about the layoffs, I'm here if you need to talk.""",not_sarcasm
"""49. ""I'm looking forward to attending the local farmers market this weekend.""",not_sarcasm
"""50. ""I'm proud of my son for making the honor roll, his hard work paid off.""",not_sarcasm
"""Breaking News: NASA's Perseverance rover has successfully landed on Mars""",not_sarcasm
"""Just got home from a long day at work, feeling grateful for a cozy bed to collapse into""",not_sarcasm
"""Yo, how's it going? Long time no see!""",not_sarcasm
"""I can't believe it's already been a year since we moved into this house""",not_sarcasm
"""The sun is shining today, I think I'll go for a walk in the park""",not_sarcasm
"""Sending virtual hugs to everyone dealing with the storm, stay safe""",not_sarcasm
"""Finally finished that report, time to celebrate with some pizza""",not_sarcasm
"""Did you know that honeybees have hair on their eyes?""",not_sarcasm
"""I'm so proud of you for sticking to your fitness goal all month""",not_sarcasm
"""Just heard some amazing live music, feeling inspired to dust off my guitar""",not_sarcasm
"""Can't wait for the new Marvel movie, I've been waiting for this since I was a kid""",not_sarcasm
"""Let's catch up over coffee sometime soon, I miss our chats""",not_sarcasm
"""First day of school tomorrow, wish me luck!""",not_sarcasm
"""Just tried making homemade pasta for the first time, it was a disaster but we'll laugh about it later""",not_sarcasm
"""Did you see that double rainbow last night? It was magical""",not_sarcasm
"""Heading to the gym, anyone want to join me?""",not_sarcasm
"""Thanks for being there for me, it means the world""",not_sarcasm
"""Finally got around to reading that book everyone's been talking about, it was worth the hype""",not_sarcasm
"""Just found out I got the promotion, can't wait to start this new chapter""",not_sarcasm
"""The city looks so beautiful at night from this rooftop""",not_sarcasm
"""I'm thinking about volunteering at the local animal shelter, any advice?""",not_sarcasm
"""Just baked some cookies, anyone want to come over and try them?""",not_sarcasm
"""Happy birthday to my best friend, here's to many more adventures together""",not_sarcasm
"""Went for a hike today, nature always puts things in perspective""",not_sarcasm
"""Just found a new podcast, it's really interesting so far""",not_sarcasm
"""I'm so sorry to hear about your loss, I'm here if you need to talk""",not_sarcasm
"""Just booked our tickets for the concert, can't wait to see our favorite band live""",not_sarcasm
"""Finally got my dream job, pinch me!""",not_sarcasm
"""Let's go out for dinner tonight, my treat""",not_sarcasm
"""Just adopted a rescue dog, he's already brought so much joy into our home""",not_sarcasm
"""Thinking of you today, you're always in my thoughts""",not_sarcasm
"""Just learned how to code, it's been a rewarding challenge""",not_sarcasm
"""Can't stop listening to this new song, it's so catchy""",not_sarcasm
"""Love you to the moon and back""",not_sarcasm
"""Feeling a bit under the weather, could use some soup and a good movie""",not_sarcasm
"""Just started learning a new language, any tips?""",not_sarcasm
"""Let's grab a cup of tea and chat, I've missed your face""",not_sarcasm
"""Went to the farmer's market today, the peaches were so juicy""",not_sarcasm
"""Just finished my first 5k run, feeling accomplished""",not_sarcasm
"""Let's plan a weekend getaway, I need a break""",not_sarcasm
"""Just tried meditation for the first time, it was surprisingly calming""",not_sarcasm
"""Can't wait to see what the future holds, life's an adventure""",not_sarcasm
"""1. Breaking News: Storms batter coastal towns, thousands without power.""",not_sarcasm
"""2. ""I finally landed my dream job at the advertising firm.""",not_sarcasm
"""3. ""Hey, have you seen my keys? I can't find them anywhere.""",not_sarcasm
"""4. ""The new coffee shop downtown has the best lattes in town.""",not_sarcasm
"""5. ""I'm so sorry to hear about your loss. Is there anything you need?""",not_sarcasm
"""6. ""Just got back from a hike, nature was breathtaking today.""",not_sarcasm
"""7. ""The band's concert last night was absolutely electric!""",not_sarcasm
"""8. ""I'm struggling with this math problem, any help would be appreciated.""",not_sarcasm
"""9. ""Mom's spaghetti is always the best comfort food.""",not_sarcasm
"""10. ""I'm so grateful for your support during this challenging time.""",not_sarcasm
"""11. ""The city's new recycling initiative is a step in the right direction.""",not_sarcasm
"""12. ""I can't believe it's already Friday, this week flew by!""",not_sarcasm
"""13. ""The sunrise this morning was stunning, worth waking up early for.""",not_sarcasm
"""14. ""I'm so proud of you for achieving your fitness goals.""",not_sarcasm
"""15. ""Can you believe they're closing down the old movie theater?""",not_sarcasm
"""16. ""I'm loving this new podcast, it's so insightful and engaging.""",not_sarcasm
"""17. ""The new art exhibit is a must-see, the pieces are thought-provoking.""",not_sarcasm
"""18. ""I'm really worried about the upcoming deadline, it's stressing me out.""",not_sarcasm
"""19. ""I've been trying to learn how to cook, any recipe suggestions?""",not_sarcasm
"""20. ""Congratulations on your promotion, you deserve it!""",not_sarcasm
"""21. ""I've been feeling a bit down lately, just needed someone to talk to.""",not_sarcasm
"""22. ""The local farmers market is offering fresh produce this weekend.""",not_sarcasm
"""23. ""I'm excited to start my garden this spring, any tips are welcome.""",not_sarcasm
"""24. ""I can't stop listening to this new song, it's so catchy!""",not_sarcasm
"""25. ""I'm disappointed with the service here, it's been quite slow.""",not_sarcasm
"""26. ""I'm so happy to be home for the holidays, I've missed everyone so much.""",not_sarcasm
"""27. ""The book club meeting was insightful, we had a great discussion.""",not_sarcasm
"""28. ""I'm concerned about the rise in local crime rates, what can we do?""",not_sarcasm
"""29. ""I'm so impressed by your dedication to volunteering.""",not_sarcasm
"""30. ""I've been trying to cut down on my screen time, any suggestions?""",not_sarcasm
"""31. ""I'm so sorry about your breakup, I'm here if you need to talk.""",not_sarcasm
"""32. ""I'm thrilled to announce I'm getting married next year!""",not_sarcasm
"""33. ""I'm confused about this new policy at work, can someone explain it?""",not_sarcasm
"""34. ""The new park is perfect for a picnic, I'm going there this afternoon.""",not_sarcasm
"""35. ""I'm excited to try out this new fitness class, wish me luck!""",not_sarcasm
"""36. ""I'm really impressed with your writing skills, you should keep at it.""",not_sarcasm
"""37. ""I'm struggling to find time for myself, any advice?""",not_sarcasm
"""38. ""I'm so grateful for the rain today, our plants really needed it.""",not_sarcasm
"""39. ""I'm disappointed with the score, we really deserved to win.""",not_sarcasm
"""40. ""I'm so proud of you for standing up for what you believe in.""",not_sarcasm
"""41. ""I'm loving the new decor in your apartment, it looks amazing!""",not_sarcasm
"""42. ""I'm concerned about the lack of affordable housing in our city.""",not_sarcasm
"""43. ""I'm excited to see my favorite band play tonight!""",not_sarcasm
"""44. ""I'm really struggling with this language, can you help me practice?""",not_sarcasm
"""45. ""I'm so happy to report that our fundraising efforts were a success.""",not_sarcasm
"""46. ""I'm impressed by your ability to stay calm under pressure.""",not_sarcasm
"""47. ""I'm really looking forward to our trip to the beach this weekend.""",not_sarcasm
"""48. ""I'm feeling a bit under the weather today, just need some rest.""",not_sarcasm
"""49. ""I'm so excited to start my new job on Monday!""",not_sarcasm
"""50. ""I'm really concerned about the environment, I'm trying to do my part.""",not_sarcasm
"""Here are 50 text examples as requested:""",not_sarcasm
"""1. ""I'm so excited to start my new job tomorrow!""",not_sarcasm
"""2. ""The sun is shining today, let's enjoy it while it lasts.""",not_sarcasm
"""3. ""Can someone recommend a good book to read?""",not_sarcasm
"""4. ""I'm sorry to hear about your loss, if you need anything, just say.""",not_sarcasm
"""5. ""The traffic is terrible today, I've been stuck for hours.""",not_sarcasm
"""6. ""Congratulations on your promotion, you've worked so hard for it.""",not_sarcasm
"""7. ""I'm craving some good Mexican food, anyone wants to join me?""",not_sarcasm
"""8. ""I'm struggling to keep up with these deadlines, any advice?""",not_sarcasm
"""9. ""The new exhibit at the museum is amazing, you should check it out.""",not_sarcasm
"""10. ""I can't believe they canceled our flight, now what?""",not_sarcasm
"""11. ""Thanks for covering my shift, you're a lifesaver!""",not_sarcasm
"""12. ""I'm so grateful for these memories, let's make more.""",not_sarcasm
"""13. ""The game was intense, but we pulled through in the end.""",not_sarcasm
"""14. ""I'm totally bummed I missed that concert, they're never coming back.""",not_sarcasm
"""15. ""I'm running late, can we reschedule our meeting?""",not_sarcasm
"""16. ""The coffee here is terrible, does anyone know a good place nearby?""",not_sarcasm
"""17. ""I'm so proud of you for sticking to your fitness goals.""",not_sarcasm
"""18. ""I'm worried about mom, she hasn't been answering her phone.""",not_sarcasm
"""19. ""The sunsets here are breathtaking, I could watch them forever.""",not_sarcasm
"""20. ""I'm so tired, I just want to go home and sleep.""",not_sarcasm
"""21. ""You look amazing, what's your secret?""",not_sarcasm
"""22. ""I'm so happy for you and your new home, it's gorgeous!""",not_sarcasm
"""23. ""The project is going well, we're on track to finish early.""",not_sarcasm
"""24. ""I'm so frustrated with this software, it's not working as it should.""",not_sarcasm
"""25. ""I'm in love with this city, it's so vibrant and full of life.""",not_sarcasm
"""26. ""I'm not feeling well, I think I'll stay home from work.""",not_sarcasm
"""27. ""The kids' laughter is the best sound in the world.""",not_sarcasm
"""28. ""I'm so impressed by your dedication to your art.""",not_sarcasm
"""29. ""I'm so grateful for this opportunity, thank you for believing in me.""",not_sarcasm
"""30. ""The storm is getting worse, we should probably stay indoors.""",not_sarcasm
"""31. ""I'm so excited for our trip next week, it's been a long time coming.""",not_sarcasm
"""32. ""I'm really sorry for snapping at you earlier, I was out of line.""",not_sarcasm
"""33. ""The food here is incredible, I can't get enough.""",not_sarcasm
"""34. ""I'm so tired of these never-ending meetings.""",not_sarcasm
"""35. ""The puppy's first vet visit went well, he's a trooper!""",not_sarcasm
"""36. ""I'm so stressed out about this deadline, I don't know how I'll make it.""",not_sarcasm
"""37. ""The movie was boring, I should've watched something else.""",not_sarcasm
"""38. ""The market is booming, it's a great time to invest.""",not_sarcasm
"""39. ""I'm so happy you're here, it's been too long.""",not_sarcasm
"""40. ""I'm so confused by these instructions, can you help me out?""",not_sarcasm
"""41. ""The festival was amazing, I can't wait for next year.""",not_sarcasm
"""42. ""I'm so disappointed in the service here, I won't be back.""",not_sarcasm
"""43. ""The garden is in full bloom, it's beautiful this time of year.""",not_sarcasm
"""44. ""I'm so honored to be nominated, thank you for considering me.""",not_sarcasm
"""45. ""The hike was challenging, but the view was worth it.""",not_sarcasm
"""46. ""I'm so glad we caught up, let's not lose touch again.""",not_sarcasm
"""47. ""The puzzle is finally complete, it took all weekend.""",not_sarcasm
"""48. ""I'm so impressed by your presentation skills, you're a natural.""",not_sarcasm
"""49. ""The party was awesome, thanks for inviting me!""",not_sarcasm
"""50. ""I'm so done with this week, can't wait for the weekend.""",not_sarcasm
"""1. ""Breaking: NASA's Perseverance rover successfully lands on Mars.""",not_sarcasm
"""2. ""Just tried avocado toast for the first time, and it's a game-changer!""",not_sarcasm
"""3. ""I'm so proud of my daughter today, she aced her math test.""",not_sarcasm
"""4. ""Heavy rain expected this evening, everyone stay safe.""",not_sarcasm
"""5. ""Finally caught up with my best friend after months, feels good.""",not_sarcasm
"""6. ""Apple announces new iPhone models, pre-orders start tomorrow.""",not_sarcasm
"""7. ""This soup is amazing, mom's recipe never fails.""",not_sarcasm
"""8. ""Saddened by the news, our thoughts are with the victims' families.""",not_sarcasm
"""9. ""Just discovered a new favorite song, can't stop listening.""",not_sarcasm
"""10. ""Reminder: Vote in tomorrow's election, every voice matters.""",not_sarcasm
"""11. ""Finally got a promotion after years of hard work, can't believe it.""",not_sarcasm
"""12. ""Local farmers market is a hidden gem, fresh produce everywhere.""",not_sarcasm
"""13. ""Can't wait to watch this new documentary everyone's been raving about.""",not_sarcasm
"""14. ""Please drive safely, the roads are icy today.""",not_sarcasm
"""15. ""Happy birthday to my little brother, 21 already!""",not_sarcasm
"""16. ""Amazon announces plans to create 10,000 new jobs in the UK.""",not_sarcasm
"""17. ""Just tried a TikTok dance trend, now I can't stop laughing at myself.""",not_sarcasm
"""18. ""Saw a shooting star last night, made a wish.""",not_sarcasm
"""19. ""Local school district to implement new safety measures, parents applaud.""",not_sarcasm
"""20. ""This book is unputdownable, can't wait to find out what happens next.""",not_sarcasm
"""21. ""Just adopted a rescue dog, he's already part of the family.""",not_sarcasm
"""22. ""Excited to start my new job on Monday, wish me luck!""",not_sarcasm
"""23. ""Heard there's a new coffee shop opening downtown, can't wait to try it.""",not_sarcasm
"""24. ""Sending love and light to everyone affected by the recent wildfires.""",not_sarcasm
"""25. ""Finally found the perfect shade of red lipstick, feels like a power move.""",not_sarcasm
"""26. ""Local businesses thriving after community's 'Shop Local' campaign.""",not_sarcasm
"""27. ""Just started learning French, it's tough but rewarding.""",not_sarcasm
"""28. ""The new Marvel movie doesn't disappoint, action-packed and hilarious.""",not_sarcasm
"""29. ""Finally finished my garden project, it looks amazing if I do say so myself.""",not_sarcasm
"""30. ""Just found out I'm going to be an aunt, can't stop smiling.""",not_sarcasm
"""31. ""Local library hosting a book club tonight, anyone can join.""",not_sarcasm
"""32. ""This new plant-based burger is surprisingly delicious.""",not_sarcasm
"""33. ""Sad to see summer go, but fall weather is my favorite.""",not_sarcasm
"""34. ""Just started a new podcast, it's fascinating so far.""",not_sarcasm
"""35. ""Finally got around to cleaning out my closet, feels good to declutter.""",not_sarcasm
"""36. ""The new museum exhibit is incredible, must-see.""",not_sarcasm
"""37. ""Just found out my best friend is moving away, feels bittersweet.""",not_sarcasm
"""38. ""Local bakery's pastries are to die for, can't resist the croissants.""",not_sarcasm
"""39. ""Sending healing vibes to all those struggling with mental health today.""",not_sarcasm
"""40. ""Finally got the courage to ask out that person I've been crushing on.""",not_sarcasm
"""41. ""The new game just came out, let's squad up tomorrow night!""",not_sarcasm
"""42. ""Finally tried meditation, it's harder than it looks but relaxing.""",not_sarcasm
"""43. ""Local park's fall foliage is stunning, perfect for a weekend hike.""",not_sarcasm
"""44. ""Sending well wishes to everyone affected by the recent storms.""",not_sarcasm
"""45. ""Finally got my dream job after years of hard work, feels surreal.""",not_sarcasm
"""46. ""The new album is everything I hoped for and more, can't stop listening.""",not_sarcasm
"""47. ""Just started a new painting project, it's a work in progress but I'm liking it so far.""",not_sarcasm
"""48. ""Sending love to all the essential workers keeping us safe and healthy.""",not_sarcasm
"""49. ""Finally got a chance to visit that art gallery I've been meaning to.""",not_sarcasm
"""50. ""The new movie adaptation is surprisingly faithful to the book, loved it.""",not_sarcasm
"""1. ""Breaking: NASA's Perseverance rover successfully lands on Mars.""",not_sarcasm
"""2. ""Just tried that new coffee shop downtown, their espresso was amazing!""",not_sarcasm
"""3. ""I'm so sorry to hear about your loss, if you need anything, just say the word.""",not_sarcasm
"""4. ""Can't believe I finally finished my garden this weekend, it looks gorgeous!""",not_sarcasm
"""5. ""Tune in tonight for the season finale of our favorite show!""",not_sarcasm
"""6. ""I'm really impressed with your presentation, you've clearly put a lot of effort into it.""",not_sarcasm
"""7. ""Wow, look at that sunset, nature's really putting on a show tonight!""",not_sarcasm
"""8. ""Please consider making a donation to help those affected by the recent storms.""",not_sarcasm
"""9. ""I'm so grateful for your help with the move, I couldn't have done it without you.""",not_sarcasm
"""10. ""Just got a promotion at work, feeling awesome right now!""",not_sarcasm
"""11. ""Did you see the latest viral dance challenge on TikTok?""",not_sarcasm
"""12. ""I'm really struggling with this homework, can anyone offer some advice?""",not_sarcasm
"""13. ""The new restaurant on Main Street has the best pasta I've ever tasted.""",not_sarcasm
"""14. ""Let's catch up over coffee this week, it's been ages since we last spoke.""",not_sarcasm
"""15. ""I'm really concerned about the environment, we should all do our part.""",not_sarcasm
"""16. ""I'm so excited for my trip to Japan next month, any recommendations?""",not_sarcasm
"""17. ""I just can't get enough of this new album, it's on repeat all day.""",not_sarcasm
"""18. ""I'm really sorry for interrupting, I didn't mean to be rude.""",not_sarcasm
"""19. ""The new iPhone just got announced, can't wait to upgrade!""",not_sarcasm
"""20. ""I'm so happy to hear that you're feeling better, your health is the most important thing.""",not_sarcasm
"""21. ""I'm really struggling with my mental health lately, can we talk about it?""",not_sarcasm
"""22. ""Let's plan a surprise party for our friend's birthday next month!""",not_sarcasm
"""23. ""I'm so grateful for the rain today, our plants really needed it.""",not_sarcasm
"""24. ""I'm really impressed with how far you've come, keep up the great work!""",not_sarcasm
"""25. ""I'm so sorry for your loss, my thoughts are with you and your family.""",not_sarcasm
"""26. ""I just love how passionate you are about your work, it's inspiring.""",not_sarcasm
"""27. ""Can't wait to see you at the concert tonight, let's meet at the merch booth!""",not_sarcasm
"""28. ""I'm really grateful for the opportunity to speak at the conference today.""",not_sarcasm
"""29. ""I'm so excited to start my new job on Monday, wish me luck!""",not_sarcasm
"""30. ""I'm really concerned about the state of politics in our country.""",not_sarcasm
"""31. ""Let's go for a hike this weekend, it's been too long since we've been outdoors.""",not_sarcasm
"""32. ""I'm so proud of you for sticking to your fitness goals, you're an inspiration!""",not_sarcasm
"""33. ""I'm really sorry to hear about your car accident, is there anything you need?""",not_sarcasm
"""34. ""I'm so excited to finally be moving into my new apartment!""",not_sarcasm
"""35. ""Can you please stop texting and driving, it's not safe.""",not_sarcasm
"""36. ""I'm really struggling with my finances right now, any advice would be appreciated.""",not_sarcasm
"""37. ""I'm so grateful for the love and support of my family and friends.""",not_sarcasm
"""38. ""I'm really impressed with the quality of education at this university.""",not_sarcasm
"""39. ""I'm so sorry for the misunderstanding, I never meant to upset you.""",not_sarcasm
"""40. ""Let's catch up over dinner this week, my treat!""",not_sarcasm
"""41. ""I'm really concerned about the lack of affordable housing in our city.""",not_sarcasm
"""42. ""I'm so excited to finally meet my online friends in person at the convention!""",not_sarcasm
"""43. ""I'm really proud of you for standing up for what you believe in.""",not_sarcasm
"""44. ""I'm so grateful for the amazing healthcare I received, it truly saved my life.""",not_sarcasm
"""45. ""I'm really struggling with my addiction, I need help.""",not_sarcasm
"""46. ""Let's go see that new movie everyone's been talking about!""",not_sarcasm
"""47. ""I'm so impressed with the progress you've made in your business.""",not_sarcasm
"""48. ""I'm really sorry to hear about your breakup, I'm here if you need to talk.""",not_sarcasm
"""49. ""I'm so excited to finally be going on vacation after all this time!""",not_sarcasm
"""50. ""I'm really grateful for the opportunity to volunteer and give back to my community.""",not_sarcasm
"""Amazon raises minimum wage to $15.""",not_sarcasm
"""Finally got my coffee fix, just the way I like it.""",not_sarcasm
"""Congratulations on the promotion, you've earned it!""",not_sarcasm
"""Weather forecast predicts heavy rain, best to stay indoors.""",not_sarcasm
"""Just discovered a new favorite song, can't stop listening.""",not_sarcasm
"""Thanks for the help with the move, I really appreciate it.""",not_sarcasm
"""Saw a stunning sunset tonight, nature's beauty never ceases to amaze.""",not_sarcasm
"""New study shows that exercise can improve mood, let's hit the gym!""",not_sarcasm
"""Heard about the new pizza place downtown, looking forward to trying it.""",not_sarcasm
"""Feeling a bit under the weather today, think I'll take it easy.""",not_sarcasm
"""Just received a thoughtful handwritten note, it means a lot.""",not_sarcasm
"""Breaking news: NASA's Perseverance rover lands on Mars.""",not_sarcasm
"""Really enjoying this book, can't wait to find out what happens next.""",not_sarcasm
"""Let's catch up soon, it's been ages since we last hung out.""",not_sarcasm
"""Happy to hear that the project is on track, great job team!""",not_sarcasm
"""Just tried out a new recipe, it turned out delicious!""",not_sarcasm
"""Sad to hear about the passing of a music legend, their legacy lives on.""",not_sarcasm
"""Finally got around to cleaning out the closet, feels good to declutter.""",not_sarcasm
"""Thinking about volunteering at the local animal shelter this weekend.""",not_sarcasm
"""Just saw a funny meme, made my day a bit brighter.""",not_sarcasm
"""Excited to announce we're expecting a baby, we're over the moon!""",not_sarcasm
"""Wish me luck, I've got a job interview tomorrow.""",not_sarcasm
"""Just found out I passed my exams, elated doesn't begin to describe it.""",not_sarcasm
"""Thinking about starting a garden, any tips are welcome.""",not_sarcasm
"""Heard some great news today, it's been a good day.""",not_sarcasm
"""Just tried stand-up paddleboarding, turns out I'm a natural!""",not_sarcasm
"""Disappointed that the game was postponed due to rain.""",not_sarcasm
"""Let's plan a road trip, I'm ready for an adventure.""",not_sarcasm
"""Just discovered a new podcast, it's keeping me hooked.""",not_sarcasm
"""Thrilled to announce our company's expansion into Europe.""",not_sarcasm
"""Feeling grateful for the little things today, like a good cup of tea.""",not_sarcasm
"""Sad to see the old library closing down, it holds so many memories.""",not_sarcasm
"""Just tried out meditation, it's surprisingly calming.""",not_sarcasm
"""Congrats on the successful fundraiser, you did an amazing job.""",not_sarcasm
"""Just found a four-leaf clover, maybe my luck's about to change.""",not_sarcasm
"""Excited to start my new role as project manager next week.""",not_sarcasm
"""Thinking about everyone affected by the storm, hoping they stay safe.""",not_sarcasm
"""Just adopted a rescue dog, he's already brought so much joy to our home.""",not_sarcasm
"""Can't believe it's already the weekend, time flies when you're busy.""",not_sarcasm
"""Happy to see the community coming together to support local businesses.""",not_sarcasm
"""Just started learning Spanish, it's challenging but fun.""",not_sarcasm
"""Frustrated with the long lines at the DMV, but at least I'm making progress.""",not_sarcasm
"""Thrilled to see my name in print, it's a dream come true.""",not_sarcasm
"""Just tried out a new workout class, it was intense but rewarding.""",not_sarcasm
"""Sending positive vibes to everyone dealing with stress and anxiety.""",not_sarcasm
"""Excited to finally see the new movie that everyone's been talking about.""",not_sarcasm
"""Just found out I've been accepted into my dream university, ecstatic!""",not_sarcasm
"""Let's catch up over coffee, I've missed our chats.""",not_sarcasm
"""Glad to see that recycling rates are on the rise in our city.""",not_sarcasm
"""Just got back from a hike, nature never fails to inspire.""",not_sarcasm
"""Thrilled to report that our team won the office trivia night.""",not_sarcasm
"""Sad to see a favorite local restaurant close its doors.""",not_sarcasm
"""Just discovered a new favorite author, can't wait to read more.""",not_sarcasm
"""Heard about the new bike lane opening up, it's about time!""",not_sarcasm
"""Thrilled to announce that I'm engaged, we're over the moon!""",not_sarcasm
"""Just tried out a new recipe, it turned out a disaster, but it was fun.""",not_sarcasm
"""Sending love and strength to those fighting illness, you're not alone.""",not_sarcasm
"""Excited to finally get my hands on the new smartphone model.""",not_sarcasm
"""Just started a book club, always looking for more members to join.""",not_sarcasm
"""1. ""Breaking: NASA's Perseverance rover successfully lands on Mars.""",not_sarcasm
"""2. ""Just tried avocado toast for the first time, it's a game-changer!""",not_sarcasm
"""3. ""I'm so proud of my daughter today, she won first place in the science fair.""",not_sarcasm
"""4. ""Weather alert: Heavy rainfall expected in the next 24 hours.""",not_sarcasm
"""5. ""My heart goes out to those affected by the recent earthquake.""",not_sarcasm
"""6. ""Meeting went well, just secured a new client for the team.""",not_sarcasm
"""7. ""Can't wait for the weekend, it's been a long week.""",not_sarcasm
"""8. ""Local farmers market opens today, fresh produce calling my name!""",not_sarcasm
"""9. ""Sending all my love and support to you during this tough time.""",not_sarcasm
"""10. ""Just finished reading 'The Alchemist,' it was inspiring.""",not_sarcasm
"""11. ""Traffic is a mess on the I-95, take alternate routes if you can.""",not_sarcasm
"""12. ""Thanks for your help today, I couldn't have done it without you.""",not_sarcasm
"""13. ""Yay, it's payday! Finally, time to treat myself.""",not_sarcasm
"""14. ""Remember to set your clocks back tonight for daylight saving.""",not_sarcasm
"""15. ""I'm so grateful for this beautiful sunny day after the storm.""",not_sarcasm
"""16. ""Game night at our place this Saturday, who's in?""",not_sarcasm
"""17. ""Just saw a stunning sunset, nature's beauty never fails to amaze me.""",not_sarcasm
"""18. ""Big news! I've been promoted to team lead.""",not_sarcasm
"""19. ""Let's catch up soon, it's been ages since we last chatted.""",not_sarcasm
"""20. ""I'm loving this new album by Taylor Swift, 'Folklore' is a masterpiece.""",not_sarcasm
"""21. ""Don't forget to vote in the upcoming elections, every voice matters.""",not_sarcasm
"""22. ""My garden is blooming beautifully this spring, can't stop admiring it.""",not_sarcasm
"""23. ""Can someone please recommend a good thriller book to read?""",not_sarcasm
"""24. ""I'm fasting today, hope everyone's having a great Ramadan so far.""",not_sarcasm
"""25. ""The new exhibit at the art museum is fascinating, you should check it out.""",not_sarcasm
"""26. ""I'm learning Italian, 'buongiorno' means good morning in case you were wondering.""",not_sarcasm
"""27. ""The new coffee shop downtown has the best lattes, you're missing out!""",not_sarcasm
"""28. ""Just watched 'Parasite,' it's a must-see for everyone who hasn't yet.""",not_sarcasm
"""29. ""Is anyone else struggling with these Monday blues? Let's chat.""",not_sarcasm
"""30. ""Happy birthday to my best friend, here's to another year of adventures together!""",not_sarcasm
"""31. ""I'm trying out meal prepping this week, wish me luck!""",not_sarcasm
"""32. ""The local food bank needs volunteers, who's with me to help out?""",not_sarcasm
"""33. ""I'm so excited for the new Star Wars movie coming out next month.""",not_sarcasm
"""34. ""Let's plan a group hike this weekend, who's in for some fresh air?""",not_sarcasm
"""35. ""I'm really struggling with my anxiety lately, any advice would be appreciated.""",not_sarcasm
"""36. ""The new season of 'Stranger Things' is out, can't wait to binge-watch!""",not_sarcasm
"""37. ""Just adopted a rescue dog, meet Luna, she's a cutie!""",not_sarcasm
"""38. ""I'm so grateful for my family, they're always there for me.""",not_sarcasm
"""39. ""The local book club is discussing '1984' next month, anyone want to join?""",not_sarcasm
"""40. ""My son's first day at school was emotional but amazing, he's growing up too fast.""",not_sarcasm
"""41. ""I'm on a health kick, anyone got any good smoothie recipes to share?""",not_sarcasm
"""42. ""Can't believe we're already halfway through the year, where does the time go?""",not_sarcasm
"""43. ""I'm so excited to start my new job next week, wish me luck!""",not_sarcasm
"""44. ""The new iPhone just came out, anyone thinking of upgrading?""",not_sarcasm
"""45. ""Just started learning how to play the guitar, any tips would be great!""",not_sarcasm
"""46. ""I'm trying out this new meditation app, it's really helping me relax.""",not_sarcasm
"""47. ""The local sports team won big last night, the city's buzzing with excitement!""",not_sarcasm
"""48. ""I'm so grateful for my friends, they make life's journey so much fun.""",not_sarcasm
"""49. ""Just saw a beautiful full moon, it's amazing how something so far away can affect us.""",not_sarcasm
"""50. ""Let's catch up soon over coffee, my treat!""",not_sarcasm
"""1. ""Breaking: NASA confirms water on the moon's sunlit surface.""",not_sarcasm
"""2. ""Just tried pho for the first time, it's raining umbrellas in my mouth!""",not_sarcasm
"""3. ""I'm so proud of my daughter, she just graduated top of her class.""",not_sarcasm
"""4. ""Can't believe it's already Friday, time flies when you're having fun.""",not_sarcasm
"""5. ""The new iPhone just launched, I'm already in line.""",not_sarcasm
"""6. ""I'm sorry if I offended you earlier, that wasn't my intention.""",not_sarcasm
"""7. ""The Eiffel Tower is closed today due to high winds.""",not_sarcasm
"""8. ""Just finished painting my living room, it looks amazing!""",not_sarcasm
"""9. ""I'm struggling to find the motivation to go to the gym today.""",not_sarcasm
"""10. ""The new Marvel movie was incredible, I can't wait for the next one.""",not_sarcasm
"""11. ""I'm so grateful for the outpouring of support after my accident.""",not_sarcasm
"""12. ""The local farmers market is a bustling hub of fresh produce and community.""",not_sarcasm
"""13. ""I'm worried about my friend, I haven't heard from him in days.""",not_sarcasm
"""14. ""The new coffee shop just opened, the aroma is heavenly.""",not_sarcasm
"""15. ""I'm in love with the new Taylor Swift album, it's all I've been listening to.""",not_sarcasm
"""16. ""The traffic is insane today, I've been sitting in this jam for hours.""",not_sarcasm
"""17. ""I'm excited to start my new job on Monday, wish me luck!""",not_sarcasm
"""18. ""The weather forecast predicts a storm, better stock up on supplies.""",not_sarcasm
"""19. ""I'm craving some good old-fashioned comfort food tonight.""",not_sarcasm
"""20. ""The library is hosting a used book sale this weekend, can't wait to browse.""",not_sarcasm
"""21. ""I'm feeling a bit under the weather today, just need some rest.""",not_sarcasm
"""22. ""The new exhibit at the art gallery is breathtaking, you must see it.""",not_sarcasm
"""23. ""I'm concerned about the environment, recycling isn't enough.""",not_sarcasm
"""24. ""The sun is shining and the birds are singing, it's a perfect day for a picnic.""",not_sarcasm
"""25. ""I'm celebrating my one-year anniversary with my partner today.""",not_sarcasm
"""26. ""The local band's gig was lit last night, I danced my heart out.""",not_sarcasm
"""27. ""I'm trying to cut back on my screen time, it's a struggle.""",not_sarcasm
"""28. ""The community garden is thriving, the tomatoes are looking amazing.""",not_sarcasm
"""29. ""I'm really impressed by your dedication to your studies, keep it up!""",not_sarcasm
"""30. ""The new restaurant downtown has the best pasta I've ever tasted.""",not_sarcasm
"""31. ""I'm nervous about my upcoming surgery, but I'm trying to stay positive.""",not_sarcasm
"""32. ""The protest march was peaceful and powerful, our voices were heard.""",not_sarcasm
"""33. ""I'm in awe of the Northern Lights, they're dancing in the sky tonight.""",not_sarcasm
"""34. ""The local food bank needs volunteers, let's make a difference.""",not_sarcasm
"""35. ""I'm excited to finally meet my online gaming team in person.""",not_sarcasm
"""36. ""The new documentary about climate change is eye-opening, everyone should watch it.""",not_sarcasm
"""37. ""I'm disappointed that my favorite team lost, but there's always next season.""",not_sarcasm
"""38. ""The market is flooded with fresh strawberries, my favorite!""",not_sarcasm
"""39. ""I'm determined to run a marathon this year, training is going well.""",not_sarcasm
"""40. ""The local theater is putting on an amazing production of 'Hamilton'.""",not_sarcasm
"""41. ""I'm struggling to find the right words to express my gratitude for your help.""",not_sarcasm
"""42. ""The new Star Wars movie is everything I hoped for and more.""",not_sarcasm
"""43. ""I'm feeling nostalgic today, remembering old times with friends.""",not_sarcasm
"""44. ""The local book club is discussing '1984' this month, looking forward to it.""",not_sarcasm
"""45. ""I'm in love with the fall foliage, it's so beautiful this year.""",not_sarcasm
"""46. ""The local pet shelter needs fosters, let's give these fur babies a chance.""",not_sarcasm
"""47. ""I'm excited to finally see the Grand Canyon, it's on my bucket list.""",not_sarcasm
"""48. ""The new coffee shop has the best pour-over coffee I've ever had.""",not_sarcasm
"""49. ""I'm worried about the upcoming exam, I need to study more.""",not_sarcasm
"""50. ""The community came together to clean up the park, it looks amazing now.""",not_sarcasm
"""1. ""Breaking: NASA's Perseverance rover begins its descent to Mars.""",not_sarcasm
"""2. ""Just tried avocado toast for the first time, it's a game changer!""",not_sarcasm
"""3. ""I'm so proud of my daughter for winning the science fair today.""",not_sarcasm
"""4. ""Heavy rain expected this weekend, stay indoors if you can.""",not_sarcasm
"""5. ""Can't wait to see Hamilton on Broadway next month!""",not_sarcasm
"""6. ""I've been struggling with my math homework, anyone have tips?""",not_sarcasm
"""7. ""Finally got my dream job at Google, pinch me!""",not_sarcasm
"""8. ""A moment of silence for the victims of the recent storm.""",not_sarcasm
"""9. ""Just discovered the best local coffee shop, you have to try it.""",not_sarcasm
"""10. ""Watching the sunset from my balcony, life's simple pleasures.""",not_sarcasm
"""11. ""Let's catch up soon, it's been ages since we last talked.""",not_sarcasm
"""12. ""The new iPhone just dropped, I'm already saving up.""",not_sarcasm
"""13. ""Thinking of all those affected by the wildfires, sending love and strength.""",not_sarcasm
"""14. ""Trying out a new recipe tonight, fingers crossed it turns out.""",not_sarcasm
"""15. ""I'm so grateful for my family, they're my rock.""",not_sarcasm
"""16. ""The new Marvel movie was everything I hoped for and more.""",not_sarcasm
"""17. ""Can't believe I'm already 30, where does the time go?""",not_sarcasm
"""18. ""Heard the news about the promotion, I'm so happy for you!""",not_sarcasm
"""19. ""Just adopted a rescue puppy, meeting my new best friend.""",not_sarcasm
"""20. ""Worried about the upcoming exam, any study tips are welcome.""",not_sarcasm
"""21. ""I'm so sorry for your loss, if you need to talk, I'm here.""",not_sarcasm
"""22. ""Finally got around to reading 'To Kill a Mockingbird', it's a masterpiece.""",not_sarcasm
"""23. ""The new season of Stranger Things is out, let's have a marathon!""",not_sarcasm
"""24. ""Just volunteered at the community garden, felt wonderful to give back.""",not_sarcasm
"""25. ""The weather's perfect for a picnic, who wants to join me?""",not_sarcasm
"""26. ""I'm so proud of myself for running that 5k today.""",not_sarcasm
"""27. ""Just found out I'm going to be an aunt, I'm over the moon!""",not_sarcasm
"""28. ""The new exhibit at the museum is amazing, you should check it out.""",not_sarcasm
"""29. ""I'm struggling with anxiety lately, any advice would be appreciated.""",not_sarcasm
"""30. ""The latest episode of The Daily was so insightful, I can't stop thinking about it.""",not_sarcasm
"""31. ""Just baked my first loaf of bread, it's not perfect but it's mine.""",not_sarcasm
"""32. ""I'm so excited to start my internship at the local newspaper next week.""",not_sarcasm
"""33. ""Watching the sunrise from my window, a peaceful start to the day.""",not_sarcasm
"""34. ""I'm really concerned about the environment, any eco-friendly tips?""",not_sarcasm
"""35. ""The new Taylor Swift album is a bop, I can't stop listening.""",not_sarcasm
"""36. ""I'm so grateful for my friends, they always know how to make me laugh.""",not_sarcasm
"""37. ""Finally finished my research paper, the relief is indescribable.""",not_sarcasm
"""38. ""The local farmers market is open today, who wants to go with me?""",not_sarcasm
"""39. ""I'm so motivated to start my own business, any advice would be great.""",not_sarcasm
"""40. ""Just got back from hiking, nature is truly breathtaking.""",not_sarcasm
"""41. ""The new Game of Thrones book is out, I'm already halfway through.""",not_sarcasm
"""42. ""I'm so proud of myself for sticking to my fitness goals this month.""",not_sarcasm
"""43. ""The new exhibit at the art gallery is thought-provoking, go see it.""",not_sarcasm
"""44. ""I'm really worried about my friend, she's been distant lately.""",not_sarcasm
"""45. ""Just started learning guitar, any beginner tips are welcome.""",not_sarcasm
"""46. ""I'm so excited to see my favorite band in concert next month.""",not_sarcasm
"""47. ""The new documentary on Netflix is eye-opening, everyone should watch it.""",not_sarcasm
"""48. ""I'm so grateful for my job, it's more than just a paycheck.""",not_sarcasm
"""49. ""The new Star Wars trailer just dropped, I'm losing my mind.""",not_sarcasm
"""50. ""I'm so lucky to have a family that supports me in everything I do.""",not_sarcasm
"""Here are 50 entries as requested:""",not_sarcasm
"""1. ""I just tried that new café downtown, the croissant was out of this world!""",not_sarcasm
"""2. ""Unfortunately, our flight's been delayed, guess we're stuck at the airport for a while.""",not_sarcasm
"""3. ""Congratulations on your promotion, you've worked so hard for this!""",not_sarcasm
"""4. ""Hey, can you grab the milk on your way home from work? We're running low.""",not_sarcasm
"""5. ""I've been trying to learn Spanish for ages, any tips are welcome!""",not_sarcasm
"""6. ""The sunset tonight was breathtaking, I wish you could've seen it.""",not_sarcasm
"""7. ""I'm sorry to hear about your loss, if you need to talk, I'm here.""",not_sarcasm
"""8. ""I'm so glad we could catch up after all this time apart.""",not_sarcasm
"""9. ""Just got back from my first yoga class, I'm feeling so zen right now.""",not_sarcasm
"""10. ""This project deadline is killing me, anyone have any coffee to share?""",not_sarcasm
"""11. ""I've been thinking about you, how are you holding up?""",not_sarcasm
"""12. ""The traffic today was insane, I'm glad to finally be home.""",not_sarcasm
"""13. ""I've been trying out this new recipe, want to come over for dinner?""",not_sarcasm
"""14. ""I'm so excited for our upcoming trip, I can't wait to explore.""",not_sarcasm
"""15. ""I'm really proud of how far I've come in my fitness journey.""",not_sarcasm
"""16. ""I've been struggling with this problem for hours, any ideas?""",not_sarcasm
"""17. ""The new exhibit at the museum is incredible, you should check it out.""",not_sarcasm
"""18. ""I'm so tired, I can barely keep my eyes open.""",not_sarcasm
"""19. ""I'm really enjoying this book, it's keeping me on the edge of my seat.""",not_sarcasm
"""20. ""I'm so grateful for your help, I couldn't have done this without you.""",not_sarcasm
"""21. ""I've been wanting to try that new burger joint, want to grab lunch tomorrow?""",not_sarcasm
"""22. ""I'm really impressed with how well your garden is coming along.""",not_sarcasm
"""23. ""I've been trying to cut back on sugar, any tips on how to make my coffee without it?""",not_sarcasm
"""24. ""I'm so excited to see you at the party tonight!""",not_sarcasm
"""25. ""I've been meaning to ask, how do you manage to stay so organized?""",not_sarcasm
"""26. ""I'm really looking forward to our hiking trip this weekend.""",not_sarcasm
"""27. ""I've been trying to learn more about investing, any good resources you recommend?""",not_sarcasm
"""28. ""I'm so sorry for your loss, I'm here if you need anything.""",not_sarcasm
"""29. ""I've been trying to meditate more, it's been helping with my stress.""",not_sarcasm
"""30. ""I'm really enjoying this podcast, it's so informative.""",not_sarcasm
"""31. ""I'm glad we could finally meet in person after all these video calls.""",not_sarcasm
"""32. ""I've been wanting to volunteer more, any suggestions on where to start?""",not_sarcasm
"""33. ""I'm so proud of you for starting your own business.""",not_sarcasm
"""34. ""I've been trying to eat healthier, any good recipes you'd recommend?""",not_sarcasm
"""35. ""I'm really excited for the new season of this show.""",not_sarcasm
"""36. ""I've been trying to get more into painting, it's been a fun challenge.""",not_sarcasm
"""37. ""I'm so impressed by how you handled that situation, you're a natural leader.""",not_sarcasm
"""38. ""I've been meaning to call you, how have you been?""",not_sarcasm
"""39. ""I'm really happy to see you two back together.""",not_sarcasm
"""40. ""I've been trying to save more money, any tips on budgeting?""",not_sarcasm
"""41. ""I'm so excited to see you graduate, you've worked so hard for this.""",not_sarcasm
"""42. ""I've been trying to learn more about my family history, it's been fascinating.""",not_sarcasm
"""43. ""I'm really impressed with your public speaking skills, you're a natural.""",not_sarcasm
"""44. ""I've been trying to learn how to play chess, any good resources?""",not_sarcasm
"""45. ""I'm really excited to see you at the wedding next month!""",not_sarcasm
"""46. ""I've been trying to be more patient, it's a work in progress.""",not_sarcasm
"""47. ""I'm really proud of how far I've come in my career.""",not_sarcasm
"""48. ""I've been trying to grow my own herbs, it's been a fun project.""",not_sarcasm
"""49. ""I'm really impressed with your dedication to your fitness goals.""",not_sarcasm
"""50. ""I've been wanting to ask, how did you and your partner meet?""",not_sarcasm
"""Here are 50 simple, realistic text examples covering various contexts, emotions, and styles:""",not_sarcasm
"""1. ""Just finished a challenging project, feels great to tick that off my list.""",not_sarcasm
"""2. ""Heard about the flooding in your area, hope everyone's safe.""",not_sarcasm
"""3. ""Just tried avocado toast for the first time, it's delicious!""",not_sarcasm
"""4. ""Finally got my promotion, all those late nights paid off.""",not_sarcasm
"""5. ""Heading to the farmer's market today, any requests?""",not_sarcasm
"""6. ""Saw the new movie last night, it was amazing.""",not_sarcasm
"""7. ""Can't wait for the weekend, need some downtime.""",not_sarcasm
"""8. ""Just adopted a rescue cat, she's purring on my lap.""",not_sarcasm
"""9. ""Watched the sunset over the beach, breathtaking.""",not_sarcasm
"""10. ""Got a new plant for my apartment, trying to keep it alive.""",not_sarcasm
"""11. ""That was a terrible meeting, but at least it's over.""",not_sarcasm
"""12. ""Wish me luck, I've got a big presentation today.""",not_sarcasm
"""13. ""Finally found my misplaced keys, phew!""",not_sarcasm
"""14. ""Just started reading 'To Kill a Mockingbird', love it so far.""",not_sarcasm
"""15. ""Heading out for a hike, wish you were coming.""",not_sarcasm
"""16. ""That new restaurant downtown is amazing, you must try it.""",not_sarcasm
"""17. ""Finally got around to cleaning out my closet, feels good to declutter.""",not_sarcasm
"""18. ""Saw a shooting star last night, made a wish.""",not_sarcasm
"""19. ""That coffee shop has the best lattes in town, my treat next time?""",not_sarcasm
"""20. ""Just finished painting my living room, it looks fantastic.""",not_sarcasm
"""21. ""Can't believe it's already Friday, this week flew by.""",not_sarcasm
"""22. ""Just started a new workout routine, wish me strength.""",not_sarcasm
"""23. ""That game last night was intense, go team!""",not_sarcasm
"""24. ""Finally got a good night's sleep, feeling refreshed.""",not_sarcasm
"""25. ""Just tried my hand at cooking paella, it was a disaster.""",not_sarcasm
"""26. ""That new exhibit at the art gallery is stunning.""",not_sarcasm
"""27. ""Got a parking ticket, ugh, guess I shouldn't have double-parked.""",not_sarcasm
"""28. ""Just started learning a new language, it's challenging but fun.""",not_sarcasm
"""29. ""That concert last night was incredible, definitely a highlight of the year.""",not_sarcasm
"""30. ""Finally got around to planting my balcony garden, fingers crossed.""",not_sarcasm
"""31. ""Just tried meditation for the first time, it was surprisingly calming.""",not_sarcasm
"""32. ""That new TV show is addictive, can't wait for the next episode.""",not_sarcasm
"""33. ""Just started volunteering at the local animal shelter, it's very rewarding.""",not_sarcasm
"""34. ""That new podcast is fascinating, I'm learning so much.""",not_sarcasm
"""35. ""Finally got my wisdom teeth removed, recovery is tough but worth it.""",not_sarcasm
"""36. ""Just tried out that new food delivery app, it's super convenient.""",not_sarcasm
"""37. ""That documentary was eye-opening, it's changed my perspective.""",not_sarcasm
"""38. ""Finally got a table at that popular restaurant, the wait was worth it.""",not_sarcasm
"""39. ""Just started a new job, excited for the challenge.""",not_sarcasm
"""40. ""That sunrise yoga class was amazing, I feel centered.""",not_sarcasm
"""41. ""Finally got my car washed, it was long overdue.""",not_sarcasm
"""42. ""Just started a book club, our first pick is 'The Great Gatsby'.""",not_sarcasm
"""43. ""That comedy show was hilarious, I laughed so hard I cried.""",not_sarcasm
"""44. ""Finally got my taxes done, that was a pain.""",not_sarcasm
"""45. ""Just started a new fitness challenge, let's do this!""",not_sarcasm
"""46. ""That new bakery has the best croissants in town.""",not_sarcasm
"""47. ""Finally got my old photo albums scanned, memories preserved.""",not_sarcasm
"""48. ""Just started a new craft project, it's therapeutic.""",not_sarcasm
"""49. ""That new album is on repeat, I can't get enough of it.""",not_sarcasm
"""50. ""Finally got to meet my online friend in person, it was great to put a face to the name.""",not_sarcasm
"""1. ""Breaking: NASA's Perseverance rover successfully lands on Mars.""",not_sarcasm
"""2. ""Finally got that promotion after years of hard work. Feels amazing!""",not_sarcasm
"""3. ""Can't believe I left my phone at the café again. Where's my head at?""",not_sarcasm
"""4. ""Just tried sushi for the first time. Who knew raw fish could taste so good?""",not_sarcasm
"""5. ""My grandma's banana bread is hands down the best comfort food ever.""",not_sarcasm
"""6. ""Saw an old friend at the grocery store. We caught up for hours.""",not_sarcasm
"""7. ""Rain, rain, go away. I need to finish my gardening today.""",not_sarcasm
"""8. ""Just donated to a local food bank. Every little bit helps, right?""",not_sarcasm
"""9. ""Wow, this new album is already my new favorite. Brilliant stuff!""",not_sarcasm
"""10. ""Can't wait to see 'No Time to Die' when cinemas reopen. Bond films never disappoint.""",not_sarcasm
"""11. ""Just finished painting my room. It looks so much brighter now.""",not_sarcasm
"""12. ""Heard some sad news today. Sending love to those who need it.""",not_sarcasm
"""13. ""Let's order pizza tonight. My treat, you choose the toppings.""",not_sarcasm
"""14. ""Finals week is stressful, but I'm ready to tackle those exams.""",not_sarcasm
"""15. ""What a gorgeous sunset! Nature never fails to amaze me.""",not_sarcasm
"""16. ""Just adopted a rescue dog. She's already made herself at home.""",not_sarcasm
"""17. ""Could really use a cup of coffee right about now. Morning's been tough.""",not_sarcasm
"""18. ""Finally started reading 'Harry Potter' and I'm hooked. What took me so long?""",not_sarcasm
"""19. ""Wish me luck. I've got my first job interview in years today.""",not_sarcasm
"""20. ""Can't stop laughing at this video. It's just too cute.""",not_sarcasm
"""21. ""Tried out that new vegan recipe. It was surprisingly delicious.""",not_sarcasm
"""22. ""Saw a beautiful butterfly in my garden this morning. Such a simple joy.""",not_sarcasm
"""23. ""Just started learning Spanish. ¡Hola, mundo!' is all I know so far, but I'm excited!""",not_sarcasm
"""24. ""My daughter's first day at school. Where does the time go?""",not_sarcasm
"""25. ""Finally caught up on my favorite podcast. Now I'm all set for the week.""",not_sarcasm
"""26. ""Just discovered I'm allergic to my favorite perfume. Bummer!""",not_sarcasm
"""27. ""Let's plan a weekend getaway. Somewhere with a beach sounds perfect.""",not_sarcasm
"""28. ""Heard some great news from a friend today. Their joy is contagious.""",not_sarcasm
"""29. ""Finally tried meditation. It's harder than it looks, but I can see the appeal.""",not_sarcasm
"""30. ""What a game last night! Our team pulled off a major upset.""",not_sarcasm
"""31. ""Just binged 'The Queen's Gambit'. What an incredible series!""",not_sarcasm
"""32. ""Could really use some advice on investing. Any tips welcome.""",not_sarcasm
"""33. ""Finally found the perfect pair of jeans. Worth the hunt!""",not_sarcasm
"""34. ""My heart goes out to everyone affected by this storm. Stay safe.""",not_sarcasm
"""35. ""Let's catch up properly soon. I miss our chats.""",not_sarcasm
"""36. ""Just tried stand-up paddleboarding. I'm a total beginner, but it was fun!""",not_sarcasm
"""37. ""Finally got around to sorting out my old photos. Some real gems in there.""",not_sarcasm
"""38. ""What a fascinating documentary! Learned so much about our universe.""",not_sarcasm
"""39. ""Could really use some help moving this weekend. Any volunteers?""",not_sarcasm
"""40. ""Just found out I've been accepted into my dream grad program. Pinch me!""",not_sarcasm
"""41. ""Let's cook together tonight. You pick the recipe, I'll get the ingredients.""",not_sarcasm
"""42. ""Finally got my first tattoo. It's a small reminder of a big journey.""",not_sarcasm
"""43. ""Heard some upsetting news today. Sending love and strength to those involved.""",not_sarcasm
"""44. ""Just tried a new workout class. It was tough, but I feel great now!""",not_sarcasm
"""45. ""Finally started that blog I've been talking about. Here goes nothing!""",not_sarcasm
"""46. ""What a beautiful day for a hike. Nature's calling!""",not_sarcasm
"""47. ""Could really use some recommendations for my summer reading list.""",not_sarcasm
"""48. ""Finally got tickets to that concert we've been waiting for. Can't wait!""",not_sarcasm
"""49. ""Just tried making my own candles. It's relaxing and they smell amazing.""",not_sarcasm
"""50. ""Let's make this year our best yet. Here's to new beginnings!""",not_sarcasm
"""Just landed my dream job, can't wait to start this new chapter!""",not_sarcasm
"""Traffic's terrible today, be careful out there, everyone.""",not_sarcasm
"""Thanks for the great meal, Mom. It's been a while since I had your famous lasagna.""",not_sarcasm
"""Breaking: NASA's Perseverance rover finds signs of ancient life on Mars.""",not_sarcasm
"""Hey, have you seen my black hoodie somewhere? I can't find it anywhere.""",not_sarcasm
"""Wow, these autumn leaves are absolutely stunning this year.""",not_sarcasm
"""Got my COVID-19 vaccine today. Feeling relieved and grateful.""",not_sarcasm
"""Just caught up on 'Stranger Things.' Now I need to find something else to binge-watch.""",not_sarcasm
"""Can't believe it's already December. This year flew by.""",not_sarcasm
"""Did you know there's a new coffee shop opened up downtown? Let's check it out sometime.""",not_sarcasm
"""Finally got my plants thriving. Green thumb unlocked!""",not_sarcasm
"""Just donated to the local food bank. It's important to give back during the holidays.""",not_sarcasm
"""Man, I'm beat after that long hike. Worth it, though. The views were amazing.""",not_sarcasm
"""Wishing you a happy birthday, dear friend. Here's to another year of amazing memories!""",not_sarcasm
"""Sad to hear about the storm damages. If anyone needs help, please reach out.""",not_sarcasm
"""Can't stop listening to this new album. It's got such great vibes.""",not_sarcasm
"""Just adopted a new rescue cat. Meet Whiskers, our newest family member!""",not_sarcasm
"""Got my first paid writing gig! Feels good to finally see some progress.""",not_sarcasm
"""Remember to vote tomorrow, folks. Every voice matters.""",not_sarcasm
"""Just tried making my grandma's recipe for apple pie. Nailed it!""",not_sarcasm
"""Concerned about the upcoming budget cuts. Hoping for the best.""",not_sarcasm
"""Finally got to visit the Eiffel Tower. It was even more breathtaking than I imagined.""",not_sarcasm
"""Just started learning Spanish. Any language tips are appreciated!""",not_sarcasm
"""Feeling grateful for all the love and support this year. Thank you, everyone.""",not_sarcasm
"""Just got back from the gym. Man, those squats were brutal.""",not_sarcasm
"""Can't wait to see what 2022 has in store. Here's to new beginnings!""",not_sarcasm
"""Just found out my best friend is having a baby. Over the moon for them!""",not_sarcasm
"""Wish me luck, folks. First day at my new job tomorrow.""",not_sarcasm
"""Just finished reading 'To Kill a Mockingbird.' What a powerful story.""",not_sarcasm
"""Jury's still out on this new show. Not sure if it's for me yet.""",not_sarcasm
"""Can't believe it's already time for another root canal. Here we go again.""",not_sarcasm
"""Just started meditating. Feels good to take a moment for myself each day.""",not_sarcasm
"""Sending prayers and strength to everyone affected by the recent wildfires.""",not_sarcasm
"""Just got engaged! She said yes! 🎉""",not_sarcasm
"""Can't wait for the holidays. Time to catch up with everyone.""",not_sarcasm
"""Just found a four-leaf clover. Maybe my luck's changing.""",not_sarcasm
"""Got my first A in physics. Thanks, tutor!""",not_sarcasm
"""Just adopted a new rescue dog. Meet Max, our newest family member!""",not_sarcasm
"""Can't believe it's already time for the annual office Secret Santa.""",not_sarcasm
"""Just started a new painting. Feeling inspired today.""",not_sarcasm
"""Sending love and light to all those who need it today.""",not_sarcasm
"""Just tried out this new spin class. Killed it!""",not_sarcasm
"""1. ""Breaking: NASA's Perseverance rover successfully lands on Mars.""",not_sarcasm
"""2. ""Just got a promotion at work, feeling thrilled and grateful!""",not_sarcasm
"""3. ""Heard some great news today, my friend's cancer is in remission.""",not_sarcasm
"""4. ""Weather forecast predicts a sunny weekend, perfect for that hike.""",not_sarcasm
"""5. ""Can't believe I finally finished reading 'War and Peace'.""",not_sarcasm
"""6. ""Did you know that pandas can live up to 30 years in captivity?""",not_sarcasm
"""7. ""So bummed about the canceled concert, but safety first, right?""",not_sarcasm
"""8. ""Just tried out that new vegan café downtown, loved it!""",not_sarcasm
"""9. ""Sorry to hear about your breakup, but remember, it's for the best.""",not_sarcasm
"""10. ""Watching 'The Queen's Gambit' has reignited my interest in chess.""",not_sarcasm
"""11. ""Finally started learning Spanish, 'hola' is my favorite word so far.""",not_sarcasm
"""12. ""Wish me luck, I'm starting my first day of online school today.""",not_sarcasm
"""13. ""Just saw the Northern Lights for the first time, magical!""",not_sarcasm
"""14. ""Saddened by the news of the wildfires, let's do our part to help.""",not_sarcasm
"""15. ""Thrilled to announce our product launch next week, stay tuned!""",not_sarcasm
"""16. ""Can't wait to visit Paris again, the croissants are to die for.""",not_sarcasm
"""17. ""Just planted some herbs in my garden, feeling quite Domestic Goddess-y.""",not_sarcasm
"""18. ""Disappointed by the latest episode of 'The Mandalorian', but still loving the series.""",not_sarcasm
"""19. ""So excited to volunteer at the animal shelter this weekend.""",not_sarcasm
"""20. ""Finally found a recipe for gluten-free banana bread, can't wait to bake!""",not_sarcasm
"""21. ""Just adopted a rescue dog, meeting our new family member today.""",not_sarcasm
"""22. ""Concerned about the rising COVID-19 cases, let's all be extra cautious.""",not_sarcasm
"""23. ""Finally finished painting my living room, feels so rewarding.""",not_sarcasm
"""24. ""Just discovered the joy of yoga, can't believe how relaxing it is.""",not_sarcasm
"""25. ""Sad to see another local business close down, hoping things improve soon.""",not_sarcasm
"""26. ""So proud of my kid's virtual presentation today, they did amazing!""",not_sarcasm
"""27. ""Finally got to see 'Tenet' in theaters, what a mind-blowing experience.""",not_sarcasm
"""28. ""Thrilled to announce my engagement, can't wait to start this new chapter.""",not_sarcasm
"""29. ""Just started a new book club, looking forward to discussing 'The Vanishing Half'.""",not_sarcasm
"""30. ""Sigh, another power outage, guess it's candles and board games for tonight.""",not_sarcasm
"""31. ""Just adopted a rescue cat, our home feels complete now.""",not_sarcasm
"""32. ""Enjoying this quiet moment, watching the rain pour outside.""",not_sarcasm
"""33. ""Just tried out that new fitness app, loving the diverse workouts.""",not_sarcasm
"""34. ""Concerned about the increasing pollution in our city, we need change.""",not_sarcasm
"""35. ""Finally found the perfect pair of jeans, shopping win of the day!""",not_sarcasm
"""36. ""Just started learning how to play the guitar, fingers are sore but it's worth it.""",not_sarcasm
"""37. ""So excited to see the new 'Black Widow' trailer, can't wait for the movie!""",not_sarcasm
"""38. ""Just discovered the joy of cooking Indian food, curry night anyone?""",not_sarcasm
"""39. ""Sigh, another late night at the office, but the project's finally done.""",not_sarcasm
"""40. ""Thrilled to have been invited to speak at the upcoming tech conference.""",not_sarcasm
"""41. ""Just got back from a weekend camping trip, feeling refreshed and rejuvenated.""",not_sarcasm
"""42. ""Disappointed by the latest political developments, but hope is not lost.""",not_sarcasm
"""43. ""Finally got around to organizing my closet, feels so good to be clutter-free.""",not_sarcasm
"""44. ""So excited to start my new job next week, here's to new beginnings!""",not_sarcasm
"""45. ""Just tried out that new coffee shop, their espresso is to die for.""",not_sarcasm
"""46. ""Saddened by the loss of a dear friend, but their memories will live on.""",not_sarcasm
"""47. ""Just adopted a rescue bird, his little chirps are the best.""",not_sarcasm
"""48. ""Excited to finally see my family after months of lockdown.""",not_sarcasm
"""49. ""Finally finished that big project, time to celebrate with some pizza!""",not_sarcasm
"""50. ""Just discovered the joy of meditation, it's been life-changing.""",not_sarcasm
"""Just landed a big client, can't wait to share the details!""",not_sarcasm
"""Finally finished painting the living room, it looks amazing!""",not_sarcasm
"""Did you hear about the new coffee shop opening downtown?""",not_sarcasm
"""Seriously considering taking up hiking, any tips are appreciated!""",not_sarcasm
"""Watching the sunset over the beach, absolutely stunning.""",not_sarcasm
"""Just got my test results back, all clear, what a relief!""",not_sarcasm
"""Can't believe it's been a year since we met, feels like just yesterday.""",not_sarcasm
"""Finally nailed that recipe, best risotto ever!""",not_sarcasm
"""Heard it's going to rain all weekend, guess we're having a movie marathon.""",not_sarcasm
"""Just started reading 'To Kill a Mockingbird', loving it so far!""",not_sarcasm
"""Can't wait to see you graduate, so proud of all your hard work!""",not_sarcasm
"""Finally got around to organizing my closet, feels so good to be organized.""",not_sarcasm
"""Just heard the news, I can't believe they're closing the library.""",not_sarcasm
"""Can't stop listening to this new album, it's incredible!""",not_sarcasm
"""Finally got my first 10,000 step day, feeling pretty proud!""",not_sarcasm
"""Just tried making my grandma's recipe for the first time, it's delicious!""",not_sarcasm
"""Heard there's a new art exhibit in town, want to go check it out?""",not_sarcasm
"""Can't believe how fast my little one is growing up.""",not_sarcasm
"""Finally got a promotion after years of hard work, feels amazing!""",not_sarcasm
"""Heard about the blackout last night, hope everyone's okay.""",not_sarcasm
"""Just adopted a rescue dog, she's the sweetest thing ever!""",not_sarcasm
"""Can't wait to go see my favorite band play this weekend.""",not_sarcasm
"""Finally got a chance to sit down and read the newspaper.""",not_sarcasm
"""Just started learning how to code, it's a lot of fun.""",not_sarcasm
"""Heard about the fundraiser for the local school, want to donate?""",not_sarcasm
"""Can't believe it's already winter, where did the time go?""",not_sarcasm
"""Finally got my dream job, still pinching myself.""",not_sarcasm
"""Just found the perfect gift for my best friend's birthday.""",not_sarcasm
"""Heard about the new farmers market, can't wait to check it out.""",not_sarcasm
"""Can't stop binge-watching this new show, it's so addictive!""",not_sarcasm
"""Finally got my garden started, can't wait for everything to grow.""",not_sarcasm
"""Heard about the community clean-up, let's go lend a hand.""",not_sarcasm
"""Just tried out that new fitness class, loved it!""",not_sarcasm
"""Can't believe I'm going to be an aunt again, so excited!""",not_sarcasm
"""Finally got my finances in order, feels so good to be on track.""",not_sarcasm
"""Heard about the protest downtown, want to show our support?""",not_sarcasm
"""Just started learning Spanish, it's challenging but fun!""",not_sarcasm
"""Can't wait to go camping this weekend, love being in nature.""",not_sarcasm
"""Finally got my first tattoo, it means a lot to me.""",not_sarcasm
"""Heard about the new book club starting up, want to join?""",not_sarcasm
"""Can't believe it's been a year since I started my business.""",not_sarcasm
"""Finally got a chance to catch up with an old friend, it was great.""",not_sarcasm
"""Heard about the new bike lane, let's go for a ride this weekend!""",not_sarcasm
"""Just started a new painting, it's coming along nicely.""",not_sarcasm
"""Can't wait to see my family this holiday season.""",not_sarcasm
"""Finally got my dream car, still can't believe it's mine.""",not_sarcasm
"""Here are 50 examples as requested:""",not_sarcasm
"""1. I'm thrilled to announce I've been promoted at work!""",not_sarcasm
"""2. Sorry I'm late, the traffic was terrible today.""",not_sarcasm
"""3. Just tried sushi for the first time, it was amazing!""",not_sarcasm
"""4. Can't wait to see you at the party this weekend!""",not_sarcasm
"""5. I'm really struggling with this assignment, could you help me out?""",not_sarcasm
"""6. The sunset tonight was absolutely breathtaking.""",not_sarcasm
"""7. I'm so grateful for your support during this tough time.""",not_sarcasm
"""8. Has anyone seen my keys? I can't find them anywhere.""",not_sarcasm
"""9. I'm dying to watch the new Marvel movie, have you seen it?""",not_sarcasm
"""10. Check out this cool article I found about space exploration.""",not_sarcasm
"""11. I'm really sorry to hear about your loss, if you need to talk, I'm here.""",not_sarcasm
"""12. The new coffee shop downtown is the best, you have to try it!""",not_sarcasm
"""13. I'm so happy for you, that job offer is fantastic!""",not_sarcasm
"""14. I'm exhausted after that long hike, but it was worth it.""",not_sarcasm
"""15. Can you believe it's already December? Where did the time go?""",not_sarcasm
"""16. I'm really impressed with how far you've come in your fitness journey.""",not_sarcasm
"""17. That new song by Taylor Swift is stuck in my head!""",not_sarcasm
"""18. I'm really concerned about the environment, we should do something about it.""",not_sarcasm
"""19. Have you tried the new pizza place on Main Street? It's delicious!""",not_sarcasm
"""20. I'm so proud of you for graduating, you worked so hard.""",not_sarcasm
"""21. I'm not really feeling this movie, can we go see something else?""",not_sarcasm
"""22. The weather is perfect for a beach day, who's in?""",not_sarcasm
"""23. I'm struggling to find the motivation to exercise today.""",not_sarcasm
"""24. That book club pick was so interesting, I can't wait for our discussion.""",not_sarcasm
"""25. I'm so excited to finally meet your family this weekend.""",not_sarcasm
"""26. I'm really disappointed with the service at that restaurant.""",not_sarcasm
"""27. The new iPhone just came out, I'm thinking about upgrading.""",not_sarcasm
"""28. I'm really proud of how well our team worked together today.""",not_sarcasm
"""29. I'm not sure I understand this math problem, could you explain it again?""",not_sarcasm
"""30. The fall foliage this year is stunning, we should go for a drive.""",not_sarcasm
"""31. I'm really impressed with how well you handled that situation.""",not_sarcasm
"""32. The new Star Wars movie looks amazing, I can't wait to see it!""",not_sarcasm
"""33. I'm feeling under the weather, I think I'll stay in tonight.""",not_sarcasm
"""34. The local farmers market has the best fresh produce, you should check it out.""",not_sarcasm
"""35. I'm really struggling with my anxiety lately, I think I need to talk to someone.""",not_sarcasm
"""36. That movie was so predictable, I could guess the ending from the beginning.""",not_sarcasm
"""37. I'm so excited for my vacation next week, I can't wait to relax on the beach.""",not_sarcasm
"""38. I'm really impressed with how much you've learned about coding.""",not_sarcasm
"""39. The new exhibit at the art museum is incredible, you have to see it.""",not_sarcasm
"""40. I'm not really in the mood for a big night out, let's keep it low-key.""",not_sarcasm
"""41. I'm really proud of how far I've come in my fitness journey this year.""",not_sarcasm
"""42. The latest episode of Game of Thrones was insane, did you watch it?""",not_sarcasm
"""43. I'm really grateful for the opportunity to work on this project.""",not_sarcasm
"""44. That new restaurant downtown has the best pasta, you have to try it.""",not_sarcasm
"""45. I'm struggling to find the words to express how much you mean to me.""",not_sarcasm
"""46. The new album by Kendrick Lamar is amazing, have you listened to it?""",not_sarcasm
"""47. I'm really impressed with how much you're learning in your new job.""",not_sarcasm
"""48. The new iPhone just came out, I'm thinking about getting the 12 Pro.""",not_sarcasm
"""49. I'm really worried about my friend, I haven't heard from her in awhile.""",not_sarcasm
"""50. I'm so grateful for the love and support of my family and friends.""",not_sarcasm
"""1. Breaking: NASA's Perseverance rover successfully lands on Mars.""",not_sarcasm
"""2. I've finally finished that book I've been reading for months, it was worth the wait.""",not_sarcasm
"""3. Traffic is a nightmare today, I've been stuck for over an hour.""",not_sarcasm
"""4. Just tried the new vegan burger at our local café, it was surprisingly delicious.""",not_sarcasm
"""5. I'm so proud of my daughter, she just got accepted into her dream university.""",not_sarcasm
"""6. Can't believe it's already Friday, this week flew by.""",not_sarcasm
"""7. The new iPhone is out, I can't wait to upgrade.""",not_sarcasm
"""8. My plants are really thriving lately, must be the extra sunlight.""",not_sarcasm
"""9. I've been struggling to sleep lately, anyone have any recommendations?""",not_sarcasm
"""10. The new season of Stranger Things just dropped, can't stop watching.""",not_sarcasm
"""11. I'm so grateful for my job, it's challenging but rewarding.""",not_sarcasm
"""12. Just saw a wild deer in my backyard, it was magical.""",not_sarcasm
"""13. I'm trying out a new fitness app, it's pretty intense but I'm enjoying it.""",not_sarcasm
"""14. The garden looks beautiful this time of year, all the flowers are in bloom.""",not_sarcasm
"""15. I've been learning to play the guitar, it's harder than it looks.""",not_sarcasm
"""16. Just heard some amazing news, I can't wait to share it with you all.""",not_sarcasm
"""17. I'm so tired, I've been working non-stop all week.""",not_sarcasm
"""18. The new coffee shop downtown has the best lattes, I'm addicted.""",not_sarcasm
"""19. I'm really worried about my friend, I haven't heard from them in days.""",not_sarcasm
"""20. The weather is perfect today, I think I'll go for a hike.""",not_sarcasm
"""21. I've been trying to cut down on my caffeine intake, it's tougher than I thought.""",not_sarcasm
"""22. The new Star Wars movie was incredible, it exceeded all my expectations.""",not_sarcasm
"""23. I'm so excited for our upcoming vacation, I can't wait to relax on the beach.""",not_sarcasm
"""24. I've been trying to read more, any book recommendations?""",not_sarcasm
"""25. The game last night was a nail-biter, I can't believe we won in the last second.""",not_sarcasm
"""26. I've been struggling with anxiety lately, it's been really tough.""",not_sarcasm
"""27. The new exhibition at the art gallery is stunning, I could spend hours there.""",not_sarcasm
"""28. I'm so glad I finally started that side hustle, it's been more successful than I imagined.""",not_sarcasm
"""29. I've been trying to eat healthier, any good recipes to share?""",not_sarcasm
"""30. The new album by my favorite band just dropped, it's amazing.""",not_sarcasm
"""31. I'm so grateful for the support of my family, they've been there for me through thick and thin.""",not_sarcasm
"""32. I've been learning to cook, it's been a fun challenge.""",not_sarcasm
"""33. The protest was peaceful but powerful, we made our voices heard.""",not_sarcasm
"""34. I've been trying to save money, any budgeting tips?""",not_sarcasm
"""35. The sunrise this morning was breathtaking, it was the perfect start to my day.""",not_sarcasm
"""36. I'm so happy to see my friends after so long, it feels like no time has passed.""",not_sarcasm
"""37. I've been trying to cut down on my screen time, it's harder than I thought.""",not_sarcasm
"""38. The new movie adaptation of my favorite book was amazing, it stayed true to the story.""",not_sarcasm
"""39. I'm so excited about the upcoming festival, the lineup is incredible.""",not_sarcasm
"""40. I've been trying to learn a new language, it's challenging but rewarding.""",not_sarcasm
"""41. The city looks beautiful at night, all lit up.""",not_sarcasm
"""42. I'm so proud of myself for sticking to my fitness goals this month.""",not_sarcasm
"""43. I've been trying to reduce my plastic waste, any tips on how to do that?""",not_sarcasm
"""44. The concert was incredible, the energy was electric.""",not_sarcasm
"""45. I'm so glad I started that journal, it's been therapeutic.""",not_sarcasm
"""46. The new documentary was eye-opening, it made me see things from a different perspective.""",not_sarcasm
"""47. I've been trying to meditate more, it's been helping with my stress levels.""",not_sarcasm
"""48. I'm so happy to see my community coming together to help those in need.""",not_sarcasm
"""49. The new season of my favorite TV show just started, I can't wait to binge it.""",not_sarcasm
"""50. I've been trying to appreciate the little things in life, it's made a big difference.""",not_sarcasm
"""Breaking: NASA's Perseverance rover successfully lands on Mars.""",not_sarcasm
"""Just tried matcha for the first time, it's an acquired taste but I'm loving it!""",not_sarcasm
"""Traffic is a nightmare today, be safe out there, everyone.""",not_sarcasm
"""Proud of my kid today. She stood up for a classmate who was being bullied.""",not_sarcasm
"""Can't believe it's already December. Where did the year go?""",not_sarcasm
"""Finally finished that project, feels great to tick it off the list.""",not_sarcasm
"""Just watched the sunrise. It was beautiful, truly a sight to behold.""",not_sarcasm
"""Heading to the gym after work. Who's with me?""",not_sarcasm
"""Sending love and thoughts to everyone affected by the storm.""",not_sarcasm
"""Excited for the weekend. Got some great plans with friends.""",not_sarcasm
"""Sorry to hear about your loss. I'm here if you need to talk.""",not_sarcasm
"""Went for a hike today, nature always puts things in perspective.""",not_sarcasm
"""Just tried making sushi at home. Let's just say I won't be quitting my day job anytime soon.""",not_sarcasm
"""Thinking of you on your birthday. Hope it's a special one!""",not_sarcasm
"""Discovered a new podcast today, it's really opening my eyes to different perspectives.""",not_sarcasm
"""Feeling grateful for the little things today. Like a warm cup of coffee on a cold morning.""",not_sarcasm
"""The new album dropped today, can't stop listening to it!""",not_sarcasm
"""Just started learning Spanish. Any tips are welcome!""",not_sarcasm
"""Watched 'Parasite' last night. It's a must-watch, so thought-provoking.""",not_sarcasm
"""Thank you for your help. I couldn't have done it without you.""",not_sarcasm
"""Just got back from a run. Feels great to clear the mind.""",not_sarcasm
"""Saw a shooting star last night. Made a wish, fingers crossed!""",not_sarcasm
"""Finally finished my book club read. Can't wait to discuss it tomorrow.""",not_sarcasm
"""Just tried out that new restaurant downtown. The food was amazing!""",not_sarcasm
"""Feeling a bit under the weather today. Hope I'm back on my feet soon.""",not_sarcasm
"""Loving the new color scheme on the website. Great job, team!""",not_sarcasm
"""Went to the farmer's market today. The fresh produce is looking amazing.""",not_sarcasm
"""Just adopted a new rescue dog. She's already brought so much joy into our home.""",not_sarcasm
"""Can't wait for the holidays. It's been too long since I've seen my family.""",not_sarcasm
"""Finally got around to cleaning out my closet. Feels great to declutter.""",not_sarcasm
"""Just watched the sunset while having dinner on the beach. Perfect evening.""",not_sarcasm
"""Thinking about everyone affected by the wildfires. Sending love and strength.""",not_sarcasm
"""Just started meal prepping for the week. Here's to healthier choices!""",not_sarcasm
"""Finally got a chance to catch up with an old friend. Always a good time.""",not_sarcasm
"""Went to see 'Hamilton' tonight. It was absolutely incredible.""",not_sarcasm
"""Feeling a bit stressed out lately. Thinking I might need a vacation.""",not_sarcasm
"""Just found out I got the promotion. I can't believe it!""",not_sarcasm
"""Saw a homeless person today. It reminded me to be grateful for what I have.""",not_sarcasm
"""Just tried out that new meditation app. It's really helping me relax.""",not_sarcasm
"""Can't wait for the big game tonight. Let's go team!""",not_sarcasm
"""Just finished painting my living room. It looks amazing!""",not_sarcasm
"""Thinking about everyone who's struggling right now. You're not alone.""",not_sarcasm
"""Just tried making homemade pizza. It didn't go as planned, but it was delicious anyway.""",not_sarcasm
"""Finally got around to updating my resume. Here's to new opportunities!""",not_sarcasm
"""Saw a beautiful rainbow today. It reminded me that even after the storm, there's always light.""",not_sarcasm
"""Here are 50 text examples covering diverse contexts, emotional tones, and sentence lengths:""",not_sarcasm
"""1. ""The sun's finally out, perfect for that hike I've been planning.""",not_sarcasm
"""2. ""Congratulations on your promotion, you've earned it.""",not_sarcasm
"""3. ""I'm sorry to hear about your loss, if you need to talk, I'm here.""",not_sarcasm
"""4. ""Just tried this new recipe, it's a game changer!""",not_sarcasm
"""5. ""Can't wait for the weekend, it's been a long week.""",not_sarcasm
"""6. ""I'm so proud of you for sticking to your fitness goals.""",not_sarcasm
"""7. ""The new exhibit at the museum is incredible, you should check it out.""",not_sarcasm
"""8. ""Just finished reading 'The Alchemist,' it's a must-read.""",not_sarcasm
"""9. ""Thanks for covering my shift, I really appreciate it.""",not_sarcasm
"""10. ""I'm struggling with this project, could use some advice.""",not_sarcasm
"""11. ""The kids' laughter fills the house, it's music to my ears.""",not_sarcasm
"""12. ""I never get tired of watching the sunset over the beach.""",not_sarcasm
"""13. ""I'm so grateful for the life I have, it's more than I could have asked for.""",not_sarcasm
"""14. ""Just discovered this local band, they're amazing.""",not_sarcasm
"""15. ""I'm so sorry I forgot our anniversary, it won't happen again.""",not_sarcasm
"""16. ""The rain's finally stopped, let's go for a walk.""",not_sarcasm
"""17. ""I'm so excited for this new adventure, it's scary but thrilling.""",not_sarcasm
"""18. ""I'm really concerned about the environment, we need to do more.""",not_sarcasm
"""19. ""Just finished planting my garden, can't wait for the flowers to bloom.""",not_sarcasm
"""20. ""I'm really proud of how far I've come in my career.""",not_sarcasm
"""21. ""I'm so happy to see you two together, you're a great couple.""",not_sarcasm
"""22. ""The coffee here is amazing, I could get used to this place.""",not_sarcasm
"""23. ""I'm struggling with my mental health, could we talk about it?""",not_sarcasm
"""24. ""I'm so impressed by your dedication to your craft.""",not_sarcasm
"""25. ""The streets are empty, it's like a ghost town out there.""",not_sarcasm
"""26. ""I'm really excited about this new project, it's going to be huge.""",not_sarcasm
"""27. ""I'm so sorry about your car, I know how much you loved it.""",not_sarcasm
"""28. ""Just finished a 10k run, feeling accomplished and sweaty.""",not_sarcasm
"""29. ""I'm really happy to see you're doing better, you looked so tired last week.""",not_sarcasm
"""30. ""The stars are out tonight, it's a beautiful sight.""",not_sarcasm
"""31. ""I'm so sad to hear about the passing of that great artist.""",not_sarcasm
"""32. ""I'm really proud of you for standing up for what's right.""",not_sarcasm
"""33. ""The city's lights are mesmerizing from up here.""",not_sarcasm
"""34. ""I'm so grateful for the love and support of my family.""",not_sarcasm
"""35. ""I'm really impressed by your photography skills.""",not_sarcasm
"""36. ""The rain's finally stopped, let's go for a drive.""",not_sarcasm
"""37. ""I'm so happy for you, you've worked so hard for this.""",not_sarcasm
"""38. ""The park's full of cherry blossoms, it's a sight to behold.""",not_sarcasm
"""39. ""I'm really worried about my friend, I haven't heard from them in days.""",not_sarcasm
"""40. ""The pizza here is amazing, I could eat this every day.""",not_sarcasm
"""41. ""I'm really proud of you for making it to the gym today.""",not_sarcasm
"""42. ""The sun's about to set, let's find a good spot to watch it.""",not_sarcasm
"""43. ""I'm so happy to have you in my life, you make it better.""",not_sarcasm
"""44. ""I'm really impressed by your knowledge on this topic.""",not_sarcasm
"""45. ""The city's bustling with energy, I love it here.""",not_sarcasm
"""46. ""I'm so sorry for your loss, please take all the time you need.""",not_sarcasm
"""47. ""Just finished painting my living room, it looks amazing.""",not_sarcasm
"""48. ""I'm really excited for our trip next week, it's been a long time coming.""",not_sarcasm
"""49. ""The streets are filled with music, it's a lively night out here.""",not_sarcasm
"""50. ""I'm really proud of you for embracing your uniqueness.""",not_sarcasm
"""Here are 50 text examples as requested:""",not_sarcasm
"""1. ""I'm so excited to start my new job tomorrow!""",not_sarcasm
"""2. ""I can't believe it's already December. Time flies!""",not_sarcasm
"""3. ""Thanks for the help, you're a lifesaver!""",not_sarcasm
"""4. ""I'm sorry to hear about your loss. Let me know if you need anything.""",not_sarcasm
"""5. ""Just tried the new burger place, it's amazing!""",not_sarcasm
"""6. ""I'm struggling with this project, can you help me brainstorm?""",not_sarcasm
"""7. ""Congratulations on your promotion, you've earned it!""",not_sarcasm
"""8. ""I've been trying to cut back on caffeine, any tips?""",not_sarcasm
"""9. ""The sunset tonight was stunning, I wish you could have seen it.""",not_sarcasm
"""10. ""I'm really proud of how far I've come in my fitness journey.""",not_sarcasm
"""11. ""I'm tired, just had a long day at work.""",not_sarcasm
"""12. ""Can't wait for the holidays, I miss my family.""",not_sarcasm
"""13. ""I'm loving this new book, it's keeping me up at night!""",not_sarcasm
"""14. ""I'm really worried about my friend, I haven't heard from them in days.""",not_sarcasm
"""15. ""Just adopted a rescue dog, meet Max!""",not_sarcasm
"""16. ""I'm so grateful for the little things in life, like a good cup of coffee.""",not_sarcasm
"""17. ""I'm not great with words, but thank you, that means a lot.""",not_sarcasm
"""18. ""I'm feeling inspired after watching that TED Talk.""",not_sarcasm
"""19. ""I'm so over these cold winter days, I miss the sun.""",not_sarcasm
"""20. ""I'm really happy for you guys, you deserve this happiness.""",not_sarcasm
"""21. ""I'm trying to learn how to cook, any easy recipes to start with?""",not_sarcasm
"""22. ""I'm really impressed with the way you handled that situation.""",not_sarcasm
"""23. ""I'm looking forward to our trip next month, it's been ages since we last saw each other.""",not_sarcasm
"""24. ""I'm not a big fan of change, but I guess it's necessary.""",not_sarcasm
"""25. ""I'm so sorry I'm late, traffic was insane.""",not_sarcasm
"""26. ""I'm really proud to be your friend, you're an amazing person.""",not_sarcasm
"""27. ""I'm having trouble sleeping, any advice?""",not_sarcasm
"""28. ""I'm so excited for this conference, it's a great opportunity.""",not_sarcasm
"""29. ""I'm really sorry if I upset you, that wasn't my intention.""",not_sarcasm
"""30. ""I'm really impressed with your work ethic, keep it up!""",not_sarcasm
"""31. ""I'm feeling a bit down today, just need some time to myself.""",not_sarcasm
"""32. ""I'm so happy for you guys, you're going to be great parents!""",not_sarcasm
"""33. ""I'm really struggling with this language, can you help me understand?""",not_sarcasm
"""34. ""I'm so tired, I've been up all night with a sick kid.""",not_sarcasm
"""35. ""I'm really excited about this new project, it's something I've always wanted to do.""",not_sarcasm
"""36. ""I'm not great with words, but I really appreciate your support.""",not_sarcasm
"""37. ""I'm so glad we could catch up, I've missed you.""",not_sarcasm
"""38. ""I'm really impressed with your artwork, you've got real talent.""",not_sarcasm
"""39. ""I'm feeling a bit lost lately, any advice?""",not_sarcasm
"""40. ""I'm so happy to see you guys together, you make a great couple.""",not_sarcasm
"""41. ""I'm really sorry to hear about your car trouble, do you need a ride?""",not_sarcasm
"""42. ""I'm so excited to start my garden this year, I've got big plans.""",not_sarcasm
"""43. ""I'm really impressed with how far you've come, you should be proud.""",not_sarcasm
"""44. ""I'm feeling really inspired after that workshop.""",not_sarcasm
"""45. ""I'm so grateful for the little things in life, like a good night's sleep.""",not_sarcasm
"""46. ""I'm really sorry if I came off as rude earlier, that wasn't my intention.""",not_sarcasm
"""47. ""I'm so happy to see you guys together again, it's been too long.""",not_sarcasm
"""48. ""I'm really struggling with this decision, any advice?""",not_sarcasm
"""49. ""I'm so excited for our wedding next month, it's going to be perfect.""",not_sarcasm
"""50. ""I'm really impressed with your dedication to your fitness goals.""",not_sarcasm
"""1. ""Breaking: NASA's Perseverance rover successfully lands on Mars.""",not_sarcasm
"""2. ""Just had the best coffee I've ever tasted at this local café.""",not_sarcasm
"""3. ""I'm so proud of my daughter for making the school's honor roll.""",not_sarcasm
"""4. ""It's raining heavily, be careful on your way home.""",not_sarcasm
"""5. ""Finally finished reading '1984', it was incredible.""",not_sarcasm
"""6. ""Can't wait to try out the new vegan restaurant downtown.""",not_sarcasm
"""7. ""I'm sorry to hear about your loss, if you need to talk, I'm here.""",not_sarcasm
"""8. ""Just booked my tickets for the Coachella music festival this year!""",not_sarcasm
"""9. ""The new iPhone is causing quite a buzz, I might upgrade.""",not_sarcasm
"""10. ""Our team scored a big win today, I'm so proud of their effort.""",not_sarcasm
"""11. ""Remember to wear sunscreen, it's going to be a sunny day.""",not_sarcasm
"""12. ""I'm craving some home-cooked Mexican food, anyone up for a potluck?""",not_sarcasm
"""13. ""The museum exhibition was mind-blowing, I could've spent hours there.""",not_sarcasm
"""14. ""I'm really struggling with this project, could use some advice.""",not_sarcasm
"""15. ""Congratulations on your promotion, you've earned it!""",not_sarcasm
"""16. ""I just adopted a rescue dog, meet Luna!""",not_sarcasm
"""17. ""The new Marvel movie was amazing, I loved every minute of it.""",not_sarcasm
"""18. ""I'm trying out intermittent fasting, it's been a challenge but worth it.""",not_sarcasm
"""19. ""Just heard some sad news about an old friend, let's reach out.""",not_sarcasm
"""20. ""I'm going to start learning a new language, any tips?""",not_sarcasm
"""21. ""The garden looks beautiful this time of year, don't you think?""",not_sarcasm
"""22. ""I'm excited about the upcoming book club meeting, it's been too long.""",not_sarcasm
"""23. ""I'm so grateful for the support of my friends and family during this time.""",not_sarcasm
"""24. ""Just tried out meditation for the first time, it was surprisingly peaceful.""",not_sarcasm
"""25. ""The new album by Taylor Swift is on repeat all day long.""",not_sarcasm
"""26. ""I'm joining a local sports team, it's time to get active again.""",not_sarcasm
"""27. ""I'm loving the new season of 'The Crown', it's so well done.""",not_sarcasm
"""28. ""Let's plan a trip to the beach this weekend, what do you say?""",not_sarcasm
"""29. ""I'm looking for a new podcast to listen to, recommendations?""",not_sarcasm
"""30. ""I'm so impressed by the resilience of our community during this tough time.""",not_sarcasm
"""31. ""The new plant-based burger at this restaurant is out of this world.""",not_sarcasm
"""32. ""I'm thinking about getting back into painting, any advice for a beginner?""",not_sarcasm
"""33. ""The sunrise this morning was stunning, I'm glad I woke up early to see it.""",not_sarcasm
"""34. ""I'm really looking forward to my brother's wedding next month.""",not_sarcasm
"""35. ""The latest report on climate change is alarming, we all need to do our part.""",not_sarcasm
"""36. ""I'm trying out a new skincare routine, so far so good.""",not_sarcasm
"""37. ""I'm really enjoying this online course I'm taking on data analysis.""",not_sarcasm
"""38. ""The local farmers market is in full swing, I can't wait to check it out.""",not_sarcasm
"""39. ""I'm so thankful for the opportunity to work from home.""",not_sarcasm
"""40. ""I'm really struggling with my mental health lately, I think I need help.""",not_sarcasm
"""41. ""The new exhibit at the art gallery is fascinating, it's all about Street Art.""",not_sarcasm
"""42. ""I'm trying to cut down on my sugar intake, any tips?""",not_sarcasm
"""43. ""I'm so impressed by the creativity of the students in our art class.""",not_sarcasm
"""44. ""The hiking trail was more challenging than I thought, but the view was worth it.""",not_sarcasm
"""45. ""I'm really excited about the upcoming release of the new 'Star Wars' series.""",not_sarcasm
"""46. ""I'm trying to learn more about my family history, it's been an interesting journey.""",not_sarcasm
"""47. ""The latest episode of 'The Office' never fails to make me laugh.""",not_sarcasm
"""48. ""I'm so grateful for the support of my colleagues during this project.""",not_sarcasm
"""49. ""I'm really enjoying this newfound love for gardening, it's so rewarding.""",not_sarcasm
"""50. ""I'm looking forward to a quiet night in, just me and a good book.""",not_sarcasm
"""1. ""Breaking: NASA's Perseverance rover successfully lands on Mars.""",not_sarcasm
"""2. ""Just tried avocado toast for the first time, it's amazing!""",not_sarcasm
"""3. ""I'm so proud of you, you've worked so hard for this.""",not_sarcasm
"""4. ""Can you pick up some milk on your way home? We're out.""",not_sarcasm
"""5. ""The Eiffel Tower stands tall and proud under the Paris sun.""",not_sarcasm
"""6. ""I'm really concerned about the environment, we should do more.""",not_sarcasm
"""7. ""Just binged the new Netflix series, it's a must-watch!""",not_sarcasm
"""8. ""I've been thinking a lot about our future, let's talk soon.""",not_sarcasm
"""9. ""The local farmer's market is in full swing, as vibrant as ever.""",not_sarcasm
"""10. ""I'm just not feeling up to it today, rain check?""",not_sarcasm
"""11. ""The new iPhone is out today, I've been saving up for it.""",not_sarcasm
"""12. ""Remember to lock the door behind you, love.""",not_sarcasm
"""13. ""The football game was intense, our team barely made it.""",not_sarcasm
"""14. ""I'm so grateful for your support, it means the world to me.""",not_sarcasm
"""15. ""Let's grab dinner this weekend, my treat.""",not_sarcasm
"""16. ""The new coffee shop downtown has the best lattes.""",not_sarcasm
"""17. ""I'm struggling with this project, any advice would be appreciated.""",not_sarcasm
"""18. ""The sunset tonight was breathtaking, I wish you were here to see it.""",not_sarcasm
"""19. ""Finally finished painting the house, it looks great!""",not_sarcasm
"""20. ""I'm so excited to see you graduate, you've earned it.""",not_sarcasm
"""21. ""The new exhibit at the art gallery is stunning, you should go.""",not_sarcasm
"""22. ""I'm feeling a bit under the weather, I think I'll stay home tonight.""",not_sarcasm
"""23. ""The local band's gig last night was epic!""",not_sarcasm
"""24. ""I've been learning Spanish, it's harder than I thought.""",not_sarcasm
"""25. ""Just adopted a rescue dog, she's the sweetest thing.""",not_sarcasm
"""26. ""The city's new bike lanes make cycling so much safer.""",not_sarcasm
"""27. ""I'm really sorry to hear about your loss, please let me know if you need anything.""",not_sarcasm
"""28. ""The weather today is perfect for a picnic, shall we?""",not_sarcasm
"""29. ""I'm considering a career change, any thoughts?""",not_sarcasm
"""30. ""The new book club meeting was fascinating, we discussed it for hours.""",not_sarcasm
"""31. ""I'm so impressed by your dedication, you're an inspiration.""",not_sarcasm
"""32. ""The neighborhood watch meeting was productive, we're installing new lights.""",not_sarcasm
"""33. ""I've been trying to eat healthier, any recipe suggestions?""",not_sarcasm
"""34. ""The hiking trail was gorgeous, can't wait to explore more of it.""",not_sarcasm
"""35. ""I'm so glad we could meet up after all this time.""",not_sarcasm
"""36. ""The local bakery's pastries are to die for, you have to try them.""",not_sarcasm
"""37. ""I'm really looking forward to our camping trip this weekend.""",not_sarcasm
"""38. ""The new neighborhood park is a lifesaver, the kids love it.""",not_sarcasm
"""39. ""I'm sorry I missed your call earlier, what's up?""",not_sarcasm
"""40. ""The charity event last night raised a record amount, well done!""",not_sarcasm
"""41. ""I've been stressing about work lately, it's been tough.""",not_sarcasm
"""42. ""The new music festival line-up is incredible, can't wait!""",not_sarcasm
"""43. ""I'm so excited to finally meet your family this weekend.""",not_sarcasm
"""44. ""The local library's community events are amazing, I've learned so much.""",not_sarcasm
"""45. ""I'm really struggling with motivation, any tips?""",not_sarcasm
"""46. ""The new restaurant downtown has the best pasta I've ever tasted.""",not_sarcasm
"""47. ""I'm so grateful for your friendship, it means the world to me.""",not_sarcasm
"""48. ""The new movie was disappointing, not what I expected.""",not_sarcasm
"""49. ""I'm really happy for you, that promotion is well-deserved.""",not_sarcasm
"""50. ""The local community garden is thriving, come see it sometime.""",not_sarcasm
"""1. ""Breaking: NASA's Perseverance rover successfully lands on Mars.""",not_sarcasm
"""2. ""Just tried the new local pizza joint, it was amazing!""",not_sarcasm
"""3. ""I'm so proud of my daughter, she graduated top of her class today.""",not_sarcasm
"""4. ""Anyone have any recommendations for a good book to read this weekend?""",not_sarcasm
"""5. ""I'm sorry to hear about your loss, if you need someone to talk to, I'm here.""",not_sarcasm
"""6. ""Just saw a beautiful sunset, wish you were here to see it with me.""",not_sarcasm
"""7. ""I'm struggling with this project, does anyone have any tips?""",not_sarcasm
"""8. ""Can't believe it's already Friday, time flies when you're having fun!""",not_sarcasm
"""9. ""I'm grateful for every moment we have together, even the mundane ones.""",not_sarcasm
"""10. ""Just got back from a hike, nature is incredible!""",not_sarcasm
"""11. ""I'm so excited to start this new job on Monday!""",not_sarcasm
"""12. ""I'm worried about the upcoming election, have you been following the news?""",not_sarcasm
"""13. ""Just found out I have to work this weekend, boo!""",not_sarcasm
"""14. ""I'm loving this new song, have you heard it yet?""",not_sarcasm
"""15. ""I'm so sorry for your loss, if there's anything you need, just say the word.""",not_sarcasm
"""16. ""I'm feeling a bit under the weather today, sending good vibes my way.""",not_sarcasm
"""17. ""I'm so proud of my son for scoring the winning goal today!""",not_sarcasm
"""18. ""Just got back from a concert, it was lit!""",not_sarcasm
"""19. ""I'm trying to cut down on coffee, any suggestions for alternatives?""",not_sarcasm
"""20. ""I'm so glad we got to catch up, it's been too long!""",not_sarcasm
"""21. ""Just saw a meme that made my day, you'd love it!""",not_sarcasm
"""22. ""I'm so excited for my vacation next week, I can't wait!""",not_sarcasm
"""23. ""I'm struggling with motivation today, anyone else feeling it?""",not_sarcasm
"""24. ""Just found a new favorite spot for brunch, you have to try it!""",not_sarcasm
"""25. ""I'm so grateful for the support of my friends and family.""",not_sarcasm
"""26. ""I'm not sure what to do about this situation, any advice?""",not_sarcasm
"""27. ""Just saw a beautiful sunrise, makes me appreciate the little things.""",not_sarcasm
"""28. ""I'm so excited for the upcoming holiday season!""",not_sarcasm
"""29. ""I'm trying to learn a new language, any tips?""",not_sarcasm
"""30. ""Just saw a post about climate change that really made me think.""",not_sarcasm
"""31. ""I'm so happy to be home after a long trip.""",not_sarcasm
"""32. ""I'm feeling a bit stressed out lately, any suggestions for relaxation?""",not_sarcasm
"""33. ""Just tried a new recipe, it was a hit!""",not_sarcasm
"""34. ""I'm so glad I could help you out today.""",not_sarcasm
"""35. ""I'm not sure if I should go to the party tonight, what do you think?""",not_sarcasm
"""36. ""Just got some exciting news at work, can't wait to share!""",not_sarcasm
"""37. ""I'm so thankful for the little things in life.""",not_sarcasm
"""38. ""I'm struggling with self-doubt today, any words of encouragement?""",not_sarcasm
"""39. ""Just saw a beautiful piece of art, it was inspiring.""",not_sarcasm
"""40. ""I'm so excited to start this new project!""",not_sarcasm
"""41. ""I'm feeling a bit down today, but I know it'll pass.""",not_sarcasm
"""42. ""Just saw a post about mental health that really resonated with me.""",not_sarcasm
"""43. ""I'm so grateful for the opportunities I've had in my life.""",not_sarcasm
"""44. ""I'm not sure what to wear to the wedding, any suggestions?""",not_sarcasm
"""45. ""Just saw a beautiful piece of nature, it was breathtaking.""",not_sarcasm
"""46. ""I'm so proud of my team for winning the tournament!""",not_sarcasm
"""47. ""I'm trying to be more mindful of my spending, any tips?""",not_sarcasm
"""48. ""Just saw a post about kindness that really made my day.""",not_sarcasm
"""49. ""I'm so excited to start this new chapter in my life!""",not_sarcasm
"""50. ""I'm feeling grateful for the love and support in my life today.""",not_sarcasm
"""1. ""I'm thrilled to announce I've been promoted to project manager!""",not_sarcasm
"""2. ""Can you believe the new coffee shop just opened downtown?""",not_sarcasm
"""3. ""I'm sorry to hear about your loss, let me know if you need anything.""",not_sarcasm
"""4. ""This is the best burger I've ever had, you've got to try it.""",not_sarcasm
"""5. ""I'm struggling with this math problem, can someone help me out?""",not_sarcasm
"""6. ""The sunset tonight was absolutely breathtaking.""",not_sarcasm
"""7. ""I've been trying to learn how to code, any tips would be appreciated.""",not_sarcasm
"""8. ""I can't stop listening to this new album, it's amazing.""",not_sarcasm
"""9. ""The new exhibit at the museum is really fascinating, you should check it out.""",not_sarcasm
"""10. ""I'm so proud of you for running that marathon, you're inspiring!""",not_sarcasm
"""11. ""I'm really worried about the upcoming test, can we study together?""",not_sarcasm
"""12. ""This weather is perfect for a picnic, anyone up for it?""",not_sarcasm
"""13. ""I've been trying to cut back on caffeine, any suggestions for alternatives?""",not_sarcasm
"""14. ""The book club meeting was really insightful, I loved our discussion.""",not_sarcasm
"""15. ""I'm so grateful for your help with the move, I couldn't have done it without you.""",not_sarcasm
"""16. ""Have you seen the new movie yet? It's hilarious!""",not_sarcasm
"""17. ""I'm thinking about volunteering at the local animal shelter, any advice?""",not_sarcasm
"""18. ""I'm really impressed with your presentation, you've done a great job.""",not_sarcasm
"""19. ""I'm trying out this new recipe tonight, wish me luck!""",not_sarcasm
"""20. ""The football game was intense, I can't believe they won in overtime!""",not_sarcasm
"""21. ""I'm looking forward to our vacation next month, it's been a long time coming.""",not_sarcasm
"""22. ""I'm not sure what to get my mom for her birthday, any ideas?""",not_sarcasm
"""23. ""I'm feeling really accomplished today, I finally finished that project.""",not_sarcasm
"""24. ""I'm so sorry I was late, the traffic was terrible.""",not_sarcasm
"""25. ""I've been trying to learn a new language, any recommendations for apps?""",not_sarcasm
"""26. ""I'm really excited about the upcoming festival, there are so many great bands playing.""",not_sarcasm
"""27. ""I'm surprised we haven't tried this restaurant before, the food is amazing.""",not_sarcasm
"""28. ""I'm really enjoying this podcast, it's really opened my eyes to a new perspective.""",not_sarcasm
"""29. ""I'm not sure how to handle this situation at work, any advice?""",not_sarcasm
"""30. ""I'm so glad we finally got to catch up, it's been too long!""",not_sarcasm
"""31. ""I'm still trying to get over this cold, any home remedy suggestions?""",not_sarcasm
"""32. ""I'm really impressed with how far you've come with your fitness goals.""",not_sarcasm
"""33. ""I'm thinking about starting a garden this year, any tips for beginners?""",not_sarcasm
"""34. ""I'm really looking forward to this conference, there are so many great speakers.""",not_sarcasm
"""35. ""I'm not sure if I should accept this job offer, any thoughts?""",not_sarcasm
"""36. ""I'm really proud of you for sticking to your New Year's resolutions.""",not_sarcasm
"""37. ""I'm still trying to figure out what I want to do with my life, any advice?""",not_sarcasm
"""38. ""I'm really impressed with your photography skills, these pictures are amazing.""",not_sarcasm
"""39. ""I'm not sure how to approach this topic with my boss, any suggestions?""",not_sarcasm
"""40. ""I'm really excited about the new season of my favorite TV show.""",not_sarcasm
"""41. ""I'm feeling really happy and content with my life right now.""",not_sarcasm
"""42. ""I'm not sure if I should go to the gym or just relax tonight, any thoughts?""",not_sarcasm
"""43. ""I'm really inspired by your dedication to environmental causes.""",not_sarcasm
"""44. ""I'm still trying to learn how to play this song on the guitar, any tips?""",not_sarcasm
"""45. ""I'm really impressed with how well you handled that difficult customer.""",not_sarcasm
"""46. ""I'm not sure if I should invest in cryptocurrency, what do you think?""",not_sarcasm
"""47. ""I'm really grateful for the support and kindness you've shown me lately.""",not_sarcasm
"""48. ""I'm still trying to understand this complex concept, any simple explanations?""",not_sarcasm
"""49. ""I'm really excited for the new iPhone release, I can't wait to upgrade.""",not_sarcasm
"""50. ""I'm feeling really lucky and blessed today, things are going well.""",not_sarcasm
"""1. ""Breaking: NASA's Perseverance rover successfully lands on Mars.""",not_sarcasm
"""2. ""Just enjoyed the most amazing book, 'The Vanishing Half' by Brit Bennett.""",not_sarcasm
"""3. ""Heading to the gym, who's up for a virtual workout buddy?""",not_sarcasm
"""4. ""I'm so grateful for our frontline workers, they're true heroes.""",not_sarcasm
"""5. ""Can't wait for the weekend, it's been a long week at the office.""",not_sarcasm
"""6. ""Finally tried out that new coffee shop downtown, the espresso was perfect.""",not_sarcasm
"""7. ""Sending prayers and love to everyone affected by the recent storms.""",not_sarcasm
"""8. ""Just adopted a rescue pup, meet Luna, she's already our little sunbeam.""",not_sarcasm
"""9. ""Excited to see 'The Mandalorian' tonight, any predictions?""",not_sarcasm
"""10. ""Tried out that new plant-based burger, it was surprisingly delicious.""",not_sarcasm
"""11. ""Thinking of you on your birthday, hope it's a fantastic day!""",not_sarcasm
"""12. ""Can't stop listening to Olivia Rodrigo's ' Drivers License', it's so relatable.""",not_sarcasm
"""13. ""Finally finished my thesis, feels like a massive weight off my shoulders.""",not_sarcasm
"""14. ""Saddened by the news of another innocent life lost, justice must prevail.""",not_sarcasm
"""15. ""Just discovered the joy of home brewing, anyone have a good recipe to share?""",not_sarcasm
"""16. ""In awe of the Northern Lights tonight, nature's own light show.""",not_sarcasm
"""17. ""Thrilled to announce I've been offered a promotion at work.""",not_sarcasm
"""18. ""Joining a local protest today, standing up for what's right.""",not_sarcasm
"""19. ""Just tried out that new recipe, Mexican street corn pasta, it was a hit!""",not_sarcasm
"""20. ""Feeling a bit under the weather, sending good vibes my way.""",not_sarcasm
"""21. ""Can't stop laughing at John Mulaney's new Netflix special.""",not_sarcasm
"""22. ""Finally started meditating, it's amazing how calm it makes me feel.""",not_sarcasm
"""23. ""So excited for the upcoming Pride celebrations, love is love.""",not_sarcasm
"""24. ""Just found out I'm allergic to avocados, life without guacamole seems impossible.""",not_sarcasm
"""25. ""Thinking of all the students graduating this year, your hard work has paid off.""",not_sarcasm
"""26. ""Finally got around to binge-watching 'Ted Lasso', it's as heartwarming as they say.""",not_sarcasm
"""27. ""Remembering all those lost in the pandemic today, we'll get through this together.""",not_sarcasm
"""28. ""Just started learning Spanish, any tips or resources would be appreciated.""",not_sarcasm
"""29. ""Swooning over these engagement photos, they're absolutely stunning.""",not_sarcasm
"""30. ""Finally bought a reusable water bottle, small steps towards sustainability.""",not_sarcasm
"""31. ""Thrilled to see more diverse representation in this year's Oscars.""",not_sarcasm
"""32. ""Just tried out that new fitness app, it's surprisingly tough but rewarding.""",not_sarcasm
"""33. ""Feeling inspired after listening to Michelle Obama's podcast, always full of wisdom.""",not_sarcasm
"""34. ""Can't believe it's been a year since we've been working from home.""",not_sarcasm
"""35. ""Just discovered the joy of gardening, anyone have tips for a beginner?""",not_sarcasm
"""36. ""Sending love and support to all those struggling with mental health.""",not_sarcasm
"""37. ""Thrilled to see more women in leadership roles, it's about time.""",not_sarcasm
"""38. ""Just tried out that new restaurant, the pasta was al dente perfection.""",not_sarcasm
"""39. ""Finally got around to reading 'The Hate U Give', it's a powerful eye-opener.""",not_sarcasm
"""40. ""Feeling nervous about my upcoming job interview, sending positive thoughts my way.""",not_sarcasm
"""41. ""Can't stop listening to 'Montero' by Lil Nas X, it's such a catchy anthem.""",not_sarcasm
"""42. ""Thrilled to see more and more people getting vaccinated, light at the end of the tunnel.""",not_sarcasm
"""43. ""Just started a book club with some friends, our first read is 'The Nightingale'.""",not_sarcasm
"""44. ""Feeling concerned about the rising sea levels, we need to protect our planet.""",not_sarcasm
"""45. ""Thrilled to see more businesses supporting the Black Lives Matter movement.""",not_sarcasm
"""46. ""Just tried out that new virtual escape room, it was so much fun!""",not_sarcasm
"""47. ""Remembering all the lives lost in the 9/11 attacks today, never forget.""",not_sarcasm
"""48. ""Finally got around to organizing my closet, it feels so satisfying.""",not_sarcasm
"""49. ""Thrilled to see more schools teaching about LGBTQ+ history and rights.""",not_sarcasm
"""50. ""Just discovered the joy of cooking with cast iron skillets, game changer.""",not_sarcasm
"""Breaking: NASA's Perseverance rover successfully lands on Mars.""",not_sarcasm
"""Just tried the new vegan burger at Burger Joint, it's surprisingly delicious!""",not_sarcasm
"""I'm so proud of you, kiddo, that A+ on your math test was well-deserved.""",not_sarcasm
"""Traffic on I-95 is a nightmare today, might be a while before I'm home.""",not_sarcasm
"""The sunflower fields are in full bloom, it's a photographer's dream out here.""",not_sarcasm
"""I've been thinking about what you said, let's talk about it tomorrow?""",not_sarcasm
"""Finally finished painting the living room, it looks amazing!""",not_sarcasm
"""Catch you later, I've got a hot date with Netflix and my new book.""",not_sarcasm
"""Just saw a shooting star, made a wish, feels like a good night.""",not_sarcasm
"""I'm really worried about Mom, haven't heard from her all day.""",not_sarcasm
"""Our team won the project pitch, let's celebrate with dinner tonight!""",not_sarcasm
"""Can't believe it's already Friday, this week flew by.""",not_sarcasm
"""I'm so grateful for your help, I don't know what I'd do without you.""",not_sarcasm
"""Just tried out that new yoga studio downtown, loved the instructor.""",not_sarcasm
"""Weather forecast looks grim, better stock up on supplies.""",not_sarcasm
"""Hey, have you seen my keys? I've looked everywhere.""",not_sarcasm
"""Just finished binge-watching 'Stranger Things', now I need something light-hearted.""",not_sarcasm
"""Our little one started walking today, it's the cutest thing ever.""",not_sarcasm
"""I'm really struggling with this project, could use some advice.""",not_sarcasm
"""Just discovered a new local café, their coffee is fantastic.""",not_sarcasm
"""Feeling a bit down today, could use some cheering up.""",not_sarcasm
"""Our garden is overflowing with tomatoes this year, any recipe suggestions?""",not_sarcasm
"""Thinking of you on your birthday, hope it's a great one!""",not_sarcasm
"""Finally got around to cleaning out the garage, feels so good to be organized.""",not_sarcasm
"""I'm so excited for our camping trip this weekend, can't wait to unplug.""",not_sarcasm
"""Just heard some sad news, send good vibes please.""",not_sarcasm
"""Let's catch up soon, it's been ages since we last talked.""",not_sarcasm
"""Can't wait for the new Marvel movie, it's been a long wait.""",not_sarcasm
"""I'm learning to play guitar, it's harder than it looks!""",not_sarcasm
"""The sunset tonight was absolutely breathtaking.""",not_sarcasm
"""Just started a new job, feeling a bit nervous but excited.""",not_sarcasm
"""I'm so sorry to hear about your loss, if you need anything, just say.""",not_sarcasm
"""1. ""Breaking: NASA's Perseverance rover successfully lands on Mars.""",not_sarcasm
"""2. ""Just had the best coffee, perfect start to my day!""",not_sarcasm
"""3. ""I'm so proud of my daughter, she just got into her dream college.""",not_sarcasm
"""4. ""Can't believe it's already Friday, this week flew by!""",not_sarcasm
"""5. ""Anyone know a good plumber? Sink's been leaking for days.""",not_sarcasm
"""6. ""Thrilled to announce I've been promoted to senior manager.""",not_sarcasm
"""7. ""Went for a hike today, nature is beautiful this time of year.""",not_sarcasm
"""8. ""Just donated to the local food bank, every little bit helps.""",not_sarcasm
"""9. ""Can't wait for the new Marvel movie, my friend's got preview tickets.""",not_sarcasm
"""10. ""So bummed about the cancellation of our vacation, but safety first, right?""",not_sarcasm
"""11. ""Met a fascinating person at the art gallery today, we talked for hours.""",not_sarcasm
"""12. ""Need some help moving this Saturday, any volunteers?""",not_sarcasm
"""13. ""Just tried sushi for the first time, it was amazing!""",not_sarcasm
"""14. ""Sad to hear about the passing of a local icon, he'll be greatly missed.""",not_sarcasm
"""15. ""Finally finished that challenging project at work, feels great!""",not_sarcasm
"""16. ""Anyone else craving pizza? I could really go for some right now.""",not_sarcasm
"""17. ""Just started reading 'To Kill a Mockingbird', it's as good as everyone says.""",not_sarcasm
"""18. ""Can't believe I missed that deadline, I'm usually so organized.""",not_sarcasm
"""19. ""Excited to see my favorite band play tonight, been years since I last saw them.""",not_sarcasm
"""20. ""Snow day tomorrow! Time to stock up on supplies and hunker down.""",not_sarcasm
"""21. ""Just adopted a rescue dog, he's the sweetest thing ever.""",not_sarcasm
"""22. ""Lost my phone, anyone find it? It's got a cracked screen but my number's on it.""",not_sarcasm
"""23. ""Thrilled to be part of the city's clean-up initiative this weekend.""",not_sarcasm
"""24. ""Just discovered a new podcast, 'My Favorite Murder' is so interesting!""",not_sarcasm
"""25. ""Feeling under the weather today, sent the kids to school but I'm staying home.""",not_sarcasm
"""26. ""Can't wait for the farmers market today, love supporting local farmers.""",not_sarcasm
"""27. ""Just saw a beautiful sunset, reminded me how lucky I am to live by the beach.""",not_sarcasm
"""28. ""Need some study group partners for upcoming exams, anyone interested?""",not_sarcasm
"""29. ""Thrilled to announce our company's expansion, we're hiring!""",not_sarcasm
"""30. ""Sad to see another local business close down, hope they find their footing.""",not_sarcasm
"""31. ""Just tried meditation for the first time, it was surprisingly helpful.""",not_sarcasm
"""32. ""Can't believe it's already time for parent-teacher conferences again.""",not_sarcasm
"""33. ""Just certified as a yoga instructor, excited to start teaching!""",not_sarcasm
"""34. ""Worried about the upcoming storm, hoping everyone stays safe.""",not_sarcasm
"""35. ""Thrilled to have won the lottery, I finally get to take that dream vacation!""",not_sarcasm
"""36. ""Disappointed in the service at that new restaurant, won't be going back.""",not_sarcasm
"""37. ""Just started learning Spanish, my tutor is great but it's tough.""",not_sarcasm
"""38. ""Can't wait for the holiday party tomorrow, time to let loose!""",not_sarcasm
"""39. ""Just found out my favorite book is being made into a movie, so excited!""",not_sarcasm
"""40. ""Frustrated with my car, it's been in the shop all week.""",not_sarcasm
"""41. ""Just found a new recipe for vegan lasagna, it's delicious!""",not_sarcasm
"""42. ""Saddened by the news of the wildfires, thinking of all those affected.""",not_sarcasm
"""43. ""Thrilled to have been invited to speak at the tech conference next month.""",not_sarcasm
"""44. ""Just got back from a run, feeling great and ready to tackle the day.""",not_sarcasm
"""45. ""Can't believe I missed that sale, always next time, right?""",not_sarcasm
"""46. ""Just finished painting my living room, it looks amazing!""",not_sarcasm
"""47. ""Concerned about the new proposal, it could impact our business negatively.""",not_sarcasm
"""48. ""Thrilled to announce we're expecting our first child!""",not_sarcasm
"""49. ""Just discovered a new hobby, birdwatching is so peaceful.""",not_sarcasm
"""50. ""Can't believe it's already time to set New Year's resolutions, where does the time go?""",not_sarcasm
"""1. ""I'm so excited to start my new job on Monday!""",not_sarcasm
"""2. ""The weather's been gorgeous, perfect for a picnic in the park.""",not_sarcasm
"""3. ""I'm really sorry to hear about your loss. Is there anything I can do?""",not_sarcasm
"""4. ""Just tried the new ramen place downtown - it was amazing!""",not_sarcasm
"""5. ""I've been really stressed out lately, work's been a bit much.""",not_sarcasm
"""6. ""Congrats on your engagement! When's the big day?""",not_sarcasm
"""7. ""The traffic was killer this morning, I was late for my meeting.""",not_sarcasm
"""8. ""I'm so proud of you for sticking to your fitness goals.""",not_sarcasm
"""9. ""Have you watched the latest episode of 'Stranger Things' yet?""",not_sarcasm
"""10. ""I'm really struggling with this math problem, any tips?""",not_sarcasm
"""11. ""The new coffee shop just opened, want to check it out this weekend?""",not_sarcasm
"""12. ""I'm so grateful for your friendship, you've been there for me through so much.""",not_sarcasm
"""13. ""The game was intense last night, I couldn't watch!""",not_sarcasm
"""14. ""I finally finished reading 'To Kill a Mockingbird', it was incredible.""",not_sarcasm
"""15. ""I'm worried about Mom, she hasn't been picking up her phone.""",not_sarcasm
"""16. ""I love the way you handled that meeting today, you're a natural.""",not_sarcasm
"""17. ""The band was incredible last night, they played all our favorites.""",not_sarcasm
"""18. ""I'm so tired, I've been up since 5 am with the baby.""",not_sarcasm
"""19. ""I can't wait for the holidays, I'm already planning the menu.""",not_sarcasm
"""20. ""The new exhibit at the art gallery is stunning, you have to see it.""",not_sarcasm
"""21. ""I'm so glad we could catch up, it's been ages.""",not_sarcasm
"""22. ""I'm really impressed with your presentation, you've done such a great job.""",not_sarcasm
"""23. ""The new season of 'The Crown' is out, I've already binged two episodes.""",not_sarcasm
"""24. ""I'm really struggling with anxiety lately, any advice?""",not_sarcasm
"""25. ""I'm so into this new album, I've been listening to it non-stop.""",not_sarcasm
"""26. ""The sunflowers in my garden are finally blooming, they're so beautiful.""",not_sarcasm
"""27. ""I'm so excited for my best friend's bachelorette party this weekend!""",not_sarcasm
"""28. ""I've been trying to cut back on sugar, any tips on how to deal with cravings?""",not_sarcasm
"""29. ""I'm loving this weather, perfect for a bike ride along the beach.""",not_sarcasm
"""30. ""I'm really sorry for snapping earlier, I was just tired.""",not_sarcasm
"""31. ""The new bakery smells amazing, I can't wait to try their pastries.""",not_sarcasm
"""32. ""I'm so proud of my daughter for making the debate team.""",not_sarcasm
"""33. ""I'm really concerned about the environment, I'm trying to reduce my waste.""",not_sarcasm
"""34. ""I'm so happy to finally be on vacation, I needed this break.""",not_sarcasm
"""35. ""The new exhibit at the science museum is really interesting, you should check it out.""",not_sarcasm
"""36. ""I'm really struggling with motivation, any advice?""",not_sarcasm
"""37. ""I'm so excited to go camping this weekend, it's been ages.""",not_sarcasm
"""38. ""I'm really impressed with how far you've come in your fitness journey.""",not_sarcasm
"""39. ""I'm so sad about the news of the flooding, it's heartbreaking.""",not_sarcasm
"""40. ""I'm really looking forward to our team building retreat this weekend.""",not_sarcasm
"""41. ""The new book club book is a bit of a slog, but I'm pushing through.""",not_sarcasm
"""42. ""I'm so grateful for the support of my friends and family during this tough time.""",not_sarcasm
"""43. ""I'm really into this new podcast, it's so informative and engaging.""",not_sarcasm
"""44. ""I'm so proud of my son for making the honor roll.""",not_sarcasm
"""45. ""I'm really hoping for a promotion this year, I've been working hard.""",not_sarcasm
"""46. ""The new movie was just okay, not as good as the book.""",not_sarcasm
"""47. ""I'm so impressed with your cooking skills, this meal is amazing.""",not_sarcasm
"""48. ""I'm really struggling with loneliness, any advice on making new friends?""",not_sarcasm
"""49. ""I'm so excited to start painting again, I've missed it so much.""",not_sarcasm
"""50. ""The festival was incredible, the music, the food, everything was perfect.""",not_sarcasm
"""Sure, here are 50 simple, realistic text examples:""",not_sarcasm
"""1. ""I'm thrilled to announce I've been promoted to project manager!""",not_sarcasm
"""2. ""The sun is shining, perfect weather for a hike.""",not_sarcasm
"""3. ""Thanks for sharing your expertise, it really helped.""",not_sarcasm
"""4. ""I'm bummed I missed your call, what's up?""",not_sarcasm
"""5. ""Just tried sushi for the first time, it was delish!""",not_sarcasm
"""6. ""I'm feeling under the weather today, might take a sick day.""",not_sarcasm
"""7. ""You nailed that presentation, everyone was impressed.""",not_sarcasm
"""8. ""Can't wait to see you at the concert this weekend.""",not_sarcasm
"""9. ""I'm struggling with this chapter, can we study together?""",not_sarcasm
"""10. ""Just adopted a rescue puppy, she's a cutie!""",not_sarcasm
"""11. ""I'm worried about the upcoming test, I haven't studied enough.""",not_sarcasm
"""12. ""Congrats on your wedding anniversary, 10 years is amazing!""",not_sarcasm
"""13. ""Finally got around to watching that movie, it was intense.""",not_sarcasm
"""14. ""I'm grateful for your support during this challenging time.""",not_sarcasm
"""15. ""The traffic is insane today, it's taking forever to get home.""",not_sarcasm
"""16. ""I'm thrilled to be a part of this year's charity run.""",not_sarcasm
"""17. ""Can't believe I left my phone at home, now what?""",not_sarcasm
"""18. ""I'm sorry to hear about your loss, if you need someone to talk to...""",not_sarcasm
"""19. ""I'm blown away by the response to my latest blog post.""",not_sarcasm
"""20. ""Love the new haircut, it suits you so well!""",not_sarcasm
"""21. ""I'm exhausted after that long flight, can't wait to sleep in my own bed.""",not_sarcasm
"""22. ""The art exhibit was incredible, I could've spent hours there.""",not_sarcasm
"""23. ""I'm concerned about the environmental impact of my business.""",not_sarcasm
"""24. ""I'm excited to start my new job on Monday.""",not_sarcasm
"""25. ""The coffee here is amazing, I could get used to this place.""",not_sarcasm
"""26. ""I'm trying to cut back on sugar, any tips?""",not_sarcasm
"""27. ""I'm sorry I snapped at you earlier, I was having a bad day.""",not_sarcasm
"""28. ""The game was intense, I couldn't watch!""",not_sarcasm
"""29. ""I'm proud of you for sticking to your fitness goals.""",not_sarcasm
"""30. ""The book club discussion was fascinating, I loved hearing everyone's perspectives.""",not_sarcasm
"""31. ""I'm nervous about speaking in front of all those people.""",not_sarcasm
"""32. ""I'm glad we could work this out, let's move forward.""",not_sarcasm
"""33. ""The new restaurant downtown is a must-try.""",not_sarcasm
"""34. ""I'm struggling to find time for my hobbies lately.""",not_sarcasm
"""35. ""The sunset was breathtaking, I wish you could've seen it.""",not_sarcasm
"""36. ""I'm impressed by how far you've come in your training.""",not_sarcasm
"""37. ""I'm thinking about volunteering, any organizations you recommend?""",not_sarcasm
"""38. ""The new album is fire, I can't stop listening.""",not_sarcasm
"""39. ""I'm tired of always being the one to initiate plans, it's exhausting.""",not_sarcasm
"""40. ""The festival this year was even better than last.""",not_sarcasm
"""41. ""I'm trying to learn more about my family history.""",not_sarcasm
"""42. ""The puzzle is challenging but satisfying, I'm enjoying it.""",not_sarcasm
"""43. ""I'm concerned about the upcoming changes at work.""",not_sarcasm
"""44. ""I'm grateful for every moment we spent together.""",not_sarcasm
"""45. ""The documentary was eye-opening, I had no idea.""",not_sarcasm
"""46. ""I'm excited to see where this new relationship goes.""",not_sarcasm
"""47. ""The thunderstorm last night was scary, I couldn't sleep.""",not_sarcasm
"""48. ""I'm proud of myself for sticking to my budget this month.""",not_sarcasm
"""49. ""The symphony was incredible, the emotion in the music was palpable.""",not_sarcasm
"""50. ""I'm looking forward to a quiet night in, just me and a good book.""",not_sarcasm
"""Breaking: NASA's Perseverance rover successfully lands on Mars.""",not_sarcasm
"""I'm so excited to start my new job at Google next week.""",not_sarcasm
"""Just tried the new sushi place downtown, it's amazing!""",not_sarcasm
"""Heard about the storm? Stay safe everyone.""",not_sarcasm
"""I can't believe I passed my driving test on the first try!""",not_sarcasm
"""Thinking of you today, grandpa. Miss your stories.""",not_sarcasm
"""Anyone know a good plumber? My sink's leaking.""",not_sarcasm
"""Just signed up for that charity 5k run. Let's do this!""",not_sarcasm
"""Mom's cooking tonight is the best. Love you, mom.""",not_sarcasm
"""Sorry I didn't call earlier, been swamped at work.""",not_sarcasm
"""Check out this sunset! Nature's artwork is incredible.""",not_sarcasm
"""Finally finished my year-long project. Feels amazing.""",not_sarcasm
"""Sending love and prayers to those affected by the earthquake.""",not_sarcasm
"""Anyone up for a hike this weekend? I found a new trail.""",not_sarcasm
"""Just adopted a rescue dog. He's the cutest!""",not_sarcasm
"""Need to catch up on some reading this weekend.""",not_sarcasm
"""Congrats to our team on the big win last night!""",not_sarcasm
"""Thanks for your help, Sarah. I owe you one.""",not_sarcasm
"""Heard some great news today. Life's looking up.""",not_sarcasm
"""I'm not sure I can make it to the concert this weekend.""",not_sarcasm
"""Can't wait for the new season of 'Stranger Things'!""",not_sarcasm
"""Just baked my first batch of cookies. They're a bit burnt, but edible.""",not_sarcasm
"""Finally got around to organizing my closet. Feels good.""",not_sarcasm
"""Let's catch up soon, James. It's been too long.""",not_sarcasm
"""Just saw a shooting star! Made a wish.""",not_sarcasm
"""Anyone want to grab lunch later? My treat.""",not_sarcasm
"""Feeling a bit under the weather today. Send some virtual hugs.""",not_sarcasm
"""Thrilled to announce I'm publishing my first book next year.""",not_sarcasm
"""Had the best time at the beach this weekend. Already miss it.""",not_sarcasm
"""Anyone else loving this new album by The Weeknd?""",not_sarcasm
"""Just discovered the joy of gardening. Planting some herbs today.""",not_sarcasm
"""Let's go, Raptors! Tonight's the night.""",not_sarcasm
"""Remembering 9/11 today. Never forget.""",not_sarcasm
"""I'm so grateful for your support, team. We did it!""",not_sarcasm
"""Just started learning Spanish. Any tips welcome!""",not_sarcasm
"""Can't wait to see what this new year brings. Here's to 2022!""",not_sarcasm
"""Just found out I'm allergic to cats. No more cuddles for me.""",not_sarcasm
"""1. ""Breaking News: NASA's Perseverance rover successfully lands on Mars.""",not_sarcasm
"""2. ""Just got promoted to senior manager, feeling grateful and excited for this new challenge.""",not_sarcasm
"""3. ""Hey, could you pass the salt? Thanks.""",not_sarcasm
"""4. ""Saw the sunrise this morning, absolutely breathtaking.""",not_sarcasm
"""5. ""Concerned about the latest pandemic numbers, let's all stay safe.""",not_sarcasm
"""6. ""Trying out that new vegan recipe, smells amazing!""",not_sarcasm
"""7. ""Just saw 'Black Widow', what an incredible movie!""",not_sarcasm
"""8. ""Neutral: The weather today is cloudy with a chance of rain.""",not_sarcasm
"""9. ""So proud of my kid for making the school football team!""",not_sarcasm
"""10. ""Gutted to hear about the cafe closing down, it was a neighborhood gem.""",not_sarcasm
"""11. ""Can't wait to go on that hiking trip this weekend, wish me luck!""",not_sarcasm
"""12. ""Just finished reading 'The Silent Patient', highly recommend it.""",not_sarcasm
"""13. ""Feeling reflective today, life's been quite a journey so far.""",not_sarcasm
"""14. ""Who else can't resist a good meme? 😂""",not_sarcasm
"""15. ""Thrilled to announce our company's expansion into Europe.""",not_sarcasm
"""16. ""Interesting fact: Did you know honey bees have hair on their eyes?""",not_sarcasm
"""17. ""Meeting with the team tomorrow, let's make it a productive one.""",not_sarcasm
"""18. ""Just tried acai bowls for the first time, hooked already!""",not_sarcasm
"""19. ""Sad to hear about the forest fires, let's hope everyone stays safe.""",not_sarcasm
"""20. ""Finally got around to cleaning the garage, feels good to have a tidy space.""",not_sarcasm
"""21. ""Can't believe how time flies, it's already September!""",not_sarcasm
"""22. ""Excited to start learning Spanish, any tips welcome 😊""",not_sarcasm
"""23. ""Just saw a shooting star, made a wish!""",not_sarcasm
"""24. ""Not looking forward to Monday, but at least it's a short week. 🙄""",not_sarcasm
"""25. ""Thrilled to have been featured in Forbes' 30 Under 30 list.""",not_sarcasm
"""26. ""Went on a ghost tour last night, was surprisingly fun and not scary!""",not_sarcasm
"""27. ""Feeling nostalgic tonight, listening to old school music.""",not_sarcasm
"""28. ""Please, can we all agree that pineapple on pizza is a crime? 🤔""",not_sarcasm
"""29. ""Proud to have completed my first 5k run today.""",not_sarcasm
"""30. ""Just found out I'm allergic to avocados, life's a rollercoaster.""",not_sarcasm
"""31. ""Can't stop listening to 'Montero' by Lil Nas X, such a bop!""",not_sarcasm
"""32. ""Concerned about the state of our oceans, we need to do better.""",not_sarcasm
"""33. ""Just tried stand-up paddleboarding, it was a challenge but fun!""",not_sarcasm
"""34. ""Thrilled to be back in the office, missed my team.""",not_sarcasm
"""35. ""Feeling exhausted after a long week, can't wait for the weekend.""",not_sarcasm
"""36. ""Who else loves a good true crime podcast? Recommendations welcome!""",not_sarcasm
"""37. ""Just discovered this amazing local band, can't wait to see them live.""",not_sarcasm
"""38. ""Disappointed with the latest episode of 'Game of Thrones', what a cliffhanger!""",not_sarcasm
"""39. ""Excited to be volunteering at the local animal shelter this Saturday.""",not_sarcasm
"""40. ""Can't believe I've never tried edamame before, so good!""",not_sarcasm
"""41. ""Feeling inspired after watching 'The Social Dilemma', let's use tech for good.""",not_sarcasm
"""42. ""Just bought a new camera, ready to explore the world through a different lens.""",not_sarcasm
"""43. ""Sad to hear about the passing of actor Chadwick Boseman, he was a true inspiration.""",not_sarcasm
"""44. ""Thrilled to be heading back to school, ready to learn and grow.""",not_sarcasm
"""45. ""Can't wait to watch the new season of 'Stranger Things', any theories?""",not_sarcasm
"""46. ""Feeling grateful for all the frontline workers keeping us safe.""",not_sarcasm
"""47. ""Just tried making homemade pizza, not as easy as it looks but still delicious!""",not_sarcasm
"""48. ""Concerned about the upcoming election, let's encourage everyone to vote.""",not_sarcasm
"""49. ""Thrilled to be celebrating my 10 year anniversary with my partner today.""",not_sarcasm
"""50. ""Feeling a bit under the weather today, hope I feel better soon.""",not_sarcasm
"""1. ""Breaking: NASA's Perseverance rover successfully lands on Mars.""",not_sarcasm
"""2. ""Just tried a new recipe, it's a hit! 🍲""",not_sarcasm
"""3. ""Sending condolences to those affected by the storm.""",not_sarcasm
"""4. ""Finally got that promotion at work, feeling great! 💼""",not_sarcasm
"""5. ""Can't wait for the new Marvel movie this weekend. 🎬""",not_sarcasm
"""6. ""Just saw a beautiful sunset, nature never ceases to amaze. 🌅""",not_sarcasm
"""7. ""Heading to the gym, anyone want to join? 🏋️‍♀️""",not_sarcasm
"""8. ""Went to the farmer's market today, fresh produce everywhere! 🍅""",not_sarcasm
"""9. ""Thinking of you on your birthday, hope it's amazing! 🎂""",not_sarcasm
"""10. ""Just finished reading 'To Kill a Mockingbird', what a powerful story. 📖""",not_sarcasm
"""11. ""Sad to hear about the loss of a local business, it was a community favorite.""",not_sarcasm
"""12. ""Finally got around to organizing my closet, feels great! 🧸""",not_sarcasm
"""13. ""Just watched the new documentary on Netflix, highly recommend. 📺""",not_sarcasm
"""14. ""Heading to the beach today, anyone want to join? 🏖️""",not_sarcasm
"""15. ""Excited to start my new job on Monday, wish me luck! 🤞""",not_sarcasm
"""16. ""Just tried yoga for the first time, it was challenging but amazing. 🧘‍♀️""",not_sarcasm
"""17. ""Thinking of all those affected by the recent wildfires, sending strength. 🔥""",not_sarcasm
"""18. ""Finally got my hands on the new iPhone, love it! 📱""",not_sarcasm
"""19. ""Just saw a stray cat, wish I could take it home. 🐱""",not_sarcasm
"""20. ""Can't believe it's already been a year since we moved here, time flies. ⏰""",not_sarcasm
"""21. ""Just tried out a new coffee shop, the espresso was perfect. ☕""",not_sarcasm
"""22. ""Sending love and light to all those fighting cancer today. 💖""",not_sarcasm
"""23. ""Finally finished painting my living room, it looks fantastic! 🎨""",not_sarcasm
"""24. ""Just watched the sunset over the lake, breathtaking. 🌅""",not_sarcasm
"""25. ""Thinking of you on your anniversary, hope it's special. 💕""",not_sarcasm
"""26. ""Just tried out that new brunch spot, it was delicious! 🍳""",not_sarcasm
"""27. ""Sad to hear about the passing of a celebrity I admired, RIP.""",not_sarcasm
"""28. ""Finally got my garden started, can't wait to see it grow. 🌱""",not_sarcasm
"""29. ""Just saw a friend's post about their new baby, so happy for them! 🍼""",not_sarcasm
"""30. ""Can't wait for the new season of 'Game of Thrones' to start. 🍿""",not_sarcasm
"""31. ""Just finished redecorating my bedroom, love the new look. 🛋️""",not_sarcasm
"""32. ""Thinking of all the brave healthcare workers today, thank you. 🩺""",not_sarcasm
"""33. ""Just tried out Peloton, it's a tough workout but so worth it. 🚲""",not_sarcasm
"""34. ""Excited to volunteer at the animal shelter this weekend. 🐶""",not_sarcasm
"""35. ""Sad to see summer coming to an end, but looking forward to fall. 🍂""",not_sarcasm
"""36. ""Just tried out that new meditation app, loving it so far. 🧘‍♂️""",not_sarcasm
"""37. ""Thinking of all those affected by the recent floods, sending strength. 🌊""",not_sarcasm
"""38. ""Just saw a beautiful double rainbow, nature's magic. 🌈""",not_sarcasm
"""39. ""Can't wait to see Hamilton again this weekend, it's amazing! 🎭""",not_sarcasm
"""40. ""Finally got my car washed, it feels like a new car! 🚘""",not_sarcasm
"""41. ""Sending prayers to all those affected by the recent earthquake. 🌎""",not_sarcasm
"""42. ""Just tried out that new vegan restaurant, loved it! 🌿""",not_sarcasm
"""43. ""Thinking of you on your graduation day, proud of you! 🎓""",not_sarcasm
"""44. ""Just saw a friend's post about their wedding, can't wait to celebrate with them! 💒""",not_sarcasm
"""45. ""Can't believe it's already been a year since I started this job, time flies. ⏰""",not_sarcasm
"""46. ""Just tried out that new coworking space, love the vibe. 💻""",not_sarcasm
"""47. ""Sending love to all the parents out there, you're doing a great job. 🍼""",not_sarcasm
"""48. ""Just saw a beautiful sunrise, perfect way to start the day. 🌞""",not_sarcasm
"""49. ""Thinking of all the brave firefighters today, thank you. 🔥""",not_sarcasm
"""50. ""Finally got my hands on a PS5, ready to game! 🎮""",not_sarcasm
"""1. ""Breaking: NASA's Perseverance rover successfully lands on Mars.""",not_sarcasm
"""2. ""Just had the best pancakes at that new diner downtown.""",not_sarcasm
"""3. ""I'm still struggling with this math problem, can anyone help?""",not_sarcasm
"""4. ""Congratulations to our team on the project milestone!""",not_sarcasm
"""5. ""The sun is shining, perfect day for the beach.""",not_sarcasm
"""6. ""I'm so grateful for the outpouring of support during this tough time.""",not_sarcasm
"""7. ""Finally got around to reading 'To Kill a Mockingbird', what a classic!""",not_sarcasm
"""8. ""Can't wait to see Hamilton on Disney Plus tonight!""",not_sarcasm
"""9. ""Traffic is a nightmare today, be safe out there.""",not_sarcasm
"""10. ""Just adopted a rescue dog, meet Luna!""",not_sarcasm
"""11. ""I'm so sorry to hear about your loss, if you need to talk, I'm here.""",not_sarcasm
"""12. ""Finally got my hands on some of those limited edition sneakers!""",not_sarcasm
"""13. ""Wow, the sunset tonight was breathtaking.""",not_sarcasm
"""14. ""Just tried out that new yoga studio, loved it!""",not_sarcasm
"""15. ""I'm so proud of my niece for graduating top of her class.""",not_sarcasm
"""16. ""Can someone recommend a good thriller podcast?""",not_sarcasm
"""17. ""Just got promoted, feels amazing!""",not_sarcasm
"""18. ""The new coffee shop is a game-changer, try the cold brew.""",not_sarcasm
"""19. ""I'm so concerned about the environment, let's do something together.""",not_sarcasm
"""20. ""Just finished painting my living room, it looks amazing!""",not_sarcasm
"""21. ""I'm so excited for my upcoming vacation!""",not_sarcasm
"""22. ""Can someone spot me at the gym today?""",not_sarcasm
"""23. ""Just found out I'm allergic to cats, guess I can't visit you anymore.""",not_sarcasm
"""24. ""The new Game of Thrones book is out, can't wait to dive in!""",not_sarcasm
"""25. ""I'm so blessed to have such wonderful friends.""",not_sarcasm
"""26. ""Just tried out that new vegan restaurant, highly recommend!""",not_sarcasm
"""27. ""I'm so confused about this new government policy, anyone care to explain?""",not_sarcasm
"""28. ""The new Marvel movie didn't disappoint, loved it!""",not_sarcasm
"""29. ""I'm so happy to be home after a long trip.""",not_sarcasm
"""30. ""Just started learning Spanish, any tips are welcome!""",not_sarcasm
"""31. ""I'm so impressed by your dedication to your fitness journey.""",not_sarcasm
"""32. ""The new iPhone is out, should I upgrade?""",not_sarcasm
"""33. ""I'm so tired, had a long day at work.""",not_sarcasm
"""34. ""The new Taylor Swift album is fire, what are your favorite tracks?""",not_sarcasm
"""35. ""I'm so excited for the upcoming holidays!""",not_sarcasm
"""36. ""Just found a new jogging trail, love it!""",not_sarcasm
"""37. ""I'm so sorry for being late, traffic was awful.""",not_sarcasm
"""38. ""Just tried out that new escape room, it was so much fun!""",not_sarcasm
"""39. ""I'm so glad we could catch up, it's been too long.""",not_sarcasm
"""40. ""The new Star Wars series is amazing, can't wait for the next episode.""",not_sarcasm
"""41. ""I'm so upset about the news, it's just not fair.""",not_sarcasm
"""42. ""Just discovered a new favorite band, check them out!""",not_sarcasm
"""43. ""I'm so impressed by your cooking skills, that meal was amazing!""",not_sarcasm
"""44. ""The new Apple Watch looks cool, should I get it?""",not_sarcasm
"""45. ""I'm so grateful for the opportunity to speak at the conference.""",not_sarcasm
"""46. ""Just started a new garden, fingers crossed it grows well!""",not_sarcasm
"""47. ""I'm so worried about the upcoming exam, any study tips?""",not_sarcasm
"""48. ""The new Netflix series is a must-watch, binge-worthy!""",not_sarcasm
"""49. ""I'm so honored to receive this award, thank you.""",not_sarcasm
"""50. ""Just found a new favorite book series, can't put it down!""",not_sarcasm
"""Stocks soar on positive earnings reports.""",not_sarcasm
"""The band's new album drops tomorrow, can't wait!""",not_sarcasm
"""I've been trying to learn Spanish, any tips?""",not_sarcasm
"""Traffic is a mess, let's order in tonight.""",not_sarcasm
"""I'm so proud of you for finishing your thesis!""",not_sarcasm
"""Just adopted a rescue pup, meet Max!""",not_sarcasm
"""Farmers brace for severe weather.""",not_sarcasm
"""I've been struggling with insomnia lately.""",not_sarcasm
"""Let's catch up over coffee this weekend?""",not_sarcasm
"""Saw the most amazing sunset tonight.""",not_sarcasm
"""I'm so sorry to hear about your loss.""",not_sarcasm
"""Finally got around to reading '1984', chilling.""",not_sarcasm
"""Can't believe it's already July, where did June go?""",not_sarcasm
"""Love the new haircut, it suits you!""",not_sarcasm
"""Volunteering at the food bank was incredibly rewarding.""",not_sarcasm
"""Just found out I got the job, excited for this new chapter!""",not_sarcasm
"""Remembering 9/11, never forget.""",not_sarcasm
"""Who's up for a movie night this weekend?""",not_sarcasm
"""Finally sorted out my messy inbox, feels good.""",not_sarcasm
"""Air quality is poor today, stay indoors if you can.""",not_sarcasm
"""Thanks for being there for me, it means a lot.""",not_sarcasm
"""Just tried out that new sushi place, loved it!""",not_sarcasm
"""Weather forecast looks grim, canceling plans.""",not_sarcasm
"""Happy birthday to my best friend, hope you have an amazing day!""",not_sarcasm
"""Finally got around to cleaning out the garage.""",not_sarcasm
"""Thinking of you as you face this challenge.""",not_sarcasm
"""Just made the last train home, exhausting day.""",not_sarcasm
"""Can't wait to see you at the wedding next month!""",not_sarcasm
"""Thanks for your help with the project, appreciate it.""",not_sarcasm
"""I'm so bored, what should we do tonight?""",not_sarcasm
"""Finally got my dream job, pinching myself.""",not_sarcasm
"""Remember to wear sunscreen, it's scorching out.""",not_sarcasm
"""Can't believe I'm turning 30 next week.""",not_sarcasm
"""Let's plan a vacation, we need a break.""",not_sarcasm
"""Just adopted a new rescue cat, meet Luna!""",not_sarcasm
"""Weather is perfect for a bike ride, anyone up?""",not_sarcasm
"""I'm so grateful for your support.""",not_sarcasm
"""Just found a great deal on flights to Greece.""",not_sarcasm
"""Can't wait to see Hamilton next week!""",not_sarcasm
"""Let's catch up soon, it's been too long.""",not_sarcasm
"""Finally got around to starting that podcast.""",not_sarcasm
"""Remember to vote tomorrow.""",not_sarcasm
"""Just tried out that new yoga studio, loved it!""",not_sarcasm
"""Can't believe it's the last day of school already.""",not_sarcasm
"""I'm so excited for our trip next month!""",not_sarcasm
"""Just bought tickets to see my favorite band.""",not_sarcasm
"""Remember to hydrate, it's so hot out.""",not_sarcasm
"""Let's have a game night this weekend.""",not_sarcasm
"""I'm so sorry to hear about your injury.""",not_sarcasm
"""Just got back from the farmer's market, fresh produce everywhere.""",not_sarcasm
"""Thanks for the referral, got the job!""",not_sarcasm
"""I'm so happy for you and your new home!""",not_sarcasm
"""Let's go for a hike this weekend, it's been ages.""",not_sarcasm
"""Just adopted a rescue dog, meet Dexter!""",not_sarcasm
"""Just landed my dream job at TechStart, can't wait to dive in!""",not_sarcasm
"""Tornado warning issued for our area, please take shelter immediately.""",not_sarcasm
"""Finally finished painting the living room, it looks amazing!""",not_sarcasm
"""Just tried avocado toast for the first time, it's a game changer!""",not_sarcasm
"""Heard some great news today, my friend's cancer is in remission!""",not_sarcasm
"""Heading to the gym, who wants to join me?""",not_sarcasm
"""Sorry I'm late, the traffic was insane tonight.""",not_sarcasm
"""Just watched 'Parasite' and it's one of the best films I've seen in years.""",not_sarcasm
"""Can't believe it's already December, where did this year go?""",not_sarcasm
"""Thanks for your help with the report, it's greatly appreciated.""",not_sarcasm
"""1. ""Breaking: NASA's Perseverance rover successfully lands on Mars.""",not_sarcasm
"""2. ""Just tried avocado toast for the first time, it's a game-changer!""",not_sarcasm
"""3. ""I'm so proud of my daughter who graduated from college today.""",not_sarcasm
"""4. ""Weather update: Snowstorm expected to hit the northeast this evening.""",not_sarcasm
"""5. ""Can't believe I finally finished 'War and Peace', what a journey!""",not_sarcasm
"""6. ""Heard about the new coffee shop downtown? Let's check it out this weekend.""",not_sarcasm
"""7. ""Fingers crossed for the Lions today. Come on, Detroit!""",not_sarcasm
"""8. ""Sad to hear about the closure of our local bookstore. It's the end of an era.""",not_sarcasm
"""9. ""Wow, the Northern Lights are stunning tonight. Grab your coats, everyone!""",not_sarcasm
"""10. ""I'm really struggling with this project. Any tips, guys?""",not_sarcasm
"""11. ""Finally got my first tattoo, it's a small compass to remind me to keep moving forward.""",not_sarcasm
"""12. ""Just started learning Spanish. ¡Hola, mundo!""",not_sarcasm
"""13. ""Anyone else bothered by the new layout of Instagram?""",not_sarcasm
"""14. ""My mom's famous apple pie is finally cooling on the counter. Can't wait to dig in.""",not_sarcasm
"""15. ""I've decided to start running again. Wish me luck!""",not_sarcasm
"""16. ""The new exhibit at the art gallery is simply breathtaking.""",not_sarcasm
"""17. ""I'm so grateful for the outpouring of support after my surgery.""",not_sarcasm
"""18. ""Just discovered the joys of gardening. There's something so therapeutic about it.""",not_sarcasm
"""19. ""Can't wait to see 'Black Widow' this weekend. Finally, a female-led Marvel movie!""",not_sarcasm
"""20. ""My son just started his first job. I'm so proud of him.""",not_sarcasm
"""21. ""The smell of rain always takes me back to my childhood.""",not_sarcasm
"""22. ""I'm trying out this new plant-based diet. So far, so good!""",not_sarcasm
"""23. ""Just heard some amazing live music at the local park. You guys should've been there.""",not_sarcasm
"""24. ""I'm worried about my friend who's been really quiet lately. Anyone else noticed?""",not_sarcasm
"""25. ""Just adopted a rescue dog. Meet Luna, our new family member!""",not_sarcasm
"""26. ""The new gaming console is out today. I've been waiting for months!""",not_sarcasm
"""27. ""Can't stop listening to Olivia Rodrigo's new album. It's all I've been playing today.""",not_sarcasm
"""28. ""I'm so excited to start my new job next week. Wish me luck!""",not_sarcasm
"""29. ""Just found the perfect dress for my sister's wedding. Now, to find the shoes...""",not_sarcasm
"""30. ""The sunset tonight was absolutely gorgeous. I just had to stop and appreciate it.""",not_sarcasm
"""31. ""I'm trying to cut down on single-use plastic. Any tips, anyone?""",not_sarcasm
"""32. ""The new season of 'Stranger Things' is finally here. Let's binge-watch!""",not_sarcasm
"""33. ""I'm so impressed by how far my little cousin has come with their coding skills.""",not_sarcasm
"""34. ""Just cooked my first Indian meal. It was a bit of a disaster, but tasty nonetheless!""",not_sarcasm
"""35. ""I'm really struggling with motivation lately. Any advice?""",not_sarcasm
"""36. ""The new bakery downtown has the best croissants. You all need to try them.""",not_sarcasm
"""37. ""I'm so happy to be back in the office with everyone. I've missed you all.""",not_sarcasm
"""38. ""Just started reading 'The Expanse' series. I'm hooked already.""",not_sarcasm
"""39. ""I'm really concerned about the recent changes in our neighborhood. Anyone else?""",not_sarcasm
"""40. ""Just got back from an amazing hike. Nature really does wonders for the soul.""",not_sarcasm
"""41. ""I'm so proud of myself for sticking to my fitness goals this month.""",not_sarcasm
"""42. ""The new Marvel movie is everything I hoped for and more.""",not_sarcasm
"""43. ""I'm really missing my family back home. It's been too long.""",not_sarcasm
"""44. ""Just tried out this new meditation app. It's been really helpful so far.""",not_sarcasm
"""45. ""The new play at the local theater is incredible. You should all go see it.""",not_sarcasm
"""46. ""I'm so grateful for the love and support of my friends and family.""",not_sarcasm
"""47. ""The new coffee shop has the best pour-over coffee. It's a game-changer.""",not_sarcasm
"""48. ""I'm so excited for the upcoming festival. It's going to be a blast!""",not_sarcasm
"""49. ""I'm really struggling with anxiety lately. Anyone else been through this?""",not_sarcasm
"""50. ""The new sushi place is amazing. I can't wait to go back.""",not_sarcasm
"""1. ""Breaking: NASA's Perseverance rover successfully lands on Mars.""",not_sarcasm
"""2. ""Just had the best burrito, can't wait for lunch tomorrow!""",not_sarcasm
"""3. ""I've been promoted to project manager, excited for this new chapter.""",not_sarcasm
"""4. ""Weather forecast predicts heavy rain this weekend, stay safe everyone!""",not_sarcasm
"""5. ""Finally finished reading '1984', George Orwell's writing is so powerful.""",not_sarcasm
"""6. ""Did you catch the game last night? What a spectacular finish!""",not_sarcasm
"""7. ""Heading to the farmers market, who wants to join me?""",not_sarcasm
"""8. ""I'm so proud of my niece, she just graduated from college today.""",not_sarcasm
"""9. ""Just discovered this amazing new band, you have to listen to their music.""",not_sarcasm
"""10. ""Our team's charity fundraiser raised over $10,000, thank you to everyone who donated.""",not_sarcasm
"""11. ""I can't believe it's already November, where did the year go?""",not_sarcasm
"""12. ""Just tried out that new fitness app, it's actually pretty good so far.""",not_sarcasm
"""13. ""The new Star Wars movie is out today, can't wait to watch it!""",not_sarcasm
"""14. ""I'm so grateful for my friends who helped me move this weekend.""",not_sarcasm
"""15. ""Just found out I'm allergic to shellfish, who knew?""",not_sarcasm
"""16. ""Our company is implementing a new work-from-home policy.""",not_sarcasm
"""17. ""I'm loving this new podcast, it's become my new favorite.""",not_sarcasm
"""18. ""The leaves are changing color, autumn is my favorite season.""",not_sarcasm
"""19. ""Just baked my first loaf of bread, it didn't turn out too bad!""",not_sarcasm
"""20. ""I'm so excited to start my new job on Monday.""",not_sarcasm
"""21. ""Did you know that today is National Coffee Day?""",not_sarcasm
"""22. ""I'm trying to learn a new language, any tips are appreciated.""",not_sarcasm
"""23. ""Just adopted a new rescue dog, she's the sweetest thing ever.""",not_sarcasm
"""24. ""I'm so impressed by our team's hard work, we're crushing it this quarter.""",not_sarcasm
"""25. ""The new iPhone just came out, I'm thinking about upgrading.""",not_sarcasm
"""26. ""I'm so sorry to hear about your loss, please let me know if you need anything.""",not_sarcasm
"""27. ""Just finished my first 5K run, feels great to set and achieve a goal.""",not_sarcasm
"""28. ""I'm so grateful for the opportunity to travel for work this week.""",not_sarcasm
"""29. ""Just started watching 'The Queen's Gambit', it's so captivating.""",not_sarcasm
"""30. ""I'm so impressed by our local community coming together to help those in need.""",not_sarcasm
"""31. ""Just discovered this amazing local art gallery, you have to check it out.""",not_sarcasm
"""32. ""I'm so excited for our family vacation next month, we need this break.""",not_sarcasm
"""33. ""Just tried out that new restaurant downtown, the food was delicious.""",not_sarcasm
"""34. ""I'm so proud of myself for sticking to my fitness routine this month.""",not_sarcasm
"""35. ""Just found my old diary from when I was a teenager, it's so cringey!""",not_sarcasm
"""36. ""I'm so concerned about the upcoming election, I hope we make the right choice.""",not_sarcasm
"""37. ""Just finished painting my living room, it looks so much brighter now.""",not_sarcasm
"""38. ""I'm so impressed by our local school district's response to COVID-19.""",not_sarcasm
"""39. ""Just started reading 'Harry Potter' to my kids, it's so much fun to share it with them.""",not_sarcasm
"""40. ""I'm so grateful for the support of my colleagues during this challenging time.""",not_sarcasm
"""41. ""Just tried out that new plant-based recipe, it was surprisingly good.""",not_sarcasm
"""42. ""I'm so excited to finally meet my fiancé's family this weekend.""",not_sarcasm
"""43. ""Just found out I'm pregnant, we're over the moon!""",not_sarcasm
"""44. ""I'm so impressed by our city's response to the recent power outage.""",not_sarcasm
"""45. ""Just started playing the guitar, it's harder than it looks!""",not_sarcasm
"""46. ""I'm so grateful for the opportunity to volunteer this weekend.""",not_sarcasm
"""47. ""Just discovered this amazing new café, their coffee is amazing.""",not_sarcasm
"""48. ""I'm so impressed by our team's ability to adapt to remote work.""",not_sarcasm
"""49. ""Just started planning our wedding, it's so overwhelming but exciting!""",not_sarcasm
"""50. ""I'm so sorry to hear about the loss of your pet, they were a beloved member of the family.""",not_sarcasm
"""1. ""Breaking: NASA's Perseverance rover successfully lands on Mars.""",not_sarcasm
"""2. ""Just tried the new local coffee shop, amazing brew!""",not_sarcasm
"""3. ""Finally finished that project, feeling accomplished.""",not_sarcasm
"""4. ""Concerned about the recent storm warnings, stocking up on supplies.""",not_sarcasm
"""5. ""Wish me luck, starting my first day at a new job today.""",not_sarcasm
"""6. ""Excited to announce I've been accepted into my dream university.""",not_sarcasm
"""7. ""Sad to hear about the passing of a dear friend's pet.""",not_sarcasm
"""8. ""Just discovered a new favorite song, can't stop listening.""",not_sarcasm
"""9. ""Thinking of you during this tough time, here if you need to talk.""",not_sarcasm
"""10. ""In awe of the Northern Lights tonight, breathtaking.""",not_sarcasm
"""11. ""Finally mastered that recipe, dinner's on me tonight.""",not_sarcasm
"""12. ""Furious after seeing that traffic camera fine in the mail.""",not_sarcasm
"""13. ""Can't believe I missed my train again, always late these days.""",not_sarcasm
"""14. ""Relieved the contractions have stopped, false alarm.""",not_sarcasm
"""15. ""Over the moon about our team's big game win last night.""",not_sarcasm
"""16. ""Disappointed in the lack of response to my job application.""",not_sarcasm
"""17. ""Happy to help you move this weekend, what time should I be there?""",not_sarcasm
"""18. ""Grateful for the kind gesture from that stranger earlier.""",not_sarcasm
"""19. ""Can't wait for our family vacation, need some sun and sand.""",not_sarcasm
"""20. ""Upset about the cancelation of my favorite show's final season.""",not_sarcasm
"""21. ""Thrilled to have found the perfect gift for my best friend.""",not_sarcasm
"""22. ""Frustrated with the slow internet connection today.""",not_sarcasm
"""23. ""Inspired by the TED Talk I just watched, going to volunteer this week.""",not_sarcasm
"""24. ""Nervous but excited about my first date tonight.""",not_sarcasm
"""25. ""Angered by the news of another senseless act of violence.""",not_sarcasm
"""26. ""Glad to see the community coming together for the charity event.""",not_sarcasm
"""27. ""Relieved to hear the tornado missed our town last night.""",not_sarcasm
"""28. ""Excited to start my new fitness challenge, let's do this!""",not_sarcasm
"""29. ""Bummed about the rain ruining our picnic plans.""",not_sarcasm
"""30. ""Proud of my kid's progress at school, they're really applying themselves.""",not_sarcasm
"""31. ""Hyped for the new video game release this Friday.""",not_sarcasm
"""32. ""Struggling with writer's block today, any suggestions?""",not_sarcasm
"""33. ""Happy to hear that my friend's surgery went well.""",not_sarcasm
"""34. ""Skeptical about the new diet trend, seems too good to be true.""",not_sarcasm
"""35. ""Glad I caught that mistake in time, disaster avoided.""",not_sarcasm
"""36. ""Not looking forward to this long week of meetings.""",not_sarcasm
"""37. ""Intrigued by the new art exhibit in town, going to check it out.""",not_sarcasm
"""38. ""Relieved to finally be caught up on my emails after a busy weekend.""",not_sarcasm
"""39. ""Devastated by the loss of my childhood home in the fire.""",not_sarcasm
"""40. ""Thrilled to have been asked to speak at the upcoming conference.""",not_sarcasm
"""41. ""Annoyed by the constant noise from the construction next door.""",not_sarcasm
"""42. ""Thinking of you on your birthday, hope it's a great one.""",not_sarcasm
"""43. ""Delighted to have found a new favorite book series.""",not_sarcasm
"""44. ""Worried about the upcoming exam, need to study more.""",not_sarcasm
"""45. ""Optimistic about the potential new partnership with the company.""",not_sarcasm
"""46. ""Bored without any plans for the weekend.""",not_sarcasm
"""47. ""Overjoyed to have found my lost cat wandering the neighborhood.""",not_sarcasm
"""48. ""Regretful about my harsh words earlier, I'm sorry.""",not_sarcasm
"""49. ""Excited to start learning a new language, any tips?""",not_sarcasm
"""50. ""Relieved to finally be warm after that long, cold winter.""",not_sarcasm
"""Breaking: NASA's Perseverance rover successfully lands on Mars.""",not_sarcasm
"""Just tried the new local coffee shop, their pour-over is exceptional!""",not_sarcasm
"""Worried about the upcoming storm, hope everyone stays safe.""",not_sarcasm
"""Finally finished that report, feeling accomplished.""",not_sarcasm
"""Can't wait for the weekend, been a long week.""",not_sarcasm
"""Happy birthday to my best friend, here's to another year of adventures!""",not_sarcasm
"""Sad to hear about the restaurant closing, it was a community staple.""",not_sarcasm
"""Excited to start my new job on Monday, feeling the butterflies.""",not_sarcasm
"""Just adopted a rescue dog, he's already making our house feel like a home.""",not_sarcasm
"""Disappointed in the game's ending, didn't see that plot twist coming.""",not_sarcasm
"""Thrilled to announce I'm engaged! Can't wait to start this new chapter.""",not_sarcasm
"""Concerned about the lack of recycling bins in our neighborhood.""",not_sarcasm
"""Delighted to receive my first paycheck, finally an adult!""",not_sarcasm
"""Surprised by how much I enjoyed the documentary, will definitely watch more.""",not_sarcasm
"""Relieved that the meeting ran smoothly, that could've gone either way.""",not_sarcasm
"""In awe of the Northern Lights, nature never ceases to amaze me.""",not_sarcasm
"""Frustrated with the traffic today, could've sworn it was a holiday.""",not_sarcasm
"""Grateful for the support of our local farmers market, they're a lifeline for our community.""",not_sarcasm
"""Excited to start growing my own vegetables, let's hope I don't kill them.""",not_sarcasm
"""Upset about the cancelled concert, been waiting for that for months.""",not_sarcasm
"""Impressed by the collection at the museum, it was even better than I expected.""",not_sarcasm
"""Anxious about the upcoming presentation, hoping I don't mess it up.""",not_sarcasm
"""Thrilled to find out I'm expecting, can't wait to meet our little one.""",not_sarcasm
"""Disappointed in the customer service, that was a wasted call.""",not_sarcasm
"""Proud of my kid for making the school team, their hard work paid off.""",not_sarcasm
"""Over the moon about the promotion, can't believe I'm a manager now.""",not_sarcasm
"""Bummed about the rain, was really hoping for a sunny day.""",not_sarcasm
"""Relieved to finally understand that complex equation, it was driving me crazy.""",not_sarcasm
"""Inspired by the book, it's changed my perspective on life.""",not_sarcasm
"""Annoyed with the constant notifications, need to adjust my phone settings.""",not_sarcasm
"""Happy to have found a good deal on a used car, saves me a lot of money.""",not_sarcasm
"""Stressed about the upcoming deadline, need to buckle down and work.""",not_sarcasm
"""Excited to try out that new fitness class, let's hope it's not too intense.""",not_sarcasm
"""Sad to hear about the passing of a local legend, they will be greatly missed.""",not_sarcasm
"""Confused by the instructions, could use some clarification.""",not_sarcasm
"""Thrilled to see our team win, what a game!""",not_sarcasm
"""Concerned about the rising prices, hope it's just a temporary thing.""",not_sarcasm
"""Glad I could help out a neighbor today, it's always nice to lend a hand.""",not_sarcasm
"""Disappointed with the movie adaptation, the book was so much better.""",not_sarcasm
"""Relieved to have found my lost cat, they must've just been exploring.""",not_sarcasm
"""Enjoying a well-deserved break, finally some time to relax.""",not_sarcasm
"""Excited to start learning a new language, let's hope I'm not terrible at it.""",not_sarcasm
"""Bothered by the noise next door, I could use a good night's sleep.""",not_sarcasm
"""Happy to have found a new favorite podcast, it's been keeping me company on my commute.""",not_sarcasm
"""Anxious about the upcoming interview, need to prepare more.""",not_sarcasm
"""Grateful for the warm welcome from our new neighbors, it's nice to feel at home.""",not_sarcasm
"""Weather's perfect today, let's grab lunch outside!""",not_sarcasm
"""I'm so proud of my daughter's grades this quarter.""",not_sarcasm
"""Can't wait to see the new Marvel movie this weekend.""",not_sarcasm
"""Sorry to hear about your mom, she's in my thoughts.""",not_sarcasm
"""Just got back from a run, feeling amazing!""",not_sarcasm
"""Hey, could you pass the salt please?""",not_sarcasm
"""Wow, this coffee is fantastic, isn't it?""",not_sarcasm
"""Traffic was a nightmare this morning, thank goodness it's Friday.""",not_sarcasm
"""That new restaurant just opened, want to try it next week?""",not_sarcasm
"""I'm struggling with this project, any advice?""",not_sarcasm
"""Seriously, you look incredible in that outfit.""",not_sarcasm
"""Finally got my book club read, let's discuss!""",not_sarcasm
"""Just saw a beautiful sunset, nature never ceases to amaze.""",not_sarcasm
"""Can we reschedule our meeting? I've got a family emergency.""",not_sarcasm
"""Great job on that presentation, you knocked it out of the park!""",not_sarcasm
"""I'm really feeling down today, any suggestions for a pick-me-up?""",not_sarcasm
"""Just tried making sushi at home, what a mess! But it tasted great.""",not_sarcasm
"""I'm so excited for our trip next month, it's been ages since we've traveled.""",not_sarcasm
"""Saw a beautiful mural downtown, really inspired me.""",not_sarcasm
"""I'm thinking of switching careers, any advice?""",not_sarcasm
"""That new song by Taylor Swift is stuck in my head all day.""",not_sarcasm
"""Let's catch up soon, it's been too long since we last talked.""",not_sarcasm
"""I'm so grateful for my friends, they always lift my spirits.""",not_sarcasm
"""Just discovered this amazing podcast, you should listen!""",not_sarcasm
"""Please, just rethink that decision, it's not too late.""",not_sarcasm
"""That movie was a total letdown, such a waste of time.""",not_sarcasm
"""I'm trying out a new recipe tonight, wish me luck!""",not_sarcasm
"""Let's go for a walk later, it's such a nice day out.""",not_sarcasm
"""I'm so sorry for your loss, if you need anything, just say.""",not_sarcasm
"""Just got a promotion! Can't wait to celebrate with everyone.""",not_sarcasm
"""That painting class was so relaxing, I feel rejuvenated.""",not_sarcasm
"""I'm really worried about my friend, she's been distant lately.""",not_sarcasm
"""Can you believe it's already December? This year flew by.""",not_sarcasm
"""Just finished watching the entire series, it was amazing!""",not_sarcasm
"""I'm so happy for you guys, you deserve this happiness.""",not_sarcasm
"""I'm trying to cut back on caffeine, any tips?""",not_sarcasm
"""Let's order in tonight, I don't feel like cooking.""",not_sarcasm
"""I'm really struggling with my anxiety today.""",not_sarcasm
"""That book was a real page-turner, I couldn't put it down.""",not_sarcasm
"""Just saw a stunning sunset, nature's beauty never fails to impress.""",not_sarcasm
"""I'm so excited for this weekend's game, let's go team!""",not_sarcasm
"""I'm really sorry if I offended you, that wasn't my intention.""",not_sarcasm
"""Just found this old letter from my grandma, it's so sweet.""",not_sarcasm
"""That concert was insane, best night ever!""",not_sarcasm
"""I'm so grateful for my job, every day is a new challenge.""",not_sarcasm
"""Let's plan a girls' night out soon, it's been ages.""",not_sarcasm
"""I'm really grateful for this community, everyone's so supportive.""",not_sarcasm
"""Just celebrated my 10-year work anniversary, feeling grateful for the journey.""",not_sarcasm
"""Traffic was a nightmare this morning, hope everyone made it to work safe.""",not_sarcasm
"""Thrilled to announce my first novel will be published next spring!""",not_sarcasm
"""Heard your mom's in the hospital, thinking of you and sending virtual hugs.""",not_sarcasm
"""Finally tried that new café downtown, their lattes are divine.""",not_sarcasm
"""Concerned about the increase in local crime rates, let's stay vigilant.""",not_sarcasm
"""Just finished binge-watching 'Stranger Things', anyone else hooked?""",not_sarcasm
"""Excited to join the company's charity run this weekend, who's with me?""",not_sarcasm
"""Sad to hear about the passing of Kobe Bryant, a true legend.""",not_sarcasm
"""Love the new album by Billie Eilish, what are you listening to?""",not_sarcasm
"""Just started learning Python, any tips from experienced coders?""",not_sarcasm
"""Delighted to be nominated for employee of the month, fingers crossed!""",not_sarcasm
"""Worried about the environment, let's all do our part to reduce waste.""",not_sarcasm
"""Thrilled to be moving to a bigger apartment, more space for my plants!""",not_sarcasm
"""Disappointed by the election results, but let's stay hopeful for the future.""",not_sarcasm
"""Just discovered bullet journaling, it's changed my productivity game.""",not_sarcasm
"""Can't wait for the weekend, planning a hike with friends.""",not_sarcasm
"""Sending condolences to the family of the late George Floyd, justice must be served.""",not_sarcasm
"""Happy to report that our project is on track and under budget.""",not_sarcasm
"""Excited to try out the new recipe I found on Pinterest, wish me luck!""",not_sarcasm
"""Concerned about the mental health of our youth, let's raise awareness.""",not_sarcasm
"""Just adopted a rescue dog, meet Max!""",not_sarcasm
"""Pleased to see more diversity in this year's Oscar nominations.""",not_sarcasm
"""Thrilled to be attending Coachella this year, who's going with me?""",not_sarcasm
"""Worried about the spread of COVID-19, let's all practice social distancing.""",not_sarcasm
"""Just started reading '1984' by George Orwell, any book recommendations?""",not_sarcasm
"""Disappointed by the cancellation of this year's Pride parade, but we'll celebrate online.""",not_sarcasm
"""Happy to report that I've lost 20 pounds since starting my fitness journey.""",not_sarcasm
"""Concerned about the wildfires in Australia, let's support relief efforts.""",not_sarcasm
"""Just started learning Spanish, any language learning tips?""",not_sarcasm
"""Thrilled to be getting married next month, can't wait to start this new chapter!""",not_sarcasm
"""Sad to see 'Game of Thrones' come to an end, what a ride it was.""",not_sarcasm
"""Pleased to see more women in leadership roles, let's keep pushing for equality.""",not_sarcasm
"""Just tried out meditation, feeling much more centered and calm.""",not_sarcasm
"""Excited to be volunteering at the local food bank this Saturday, who's joining me?""",not_sarcasm
"""Worried about the increasing number of homeless people in our city.""",not_sarcasm
"""Just discovered Depop, love finding unique second-hand pieces!""",not_sarcasm
"""Thrilled to be performing at the local comedy club this Friday, wish me luck!""",not_sarcasm
"""Concerned about the spread of misinformation online, let's be critical thinkers.""",not_sarcasm
"""Just started a garden, feeling so connected to nature.""",not_sarcasm
"""Happy to see more people advocating for climate change action.""",not_sarcasm
"""Thrilled to be featured in this month's issue of Vogue, pinch me!""",not_sarcasm
"""Worried about the rising cost of living, let's hope things improve soon.""",not_sarcasm
"""Just started playing the guitar, any beginner tips?""",not_sarcasm
"""Excited to be going on a solo backpacking trip this summer, anyone else a solo traveler?""",not_sarcasm
"""Sad to see so much negativity online, let's spread some positivity instead.""",not_sarcasm
"""Happy to report that I've been sober for one year, proud of my progress.""",not_sarcasm
"""Concerned about the mental health of first responders, let's support them.""",not_sarcasm
"""Thrilled to be expecting a baby, can't wait to meet our little one!""",not_sarcasm
"""Just started a new job, feeling excited and nervous all at once.""",not_sarcasm
"""Worried about the increasing number of cyberattacks, let's stay vigilant online.""",not_sarcasm
"""Sure, here are 50 sarcastic text examples covering a variety of contexts:""",sarcasm
"""1. ""Oh, you're a morning person now? Since when do you wake up before 10 am?""",sarcasm
"""2. ""Wow, your driving is... truly an experience. I felt every pothole's personal story.""",sarcasm
"""3. ""I'm so grateful for your 'help' with the dishes. The sink's never looked more like a Jackson Pollock painting.""",sarcasm
"""4. ""You know, your silence is deafening. Or is that just the sound of my brain cells dying from boredom?""",sarcasm
"""5. ""Oh, I'm sorry, I didn't mean to disrupt your nap. I thought we were having a meeting.""",sarcasm
"""6. ""Your fashion sense is... unique. I haven't seen anyone rock a 'trash bag chic' look this well since the '90s.""",sarcasm
"""7. ""You must be a mind reader. I've been dying to hear my own thoughts out loud.""",sarcasm
"""8. ""That's not a typo, it's... creative spelling. Everyone knows 'definitely' is just short for 'definitely not'.""",sarcasm
"""9. ""Your cooking is... an acquired taste. I'm just not sure who acquired it, or if they're still alive.""",sarcasm
"""10. ""I'm impressed. You've managed to make a powerpoint presentation even more boring than the last one.""",sarcasm
"""11. ""Oh, you're a vegetarian now? I can't tell, your breath still smells like a steakhouse.""",sarcasm
"""12. ""That's not a debate, it's you refusing to acknowledge facts because they don't align with your opinion.""",sarcasm
"""13. ""Your singing is... melodious. It's like a symphony of cats fighting in an alley.""",sarcasm
"""14. ""I'm so glad we had this little chat. I always enjoy a good monologue when I'm trying to fall asleep.""",sarcasm
"""15. ""Your art is... thought-provoking. It provokes thoughts like, 'What was he thinking?'""",sarcasm
"""Sure, here are 50 sarcastic text examples:""",sarcasm
"""1. Oh, great, the WiFi's down. Just when I was really starting to enjoy this powerpoint.""",sarcasm
"""2. Wow, you've really outdone yourself with the office decorations. It's like walking into a thrift store's clearance section.""",sarcasm
"""3. I absolutely love your new haircut. It's... unique. Like a garden hedge after a storm.""",sarcasm
"""4. I'm so sorry I stepped on your foot. I was just trying to see if it was a buried treasure.""",sarcasm
"""5. Oh, I see you're still using a flip phone. How quaint. It's like you've got a tiny time machine in your pocket.""",sarcasm
"""6. Your cooking is so good, I can almost taste the smoke alarm.""",sarcasm
"""7. I can't believe the movie ended differently from the book. I mean, who even writes these things?""",sarcasm
"""8. Your playlist is so diverse. I've never heard of a single one of these bands. Must be a local thing.""",sarcasm
"""9. You're a great listener. I could talk for hours and you'd still look interested... or maybe that's just your 'resting face'?""",sarcasm
"""10. I'm on a seafood diet. I see food, and I eat it.""",sarcasm
"""11. I'm sure the dog appreciated your help with his math homework. After all, who needs a calculator when you've got paws?""",sarcasm
"""12. Oh, I'm sorry, I didn't realize you were a mind reader. I'll let you know when I need a coffee refill.""",sarcasm
"""13. Your sense of direction is impeccable. I've never been more lost in my life.""",sarcasm
"""14. I'm so glad we finally agree on something. I mean, it's not like we've known each other for decades.""",sarcasm
"""15. I can't wait to try your famous 'fried water'. I've heard it's a real culinary breakthrough.""",sarcasm
"""16. Your driving is so smooth, I thought we were on a rollercoaster.""",sarcasm
"""17. I'm loving the new tattoo. It's like a choose-your-own-adventure story that I'll never get to finish.""",sarcasm
"""18. Oh, look, it's raining. And by 'raining', I mean it's pouring cats and dogs... literally.""",sarcasm
"""19. Your musical talent is truly inspiring. I've never seen a piano cry like that before.""",sarcasm
"""20. I'm so proud of you for finally learning to spell your own name. It only took... how many years again?""",sarcasm
"""21. I'm sure your parents are so proud of your... unique career choice.""",sarcasm
"""22. Wow, you've really mastered the art of small talk. I've never felt so verbose.""",sarcasm
"""23. I'm really impressed with your multitasking skills. You've managed to ignore everyone and everything at the same time.""",sarcasm
"""24. Your fashion sense is so bold. I can't wait to see what you'll wear to a job interview.""",sarcasm
"""25. I'm loving your newfound love for history. I mean, who needs a calendar when you've got a memory like that?""",sarcasm
"""26. You're a natural at making things worse. I can't wait to see what disaster you'll create next.""",sarcasm
"""27. I'm so grateful for your help. I mean, who needs a GPS when you've got a human error system?""",sarcasm
"""28. Your cooking is so spicy, I think the fire alarm is having an existential crisis.""",sarcasm
"""29. I'm really enjoying this podcast. I mean, who needs sleep when you've got a good story to listen to?""",sarcasm
"""30. Your sense of humor is so subtle. I'm still laughing... from last year.""",sarcasm
"""31. I'm so glad you finally got a smartwatch. Now you can be even later to everything.""",sarcasm
"""32. Your painting is so abstract. I can't tell if it's a masterpiece or a Rorschach test.""",sarcasm
"""33. I'm loving your new perfume. It's like a field of flowers... that's been run over by a lawnmower.""",sarcasm
"""34. Your dancing is so graceful. It's like watching a ballerina... made of bricks.""",sarcasm
"""35. I'm really impressed with your computer skills. I mean, who needs a mouse when you've got a keyboard?""",sarcasm
"""36. Your sense of direction is so reliable. I've never been lost... in the same place twice.""",sarcasm
"""37. I'm so glad you're finally learning a foreign language. It's not like you're 40 or anything.""",sarcasm
"""38. Your singing voice is so unique. It's like a cat being strangled... in a good way.""",sarcasm
"""39. I'm so happy you're finally reading more books. It's not like you've got a PhD in literature or anything.""",sarcasm
"""40. Your driving is so safe. I've never felt so secure... in a death grip.""",sarcasm
"""41. I'm loving your new gym routine. I can tell you're really... lifting... your game.""",sarcasm
"""42. Your baking is so... interesting. It's like eating a cake that's been through a hurricane.""",sarcasm
"""43. I'm so impressed with your people skills. I mean, who needs friends when you've got a phone?""",sarcasm
"""44. Your taste in music is so... varied. It's like listening to a radio station that plays one song... very slowly.""",sarcasm
"""45. I'm really enjoying this silence. I mean, who needs conversation when you've got an echo chamber?""",sarcasm
"""46. Your acting is so convincing. I can't tell if you're happy, sad, or just constipated.""",sarcasm
"""47. I'm so glad you're finally learning to cook. It's not like you're 50 or anything.""",sarcasm
"""48. Your photography is so artistic. It's like looking at a world where nothing is quite where it should be.""",sarcasm
"""49. I'm really enjoying this weather. I mean, who needs an umbrella when you've got a raincoat made of plastic bags?""",sarcasm
"""50. Your fashion sense is so bold. It's like you're wearing a neon sign that says 'Please, please, look at me.'""",sarcasm
"""Oh, fantastic, it's raining again. Just what my umbrella needed, a day off.""",sarcasm
"""Oh, look who finally decided to grace us with their presence. The office must've been out of coffee today.""",sarcasm
"""1. ""Oh, fantastic, it's raining. Just what this Monday morning commute needed.""",sarcasm
"""2. ""Thanks for your input, I hadn't considered ruining our project completely.""",sarcasm
"""3. ""I'm absolutely thrilled to have another meeting about the meeting we had last week.""",sarcasm
"""4. ""Well, that's just peachy. The printer's out of ink. What could possibly go wrong next?""",sarcasm
"""5. ""I'm so glad we could spend quality time together today, stuck in traffic.""",sarcasm
"""6. ""Oh great, just what I always wanted. More emails about emails.""",sarcasm
"""7. ""I can't wait to present my groundbreaking ideas to the team... right after I've spent hours formatting this PowerPoint.""",sarcasm
"""8. ""Wow, I've never seen so many people excited about a mandatory training session.""",sarcasm
"""9. ""Oh, perfect. The Wi-Fi is down. I was really looking forward to wasting my time doing nothing else.""",sarcasm
"""10. ""I just love it when the boss asks for our honest opinions, right before they make the decision they already wanted.""",sarcasm
"""11. ""I'm really impressed with our IT department's response time. I've been waiting for this fix since... last year?""",sarcasm
"""12. ""I'm so grateful for this loud, open-plan office. It's really increased my productivity.""",sarcasm
"""13. ""Oh, fantastic. Another sales meeting where we talk about how great we are, and how sales are down.""",sarcasm
"""14. ""I'm absolutely thrilled that our new project management software is as user-friendly as a nuclear reactor.""",sarcasm
"""15. ""I'm simply delighted to spend my lunch break waiting for the elevator.""",sarcasm
"""16. ""Oh, wonderful. A team-building exercise that involves trust falls. Because that's what we need, more opportunities to fall flat on our faces.""",sarcasm
"""17. ""I'm over the moon about this new project. It's just like the Titanic – unsinkable until it hits the iceberg.""",sarcasm
"""18. ""I'm so proud of our company culture. It's like a family... where everyone wants to strangle each other at least once a week.""",sarcasm
"""19. ""I'm overjoyed that our marketing campaign is going so well. It's definitely not because of the global pandemic.""",sarcasm
"""20. ""Oh, great. Another customer satisfaction survey that's clearly been written by someone who's never met a customer.""",sarcasm
"""21. ""I'm absolutely ecstatic that our new software is 'compatible' with our old hardware. I mean, who needs working equipment, right?""",sarcasm
"""22. ""I'm so impressed with our HR department's communication skills. They're about as subtle as a sledgehammer.""",sarcasm
"""23. ""Oh, fantastic. A company-wide memo about proper email etiquette. Because God forbid we should be polite to each other.""",sarcasm
"""24. ""I'm absolutely thrilled that our new dress code policy allows for 'business casual'... which apparently means yoga pants and flip-flops.""",sarcasm
"""25. ""I'm so glad we could have this heart-to-heart about my performance. It's not like I have better things to do with my time.""",sarcasm
"""26. ""Oh, wonderful. A performance review where my manager tells me everything I did wrong, in great detail, and nothing I did right.""",sarcasm
"""27. ""I'm absolutely delighted to be nominated for 'Employee of the Month'... for the seventh month in a row.""",sarcasm
"""28. ""I'm so glad our company cares about our health and well-being. That's why they provide us with stale vending machine snacks.""",sarcasm
"""29. ""Oh, fantastic. Another team-building exercise where we're forced to admit our deepest, darkest fears to each other.""",sarcasm
"""30. ""I'm thrilled to see that our company's diversity and inclusion initiative involves changing the default profile picture to a person of color.""",sarcasm
"""31. ""I'm so grateful for this 'wellness' initiative. I've never felt more productive while coloring inside the lines.""",sarcasm
"""32. ""Oh, great. Another 'fun' team activity that involves dressing up in costumes and pretending to be something we're not.""",sarcasm
"""33. ""I'm absolutely thrilled that our new company slogan is 'We make mistakes, but we learn from them... eventually.'""",sarcasm
"""34. ""I'm so proud of our company's commitment to sustainability. We've finally replaced the paper towels with old newspapers in the bathrooms.""",sarcasm
"""35. ""Oh, wonderful. A company-wide email reminding us to 'think before we hit send.' Because that's usually the first thing we do.""",sarcasm
"""36. ""I'm absolutely delighted to be a part of this 'think tank' session. It's not like I have any actual work to do.""",sarcasm
"""37. ""I'm so glad our company cares about our personal lives. That's why they're making us work on a Saturday.""",sarcasm
"""38. ""Oh, fantastic. A company-wide email asking us to 'be kind to each other.' Because that's usually the first thing we do.""",sarcasm
"""39. ""I'm thrilled to see that our company's new 'green' initiative involves turning off the lights once in a while.""",sarcasm
"""40. ""I'm so proud of our company's commitment to 'work-life balance.' It's not like we're still working at 10 PM every night.""",sarcasm
"""41. ""Oh, great. Another company-wide memo about 'appropriate dress code'... because God forbid we should look like we actually enjoy our jobs.""",sarcasm
"""42. ""I'm absolutely delighted to be included in this 'brainstorming' session... where one person has all the ideas and the rest of us just nod along.""",sarcasm
"""43. ""I'm so glad our company values creativity. That's why we have to use these generic, boring templates for everything.""",sarcasm
"""44. ""Oh, wonderful. A company-wide email reminding us to 'be on time.' Because that's usually the first thing we do.""",sarcasm
"""45. ""I'm absolutely thrilled to be part of this 'cross-functional' team... where no one knows what anyone else is doing.""",sarcasm
"""46. ""I'm so glad our company cares about our professional development. That's why we're all being trained to use software from the '90s.""",sarcasm
"""47. ""Oh, fantastic. Another company-wide email reminding us to 'follow protocol.' Because that's usually the first thing we do.""",sarcasm
"""48. ""I'm thrilled to see that our company's new 'wellness' initiative involves providing us with free water... that's been sitting in the cooler for who knows how long.""",sarcasm
"""49. ""I'm so proud of our company's commitment to 'innovation.' It's not like we've been using the same outdated systems for decades.""",sarcasm
"""50. ""Oh, great. Another company-wide email asking us to 'speak up'... because that's usually the first thing we do.""",sarcasm
"""1. ""Oh, great, the printer's jammed again. Just what I needed for my already perfect day.""",sarcasm
"""2. ""Wow, that presentation was so captivating, I think the slides started doing power naps.""",sarcasm
"""3. ""I'm really looking forward to this team-building exercise. I mean, who needs a weekend, right?""",sarcasm
"""4. ""You've outdone yourself this time, Mom. This casserole is truly... an experience.""",sarcasm
"""5. ""Oh, I see you've mastered the art of parallel parking. Kudos on that tiny dent you left on my car.""",sarcasm
"""6. ""I'm absolutely thrilled that my Wi-Fi is down. What better time to finally binge-watch that series I've been putting off?""",sarcasm
"""7. ""I must say, your taste in music is... eclectic. It's like a time machine, only instead of going back in time, it makes me question my life choices.""",sarcasm
"""8. ""I'm just loving these family portraits. The one where little Timmy's eyes are closed is my favorite. It's so... expressive.""",sarcasm
"""9. ""Oh, fantastic. It's raining. Because what this commute needed was a water park slide to work.""",sarcasm
"""10. ""I'm really feeling the love in this online debate. It's like a warm hug, only with more caps lock.""",sarcasm
"""11. ""Well, that movie was so engaging, I think my popcorn went into a coma.""",sarcasm
"""12. ""I'm sure this traffic jam is just a conspiracy to give us more time to appreciate each other's company.""",sarcasm
"""13. ""Oh, look, a miracle! The office coffee maker worked today. I should buy a lottery ticket.""",sarcasm
"""14. ""I'm genuinely impressed with your ability to ignore obvious sarcasm. It's a real talent.""",sarcasm
"""15. ""You know what they say, 'If you can't stand the heat, get out of the kitchen.' Or, in your case, don't complain about the burnt dinner.""",sarcasm
"""16. ""I'm absolutely beaming with pride. My little brother just told me I'm the best big sister ever. Right after he borrowed my car without asking.""",sarcasm
"""17. ""Oh, sure, the elevator works now. Because that's not inconvenient at all.""",sarcasm
"""18. ""I'm really feeling the benefits of this organic, free-range, artisanal coffee. Or maybe it's just the three espresso shots.""",sarcasm
"""19. ""I'm so glad we had this little chat. You've really helped me see the error of my ways. Not.""",sarcasm
"""20. ""You know what they say, 'Never underestimate the power of positive thinking.' Or, in your case, never underestimate the power of ignoring reality.""",sarcasm
"""21. ""I'm really feeling the burn here. I must be getting in shape, because my legs feel like they're on fire. Or maybe it's just these ill-fitting jeans.""",sarcasm
"""22. ""Oh, thank goodness. The power's out. Now I can finally finish that book I've been meaning to read. On my phone. In the dark.""",sarcasm
"""23. ""I'm just blown away by your ability to multitask. Oh wait, that's just you ignoring me while you play Candy Crush.""",sarcasm
"""24. ""I'm really feeling the community spirit here. It's like one big, happy family. Until someone steals the last doughnut.""",sarcasm
"""25. ""Oh, fantastic. It's raining. Because what this commute needed was a water park slide to work.""",sarcasm
"""26. ""I'm genuinely impressed with your ability to ignore obvious sarcasm. It's a real talent.""",sarcasm
"""27. ""You know what they say, 'If you can't stand the heat, get out of the kitchen.' Or, in your case, don't complain about the burnt dinner.""",sarcasm
"""28. ""I'm absolutely beaming with pride. My little brother just told me I'm the best big sister ever. Right after he borrowed my car without asking.""",sarcasm
"""29. ""Oh, sure, the elevator works now. Because that's not inconvenient at all.""",sarcasm
"""30. ""I'm so glad we had this little chat. You've really helped me see the error of my ways. Not.""",sarcasm
"""31. ""You know what they say, 'Never underestimate the power of positive thinking.' Or, in your case, never underestimate the power of ignoring reality.""",sarcasm
"""32. ""I'm really feeling the benefits of this organic, free-range, artisanal coffee. Or maybe it's just the three espresso shots.""",sarcasm
"""33. ""Oh, look, a miracle! The office coffee maker worked today. I should buy a lottery ticket.""",sarcasm
"""34. ""I'm sure this traffic jam is just a conspiracy to give us more time to appreciate each other's company.""",sarcasm
"""35. ""Well, that movie was so engaging, I think my popcorn went into a coma.""",sarcasm
"""36. ""I'm really loving this new fitness regime. I mean, who needs a functioning heart when you can have these fantastic muscle cramps?""",sarcasm
"""37. ""Oh, great. It's raining. Because what this commute needed was a water park slide to work.""",sarcasm
"""38. ""You know, they say laughter is the best medicine. Or, in your case, a really good excuse for not doing your chores.""",sarcasm
"""39. ""I'm absolutely thrilled that my phone died. Because what better time to finally finish that novel I've been putting off?""",sarcasm
"""40. ""I must say, your taste in music is... eclectic. It's like a time machine, only instead of going back in time, it makes me question my life choices.""",sarcasm
"""41. ""Oh, sure, the Wi-Fi's down. Because that's not the worst thing that could happen on a Sunday night.""",sarcasm
"""42. ""I'm just loving these family portraits. The one where little Timmy's eyes are closed is my favorite. It's so... expressive.""",sarcasm
"""43. ""You know what they say, 'Don't knock it 'til you've tried it.' Or, in your case, 'Don't complain about it 'til you've done it yourself.'""",sarcasm
"""44. ""I'm genuinely impressed with your cooking. It's like a culinary adventure. Only I'm not sure I want to know what the ending is.""",sarcasm
"""45. ""Oh, fantastic. The printer's out of ink. Because what this report needed was a sudden onset of invisibility.""",sarcasm
"""46. ""I'm really feeling the love in this online debate. It's like a warm hug, only with more caps lock.""",sarcasm
"""47. ""You know, they say opposites attract. Or, in your case, maybe you should just attract less.""",sarcasm
"""48. ""I must say, your sense of direction is truly inspiring. I've never seen someone drive in circles with such enthusiasm.""",sarcasm
"""49. ""Oh, sure, the microwave's broken. Because that's not a kitchen essential at all.""",sarcasm
"""50. ""I'm absolutely thrilled with this surprise party. Because who doesn't love being ambushed by their friends and family?""",sarcasm
"""1. ""Oh, fantastic! It's raining again, just what this day needed.""",sarcasm
"""2. ""I absolutely love Mondays, don't you? The week stretches out before me like a vast, unending wasteland.""",sarcasm
"""3. ""Wow, you've really outdone yourself this time, Jamie. The microwave dinner looks... rustic.""",sarcasm
"""4. ""Oh, brilliant! The printer's out of ink. Just what my deadline needed.""",sarcasm
"""5. ""I'm so sorry I stepped on your foot. Again. I must be a natural born ballet dancer.""",sarcasm
"""6. ""Oh, look, another 'Check Engine' light. Just what I've always wanted.""",sarcasm
"""7. ""I'm sure the guy who invented the 'reply all' button was just trying to make our lives more interesting.""",sarcasm
"""8. ""I'm over the moon about the new office dress code. Who needs sleep when you can wear your pajamas to work?""",sarcasm
"""9. ""Oh, great, a power outage. Because candles and darkness are just what I needed tonight.""",sarcasm
"""10. ""I'm absolutely thrilled that my Wi-Fi is down. I was just running out of things to binge-watch.""",sarcasm
"""11. ""Oh, fantastic! Another 'Your password has expired' email. Couldn't they have picked a more convenient time?""",sarcasm
"""12. ""I'm so excited for our family game night. Nothing says 'quality time' like fake laughter and bitter competition.""",sarcasm
"""13. ""Oh, joy! Another traffic jam. I just love the quality time spent with my car's engine.""",sarcasm
"""14. ""I'm absolutely delighted that I somehow ended up with the last slice of pizza. I could just die from the happiness.""",sarcasm
"""15. ""Oh, wonderful! My alarm didn't go off. I mean, who needs sleep anyway, right?""",sarcasm
"""16. ""I'm totally digging this new workout routine. It's not like I had anything else to do with my life besides breathe.""",sarcasm
"""17. ""I'm so happy I finally mastered the art of parallel parking. I mean, what could possibly go wrong in a tiny space with strangers watching?""",sarcasm
"""18. ""Oh, fantastic! Another update on my phone. Because what I really need is for things to run more smoothly.""",sarcasm
"""19. ""I'm absolutely thrilled that I've missed my exit. Again.""",sarcasm
"""20. ""I'm so glad I agreed to help with the charity event. It's not like I have a life outside of volunteering.""",sarcasm
"""21. ""Oh, great! The coffee machine is broken. Just when I needed it most.""",sarcasm
"""22. ""I'm completely delighted with my new neighbor. Their music tastes are... unique.""",sarcasm
"""23. ""Oh, fantastic! Another 'Your account is past due' reminder. Because I was just about to pay my bills.""",sarcasm
"""24. ""I'm so excited for this 'team-building' exercise. I mean, who doesn't love trust falls?""",sarcasm
"""25. ""Oh, wonderful! Another 'Low Battery' alert. Because my life isn't chaotic enough.""",sarcasm
"""26. ""I'm absolutely thrilled that I'm stuck in this endless queue. I mean, who doesn't love waiting their turn?""",sarcasm
"""27. ""I'm so glad I decided to wear these new shoes today. They're as comfortable as a rock.""",sarcasm
"""28. ""Oh, fantastic! Another 'Out of Office' reply. Because my emails just can't wait.""",sarcasm
"""29. ""I'm absolutely delighted with the new 'improved' software. I mean, who needs sleep when you can troubleshoot all night?""",sarcasm
"""30. ""I'm so excited for this family reunion. I mean, what could possibly go wrong when you bring together a bunch of people with no shared interests?""",sarcasm
"""31. ""Oh, great! Another 'Congratulations, you've won a prize!' email. I mean, who doesn't love Nigerian princes?""",sarcasm
"""32. ""I'm so glad I decided to take the scenic route today. I mean, who needs a GPS when you have a sense of adventure?""",sarcasm
"""33. ""I'm absolutely thrilled that I've locked my keys in the car. I mean, who needs keys anyway?""",sarcasm
"""34. ""Oh, fantastic! Another 'Your package has been delayed' notification. Because I just love surprises.""",sarcasm
"""35. ""I'm so excited for this online debate. I mean, who doesn't love strangers shouting at each other on the internet?""",sarcasm
"""36. ""Oh, great! Another 'Error 404' message. Because I just love being lost in the digital world.""",sarcasm
"""37. ""I'm absolutely delighted with the new coffee shop down the street. I mean, who needs sleep when you have caffeine?""",sarcasm
"""38. ""I'm so glad I decided to go to the gym today. I mean, who doesn't love sweating in public?""",sarcasm
"""39. ""Oh, fantastic! Another 'Your account has been compromised' email. Because I just love changing my passwords.""",sarcasm
"""40. ""I'm so excited for this pop quiz. I mean, who doesn't love surprises in the classroom?""",sarcasm
"""41. ""Oh, great! Another 'Low Fuel' warning. Because I just love pushing my luck.""",sarcasm
"""42. ""I'm absolutely thrilled that I've forgotten my umbrella. I mean, who needs dry clothes?""",sarcasm
"""43. ""I'm so glad I decided to take public transportation today. I mean, who doesn't love sitting in traffic on a bus?""",sarcasm
"""44. ""Oh, fantastic! Another 'Your account has been locked' message. Because I just love waiting on hold.""",sarcasm
"""45. ""I'm so excited for this dinner party. I mean, who doesn't love small talk with strangers?""",sarcasm
"""46. ""Oh, great! Another 'We've updated our privacy policy' email. Because I just love reading legal jargon.""",sarcasm
"""47. ""I'm so glad I decided to try this new recipe. I mean, who doesn't love setting off the smoke alarm?""",sarcasm
"""48. ""I'm absolutely thrilled that I've missed my train. Again.""",sarcasm
"""49. ""Oh, fantastic! Another 'Your subscription has auto-renewed' reminder. Because I just love surprise charges on my credit card.""",sarcasm
"""50. ""I'm so excited for this family dinner. I mean, who doesn't love walking on eggshells for an hour?""",sarcasm
"""Oh, fantastic, it's raining again. Just what this Monday needed.""",sarcasm
"""1. ""Oh, fantastic! It's raining, my car won't start, and I'm out of coffee. Just another day in paradise.""",sarcasm
"""2. ""I love the new office color scheme. Who needs windows when you have fluorescent yellow walls, right?""",sarcasm
"""3. ""Well, that's just peachy. The one day I decide to wear white, I spill spaghetti sauce all over myself.""",sarcasm
"""4. ""Your cooking is... an adventure. I've never had a meal that's been so... memorable.""",sarcasm
"""5. ""Oh, look! The internet is down. I guess that means we'll all just have to productivity.""",sarcasm
"""6. ""I absolutely adore your taste in music. It's very... unique. Like a train wreck, but for ears.""",sarcasm
"""7. ""I'm so sorry about that noise complaint. I'll make sure to keep my opera singing to a whisper next time.""",sarcasm
"""8. ""Your sense of direction is truly inspiring. I've never seen someone get lost in a straight line before.""",sarcasm
"""9. ""Wow, that presentation was... enlightening. I had no idea meetings could last that long.""",sarcasm
"""10. ""I'm loving these family dinners. The awkward silences are just filled with so much warmth and love.""",sarcasm
"""11. ""Oh, I'm sorry, I didn't realize you were the world's leading expert on everything. Do continue.""",sarcasm
"""12. ""Your fashion sense is... bold. I've never seen someone rock a mullet and mom jeans quite like you.""",sarcasm
"""13. ""I'm thrilled to see you've mastered the art of procrastination. Your desk is immaculate.""",sarcasm
"""14. ""Your driving is... exhilarating. I've never felt so alive while fearing for my life.""",sarcasm
"""15. ""I'm just blown away by your commitment to fitness. I've never seen anyone eat so many donuts in one sitting.""",sarcasm
"""16. ""Oh, sure, the printer works now. Because that's exactly when I needed it.""",sarcasm
"""17. ""Your sense of humor is... charming. I've never seen someone laugh so hard at their own jokes.""",sarcasm
"""18. ""I'm so glad you're here to supervise. I had no idea how to do my job without your input.""",sarcasm
"""19. ""Your singing voice is... a gift. It's like nails on a chalkboard, but in a good way.""",sarcasm
"""20. ""I'm loving this new coffee shop. The barista's smile is almost as bitter as their coffee.""",sarcasm
"""21. ""Oh, great. The Wi-Fi is down. Now I can't even watch cat videos to drown out my coworkers.""",sarcasm
"""22. ""Your idea is... brilliant. I've never seen anything quite so... simple and yet so... complicated.""",sarcasm
"""23. ""I'm so glad you're here to help. I had no idea how to do nothing without your expertise.""",sarcasm
"""24. ""Your taste in movies is... refined. I've never seen someone enjoy so many explosions and car chases.""",sarcasm
"""25. ""Oh, wonderful. It's raining again. Because nothing says 'summer' quite like floods and damp clothes.""",sarcasm
"""26. ""I'm so sorry about that typo. I guess I should've proofread... oh wait, no, I shouldn't have.""",sarcasm
"""27. ""Your dancing is... interpretive. I've never seen someone move so... randomly.""",sarcasm
"""28. ""I'm loving this traffic jam. It's the perfect place to practice my patience.""",sarcasm
"""29. ""Your cooking is... experimental. I've never seen someone use so many spices and then ask 'Is it too spicy?'""",sarcasm
"""30. ""Oh, fantastic. The power's out. Because that's exactly what I needed today.""",sarcasm
"""31. ""Your sense of style is... eclectic. I've never seen someone wear so many different patterns at once.""",sarcasm
"""32. ""I'm so glad you're here to calm things down. You're like a human Xanax.""",sarcasm
"""33. ""Your idea of a good time is... fascinating. I've never seen someone enjoy watching paint dry so much.""",sarcasm
"""34. ""Oh, great. The fire alarm is going off. Because that's exactly what I needed to top off this wonderful day.""",sarcasm
"""35. ""Your vocabulary is... expansive. I've never heard so many four-letter words in one sentence.""",sarcasm
"""36. ""I'm loving this new diet. I've never felt so hungry and unfulfilled in my life.""",sarcasm
"""37. ""Your taste in art is... refined. I've never seen someone appreciate a blank canvas quite so much.""",sarcasm
"""38. ""Oh, wonderful. It's Monday. Because that's exactly what I was hoping for.""",sarcasm
"""39. ""Your fashion sense is... ahead of its time. I've never seen someone rock the 'homeless chic' look quite so well.""",sarcasm
"""40. ""I'm so glad you're here to cheer me up. Your negativity is just what I needed today.""",sarcasm
"""41. ""Your idea of a good time is... inspiring. I've never seen someone enjoy sitting alone in a room quite so much.""",sarcasm
"""42. ""Oh, fantastic. The elevator is broken. Because that's exactly what I needed to make my day better.""",sarcasm
"""43. ""Your singing voice is... soothing. It's like a lullaby for angry cats.""",sarcasm
"""44. ""I'm loving this new fitness trend. I've never felt so sore and unmotivated before.""",sarcasm
"""45. ""Your taste in music is... diverse. I've never seen someone enjoy both heavy metal and classical music at the same time.""",sarcasm
"""46. ""Oh, great. The internet is down again. Because that's exactly what I needed to make my day more productive.""",sarcasm
"""47. ""Your cooking is... gourmet. I've never seen someone burn water quite so elegantly.""",sarcasm
"""48. ""I'm so glad you're here to help. I had no idea how to do everything without your constant criticism.""",sarcasm
"""49. ""Your idea of a good time is... exciting. I've never seen someone enjoy cleaning their apartment so much.""",sarcasm
"""50. ""Oh, fantastic. It's raining again. Because that's exactly what I needed to make this day even better.""",sarcasm
"""Oh, you finally made it to work before noon? The bar has been raised, Superman!""",sarcasm
"""Wow, your cooking has improved. I no longer need an appetizer before the main course.""",sarcasm
"""Your 'unique' sense of style is really turning heads... at the homeless shelter.""",sarcasm
"""I appreciate your 'constructive' feedback. I'll be sure to ignore it with as much enthusiasm as you offered it.""",sarcasm
"""Oh, you're a 'self-taught' expert now? That explains the hole in my wall.""",sarcasm
"""Your singing is so soulful, it's making the dogs howl.""",sarcasm
"""Thanks for 'helping' with the dishes. The sink's never looked so... cluttered.""",sarcasm
"""Your grasp of geography is astonishing. I had no idea you could pinpoint the exact location of 'nowhere'.""",sarcasm
"""Your driving is so smooth, it's making the passengers motion sickness medication kick in early.""",sarcasm
"""I can see why you're single. Your charm is truly... magnetizing. To all the exit signs.""",sarcasm
"""Your 'spontaneous' dance moves are so captivating, I can't help but stare at the clock.""",sarcasm
"""Oh, you're a 'people person'? That explains the empty room.""",sarcasm
"""Your 'modest' brag about your accomplishments is truly... humbling. For my intelligence.""",sarcasm
"""Your 'supportive' comments are as helpful as a chocolate teapot in a snowstorm.""",sarcasm
"""Oh, fantastic, it's raining. Just what I needed to start my morning.""",sarcasm
"""1. ""Oh, fantastic, the printer's out of ink. Just what I needed to complete my report by deadline.""",sarcasm
"""2. ""I'm absolutely thrilled to see that the coffee pot's empty again. My day just couldn't get any better.""",sarcasm
"""3. ""Wow, way to go team! We've officially hit rock bottom on this project.""",sarcasm
"""4. ""I'm totally fine with you taking my parking spot. It's not like I was going to use it today, or any day ever.""",sarcasm
"""5. ""The customer's always right? Sure, until they're not, and then we're all just dancing monkeys.""",sarcasm
"""6. ""Oh, great, a meeting about our progress. I can't wait to hear how far behind schedule we are.""",sarcasm
"""7. ""I'm just loving these new company policies. They're really making my life easier.""",sarcasm
"""8. ""Sure, I'd be happy to cover your shift. I've got nothing better to do with my life.""",sarcasm
"""9. ""Oh, I see you've tried the 'work from home' feature. I'm impressed with your ability to not work at all.""",sarcasm
"""10. ""I'm really impressed with your multitasking skills. How do you manage to ignore everyone and everything so efficiently?""",sarcasm
"""11. ""Wow, you're a real lifesaver. I would've never figured out how to use the copy machine without your expert guidance.""",sarcasm
"""12. ""I'm sure your 'unique' fashion sense is really boosting our company's image.""",sarcasm
"""13. ""Oh, fantastic, another email from IT explaining something in a way that's even more confusing than the problem itself.""",sarcasm
"""14. ""I'm just thrilled about the new dress code. It's not like we had any fashion sense to begin with.""",sarcasm
"""15. ""I'm really glad we decided to 'trust the process.' It's working out swimmingly.""",sarcasm
"""16. ""Oh, great, another 'mandatory' training session. Because who doesn't love being forced to learn something new?""",sarcasm
"""17. ""I'm absolutely ecstatic about this sudden influx of paperwork. It's not like I had anything else to do today.""",sarcasm
"""18. ""I'm so glad we could all come together to celebrate our failures. It's not like we have any successes to dwell on.""",sarcasm
"""19. ""Wow, way to go, marketing department! I've never seen a campaign fail so spectacularly.""",sarcasm
"""20. ""I'm absolutely delighted to see that our 'new and improved' software is as user-friendly as a potato.""",sarcasm
"""21. ""Oh, fantastic, another power outage. I just love it when the lights go out and I can't see the mess I'm in.""",sarcasm
"""22. ""I'm really impressed with how well you're handling this crisis. It's not like the world's about to end or anything.""",sarcasm
"""23. ""Oh, great, a team-building exercise. Because we all know how well those work out in real life.""",sarcasm
"""24. ""I'm just thrilled about this new open-plan office. It's not like I valued my personal space or productivity at all.""",sarcasm
"""25. ""Wow, way to go, sales team! You've managed to lose our biggest client. Way to go!""",sarcasm
"""26. ""I'm absolutely delighted with our new 'green' initiative. It's not like our old ways of polluting were working out so well.""",sarcasm
"""27. ""Oh, fantastic, another round of layoffs. I'm really feeling the love today.""",sarcasm
"""28. ""I'm just loving this new project management system. It's not like the old one was working flawlessly.""",sarcasm
"""29. ""Wow, way to go, HR! You've really outdone yourselves with this new policy.""",sarcasm
"""30. ""I'm absolutely delighted to see that my raise this year was... zero dollars. Just what I've always dreamed of.""",sarcasm
"""1. ""Oh, I see you've mastered the art of filling out forms. I'm impressed, truly Picasso-level skills.""",sarcasm
"""2. ""Wow, that meeting was a real productivity powerhouse, I could almost feel the time flying by.""",sarcasm
"""3. ""Your cooking is like a fine wine, it just keeps getting... more unique.""",sarcasm
"""4. ""I'm loving this new 'silent treatment' policy you've implemented, it's really improving communication.""",sarcasm
"""5. ""Oh, look at that, the sun rose today. Miracle of miracles.""",sarcasm
"""6. ""Your fashion sense is so ahead of its time, I swear they'll be calling it 'retro' in five years.""",sarcasm
"""7. ""I'm sorry for interrupting your busy schedule of not doing anything.""",sarcasm
"""8. ""That movie was so good, I can't wait to watch it again... while I'm waiting for a bus in the rain.""",sarcasm
"""9. ""Your dance moves are like poetry in motion, if that poetry was written by a drunken seagull.""",sarcasm
"""10. ""Oh, I'm sure that traffic jam was just a figment of your imagination.""",sarcasm
"""11. ""Your sense of direction is like a compass... that's been fed too much whiskey.""",sarcasm
"""12. ""I'm not saying you're a fan of Donald Trump, but you're not not saying it.""",sarcasm
"""13. ""You're like a fine wine, you get better with age... at being sour.""",sarcasm
"""14. ""Your singing voice is like a lullaby, it puts the baby to sleep... for good.""",sarcasm
"""15. ""Oh, you're not a morning person? That must be why you're always so chipper before noon.""",sarcasm
"""16. ""I'm sure your boss will love that idea, it's not like you've suggested anything less than brilliant before.""",sarcasm
"""17. ""Your cooking is like a time machine, it takes me back to the dark ages of taste.""",sarcasm
"""18. ""I'm not saying you're lazy, but the couch has started to complain about you not getting up.""",sarcasm
"""19. ""Your driving is so smooth, I think the car is having an existential crisis.""",sarcasm
"""20. ""Oh, you're a vegetarian? That explains why your grilled chicken tastes like cardboard.""",sarcasm
"""21. ""Your sense of humor is like a fine wine, it's an acquired taste... that most people never acquire.""",sarcasm
"""22. ""I'm not saying you're old, but when you were born, the Dead Sea was just getting sick.""",sarcasm
"""23. ""Your painting is like a masterpiece, it's a masterpiece of... confusion.""",sarcasm
"""24. ""Oh, you're a fan of Star Wars? That explains why you have no life.""",sarcasm
"""25. ""Your fashion sense is so unique, it's like a walking dumpster fire.""",sarcasm
"""26. ""I'm not saying you're a bad driver, but the dashboard is considering legal action.""",sarcasm
"""27. ""Your idea is so innovative, it's like a breath of fresh... air pollution.""",sarcasm
"""28. ""Oh, you're a fan of Taylor Swift? That explains why you have no taste in music.""",sarcasm
"""29. ""Your dancing is like poetry in motion, it's just not the kind of poetry you'd want to read.""",sarcasm
"""30. ""I'm not saying you're slow, but I've seen snails move faster than you.""",sarcasm
"""31. ""Your acting is like a Shakespearean play, it's full of drama... and laughs, just not the intended kind.""",sarcasm
"""32. ""Oh, you're a fan of Marvel movies? That explains why you have no time for real life.""",sarcasm
"""33. ""Your singing is like an angel's chorus, if that angel was suffering from laryngitis.""",sarcasm
"""34. ""I'm not saying you're a bad parent, but the kids have started to call you 'the babysitter'.""",sarcasm
"""35. ""Your cooking is like a gourmet meal, it's a gourmet meal of regret.""",sarcasm
"""36. ""Oh, you're a fan of K-pop? That explains why you have no rhythm.""",sarcasm
"""37. ""Your sense of style is like a breath of fresh air, it's a breath of fresh air... straight from a landfill.""",sarcasm
"""38. ""I'm not saying you're a bad listener, but the walls have started to talk more than you.""",sarcasm
"""39. ""Your photography is like a work of art, it's a work of art... of accidental blurs.""",sarcasm
"""40. ""Oh, you're a fan of Game of Thrones? That explains why you have no hope for humanity.""",sarcasm
"""41. ""Your writing is like a Shakespearean sonnet, it's a sonnet of... confusion and typos.""",sarcasm
"""42. ""I'm not saying you're a bad friend, but the dog has started to take your side in arguments.""",sarcasm
"""43. ""Your sense of direction is like a GPS, it's a GPS that's been dropped in a blender.""",sarcasm
"""44. ""Oh, you're a fan of horror movies? That explains why you have no heart.""",sarcasm
"""45. ""Your fashion sense is like a breath of fresh air, it's a breath of fresh air... straight from a thrift store in the 80s.""",sarcasm
"""46. ""I'm not saying you're a bad cook, but the smoke alarm has started to order pizza.""",sarcasm
"""47. ""Your singing is like a lullaby, it's a lullaby that only works on insomniacs.""",sarcasm
"""48. ""Oh, you're a fan of rock music? That explains why you have no respect for silence.""",sarcasm
"""49. ""Your painting is like a masterpiece, it's a masterpiece of... abstract chaos.""",sarcasm
"""50. ""I'm not saying you're a bad speller, but the dictionary has started to correct you... in French.""",sarcasm
"""1. ""Oh, fantastic, just what we needed. More meetings about meetings.""",sarcasm
"""2. ""Wow, that's a stretch. I've seen more believable news on TikTok.""",sarcasm
"""3. ""Well, that's not at all awkward. Not like we're standing in a tiny elevator together or anything.""",sarcasm
"""4. ""Oh, I meant to spill my coffee on your laptop. My bad.""",sarcasm
"""5. ""Gosh, you're just a human ray of sunshine today, aren't you?""",sarcasm
"""6. ""Fantastic, just what I've always wanted. More emails to read.""",sarcasm
"""7. ""Oh, great, just the person I was avoiding. What a coincidence.""",sarcasm
"""8. ""I'm just loving this traffic today. It's like a beautiful, slow-moving painting.""",sarcasm
"""9. ""Oh, sure, because we all know how reliable your 'on time' is.""",sarcasm
"""10. ""Wow, that's a groundbreaking idea. I've never heard that one before. Ever.""",sarcasm
"""11. ""Oh, absolutely, because nothing says 'team building' like an escape room filled with strangers.""",sarcasm
"""12. ""Oh, I'm sorry, I didn't realize I was in a comedy show. Please, continue.""",sarcasm
"""13. ""Yes, because nothing says 'professional' like a cat filter on a Zoom call.""",sarcasm
"""14. ""Oh, brilliant. Just what I always wanted. More paperwork.""",sarcasm
"""15. ""Oh, great, just what we need. Another 'important' company-wide memo.""",sarcasm
"""16. ""Wow, that's impressive. I've never seen someone so dedicated to ignoring the problem.""",sarcasm
"""17. ""Oh, fantastic. Just what I've always wanted. More reruns of this show.""",sarcasm
"""18. ""Oh, wonderful. My favorite part of the day. More empty inboxes to check.""",sarcasm
"""19. ""Oh, great, just what I've always dreamed of. More time spent in this traffic jam.""",sarcasm
"""20. ""Wow, that's a fantastic idea. I'm sure it'll work out just as well as the last time.""",sarcasm
"""21. ""Oh, great, just what we needed. More 'urgent' emails to sort through.""",sarcasm
"""22. ""Wow, that's a really... unique hairstyle. Did you get it at the 'I don't care' salon?""",sarcasm
"""23. ""Oh, fantastic. Just what I've always wanted. More leftovers for lunch.""",sarcasm
"""24. ""Wow, that's a great idea. I'm sure it'll go just as well as the Titanic's iceberg strategy.""",sarcasm
"""25. ""Oh, great, just what I've always wanted. More 'helpful' family advice.""",sarcasm
"""26. ""Wow, that's a brilliant plan. I'm sure it'll end just as well as the last time you 'had a great idea'.""",sarcasm
"""27. ""Oh, fantastic. Just what I've always wanted. More 'constructive' criticism.""",sarcasm
"""28. ""Wow, that's a fantastic idea. I'm sure it'll work out just as well as a chocolate fireguard.""",sarcasm
"""29. ""Oh, great, just what we needed. More 'mandatory' training sessions.""",sarcasm
"""30. ""Wow, that's a brilliant suggestion. I'm sure it'll go just as well as a lead balloon.""",sarcasm
"""31. ""Oh, fantastic. Just what I've always wanted. More 'important' phone calls to take.""",sarcasm
"""32. ""Wow, that's a groundbreaking thought. I'm sure it'll revolutionize the way we do nothing.""",sarcasm
"""33. ""Oh, great, just what I've always wanted. More 'fun' team-building exercises.""",sarcasm
"""34. ""Wow, that's a fantastic idea. I'm sure it'll be just as successful as a vegetarian at a barbecue.""",sarcasm
"""35. ""Oh, fantastic. Just what I've always wanted. More 'essential' updates from HR.""",sarcasm
"""36. ""Wow, that's a brilliant plan. I'm sure it'll end just as well as a one-man band at a funeral.""",sarcasm
"""37. ""Oh, great, just what I've always wanted. More 'inspirational' quotes from our CEO.""",sarcasm
"""38. ""Wow, that's a fantastic idea. I'm sure it'll be just as useful as a screen door on a submarine.""",sarcasm
"""39. ""Oh, fantastic. Just what I've always wanted. More 'urgent' deadlines to meet.""",sarcasm
"""40. ""Wow, that's a brilliant suggestion. I'm sure it'll go just as well as a fart in a spacesuit.""",sarcasm
"""41. ""Oh, great, just what I've always wanted. More 'useful' life hacks from the internet.""",sarcasm
"""42. ""Wow, that's a fantastic idea. I'm sure it'll be just as successful as a square peg in a round hole.""",sarcasm
"""43. ""Oh, fantastic. Just what I've always wanted. More 'important' emails to delete.""",sarcasm
"""44. ""Wow, that's a brilliant plan. I'm sure it'll end just as well as a snowball in hell.""",sarcasm
"""45. ""Oh, great, just what I've always wanted. More 'helpful' comments from strangers on the internet.""",sarcasm
"""46. ""Wow, that's a fantastic idea. I'm sure it'll be just as useful as a chocolate teapot.""",sarcasm
"""47. ""Oh, fantastic. Just what I've always wanted. More 'exciting' office parties.""",sarcasm
"""48. ""Wow, that's a brilliant suggestion. I'm sure it'll go just as well as a bull in a china shop.""",sarcasm
"""49. ""Oh, great, just what I've always wanted. More 'interesting' small talk with colleagues.""",sarcasm
"""50. ""Wow, that's a fantastic idea. I'm sure it'll be just as successful as a priest in a strip club.""",sarcasm
"""Sure, here are 50 sarcastic examples in various contexts:""",sarcasm
"""1. Oh, you're finally here at 10 AM? I thought we were on ""your time"" now.""",sarcasm
"""2. Wow, your presentation was so engaging, even the coffee maker fell asleep.""",sarcasm
"""3. Thanks for your help, I could've finished it in half the time if I'd done it alone.""",sarcasm
"""4. Your cooking is so spicy, even the fire alarm is crying for mercy.""",sarcasm
"""5. I see you've mastered the art of 'reply all' - a true 21st-century skill.""",sarcasm
"""6. I love how you always bring joy and productivity to our meetings.""",sarcasm
"""7. Your feedback is like a breath of fresh air, as refreshing as a snowstorm in July.""",sarcasm
"""8. I'm in awe of your multitasking skills - you managed to ignore everyone simultaneously.""",sarcasm
"""9. You're a beacon of punctuality, like a train that's always on time, just 20 minutes early every day.""",sarcasm
"""10. Your driving is so smooth, I thought we were on a rollercoaster, not a highway.""",sarcasm
"""11. You're the epitome of subtlety, like a bull in a china shop wearing a tiara.""",sarcasm
"""12. Your singing voice is like a lullaby for the deaf - soothing and effective.""",sarcasm
"""13. I appreciate your honesty, it's like a punch in the face, but from a friend.""",sarcasm
"""14. Your fashion sense is truly unique, it's as if you're always dressed for a different occasion.""",sarcasm
"""15. You're a walking, talking dictionary, only 99% of the words you use are made up.""",sarcasm
"""16. Your dance moves are so smooth, they make a stop sign look like it's dancing too.""",sarcasm
"""17. You're the queen of small talk, every conversation with you is a thrilling rollercoaster ride to nowhere.""",sarcasm
"""18. I'm impressed, you actually made it to work sober this week. Well done.""",sarcasm
"""19. Your taste in music is... eclectic. It's like you're listening to two different radios at once.""",sarcasm
"""20. You're a model citizen, your traffic fines are as consistent as your paycheck.""",sarcasm
"""21. Your cooking is so bland, it's like eating a blank canvas.""",sarcasm
"""22. You're the life of the party, as long as the party is at the library.""",sarcasm
"""23. Your sense of direction is impeccable, it's always north - of reality.""",sarcasm
"""24. I love how you always brighten up a room, like a dark cloud on a sunny day.""",sarcasm
"""25. Your jokes are as funny as a root canal without anesthesia.""",sarcasm
"""26. You're a regular Einstein, you've finally figured out how to use a stapler.""",sarcasm
"""27. Your sense of style is timeless, a bit like your flip phone.""",sarcasm
"""28. You're the king of compromise, you always meet in the middle - between two extremes.""",sarcasm
"""29. Your idea of a 'quick' lunch break is like a 'quick' marathon - it's a marathon.""",sarcasm
"""30. You're a master of delegation, you manage to delegate everything to everyone else.""",sarcasm
"""31. Your acting skills are Oscar-worthy, especially when you're faking enthusiasm.""",sarcasm
"""32. Your stories are as captivating as a watching paint dry.""",sarcasm
"""33. You're a tech genius, you managed to set your alarm for PM instead of AM. Twice.""",sarcasm
"""34. Your baking is so tender, it makes a rock look soft.""",sarcasm
"""35. You're the queen of negotiations, you always get what you want... eventually, after everyone else has left.""",sarcasm
"""36. Your attention to detail is unparalleled, you managed to find a typo in my typo.""",sarcasm
"""37. Your memory is like a steel trap... for unimportant details.""",sarcasm
"""38. You're a regular Sherlock Holmes, you've finally found your keys... on your keychain.""",sarcasm
"""39. Your writing is so clear and concise, it's like reading a blank page.""",sarcasm
"""40. You're a regular superhero, you managed to find parking in the city. In the rain. On a Monday.""",sarcasm
"""41. Your singing voice is like a symphony, of crickets.""",sarcasm
"""42. You're the king of multitasking, you managed to spill your coffee while walking and texting.""",sarcasm
"""43. Your organizational skills are impressive, you managed to lose your phone... in your pocket.""",sarcasm
"""44. You're a regular meteorologist, you always predict the weather... incorrectly.""",sarcasm
"""45. Your fashion sense is always on point, like a bullseye... on the wrong target.""",sarcasm
"""46. You're the life of the party, as long as the party is in your head.""",sarcasm
"""47. Your cooking is so spicy, even the ghosts are sneezing.""",sarcasm
"""48. You're a regular miracle worker, you managed to turn water into wine... with a few extra steps and a bottle of red.""",sarcasm
"""49. Your sense of humor is as subtle as a brick through a window.""",sarcasm
"""50. You're a regular time traveler, you always arrive... eventually.""",sarcasm
"""1. ""Oh, you've managed to turn on the computer today? You're a regular Einstein!""",sarcasm
"""2. ""I'm absolutely blown away by your ability to follow instructions. It's like watching a symphony.""",sarcasm
"""3. ""Wow, you've really outdone yourself this time. I've never seen such a masterpiece of mess.""",sarcasm
"""4. ""You're like a breath of fresh air at the office, as refreshing as a moldy cheese platter.""",sarcasm
"""5. ""Your fashion sense is truly inspiring. It's the perfect mix of 'Who cares?' and 'I forgot to iron.'""",sarcasm
"""6. ""Your cooking is so delicious, it's a shame the fire alarm doesn't speak English.""",sarcasm
"""7. ""You've really got a way with words. I mean, who else could make 'jibber-jabber' sound profound?""",sarcasm
"""8. ""Your dance moves are so unique, they make epilepsy look like a natural sleep pattern.""",sarcasm
"""9. ""You're a walking, talking example of why evolution is just a theory.""",sarcasm
"""10. ""Your sense of direction is truly inspiring. I mean, who needs a compass when you've got you?""",sarcasm
"""11. ""You've got more charm than a root canal, but at least it's free.""",sarcasm
"""12. ""You're like a ray of sunshine, brightening up the room like a power outage.""",sarcasm
"""13. ""Your singing voice is so enchanting, it makes a cat's howl sound like a lullaby.""",sarcasm
"""14. ""You've got the charisma of a wet blanket, but at least you're good at parties - if the party is a funeral.""",sarcasm
"""15. ""Your sense of style is so cutting-edge, it makes cubism look like a straight line.""",sarcasm
"""16. ""You've got more grace than a drunken giraffe on an ice rink.""",sarcasm
"""17. ""Your cooking is so spicy, it makes a chili pepper cry 'uncle'.""",sarcasm
"""18. ""Your conversation skills are so impressive, they make a mime look verbose.""",sarcasm
"""19. ""You're like a breath of fresh air, as refreshing as a fart in a spacesuit.""",sarcasm
"""20. ""Your sense of humor is so subtle, it's like watching paint dry and finding it hilarious.""",sarcasm
"""21. ""You've got the social skills of a rock, but at least you're easier to move.""",sarcasm
"""22. ""Your ability to multitask is truly inspiring. I mean, who else can mess up two things at once?""",sarcasm
"""23. ""Your driving is so smooth, it makes a rollercoaster look like a Sunday cruise.""",sarcasm
"""24. ""You're like a beacon of hope, shining a light on the dark ages of fashion.""",sarcasm
"""25. ""Your artistic talent is so profound, it makes a kindergarten drawing look like the Mona Lisa.""",sarcasm
"""26. ""Your listening skills are so impressive, they make a deaf person look like they're at a rock concert.""",sarcasm
"""27. ""You've got the acting skills of a mannequin, but at least you're easier to dress.""",sarcasm
"""28. ""Your ability to read a room is so acute, it's like watching a dog try to open a door.""",sarcasm
"""29. ""Your writing is so engaging, it makes a shopping list sound like Shakespeare.""",sarcasm
"""30. ""You've got the emotional intelligence of a toaster, but at least you're consistent.""",sarcasm
"""31. ""Your sense of timing is so perfect, it's like watching a clock tick.""",sarcasm
"""32. ""You're like a ray of sunshine, brightening up the room like a solar eclipse.""",sarcasm
"""33. ""Your ability to make friends is so impressive, it makes a turtle look like a social butterfly.""",sarcasm
"""34. ""Your memory is so sharp, it's like trying to remember something through a fog.""",sarcasm
"""35. ""Your problem-solving skills are so advanced, they make a Rubik's cube look like a jigsaw puzzle.""",sarcasm
"""36. ""Your sense of direction is so keen, it's like being lost in a corn maze designed by a toddler.""",sarcasm
"""37. ""You've got the culinary skills of a starving artist, but at least your art is edible.""",sarcasm
"""38. ""Your ability to handle stress is so remarkable, it's like watching a teakettle boil over.""",sarcasm
"""39. ""Your dating life is so exciting, it's like watching paint dry on a fence.""",sarcasm
"""40. ""Your sense of style is so unique, it makes a clown look like a fashion icon.""",sarcasm
"""41. ""You've got the communication skills of a muppet, but at least you're easier to understand.""",sarcasm
"""42. ""Your ability to keep secrets is so impressive, it's like trying to hide an elephant in a phone booth.""",sarcasm
"""43. ""Your fashion sense is so cutting-edge, it makes Lady Gaga look like she's wearing a potato sack.""",sarcasm
"""44. ""You're like a breath of fresh air, as refreshing as a sneeze in a crowded elevator.""",sarcasm
"""45. ""Your ability to read people is so acute, it's like watching a dog try to read a newspaper.""",sarcasm
"""46. ""Your sense of humor is so dry, it makes the Sahara look like a rainforest.""",sarcasm
"""47. ""Your culinary creations are so delicious, they make a hangover look like a good idea.""",sarcasm
"""48. ""You've got the organizational skills of a hurricane, but at least you're unpredictable.""",sarcasm
"""49. ""Your ability to make an entrance is so impressive, it's like watching a elephant try to fit through a keyhole.""",sarcasm
"""50. ""Your sense of direction is so extraordinary, it's like trying to navigate a maze designed by M.C. Escher.""",sarcasm
"""Oh, you've finally figured out how to use the copy machine? I'm so impressed, it's like watching a monkey type Shakespeare.""",sarcasm
"""Wow, your cooking has really improved. It's not just edible, it's actually... not terrible.""",sarcasm
"""Oh look, the sun rose today. I guess miracles really do happen.""",sarcasm
"""I'm absolutely thrilled about this new project. It's not like we're already drowning in work.""",sarcasm
"""Why, yes, I'd love to stay late and help with the report. I absolutely adore spending my evenings in the office.""",sarcasm
"""Your singing voice is like a beautiful symphony of cats fighting.""",sarcasm
"""Oh, you're from California? I've heard they grow great people there. Like avocados.""",sarcasm
"""I'm just blown away by your extensive knowledge of... what was it again? Oh right, nothing.""",sarcasm
"""Not to toot my own horn, but I'm the best at tooting my own horn.""",sarcasm
"""Oh, I'm sorry I stepped on your foot. I must have mistaken it for a welcome mat.""",sarcasm
"""Your fashion sense is so unique. It's like you invented a new color. Like... 'trash bag beige'.""",sarcasm
"""Oh, you're a vegan? That's so brave. I could never give up cheese. It's like asking me to cut off my arm.""",sarcasm
"""I'm just amazed by your multitasking skills. You're like a one-person circus. A very confusing one.""",sarcasm
"""Your sense of direction is amazing. I've never seen a compass spin like that before.""",sarcasm
"""I'd love to come to your party, but I've already made plans to watch paint dry. It's a very exclusive event.""",sarcasm
"""Oh, you're a fan of that show? I thought it was just a cult following. Like, a real cult, with robes and everything.""",sarcasm
"""Oh, you're finally here? I was worried the calendar had lost its ability to predict time."" ""I see you've mastered the art of 'typing' today, impressive."" ""Your silence is deafening, much like your presence at the meetings."" ""I'm absolutely shocked that the office coffee maker managed to brew coffee without your touch."" ""Your idea is so innovative, it's practically a time machine... to the Stone Age."" ""I've never seen someone so committed to proving they're the office photoshop expert... by blurring every photo."" ""Your cooking is so spicy, it's basically a fire hazard. But I suppose that's one way to keep the office warm."" ""You're like a cat burglar, slipping into the office unnoticed. Or maybe it's the sound of your snoring that keeps us from noticing."" ""Your driving is so smooth, it's like watching a toddler navigate a go-kart."" ""I'm over the moon about your promotion. You know, all the way down to the basement where you'll be working."" ""Your fashion sense is so daring, it's giving '80s aerobics instructors a run for their money."" ""You're not just living on the edge, you're the edge, and the edge is sharp and dangerous."" ""I'm sorry if my sarcasm is coming across as actual help. My bad."" ""Your excuse is as thin as the ice you're suggesting we skate on."" ""I'm on a seafood diet. I see food, and I eat it. Just like you with that donut."" ""Your dance moves are so smooth, they're basically a liquid."" ""I'm not saying I'm an expert, but I'm also not not saying it."" ""Your argument is so airtight, it's like a whoopee cushion: it sounds convincing until it makes a noise."" ""You're not just pushing boundaries, you're redefining 'boundaries' as 'anything goes'."" ""I'm not sure what's more impressive, your work ethic or your ability to nap through meetings."" ""Your sense of direction is so poor, even the GPS is like, 'I give up, dude.'"" ""I'm so proud of your accomplishment. I mean, anyone can do it, but you did it... eventually."" ""Your singing voice is so unique, it's basically a human smoke detector."" ""You're like a breath of fresh air... in a room filled with stale, old ideas."" ""I'm not saying you're wrong, I'm just saying you're doing it wrong."" ""Your interpretation of events is so creative, it's like watching a Picasso paint a selfie."" ""I'm living my best life... said no one ever, while looking at you."" ""You're not just late, you're fashionably late... to the wrong party."" ""Your logic is so sound, it's like a sieve for common sense."" ""I'm not one to toot my own horn, but I will say, tooting my own horn is the only way I can get you to listen."" ""Your writing is so eloquent, it's basically a stroke of genius... or a typo."" ""I'm not saying you're a hack, I'm just saying your coding skills are so bad, even the keyboard is judging you."" ""You're like a ray of sunshine... on a cloudy day... in a cave.""",sarcasm
"""Oh, fantastic, just what we needed, another meeting about meetings.""",sarcasm
"""Wow, your cooking has really improved... I mean, it's now only slightly worse than prison food.""",sarcasm
"""I'm so excited for our team-building exercise, nothing like spending a Saturday pretending to care about each other.""",sarcasm
"""Thanks for the feedback, I'll make sure to add 'incompetent' to my resume right after 'overqualified'.""",sarcasm
"""Oh look, another 'important' email from HR about dress code. I'll just add 'formal' to my list of wardrobe malfunctions.""",sarcasm
"""I'm absolutely thrilled that our office's 'wellness initiative' includes a snack machine filled with candy.""",sarcasm
"""Oh, I see you've mastered the art of parallel parking... in a SUV, between two empty spaces.""",sarcasm
"""Thanks for setting the dinner table, it's not like we own forks or something.""",sarcasm
"""Your music taste is... eclectic. I've never known anyone who enjoys both elevator music and heavy metal.""",sarcasm
"""Oh great, just what I always wanted, a 'surprise' visit from my in-laws.""",sarcasm
"""I'm just amazed by your punctuality, always the last one to arrive, it's like you're defying the laws of physics.""",sarcasm
"""Your fashion sense is... unique. I didn't know it was still the '80s, or that neon was making a comeback.""",sarcasm
"""I'm so glad we finally agree on something, I've been waiting for you to be wrong about something for years.""",sarcasm
"""Oh, I see you've decided to embrace your inner hipster, ironic facial hair and all. Very authentic.""",sarcasm
"""Your sense of direction is... impressive. I've never seen someone so determined to get lost in their own neighborhood.""",sarcasm
"""I'm just in awe of your multitasking skills, talking on the phone, watching TV, and ignoring your kids simultaneously.""",sarcasm
"""Oh, I see you've finally discovered the joy of ironing. I'm sure your wrinkled clothes will appreciate it.""",sarcasm
"""I'm so proud of you for learning how to use the remote, it's like watching a baby take its first steps.""",sarcasm
"""Your taste in art is... refined. I've never seen so many empty walls in my life.""",sarcasm
"""Oh, I see you've decided to embrace your inner child, throwing tantrums and all. Very mature.""",sarcasm
"""I'm so glad we're finally having this 'heart-to-heart' conversation, I've been dying to tell you how much you irritate me.""",sarcasm
"""Your cooking is... an acquired taste. Much like marmite or liver.""",sarcasm
"""Oh, I see you've decided to embrace your inner vegetarian, eating nothing but salad and my patience.""",sarcasm
"""I'm just amazed by your problem-solving skills, ignoring the problem seems to work wonders.""",sarcasm
"""Your fashion sense is... bold. I've never seen someone so determined to make the 'who wore it better' list.""",sarcasm
"""Oh, I see you've finally discovered the joy of cleaning, it's like watching a tornado in a bottle.""",sarcasm
"""I'm so glad we're finally having this 'open and honest' conversation, I've been dying to lie to you for years.""",sarcasm
"""Your taste in music is... diverse. I've never seen anyone enjoy both silence and noise so much.""",sarcasm
"""Oh, I see you've decided to embrace your inner historian, reminiscing about the good old days of dial-up internet.""",sarcasm
"""I'm just in awe of your ability to find the silver lining in every cloud, even when it's raining inside.""",sarcasm
"""Your driving skills are... impressive. I've never seen someone parallel park in a straight line quite like that.""",sarcasm
"""Oh, I see you've finally discovered the joy of exercise, running away from your responsibilities.""",sarcasm
"""I'm so proud of you for learning how to use the internet, it's like watching a caveman discover fire.""",sarcasm
"""Your taste in movies is... sophisticated. I've never seen so many explosions and so little plot in my life.""",sarcasm
"""Oh, I see you've decided to embrace your inner environmentalist, recycling your empty soda cans and my patience.""",sarcasm
"""I'm just amazed by your ability to find something to complain about, even when everything is going perfectly.""",sarcasm
"""1. ""Oh, fantastic! It's raining, and my umbrella's at home. Because clearly, I wasn't planning to get soaked today.""",sarcasm
"""2. ""Well, isn't that just peachy? I've been waiting for this meeting to start all morning, and now we're running late. Typical.""",sarcasm
"""3. ""I've been trying to master this software all week, and now my coworker tells me it's been updated. Thanks for the heads-up, tech gods.""",sarcasm
"""4. ""Oh, I'm sorry to hear about your car trouble. You know, they say things always go wrong on a Monday just to make sure you're awake.""",sarcasm
"""5. ""Wow, you've really outdone yourself with this casserole. It's like a party in my mouth, and everyone's throwing up.""",sarcasm
"""6. ""I can't believe it's Friday and I still have this pile of work. Guess I'll just cancel my plans to... oh wait, I don't have any.""",sarcasm
"""7. ""Oh, look at that, the internet's down. I guess this is a great time to catch up on my nonexistent social life.""",sarcasm
"""8. ""I'm so glad we had this talk. Now that I understand everything, I'm sure I'll be able to explain it to you in an equally clear manner.""",sarcasm
"""9. ""I finally got a gym membership! I mean, why not? It's not like I have any other commitments or a valid excuse to stay home.""",sarcasm
"""10. ""Oh, I love these long lines at the DMV. It's just like Black Friday, but without the deals and the adrenaline rush.""",sarcasm
"""11. ""I'm so excited for this week's meeting. Not only do we get to discuss our progress, but we also get to hear everyone's excuses for not meeting their targets.""",sarcasm
"""12. ""I've been trying to learn a new language. It's going great, except for the part where I still can't understand a word anyone says.""",sarcasm
"""13. ""I'm really looking forward to this family reunion. It's not like we have any unresolved issues or awkward silences to fill.""",sarcasm
"""14. ""Oh, I'm sorry for interrupting your important work. I know how much you love being disturbed while staring at a blank screen.""",sarcasm
"""15. ""Wow, this traffic is awful. I mean, who needs roads when you can just park on the highway and have a picnic?""",sarcasm
"""16. ""I'm so glad my alarm went off early today. There's nothing I love more than waking up to realize I have to rush through my morning routine.""",sarcasm
"""17. ""I can't wait to try this new restaurant. Their Yelp reviews are terrible, so I know the food must be amazing.""",sarcasm
"""18. ""Oh, I'm sorry for being late. I was just trying to perfect my time travel technique so I could be here on time.""",sarcasm
"""19. ""I've been trying to follow this recipe, but it's like they're speaking a foreign language. Oh wait, that's because it is in French.""",sarcasm
"""20. ""I'm really enjoying this movie. It's got action, suspense, and a plot that makes less sense than a Rubik's cube.""",sarcasm
"""21. ""Oh, I'm sorry I spilled your drink. I didn't realize you were so attached to that useless piece of liquid courage.""",sarcasm
"""22. ""I've been trying to lose weight. It's going great, except for the part where I'm still eating like I'm training for a marathon.""",sarcasm
"""23. ""Oh, I'm sorry for snapping at you. I'm just in a fantastic mood today, and you're bringing me down like a lead balloon.""",sarcasm
"""24. ""I'm really looking forward to this plane ride. It's not like being trapped in a metal tube with a hundred strangers can be anything but enjoyable.""",sarcasm
"""25. ""Oh, I'm sorry for being so loud. I didn't realize I was disturbing your quiet time of judging everyone around you.""",sarcasm
"""26. ""I've been trying to learn to play the guitar. It's going great, except for the part where I still can't play anything but 'Twinkle, Twinkle, Little Star'.""",sarcasm
"""27. ""I'm so glad we had this little chat. It's not like we can't just read each other's minds or something.""",sarcasm
"""28. ""Oh, I'm sorry for interrupting your intense stare-off with your phone. I didn't realize it was a life-or-death situation.""",sarcasm
"""29. ""I'm really enjoying this book. It's got a gripping plot, well-developed characters, and a ending that makes less sense than a toddler's explanation of quantum physics.""",sarcasm
"""30. ""I've been trying to meditate. It's going great, except for the part where I still can't stop my brain from turning into a hamster on a wheel.""",sarcasm
"""31. ""Oh, I'm sorry for being so quiet. I didn't realize I was disturbing your inner monologue of self-importance.""",sarcasm
"""32. ""I'm so excited for this job interview. It's not like I have any other options or a backup plan.""",sarcasm
"""33. ""I've been trying to get into yoga. It's going great, except for the part where I'm more flexible than a rubber band and still can't touch my toes.""",sarcasm
"""34. ""Oh, I'm sorry for being so cheerful. I didn't realize I was disturbing your pity party for one.""",sarcasm
"""35. ""I'm really looking forward to this concert. It's not like I can't just listen to the album at home without the crowds and the noise.""",sarcasm
"""36. ""I've been trying to learn to cook. It's going great, except for the part where I still can't tell if something is burned or just well-done.""",sarcasm
"""37. ""Oh, I'm sorry for being so organized. I didn't realize I was disturbing your spontaneous chaos.""",sarcasm
"""38. ""I'm so glad we're having this productive discussion. It's not like we can just agree to disagree and move on.""",sarcasm
"""39. ""I've been trying to break a habit. It's going great, except for the part where I still haven't actually broken it.""",sarcasm
"""40. ""Oh, I'm sorry for being so helpful. I didn't realize I was disturbing your self-proclaimed expertise.""",sarcasm
"""41. ""I'm really looking forward to this road trip. It's not like we can just fly there and avoid the endless hours of traffic and scenery.""",sarcasm
"""42. ""I've been trying to learn to dance. It's going great, except for the part where I still look like I'm having a seizure while trying to moonwalk.""",sarcasm
"""43. ""Oh, I'm sorry for being so punctual. I didn't realize I was disturbing your fashionably late entrance.""",sarcasm
"""44. ""I'm so glad we're having this heart-to-heart. It's not like we can just communicate like normal human beings.""",sarcasm
"""45. ""I've been trying to learn to paint. It's going great, except for the part where I still can't tell the difference between a masterpiece and a toddler's finger-painting.""",sarcasm
"""46. ""Oh, I'm sorry for being so modest. I didn't realize I was disturbing your insatiable hunger for praise.""",sarcasm
"""47. ""I'm really looking forward to this hike. It's not like I can just take an elevator to the top and skip the whole exercise part.""",sarcasm
"""48. ""I've been trying to quit smoking. It's going great, except for the part where I still haven't actually quit.""",sarcasm
"""49. ""Oh, I'm sorry for being so patient. I didn't realize I was disturbing your impatience.""",sarcasm
"""50. ""I'm so glad we're having this lively debate. It's not like we can just agree to disagree and call it a day.""",sarcasm
"""Ooh, I'm just thrilled to spend my Saturday night watching you sort your sock drawer.""",sarcasm
"""I'm absolutely stunned by your impressive ability to avoid eye contact during meetings.""",sarcasm
"""Great job today, team!"" said no one ever about this disaster.""",sarcasm
"""Oh, look, it's raining. The one day you remembered an umbrella.""",sarcasm
"""I'm loving this new diet, I've never felt hungrier in my life.""",sarcasm
"""Your recipe is so simple, even a toddler could mess it up.""",sarcasm
"""I'm genuinely surprised they gave you the day off, considering your work ethic.""",sarcasm
"""Wow, you've really outdone yourself with this... masterpiece.""",sarcasm
"""I'm sure the entire neighborhood is benefiting from your early morning karaoke practice.""",sarcasm
"""Your silence is so deafening, I can hear it from across the room.""",sarcasm
"""I'm absolutely riveted by your fascinating story about your commute.""",sarcasm
"""Oh, I'm sorry, did I interrupt your crucial game of Candy Crush?""",sarcasm
"""Your jokes are so hilarious, I think I just pulled a muscle laughing.""",sarcasm
"""I'm just blown away by your profound knowledge of celebrity gossip.""",sarcasm
"""Your cooking is so delicious, I think I've gained 10 pounds just smelling it.""",sarcasm
"""I'm really impressed by your commitment to finishing that Netflix series.""",sarcasm
"""Your driving is so smooth, I think I've aged a decade in this ride.""",sarcasm
"""I'm sure your passive-aggressive notes are making your roommate's day.""",sarcasm
"""Your fashion sense is so unique, I think I've gone colorblind.""",sarcasm
"""I'm really enjoying this silence, it's like you're not even here.""",sarcasm
"""Your opinions are so valuable, I think I'll keep them in mind... never.""",sarcasm
"""I'm just loving the new haircut, it's like you're trying to blend in with the furniture.""",sarcasm
"""Your singing voice is so melodic, it's giving my ears a headache.""",sarcasm
"""I'm really impressed by your incredible ability to miss the point entirely.""",sarcasm
"""Your dancing is so graceful, it's giving me secondhand embarrassment.""",sarcasm
"""I'm sure your constant complaining is really helping to solve the problem.""",sarcasm
"""Your grammar is so perfect, it's giving my brain a workout just reading it.""",sarcasm
"""Your acting is so convincing, I think I've developed a split personality.""",sarcasm
"""I'm just loving the new perfume, it's like you've bathed in an ashtray.""",sarcasm
"""Your taste in music is so diverse, it's giving me aural whiplash.""",sarcasm
"""I'm sure your all-nighter of studying is really going to pay off... in your dreams.""",sarcasm
"""Your sense of direction is so impeccable, I think we're going in circles.""",sarcasm
"""Your cooking is so gourmet, I think I've just discovered a new definition of burnt.""",sarcasm
"""I'm just loving this weather, it's like Mother Nature is personally attacking me.""",sarcasm
"""Your painting is so abstract, I think it's giving my eyes a seizure.""",sarcasm
"""Your idea is so brilliant, I think I've just become even more stupid.""",sarcasm
"""I'm sure your constant apologizing is really helping to build your self-esteem.""",sarcasm
"""Your laugh is so infectious, I think I've caught a disease.""",sarcasm
"""Your sense of humor is so sophisticated, I think I need a decoder ring to understand it.""",sarcasm
"""I'm just loving this traffic jam, it's like we're all on a slow-moving vacation.""",sarcasm
"""Your fashion sense is so avant-garde, it's giving my eyes a migraine.""",sarcasm
"""I'm sure your excessive use of emojis is really enhancing your communication skills.""",sarcasm
"""Your singing voice is so beautiful, it's giving my eardrums a heartache.""",sarcasm
"""Your taste in movies is so refined, it's giving my brain a workout just watching them.""",sarcasm
"""1. ""Oh, fantastic, just what we needed - another meeting to discuss why we're having so many meetings.""",sarcasm
"""2. ""I'm absolutely loving this traffic today, it's just like a well-choreographed ballet out here.""",sarcasm
"""3. ""Wow, you're really nailing that 'hands-free' driving, haven't seen a phone strapped to the steering wheel like that since, well, ever.""",sarcasm
"""4. ""Oh, I'm so sorry I spilled my coffee, again. I promise, it was just asking for it.""",sarcasm
"""5. ""I'm all for teamwork, but when you say 'we're in this together', do you mean literally, because I'm not sure my desk can handle both of us.""",sarcasm
"""6. ""Oh, look, the Wi-Fi is down again. I guess it's just another day in paradise.""",sarcasm
"""7. ""Yeah, I totally understand the hype about that new movie. It's like they took every cliche and said, 'Hold my beer'.""",sarcasm
"""8. ""Oh, absolutely, your dad jokes are as old as time itself. I mean that in the most respectful way possible.""",sarcasm
"""9. ""Well, isn't that just peachy? The one day I decide to wear white, the universe decides to throw a food fight.""",sarcasm
"""10. ""Oh, I'm sure that's exactly how Einstein solved his theories - with a Red Bull and a bag of Doritos.""",sarcasm
"""11. ""Yeah, I'm sure that's what they meant by 'breaking a sweat' in the gym today - sweating out all the water in my body.""",sarcasm
"""12. ""Oh, great, just what this day needed - a power outage. I guess the lights decided to take a nap too.""",sarcasm
"""13. ""Wow, your cooking is so amazing, I've never seen smoke detectors cry before.""",sarcasm
"""14. ""Oh, I'm sure that 'check engine' light is just a misunderstood warning system, like the boy who cried wolf, but with cars.""",sarcasm
"""15. ""Yeah, I'm sure that's exactly how they meant 'AI' to be pronounced - '-eye-eye-eye-oh-god-why'.""",sarcasm
"""16. ""Oh, I'm absolutely thrilled that the elevator is out of order. Stairs are so underrated these days.""",sarcasm
"""17. ""Oh, fantastic, just when I thought my day couldn't get any better, the fire alarm goes off. Because why not?""",sarcasm
"""18. ""Yeah, I'm sure that's exactly how they meant 'mind-blowing' - in the most literal sense possible.""",sarcasm
"""19. ""Oh, I'm so glad we're having a 'healthy' lunch today. I can really feel the kale screaming at me.""",sarcasm
"""20. ""Oh, fantastic, just what I always wanted - a 'surprise' visit from the in-laws. I mean, who doesn't love a good surprise ambush?""",sarcasm
"""21. ""Yeah, I'm sure that's exactly how they meant 'infinite scroll' - 'infinitely frustrating'.""",sarcasm
"""22. ""Oh, I'm sure that's exactly what they meant by 'customer experience' - waiting on hold for an hour to be told to turn it off and on again.""",sarcasm
"""23. ""Wow, your sense of direction is truly world-class. I mean, who needs GPS when you've got a personal compass like you?""",sarcasm
"""24. ""Oh, I'm sure that's exactly how they meant 'quick nap' - 'unplanned 5-hour sleep'.""",sarcasm
"""25. ""Yeah, I'm sure that's exactly how they meant 'streamlined process' - 'mysteriously disappeared'.""",sarcasm
"""26. ""Oh, I'm sure that's exactly what they meant by 'low-maintenance' - 'never needs anything, unless you count that tiny thing called 'food' and 'water'.""",sarcasm
"""27. ""Wow, your ability to procrastinate is truly an art form. I mean, who needs a to-do list when you've got a master procrastinator like you?""",sarcasm
"""28. ""Oh, I'm so glad we're having a 'team-building' exercise. I mean, who doesn't love a good trust fall after a long day of work?""",sarcasm
"""29. ""Yeah, I'm sure that's exactly how they meant 'time flies' - 'has anyone seen the clock, it's just vanished'.""",sarcasm
"""30. ""Oh, fantastic, just what I always wanted - a 'spontaneous' family gathering. I mean, who doesn't love a good surprise party?""",sarcasm
"""31. ""Yeah, I'm sure that's exactly how they meant 'user-friendly' - 'I have no idea what I'm doing but at least it's pretty'.""",sarcasm
"""32. ""Oh, I'm sure that's exactly what they meant by 'free-range' chicken - 'ranging freely in my stomach after I ate it'.""",sarcasm
"""33. ""Wow, your ability to multitask is truly something to behold. I mean, who needs a focused mind when you've got a multitasking maestro like you?""",sarcasm
"""34. ""Oh, I'm so glad we're having a 'family dinner'. I mean, who doesn't love a good silent treatment with a side of awkward tension?""",sarcasm
"""35. ""Yeah, I'm sure that's exactly how they meant 'light reading' - 'I've been staring at this book for hours and I still don't know what's happening'.""",sarcasm
"""36. ""Oh, I'm sure that's exactly what they meant by 'natural' flavors - 'flavors that were once alive and now are not'.""",sarcasm
"""37. ""Wow, your ability to keep secrets is truly impressive. I mean, who needs a vault when you've got a secret-keeper like you? Oh wait...""",sarcasm
"""38. ""Oh, I'm sure that's exactly how they meant 'organic' - 'grown without pesticides, but with liberal doses of sarcasm'.""",sarcasm
"""39. ""Yeah, I'm sure that's exactly how they meant 'living on the edge' - 'stuck in traffic, again'.""",sarcasm
"""40. ""Oh, I'm so glad we're having a 'brainstorming' session. I mean, who doesn't love a good meeting where no ideas are actually good enough?""",sarcasm
"""41. ""Wow, your sense of humor is truly unique. I mean, who needs laughter when you've got a joke-teller like you?""",sarcasm
"""42. ""Oh, I'm sure that's exactly what they meant by 'low-fat' - 'still full of fat, just less of it'.""",sarcasm
"""43. ""Yeah, I'm sure that's exactly how they meant 'fast-paced' - 'moving so fast, I'm not sure I'm actually moving at all'.""",sarcasm
"""44. ""Oh, I'm so glad we're having a 'potluck' dinner. I mean, who doesn't love a good mystery meat casserole?""",sarcasm
"""45. ""Wow, your ability to stay positive is truly inspiring. I mean, who needs a sunny day when you've got a ray of sunshine like you?""",sarcasm
"""46. ""Oh, I'm sure that's exactly what they meant by 'high-quality' - 'kinda expensive, but at least it's not falling apart yet'.""",sarcasm
"""47. ""Yeah, I'm sure that's exactly how they meant 'well-rounded' - 'rounded so much, I've become an oval'.""",sarcasm
"""48. ""Oh, I'm so glad we're having a 'group project'. I mean, who doesn't love a good 'I'll do nothing and you can't prove it' situation?""",sarcasm
"""49. ""Wow, your ability to adapt is truly remarkable. I mean, who needs a plan B when you've got an improviser like you?""",sarcasm
"""50. ""Oh, I'm sure that's exactly what they meant by 'good vibes only' - 'no negative thoughts allowed, unless they're about that one guy'.""",sarcasm
"""Oh, look at that, it's raining again. I guess the weatherman was actually right for once.""",sarcasm
"""Wow, your cooking has really improved. It's almost edible now.""",sarcasm
"""You're like a human GPS, always getting us lost in the most creative ways.""",sarcasm
"""I've never seen someone so dedicated to not understanding basic instructions.""",sarcasm
"""Oh great, another meeting about the importance of communication. I can barely contain my excitement.""",sarcasm
"""Your fashion sense is truly... unique. I mean that in the nicest way possible.""",sarcasm
"""I've never seen someone so passionate about... not doing their job.""",sarcasm
"""Oh, I'm sorry, did I step on your toes while you were napping under your desk?""",sarcasm
"""Your sense of direction is truly inspiring. It's like watching a real-life GPS malfunction.""",sarcasm
"""I've never seen someone so talented at avoiding responsibility. You should teach a class.""",sarcasm
"""Oh, I see you've finally mastered the art of turning off your phone during work hours. Bravo.""",sarcasm
"""Your idea is... certainly unique. I've never heard anyone suggest we set the office on fire before.""",sarcasm
"""Oh, I'm so sorry, I didn't realize you were trying to break the world record for slowest email responder.""",sarcasm
"""Your time management skills are truly impressive. You've mastered the art of doing nothing all day.""",sarcasm
"""I've never seen someone so committed to proving that two wrongs do make a right.""",sarcasm
"""Oh, I'm sorry, I didn't mean to interrupt your nap with this little thing called 'work'.""",sarcasm
"""Your driving is like a real-life rollercoaster. I can't wait for the next loop-de-loop.""",sarcasm
"""I've never seen someone so dedicated to proving that 'idiot' isn't a four-letter word.""",sarcasm
"""Oh, I see you've finally discovered the 'snooze' button. I'm sure your alarm was thrilled to make your acquaintance.""",sarcasm
"""Your cooking is so good, it's almost worth the risk of food poisoning.""",sarcasm
"""I've never seen someone so talented at avoiding eye contact. You should teach a workshop.""",sarcasm
"""Oh, I'm so sorry, I didn't mean to wake you up from your power nap. I thought you were on a break.""",sarcasm
"""Your sense of humor is... something else. I'm not sure what, but it's definitely something.""",sarcasm
"""I've never seen someone so dedicated to proving that 'multi-tasking' is just a fancy word for 'chaos'.""",sarcasm
"""Oh, I see you've finally mastered the art of silent treatment. I'm impressed, in a 'why is it so cold in here?' kind of way.""",sarcasm
"""Your cooking is so spicy, it's almost worth the trip to the ER. Almost.""",sarcasm
"""I've never seen someone so talented at ignoring the 'due by yesterday' deadline.""",sarcasm
"""Oh, I'm so sorry, I didn't realize you were in the middle of your 'personal time' on company time.""",sarcasm
"""1. ""Oh, fantastic, it's raining. Just what this day needed, a flood to match my mood.""",sarcasm
"""2. ""I'm absolutely thrilled to have back-to-back meetings on a Friday. Thank goodness for small miracles.""",sarcasm
"""3. ""Sure, I'd love to stay late and finish this report. Because nothing says 'fun' like missing my kid's bedtime.""",sarcasm
"""4. ""Wow, that's one heck of a promotion. From manager to micromanager in just six months.""",sarcasm
"""5. ""I'm so impressed by how well you've mastered the art of ignoring crucial emails.""",sarcasm
"""6. ""Oh, look, the coffee machine is broken again. I guess we'll just have to rely on our wits today.""",sarcasm
"""7. ""Oh, absolutely, I'll definitely get that done by tomorrow. After all, I live for tight deadlines and last-minute stress.""",sarcasm
"""8. ""I'm just blown away by your untapped potential for procrastination. You're a natural!""",sarcasm
"""9. ""Oh, I'm so sorry about your car. It's probably just a minor scratch. You know, the kind that ruins your whole day.""",sarcasm
"""10. ""I'm genuinely amazed at how you managed to make that simple task so incredibly complicated.""",sarcasm
"""11. ""Oh, I'm sure that client will absolutely love your 'unique' interpretation of their brief.""",sarcasm
"""12. ""Wow, that's some serious multitasking. You're texting, checking emails, and ignoring me all at the same time.""",sarcasm
"""13. ""I'm so glad we could have this heart-to-heart. It's not like we have a hundred other things to do.""",sarcasm
"""14. ""Oh, I'm just thrilled that we're having pizza for the third night in a row. It's not like we have any other food groups.""",sarcasm
"""15. ""Yes, dear, I'm sure your teacher is just being too hard on you. I'm certain that 'needs improvement' is just teacher code for 'future Nobel laureate'.""",sarcasm
"""16. ""Oh, I'm so glad you decided to join us for dinner. It's not like we've been waiting for an hour.""",sarcasm
"""17. ""I'm absolutely delighted that you've decided to run for president. I mean, who needs a qualified candidate when we can have a reality TV star?""",sarcasm
"""18. ""Oh, I'm sure that new album is just as brilliant as their last one. Because nothing says 'consistency' like a complete change in sound.""",sarcasm
"""19. ""I'm so glad we could spend our entire weekend doing chores. It's not like there's a whole world out there to explore.""",sarcasm
"""20. ""Oh, I'm just thrilled about our new neighbors. Their late-night parties are such a great addition to our sleep schedule.""",sarcasm
"""21. ""Wow, that's some serious debate skills. You've managed to completely avoid the topic at hand.""",sarcasm
"""22. ""I'm so impressed by your ability to make everything about you. It's a true talent.""",sarcasm
"""23. ""Oh, I'm sure that's just a small, insignificant typo. It's not like anyone will notice the wrong company name on our biggest client's brochure.""",sarcasm
"""24. ""I'm genuinely touched by your concern for my well-being. It's not like you're just trying to get me to do your paperwork.""",sarcasm
"""25. ""Oh, I'm so happy to see that you've finally mastered the art of filling out forms. It's not like we've been doing this for years.""",sarcasm
"""26. ""I'm absolutely fascinated by your theory on quantum physics. You should really consider a career in... no, wait, that actually makes sense.""",sarcasm
"""27. ""Oh, I'm sure that dress is just perfect for a job interview. It's not like you want to make a good first impression or anything.""",sarcasm
"""28. ""Wow, that's some serious detective work. I'm sure the FBI would love to have you on their team. Or, you know, not.""",sarcasm
"""29. ""I'm so glad you could join us for dinner. It's not like we're celebrating anything important.""",sarcasm
"""30. ""Oh, I'm just thrilled that we're out of milk. It's not like I can make breakfast without it.""",sarcasm
"""31. ""I'm genuinely impressed by your ability to sleep through your alarm. It's a true skill.""",sarcasm
"""32. ""Wow, that's some serious cooking. It's not like we can taste the smoke from here.""",sarcasm
"""33. ""Oh, I'm sure that's just a little bit of mold on the cheese. It's not like it's a whole ecosystem up in there.""",sarcasm
"""34. ""I'm absolutely delighted that our Wi-Fi is down again. It's not like I need to work from home or anything.""",sarcasm
"""35. ""Wow, that's some serious customer service. I'm sure they'll be back soon to buy more of your products.""",sarcasm
"""36. ""I'm so glad you're finally done with that project. It's not like it took you three times longer than it should have.""",sarcasm
"""37. ""Oh, I'm sure that's just a minor data breach. It's not like our entire company's information is compromised.""",sarcasm
"""38. ""I'm genuinely impressed by your ability to stay awake during meetings. It's a true superpower.""",sarcasm
"""39. ""Wow, that's some serious time management. It's not like you're constantly running late.""",sarcasm
"""40. ""I'm so glad we could have this little chat. It's not like we have a million other things to do.""",sarcasm
"""41. ""Oh, I'm sure that's just a small stain on the carpet. It's not like it's a permanent reminder of last night's party.""",sarcasm
"""42. ""I'm absolutely fascinated by your ability to find fault in everything. It's a true gift.""",sarcasm
"""43. ""Wow, that's some serious bargaining skills. I'm sure the store will be happy to take back a used item.""",sarcasm
"""44. ""I'm so glad you could make it to the meeting. It's not like your presence was requested or anything.""",sarcasm
"""45. ""Oh, I'm sure that's just a small mistake on your resume. It's not like you lied about your entire work history.""",sarcasm
"""46. ""I'm genuinely impressed by your ability to make everything sound worse than it is. It's a true talent.""",sarcasm
"""47. ""Wow, that's some serious self-awareness. It's not like you're completely oblivious to your own flaws.""",sarcasm
"""48. ""I'm so glad we could have this heart-to-heart. It's not like we have a hundred other things to do.""",sarcasm
"""49. ""Oh, I'm just thrilled that we're out of toilet paper. It's not like anyone will notice if we use a leaf instead.""",sarcasm
"""50. ""I'm absolutely fascinated by your ability to make absolutely no sense whatsoever. It's a true skill.""",sarcasm
"""Oh, fabulous, another meeting where we can collectively waste more time than a toddler in a toy store."" - Office Banter""",sarcasm
"""Wow, your cooking has really evolved. It's almost edible now!"" - Family Discussion""",sarcasm
"""Oh, I see you've mastered the art of parallel parking. I guess the world really is your oyster."" - Casual Friend Chat""",sarcasm
"""Well, that's just peachy. Yet another traffic jam caused by a single snowflake."" - Regional Nuance (New England)""",sarcasm
"""Oh, I absolutely love your new haircut. It's the perfect look for a witness protection program."" - Online Debate""",sarcasm
"""Oh, great, just what we needed. A power outage to make this day even more delightful."" - Casual Friend Chat""",sarcasm
"""Oh, I'm just thrilled that my alarm didn't go off this morning. It's not like I had an important meeting or anything."" - Dry Humor""",sarcasm
"""Oh, I'm so sorry for spilling my coffee on your brand new laptop. I guess that's just the universe's way of telling you to switch to tea."" - Sarcastic Apology""",sarcasm
"""I mean, it's not like we're living in a dystopian society or anything, right?"" - Online Debate""",sarcasm
"""Oh, fantastic, another 'let's all hold hands and sing kumbaya' team-building exercise. My calendar was just so empty."" - Office Banter""",sarcasm
"""Oh, I'm just over the moon about these new budget cuts. It's not like we were already scraping by or anything."" - Dry Humor""",sarcasm
"""Oh, I see you've started using your turn signals. I must have missed the memo about the driving apocalypse."" - Casual Friend Chat""",sarcasm
"""Oh, I'm just dying to hear your new album. It's not like you've already slumped into a one-hit wonder or anything."" - Pop Culture Reference""",sarcasm
"""Oh, wonderful, another email asking for a progress update. Because nothing says 'motivation' like constant micromanagement."" - Office Banter""",sarcasm
"""Oh, I'm just thrilled to see that our local government has finally decided to fix that pothole. I mean, it's not like it's been there for the past decade or anything."" - Regional Nuance (Chicago)""",sarcasm
"""Oh, I'm just so impressed with your mad coding skills. It's not like there are literally thousands of tutorials online or anything."" - Online Debate""",sarcasm
"""Oh, I'm just beside myself with joy at the prospect of another family dinner. It's not like we all have better things to do or anything."" - Family Discussion""",sarcasm
"""Oh, I'm just overjoyed to see that the printer has run out of ink. Because what else was I planning to do with my afternoon?"" - Dry Humor""",sarcasm
"""Oh, I see you've broken your New Year's resolution already. It's not like it's only February or anything."" - Casual Friend Chat""",sarcasm
"""Oh, I'm just so grateful for your invaluable input. It's not like anyone else could have thought of that."" - Backhanded Compliment""",sarcasm
"""Oh, I'm just loving the new company uniform. It's not like we're all dressed like we're in witness protection or anything."" - Office Banter""",sarcasm
"""Oh, I'm just thrilled with the new school lunch menu. It's not like my kid can't stand another week of mystery meat."" - Family Discussion""",sarcasm
"""Oh, I'm just ecstatic about the new parking regulations. It's not like I'll ever need to park on campus again or anything."" - Regional Nuance (College Town)""",sarcasm
"""Oh, I'm just impressed by your stellar time management skills. It's not like you've been playing video games all day or anything."" - Casual Friend Chat""",sarcasm
"""Oh, I'm just delighted to see that the weather forecast is for more rain. It's not like my basement isn't already a swimming pool or anything."" - Dry Humor""",sarcasm
"""I mean, it's not like we're all going to turn into pumpkins at midnight or anything, right?"" - Pop Culture Reference""",sarcasm
"""Oh, I'm just loving this traffic. It's not like I have anywhere important to be or anything."" - Casual Friend Chat""",sarcasm
"""Oh, I'm just thrilled that our Wi-Fi is down again. It's not like I have any work to do or anything."" - Office Banter""",sarcasm
"""Oh, I'm just over the moon about our new neighbor's taste in music. It's not like it's 3 AM or anything."" - Casual Friend Chat""",sarcasm
"""Oh, I'm just so grateful for your constructive criticism. It's not like I've been working on this project for months or anything."" - Backhanded Compliment""",sarcasm
"""Oh, I'm just dying to hear your excuses for missing the deadline. I mean, it's not like I've heard them all before or anything."" - Online Debate""",sarcasm
"""Oh, I'm just thrilled that my flight has been delayed. It's not like I have a connecting flight or anything."" - Casual Friend Chat""",sarcasm
"""Oh, I'm just loving the new company policy. It's not like it doesn't make sense or anything."" - Office Banter""",sarcasm
"""Oh, I'm just so impressed with your ability to multitask. It's not like you're on your phone the entire time or anything."" - Casual Friend Chat""",sarcasm
"""Oh, I'm just ecstatic about the new property taxes. It's not like I'm struggling to make ends meet or anything."" - Regional Nuance (Suburban Area)""",sarcasm
"""Oh, I'm just thrilled to see that the customer service line is open 24/7. It's not like I'll ever need to use it or anything."" - Dry Humor""",sarcasm
"""Oh, I'm just loving the new public transportation system. It's not like it's slower than a snail or anything."" - Regional Nuance (Big City)""",sarcasm
"""1. ""Oh, you're using a Mac? How very original, I've only seen that in every other coffee shop.""",sarcasm
"""2. ""I'm absolutely thrilled to have another meeting about our 'progress'.""",sarcasm
"""3. ""Your cooking has really improved, it's not just edible, it's actually enjoyable.""",sarcasm
"""4. ""I'm sure the world will recover from the loss of your Instagram post.""",sarcasm
"""5. ""Oh wow, a vegan restaurant? How very brave, going against centuries of human tradition.""",sarcasm
"""6. ""I'm loving this traffic today, it's just like a real-life game of Frogger.""",sarcasm
"""7. ""Your art is so profound, I'm not sure I understand it. Then again, neither do you.""",sarcasm
"""8. ""I'm absolutely beside myself with excitement for this TPS report.""",sarcasm
"""9. ""Your sense of direction is truly inspiring, like a modern-day Odysseus.""",sarcasm
"""10. ""I'm just blown away by your ability to multitask, talking and breathing at the same time is truly impressive.""",sarcasm
"""11. ""Oh look, it's raining again. I guess God really wants us to stay indoors and read the fine print on our contracts.""",sarcasm
"""12. ""I'm so glad you're here, the party was starting to feel like a real-life episode of 'The Office'.""",sarcasm
"""13. ""Your dance moves are so unique, I've never seen anything quite like them. Not even in Night at the Roxbury.""",sarcasm
"""14. ""Your fashion sense is truly ahead of its time, like a modern-day Picasso of the wardrobe.""",sarcasm
"""15. ""Oh, you're a writer? How fascinating. I've heard that's a real job now.""",sarcasm
"""16. ""I'm just in awe of your ability to find the positives in any situation. Especially when that situation is this meeting.""",sarcasm
"""17. ""Your taste in music is so... eclectic. I've never heard anything quite like it. Ever.""",sarcasm
"""18. ""Oh, you're a yoga instructor? That must be so rewarding. I've heard it's just like being a personal trainer, but with less actual exercise.""",sarcasm
"""19. ""Your stand-up comedy is truly laugh-out-loud funny. I mean, I wouldn't say it's 'laughing so hard I'm crying' funny, but still.""",sarcasm
"""20. ""I'm just amazed at how you've managed to make a PowerPoint presentation so... stimulating.""",sarcasm
"""21. ""Your driving is so smooth, it's like a real-life version of those Mario Kart games.""",sarcasm
"""22. ""Oh, you're a model? That must be so hard. All that standing around and looking pretty.""",sarcasm
"""23. ""Your singing voice is truly one of a kind. I've never heard anything quite like it. Not even a cat in heat.""",sarcasm
"""24. ""Your acting is so realistic, it's like you're not even acting at all. It's like watching a real-life episode of 'The Truman Show'.""",sarcasm
"""25. ""I'm just so grateful for your sparkling wit and charm, it's like a breath of fresh air in this stuffy office.""",sarcasm
"""26. ""Your painting is so lifelike, it's like you've captured the very essence of... abstractness.""",sarcasm
"""27. ""Oh, you're a politician? That must be so rewarding. All that helping people and making tough decisions.""",sarcasm
"""28. ""Your cooking is so healthy, it's like you're trying to make us live forever. Which, by the way, is not on my bucket list.""",sarcasm
"""29. ""Your sense of humor is so subtle, I'm not sure if you're joking or just having a stroke.""",sarcasm
"""30. ""Your dancing is so graceful, it's like you're defying gravity. Or maybe you're just drunk, it's hard to tell.""",sarcasm
"""31. ""I'm just loving this new system you've implemented. It's like you've taken every inefficiency we had and multiplied it by ten.""",sarcasm
"""32. ""Your writing is so profound, it's like you're speaking to the very soul of the reader. Or maybe they just fell asleep.""",sarcasm
"""33. ""Oh, you're a musician? That's cool. I've also seen people play instruments before.""",sarcasm
"""34. ""Your photography is so artistic, it's like you're capturing the very essence of... whatever it is you're pointing your camera at.""",sarcasm
"""35. ""Your sense of direction is so keen, I'm sure you could navigate the Amazon rainforest blindfolded. Or maybe you just have a good sense of smell.""",sarcasm
"""36. ""Your acting is so convincing, it's like you're not even acting at all. It's like watching a real-life episode of 'Candid Camera'.""",sarcasm
"""37. ""I'm just loving this new haircut. It's like you've taken a page out of the 'Book of Mushroom Cuts'.""",sarcasm
"""38. ""Your fashion sense is so unique, it's like you're setting a new trend. In the wrong direction.""",sarcasm
"""39. ""Your sense of humor is so dry, it's like you're comedy is a desert and I'm dying of thirst.""",sarcasm
"""40. ""Oh, you're a teacher? That must be so rewarding. All that shaping young minds and dealing with parents.""",sarcasm
"""41. ""Your singing voice is so powerful, it's like you're not just singing, you're also providing the soundtrack to my life. And it's not a very good one.""",sarcasm
"""42. ""Your dancing is so energetic, it's like you're trying to set a world record for most calories burned in a minute.""",sarcasm
"""43. ""I'm just loving this new coffee shop. It's like they've taken every possible way to overcharge for coffee and combined it into one place.""",sarcasm
"""44. ""Your painting is so realistic, it's like you've captured the very essence of... a photograph.""",sarcasm
"""45. ""Oh, you're a doctor? That must be so interesting. All that learning and helping people and dealing with other people's bodily fluids.""",sarcasm
"""46. ""Your cooking is so spicy, it's like you're trying to set my mouth on fire. And then dance on the ashes.""",sarcasm
"""47. ""Your sense of humor is so subtle, it's like a punchline without a joke.""",sarcasm
"""48. ""Your acting is so convincing, it's like you're not even acting at all. It's like watching a real-life episode of 'Days of Our Lives'.""",sarcasm
"""49. ""I'm just loving this new app you've created. It's like you've taken every possible way to waste time and combined it into one place.""",sarcasm
"""50. ""Your taste in art is so refined, it's like you're a connoisseur of... paint on canvas.""",sarcasm
"""Work meeting just ended, and I've already forgotten what we talked about. Typical.""",sarcasm
"""You're like a breath of fresh air... in a crowded room full of asthmatics.""",sarcasm
"""Oh, you've done your taxes already? That's impressive, for a human.""",sarcasm
"""I'm so impressed by your parking skills. I've seen better parallel parking from a shopping cart.""",sarcasm
"""Wow, you've really outdone yourself this time. I've never seen a microwave dinner look so... alive.""",sarcasm
"""I'm sorry I stepped on your foot, I didn't realize it was a national landmark.""",sarcasm
"""Your sense of direction is like a GPS, but instead of taking you where you want to go, it leads you to the Bermuda Triangle.""",sarcasm
"""I love how you always bring positivity to any situation. Especially when we're trapped in an elevator together.""",sarcasm
"""Your cooking is so spicy, I've started ordering my food in Morse code so the waiters understand my order.""",sarcasm
"""You're like a ray of sunshine, except instead of being warm and nice, you're just really loud and annoying.""",sarcasm
"""I'm not saying you're bad at your job, I'm just saying the coffee machine has been more reliable lately.""",sarcasm
"""Your sense of style is so unique. I've never seen someone make the color beige look so... beige.""",sarcasm
"""I'm sorry for spilling my drink on you. I guess I just have a natural gift for finding the one person in the room who doesn't like getting wet.""",sarcasm
"""Your driving is so smooth, I've started using your car to test my seizure medication.""",sarcasm
"""You're like a walking, talking Wikipedia, except instead of being useful, you're just really annoying.""",sarcasm
"""I'm not saying you're lazy, I'm just saying the sloths at the zoo keep asking you for pointers.""",sarcasm
"""Your sense of humor is like a fine wine, it's only appreciated by a select few... and none of them are here.""",sarcasm
"""I'm not saying you're always late, I'm just saying the clock in the office has been moved to your time zone.""",sarcasm
"""Your cooking is so bad, the rats have started using the cat door to get out of the house.""",sarcasm
"""You're like a puzzle, but instead of being fun to solve, you're just really frustrating and make no sense.""",sarcasm
"""I'm sorry I called you out on your mistake. I guess I just have a hard time resisting the urge to be right all the time.""",sarcasm
"""Oh, great, another meeting. Just what my calendar needed, a good dose of caffeine and monotony.""",sarcasm
"""1. ""Oh, great, it's raining again. Just what this drought-stricken city needed.""",sarcasm
"""2. ""I see you've mastered the art of 'not spilling coffee' today. Well done.""",sarcasm
"""3. ""Oh, sure, the Wi-Fi goes down just as I'm about to hit 'send' on this crucial email.""",sarcasm
"""4. ""Yes, because nothing says 'I value your opinion' like ignoring it completely.""",sarcasm
"""5. ""I'm absolutely thrilled that the printer ran out of ink right before my meeting.""",sarcasm
"""6. ""Wow, you've truly outdone yourself with this... 'meal'. It's almost edible.""",sarcasm
"""7. ""Oh, fantastic, just what I wanted to do today - wait in line at the DMV.""",sarcasm
"""8. ""I'm so grateful for this traffic jam. It's really improving my mood.""",sarcasm
"""9. ""Oh, great, another 'urgent' email from the boss. I can feel my weekend disappearing.""",sarcasm
"""10. ""I simply adore these surprise inspections. They're the highlight of my week.""",sarcasm
"""11. ""Oh, sure, the alarm clock chooses today to malfunction. Typical.""",sarcasm
"""12. ""I absolutely love it when our team meetings run over by three hours.""",sarcasm
"""13. ""Oh, fantastic, a power outage. Just what I needed to finish this project on time.""",sarcasm
"""14. ""I'm so glad we had this little chat. It's really cleared up my confusion.""",sarcasm
"""15. ""Oh, brilliant, I've just been assigned the most thrilling task of updating the filing system.""",sarcasm
"""16. ""I'm absolutely delighted that my Wi-Fi password is ' Password123'. It's so original.""",sarcasm
"""17. ""Oh, joy, another 'mandatory' training session. I can hardly contain my excitement.""",sarcasm
"""18. ""I'm so grateful for this 'constructive' criticism. It's really boosting my morale.""",sarcasm
"""19. ""Oh, fantastic, the coffee machine is broken. Just when I needed it most.""",sarcasm
"""20. ""I'm absolutely thrilled that my plane is delayed. Airports are my favorite places to be.""",sarcasm
"""21. ""Oh, great, I've just been promoted to 'head of paperwork'. Dreams do come true.""",sarcasm
"""22. ""I'm so glad my partner and I have 'opposite' sleep schedules. It's really improved our communication.""",sarcasm
"""23. ""Oh, wonderful, another 'urgent' message from my mother-in-law. I can hardly wait to read it.""",sarcasm
"""24. ""I'm absolutely ecstatic that my car has decided to break down on this lovely highway.""",sarcasm
"""25. ""Oh, fantastic, I've just discovered a new gray hair. I was beginning to feel too young.""",sarcasm
"""26. ""I'm so grateful for these 'fun' icebreaker activities at conferences. They're so relaxing.""",sarcasm
"""27. ""Oh, great, another study showing that sitting is bad for you. I can hardly wait to stand at my desk all day.""",sarcasm
"""28. ""I'm absolutely thrilled that my teenager has discovered sarcasm. It's such a joy to come home to.""",sarcasm
"""29. ""Oh, fantastic, I've just been asked to lead the 'fun' team-building exercise. How lucky I am.""",sarcasm
"""30. ""I'm so glad I chose today to wear my best suit. It's really helping me blend in with the crowd.""",sarcasm
"""31. ""Oh, great, another 'important' email that could have been a text message.""",sarcasm
"""32. ""I'm absolutely delighted that my pet has decided to chew on my favorite shoes. It's a real bonding experience.""",sarcasm
"""33. ""Oh, fantastic, I've just been assigned to the 'creative' brainstorming session. My ideas are simply bursting to get out.""",sarcasm
"""34. ""I'm so grateful for these 'helpful' comments on my social media posts. They're really boosting my self-esteem.""",sarcasm
"""35. ""Oh, great, another 'emergency' meeting that could have been an email.""",sarcasm
"""36. ""I'm absolutely thrilled that my gym has decided to close for 'renovations'. It's really helping me stick to my fitness goals.""",sarcasm
"""37. ""Oh, fantastic, I've just been added to another 'useful' group chat. It's really improving my productivity.""",sarcasm
"""38. ""I'm so glad my partner and I have 'different' ideas about what constitutes 'clean'. It's really helping us communicate.""",sarcasm
"""39. ""Oh, great, another 'essential' update to our software. I can hardly wait to spend hours learning the new layout.""",sarcasm
"""40. ""I'm absolutely delighted that my commute has been delayed by a protest. It's really helping me relax.""",sarcasm
"""41. ""Oh, fantastic, I've just been asked to work from home... with my kids. What could possibly go wrong?""",sarcasm
"""42. ""I'm so grateful for these 'inspirational' quotes on social media. They're really changing my life.""",sarcasm
"""43. ""Oh, great, another 'must-attend' webinar. My calendar is simply overflowing with excitement.""",sarcasm
"""44. ""I'm absolutely thrilled that my phone has decided to autocorrect 'duck' to 'f**k'. It's really improving my vocabulary.""",sarcasm
"""45. ""Oh, fantastic, I've just been assigned to 'mentor' the new intern. It's really helping me develop my leadership skills.""",sarcasm
"""46. ""I'm so glad I chose today to try out that new fitness class. My body is really thanking me.""",sarcasm
"""47. ""Oh, great, another 'quick' meeting that's running over by an hour. Time is really flying today.""",sarcasm
"""48. ""I'm absolutely delighted that my kids have decided to have a sleepover at my house. It's really helping me get some work done.""",sarcasm
"""49. ""Oh, fantastic, I've just been told that my 'creative' ideas are 'not a good fit'. It's really boosting my confidence.""",sarcasm
"""50. ""I'm so glad I chose today to wear my best outfit. It's really helping me blend in with the pigeons.""",sarcasm
"""1. ""Oh, I'm sorry for being late, I didn't realize we were on 'Punctual Paul' time today.""",sarcasm
"""2. ""Wow, your cooking has really improved. It's almost edible now.""",sarcasm
"""3. ""I'm absolutely thrilled to spend my Saturday afternoon at the DMV. Who wouldn't?""",sarcasm
"""4. ""That's a fascinating tattoo. It's almost like you got a permanent reminder of a bad decision.""",sarcasm
"""5. ""I love how you 'clean' the kitchen. It's like a real-life game of 'Hide the Dishes'.""",sarcasm
"""6. ""Oh, I see you've mastered the art of parallel parking. It's almost like you're not driving a tank.""",sarcasm
"""7. ""That's a brilliant idea. I'm surprised no one has thought of it before. Like, ever.""",sarcasm
"""8. ""I'm so impressed by your multitasking skills. You're practically a human octopus.""",sarcasm
"""9. ""That's a lovely shade of 'I stayed up all night' you're wearing today.""",sarcasm
"""10. ""I'm really enjoying this silent treatment. It's almost like we're having a conversation.""",sarcasm
"""11. ""Your sense of direction is truly remarkable. I've never seen a human compass so... magnetically challenged.""",sarcasm
"""12. ""That's a beautiful piece of art. It's almost like you spilled paint on purpose.""",sarcasm
"""13. ""I'm absolutely delighted to spend my evening doing paperwork. It's almost like a vacation.""",sarcasm
"""14. ""Your sense of style is truly unique. It's almost like you shop in the ' Miscellaneous' section.""",sarcasm
"""15. ""I'm in absolute awe of your musical talents. It's almost like you're not tone-deaf.""",sarcasm
"""16. ""That's a fantastic idea. I'm sure it'll work out just as well as the last time we tried something 'brilliant'.""",sarcasm
"""17. ""I'm so grateful for your 'help'. It's almost like you're not making things worse on purpose.""",sarcasm
"""18. ""Oh, I see you've finally learned how to use a phone. It's almost like you're a human being now.""",sarcasm
"""19. ""That's a wonderful way to express yourself. It's almost like you're not screaming into the void.""",sarcasm
"""20. ""I'm so impressed by your negotiation skills. It's almost like you didn't just give away the farm.""",sarcasm
"""21. ""Your football strategy is truly inspiring. It's almost like you've never watched a game before.""",sarcasm
"""22. ""I'm absolutely enthralled by your storytelling abilities. It's almost like you're not making it all up.""",sarcasm
"""23. ""That's a fantastic argument. It's almost like you didn't just pull that out of your... hat.""",sarcasm
"""24. ""I'm so glad you could join us. It's almost like we planned this... ever.""",sarcasm
"""25. ""Your culinary skills are truly impressive. It's almost like you didn't burn the chicken.""",sarcasm
"""26. ""I'm absolutely blown away by your logic. It's almost like you're not talking out of your... ear.""",sarcasm
"""27. ""That's a wonderful use of your time. It's almost like you have nothing better to do.""",sarcasm
"""28. ""I'm so grateful for your advice. It's almost like you know what you're talking about.""",sarcasm
"""29. ""Your fashion sense is truly avant-garde. It's almost like you're not wearing your pajamas in public.""",sarcasm
"""30. ""That's a fantastic plan. It's almost like we didn't just set ourselves up for failure.""",sarcasm
"""31. ""I'm so glad you're finally awake. It's almost like you didn't sleep through the entire movie.""",sarcasm
"""32. ""Your singing voice is truly enchanting. It's almost like you're not waking the dead.""",sarcasm
"""33. ""I'm absolutely thrilled to see you're still here. It's almost like you have nowhere else to be.""",sarcasm
"""34. ""Your driving skills are truly inspiring. It's almost like you didn't just run over a curb.""",sarcasm
"""35. ""That's a wonderful idea. It's almost like it wasn't suggested by someone else first.""",sarcasm
"""36. ""I'm so impressed by your dancing. It's almost like you're not having a seizure.""",sarcasm
"""37. ""Your taste in movies is truly refined. It's almost like you didn't just pick the most predictable one.""",sarcasm
"""38. ""I'm absolutely delighted to see you're eating healthy. It's almost like you didn't just order a pizza.""",sarcasm
"""39. ""Your sense of humor is truly unique. It's almost like you're not just telling the same joke over and over.""",sarcasm
"""40. ""That's a fantastic solution. It's almost like we didn't just create more problems.""",sarcasm
"""41. ""I'm so impressed by your knowledge. It's almost like you didn't just Google that.""",sarcasm
"""42. ""Your artistic talent is truly remarkable. It's almost like you didn't just draw a stick figure.""",sarcasm
"""43. ""That's a wonderful way to communicate. It's almost like you're not just shouting.""",sarcasm
"""44. ""I'm so glad you're here. It's almost like you didn't just cancel on us last minute.""",sarcasm
"""45. ""Your sense of direction is truly exceptional. It's almost like you didn't just get us lost.""",sarcasm
"""46. ""That's a fantastic idea. It's almost like it isn't completely impractical.""",sarcasm
"""47. ""I'm so impressed by your listening skills. It's almost like you weren't ignoring me.""",sarcasm
"""48. ""Your cooking is truly delicious. It's almost like you didn't just microwave a frozen dinner.""",sarcasm
"""49. ""I'm absolutely thrilled to see you're working hard. It's almost like you didn't just log into Netflix.""",sarcasm
"""50. ""Your attention to detail is truly remarkable. It's almost like you didn't just miss the entire point.""",sarcasm
"""1. ""Oh, fantastic, it's raining. Just what I needed to make my day complete.""",sarcasm
"""2. ""Well, that's a great use of taxpayer money, isn't it? A gold-plated bridge to nowhere.""",sarcasm
"""3. ""I'm absolutely thrilled that the printer decided to run out of ink right now. Couldn't have planned it better myself.""",sarcasm
"""4. ""Oh, you're a morning person now? Since when did you become the human equivalent of a cheerful rooster?""",sarcasm
"""5. ""I'm just over the moon that my Wi-Fi decided to take a vacation. Couldn't have chosen a better time.""",sarcasm
"""6. ""Wow, that's some serious detective work, Sherlock. I had no idea you were a super sleuth.""",sarcasm
"""7. ""I'm positively delighted to have been chosen for this 'exciting' project. It's just what I've always dreamed of.""",sarcasm
"""8. ""Oh, great, just what I wanted. A nice, long commute with no traffic. Isn't life grand?""",sarcasm
"""9. ""I'm absolutely fascinated by your fascinating insights on astrophysics. You should really consider a career in it.""",sarcasm
"""10. ""I'm simply bursting with joy to see that the coffee maker is broken. Just when I needed a pick-me-up.""",sarcasm
"""11. ""Oh, fantastic, it's Monday. I can't even begin to express my excitement.""",sarcasm
"""12. ""I'm positively thrilled to have another meeting about our lack of progress. It's just what we needed.""",sarcasm
"""13. ""Wow, you're a real tech genius. I had no idea you could figure out how to turn on the computer.""",sarcasm
"""14. ""I'm absolutely delighted to see that the office fridge is still full of mystery leftovers. It's like Christmas came early.""",sarcasm
"""15. ""Oh, wonderful, it's the middle of the night and the baby just woke up. What could be more delightful?""",sarcasm
"""16. ""I'm simply overjoyed that my favorite show got cancelled. I was getting tired of all that entertainment.""",sarcasm
"""17. ""Oh, great, it's raining and I forgot my umbrella. I just love walking around like a soaked cat.""",sarcasm
"""18. ""I'm absolutely thrilled that the cable is out. I was getting tired of all those riveting TV shows.""",sarcasm
"""19. ""Wow, you're a real wordsmith. I had no idea you could string together that many adjectives.""",sarcasm
"""20. ""I'm positively ecstatic that my alarm decided to go off an hour early. It's just what I needed to start my day.""",sarcasm
"""21. ""Oh, fantastic, the power just went out. I can't think of a better way to spend my evening.""",sarcasm
"""22. ""I'm simply bursting with joy to see that the water heater is broken. A cold shower is just what I needed today.""",sarcasm
"""23. ""Wow, you're a real culinary genius. I had no idea you could burn water.""",sarcasm
"""24. ""I'm absolutely over the moon that my flight is delayed. I was really looking forward to that long wait at the airport.""",sarcasm
"""25. ""Oh, great, it's time for another family reunion. I can't wait to see all my favorite relatives.""",sarcasm
"""26. ""I'm positively thrilled that my car decided to break down in the middle of nowhere. It's just what I always wanted.""",sarcasm
"""27. ""Wow, you're a real fashion icon. I had no idea you could pair those two colors together.""",sarcasm
"""28. ""I'm simply overjoyed that I left my lunch at home. I love a good diet day.""",sarcasm
"""29. ""Oh, fantastic, it's my turn to do the dishes. I can't wait to spend my evening scrubbing.""",sarcasm
"""30. ""I'm absolutely delighted that my phone decided to die just as I was about to call for help.""",sarcasm
"""31. ""Wow, you're a real comedian. I had no idea you could be so hilariously sarcastic.""",sarcasm
"""32. ""I'm positively thrilled that my boss decided to give me even more work. It's just what I needed to fill my already overflowing plate.""",sarcasm
"""33. ""Oh, great, it's time for another round of budget cuts. I just love seeing my paycheck shrink.""",sarcasm
"""34. ""I'm simply bursting with joy to see that my favorite band announced a reunion tour. I can't wait to relive my glory days.""",sarcasm
"""35. ""Wow, you're a real conversationalist. I had no idea you could talk about the weather for so long.""",sarcasm
"""36. ""I'm absolutely ecstatic that my favorite sports team lost the championship. I was really looking forward to celebrating.""",sarcasm
"""37. ""Oh, fantastic, it's time for another performance review. I can't wait to hear all about my many failures.""",sarcasm
"""38. ""I'm positively thrilled that my gym closed down. I was really getting tired of all that exercise.""",sarcasm
"""39. ""Wow, you're a real critic. I had no idea you could find so many flaws in a single painting.""",sarcasm
"""40. ""I'm simply overjoyed that my favorite restaurant closed down. I was really getting tired of all that good food.""",sarcasm
"""41. ""Oh, great, it's time for another parent-teacher conference. I can't wait to hear all about my child's many shortcomings.""",sarcasm
"""42. ""I'm absolutely delighted that my favorite book series ended on a cliffhanger. I was really hoping for a satisfying conclusion.""",sarcasm
"""43. ""Wow, you're a real linguist. I had no idea you could make up so many words.""",sarcasm
"""44. ""I'm positively thrilled that my favorite movie was remade. I was really looking forward to seeing it ruined.""",sarcasm
"""45. ""Oh, fantastic, it's time for another round of layoffs. I can't wait to see who gets the axe this time.""",sarcasm
"""46. ""I'm simply bursting with joy to see that my favorite store is having a 50% off sale. I can't wait to spend all my money.""",sarcasm
"""47. ""Wow, you're a real artist. I had no idea you could make something so... unique.""",sarcasm
"""48. ""I'm absolutely ecstatic that my favorite celebrity got caught in a scandal. I was really hoping for some juicy gossip.""",sarcasm
"""49. ""Oh, great, it's time for another family game night. I can't wait to lose again.""",sarcasm
"""50. ""I'm positively thrilled that my favorite song got stuck in my head. I can't wait to hear it on repeat all day.""",sarcasm
"""1. ""Oh, you've managed to turn on the computer today? I'm impressed, it's not like you're a tech genius or anything.""",sarcasm
"""2. ""Wow, your cooking has truly reached the pinnacle of culinary art. I can't wait to try this... whatever it is.""",sarcasm
"""3. ""Great, just what we needed - another meeting to discuss why we're not meeting our targets. Let's hope this one isn't as pointless as the last five.""",sarcasm
"""4. ""I love how you always arrive at the party just as everyone's leaving. It's like you have a sixth sense for when the fun is over.""",sarcasm
"""5. ""Oh, you're a fan of that new movie? I could tell by the way you've seen it five times and quoted every line ad nauseam.""",sarcasm
"""6. ""I'm so sorry for interrupting your 'break' every five minutes to ask if you've finished your work yet.""",sarcasm
"""7. ""Your fashion sense is truly ahead of its time. I'm sure the trash bags you're wearing will make a comeback in a few decades.""",sarcasm
"""8. ""I'm absolutely thrilled to spend my Saturday night watching you play video games. It's not like I have a life or anything.""",sarcasm
"""9. ""Oh, you finally got a promotion? I suppose if you keep setting the bar low enough, you'll eventually trip and land a job title.""",sarcasm
"""10. ""I can't believe you've managed to make instant coffee taste worse than instant coffee should. That's a true talent.""",sarcasm
"""11. ""I see you've mastered the art of adulting today. Bravo, you've managed to put on matching socks.""",sarcasm
"""12. ""Your sense of direction is like a GPS designed by a drunken sailor. I'm sure we'll reach our destination eventually - maybe next century.""",sarcasm
"""13. ""I'm sure the cat will love that new song you've written. It's not like it has any other options for entertainment.""",sarcasm
"""14. ""Oh, you're on a diet? I can tell by the way you're inhaling that entire pizza like it's the last one on Earth.""",sarcasm
"""15. ""Your driving skills are as smooth as a politician's promise. I'm sure the brake pedal is just a suggestion, right?""",sarcasm
"""16. ""I'm so glad you've decided to join us in the 21st century. It's not like the rest of us have been here for decades.""",sarcasm
"""17. ""Your sense of humor is as subtle as a brick through a window. I'm sure the people in the next town over appreciate your laughter.""",sarcasm
"""18. ""Oh, you've finally learned how to use a smartphone? I guess that explains why you've been staring at it like a caveman at a iPad for the past year.""",sarcasm
"""19. ""Your cooking is so spicy, I'm pretty sure it makes the fire alarms cry. And they're not even alive.""",sarcasm
"""20. ""I'm so glad you've taken up yoga. It's not like you're already as flexible as a brick wall.""",sarcasm
"""21. ""Oh, you've decided to 'express yourself' with that new hairstyle? I'm sure the world is ready for another fashion statement that screams 'I don't care'.""",sarcasm
"""22. ""Your dancing is so graceful, it's a shame the floor can't applaud you.""",sarcasm
"""23. ""I'm so sorry for breathing while you're trying to sleep. I'll do my best to exhale quietly from now on.""",sarcasm
"""24. ""Your photography skills are truly world-class. It's not like everyone can take a blurry picture of a distant mountain and call it art.""",sarcasm
"""25. ""I'm absolutely delighted to spend my evening watching you catch up on your TV shows. It's not like I have my own life or anything.""",sarcasm
"""26. ""Oh, you've discovered the joy of sarcasm? I can tell by the way you're using it as subtly as a sledgehammer.""",sarcasm
"""27. ""Your singing is as pleasant as a cat being drowned in a bucket. I'm sure the neighbors appreciate your nightly performances.""",sarcasm
"""28. ""I'm so glad you've found a way to make even instant ramen taste like it's been sitting in a dumpster for a week.""",sarcasm
"""29. ""Your sense of style is as timeless as a disposable razor. I'm sure it will be just as fashionable next season.""",sarcasm
"""30. ""Oh, you've decided to 'take a break' from social media? I'm sure the world will survive without your daily cat pictures.""",sarcasm
"""31. ""Your painting is so lifelike, I can almost smell the fumes from the exhaust pipe.""",sarcasm
"""32. ""I'm so happy to see you've discovered the joy of exercise. It's not like you've been sitting on the couch for the past five years.""",sarcasm
"""33. ""Your acting skills are as convincing as a toddler trying to lie about eating the last cookie.""",sarcasm
"""34. ""I'm absolutely thrilled to see you've decided to 'network' at this event. It's not like you could be doing something productive instead.""",sarcasm
"""35. ""Your sense of direction is like a ship lost at sea. I'm sure we'll find our way eventually - maybe in another dimension.""",sarcasm
"""36. ""Oh, you've started a blog? I'm sure the world is just waiting for another person to share their uninformed opinions on everything.""",sarcasm
"""37. ""Your dancing is so smooth, it's a shame the dance floor is made of concrete.""",sarcasm
"""38. ""I'm so glad you've decided to 'unplug' for the day. It's not like you're addicted to your phone or anything.""",sarcasm
"""39. ""Your writing is so profound, it's a shame no one can understand it.""",sarcasm
"""40. ""I'm so happy to see you've discovered the joy of public speaking. It's not like everyone in the audience isn't cringing at your every word.""",sarcasm
"""41. ""Your sense of fashion is as avant-garde as a potato sack. I'm sure it will catch on eventually.""",sarcasm
"""42. ""Oh, you've started a podcast? I'm sure the world needs another hour of your voice.""",sarcasm
"""43. ""Your cooking is so bland, it's a shame the salt shaker didn't fight back.""",sarcasm
"""44. ""I'm so glad you've decided to 'go green' by recycling your empty pizza boxes. It's not like you could have just not eaten that much pizza.""",sarcasm
"""45. ""Your singing voice is as melodious as a dying duck. I'm sure the birds appreciate your early morning serenades.""",sarcasm
"""46. ""Your sense of humor is as funny as a root canal. I'm sure the dentist appreciates your jokes.""",sarcasm
"""47. ""Oh, you've started a YouTube channel? I'm sure the world needs another person to share their unfiltered opinions on everything.""",sarcasm
"""48. ""Your painting is so abstract, it's a shame the paint didn't just stay in the tube.""",sarcasm
"""49. ""I'm so happy to see you've discovered the joy of gardening. It's not like you've killed every plant you've ever owned.""",sarcasm
"""50. ""Your acting is so convincing, I almost believed you when you said you didn't eat the last cookie.""",sarcasm
"""1. ""Oh, you're here. I thought you were still in the office, you know, where you actually work.""",sarcasm
"""2. ""Wow, your cooking has really improved. It's almost edible now.""",sarcasm
"""3. ""I love how you always arrive right on time, or should I say, fashionably late?""",sarcasm
"""4. ""You're a real tech genius, using a toaster without burning the house down.""",sarcasm
"""5. ""Your singing is so beautiful, it's giving my dog separation anxiety.""",sarcasm
"""6. ""I'm sorry I stole your thunder, again. I promise, next time I'll let you bore everyone with your stories.""",sarcasm
"""7. ""Your sense of direction is amazing. I've never seen someone get lost in a one-way street before.""",sarcasm
"""8. ""You're like a breath of fresh air, as fresh as a landfill in August.""",sarcasm
"""9. ""I see you've mastered the art of multitasking. Bravo, you're not on fire yet.""",sarcasm
"""10. ""You've really outdone yourself this time. I didn't know it was possible to overcook pasta.""",sarcasm
"""11. ""You're a regular Einstein, figuring out that the 'on' switch turns on the TV.""",sarcasm
"""12. ""I'm impressed, you've managed to make instant noodles taste worse than the last time.""",sarcasm
"""13. ""Your sense of humor is as dry as the Sahara, but at least it's consistent.""",sarcasm
"""14. ""You're a beacon of punctuality, like a Mack truck without brakes.""",sarcasm
"""15. ""I'm loving your new haircut. It's a real 'makeover' from your usual 'I woke up like this' look.""",sarcasm
"""16. ""You're a walking, talking encyclopedia of useless information. I'm amazed you can still find room for more.""",sarcasm
"""17. ""I'm sure the neighbors loved your 'caterwauling' last night. They've been asking for an encore.""",sarcasm
"""18. ""You're a real social butterfly, talking to people without using your phone as a shield.""",sarcasm
"""19. ""I've never seen anyone fold laundry with such... enthusiasm. It's almost frightening.""",sarcasm
"""20. ""Your fashion sense is as bold as a plain white tee in a room full of neon.""",sarcasm
"""21. ""You're the poster child for 'underpromise and overdeliver', isn't that right, everyone?""",sarcasm
"""22. ""I'm in awe of your ability to sleep through your own snoring. Truly a superpower.""",sarcasm
"""23. ""You're a regular Picasso, with a paintbrush and a wall.""",sarcasm
"""24. ""Your sense of style is so unique, I'm pretty sure it was made up by your tailor.""",sarcasm
"""25. ""I'm loving your new perfume. It's like an exotic blend of gym socks and wet dog.""",sarcasm
"""26. ""You're a real wordsmith, using big words like 'um' and 'uh'.""",sarcasm
"""27. ""I'm impressed with your culinary skills. I didn't know it was possible to make rice into a soup.""",sarcasm
"""28. ""Your dance moves are so smooth, they're making the floor pregnant.""",sarcasm
"""29. ""You're a real master of the obvious, like a traffic cone in a minefield.""",sarcasm
"""30. ""I'm loving your new music taste. It's like an auditory tour of a garbage disposal.""",sarcasm
"""31. ""Your driving is as smooth as a rollercoaster ride on a washboard road.""",sarcasm
"""32. ""You're a regular Shakespeare, with your way with words like 'like' and 'you know'.""",sarcasm
"""33. ""I'm sure your future kids will love your new car seat design. It's very... creative.""",sarcasm
"""34. ""Your sense of direction is as reliable as a compass made of magnets.""",sarcasm
"""35. ""You're a real bargain, like a used car with no brakes and a wonky steering wheel.""",sarcasm
"""36. ""I've never seen anyone make coffee taste like it's been through a war zone.""",sarcasm
"""37. ""Your idea of a 'quick' errand is like my idea of a 'short' novel.""",sarcasm
"""38. ""You're a real trendsetter, making 'unfashionable' look like the new 'fashionable'.""",sarcasm
"""39. ""I'm so glad you could join us. We were all missing your sparkling personality.""",sarcasm
"""40. ""Your singing voice is as melodious as a cat being dragged down the street by a car.""",sarcasm
"""41. ""You're a real ray of sunshine, like a solar eclipse on a cloudy day.""",sarcasm
"""42. ""I'm loving your new diet plan. You're getting as small as a house.""",sarcasm
"""43. ""Your writing is as clear as mud, but at least it's consistent.""",sarcasm
"""44. ""You're a regular Einstein, figuring out that the sun sets in the west.""",sarcasm
"""45. ""Your sense of humor is as funny as a root canal without anesthesia.""",sarcasm
"""46. ""I'm so proud of your new job. It's nice to see you finally working at your own level.""",sarcasm
"""47. ""You're a real people person, making strangers wish they were alone.""",sarcasm
"""48. ""Your fashion sense is as timeless as a disposable diaper.""",sarcasm
"""49. ""I'm loving your new fragrance. It's like a romantic walk through a landfill.""",sarcasm
"""50. ""You're a regular Einstein, figuring out that water boils at 100 degrees Celsius.""",sarcasm
"""Sure, here are 50 sarcastic text examples across various contexts:""",sarcasm
"""1. ""Oh, you're finally here! I thought you'd be another 15 minutes, like always.""",sarcasm
"""2. ""Wow, your cooking has really... improved. I can't taste the raw onions this time.""",sarcasm
"""3. ""I love the new you, so quiet and unassuming. Did you lose your voice?""",sarcasm
"""4. ""Your presentation was captivating. I didn't realize 'um' could be used so creatively.""",sarcasm
"""5. ""Your 'laptop' seems to be running on Windows 95. How quaint.""",sarcasm
"""6. ""I've never seen a more thorough job of 'tidying up'. Please, teach Marie Kondo your ways.""",sarcasm
"""7. ""Your 'humblebrag' about your new car is very... subtle.""",sarcasm
"""8. ""I appreciate your 'constructive' feedback. It's like a warm hug on a cold day.""",sarcasm
"""9. ""Your tattoo is so unique. I've never seen a barcode before.""",sarcasm
"""10. ""Your game last night was... spirited. I've never seen someone miss a goal so enthusiastically.""",sarcasm
"""11. ""Your 'opinion' on politics is as enlightening as a daytime talk show.""",sarcasm
"""12. ""I'm in awe of your ability to stay awake during meetings. It's truly inspiring.""",sarcasm
"""13. ""Your 'modest' proposal is so well-thought-out. I'm sure the board will love it.""",sarcasm
"""14. ""Your 'creative' writing is... an experience. I've never seen so many adjectives in one sentence.""",sarcasm
"""15. ""I can't believe you finished that project so quickly. I guess miracles do happen.""",sarcasm
"""16. ""Your 'heterodox' views on pop culture are... refreshing. Like a cold shower in winter.""",sarcasm
"""17. ""Your 'passion' for your job is... evident. I can smell the enthusiasm from here.""",sarcasm
"""18. ""Your 'masterpiece' is... unique. I've never seen a painting that looks like an abstract blob before.""",sarcasm
"""19. ""Your 'diplomatic' solution is like a breath of fresh air. In a gas chamber.""",sarcasm
"""20. ""I'm so glad you finally got a haircut. It's nice to see your face again.""",sarcasm
"""21. ""Your 'impressive' collection of action figures is... unprecedented. I've never seen so many plastic men in one place.""",sarcasm
"""22. ""Your 'response' to that email was... concise. I've never seen so many words say so little.""",sarcasm
"""23. ""Your 'innovative' idea is... groundbreaking. I've never heard of something so... not that.""",sarcasm
"""24. ""Your 'maturity' in handling that situation was... commendable. I've never seen an adult tantrum before.""",sarcasm
"""25. ""Your 'talent' for ignoring people is... unparalleled. I've never felt so seen, yet unseen.""",sarcasm
"""26. ""Your 'commitment' to fitness is... admirable. I've never seen someone eat a whole pizza and call it a 'cheat day'.""",sarcasm
"""27. ""Your 'intellectual' discourse on reality TV is... insightful. I've never felt dumber while feeling smarter.""",sarcasm
"""28. ""Your 'sense of direction' is... impressive. I've never been so lost in my own city.""",sarcasm
"""29. ""Your 'patience' with that customer was... saintly. I've never seen someone smile through gritted teeth so beautifully.""",sarcasm
"""30. ""Your 'appreciation' for my help is... overwhelming. I've never felt so unappreciated while being appreciated.""",sarcasm
"""31. ""Your 'style' is... eclectic. I've never seen so many clashing patterns in one outfit.""",sarcasm
"""32. ""Your 'sense of humor' is... unique. I've never laughed so hard I cried... from confusion.""",sarcasm
"""33. ""Your 'leadership' skills are... inspiring. I've never felt so motivated to do the bare minimum.""",sarcasm
"""34. ""Your 'perfect' life is... aspirational. I've never felt so inadequate while feeling so good for someone else.""",sarcasm
"""35. ""Your 'coffee' is... bold. I've never tasted so much coffee grounds in one cup.""",sarcasm
"""36. ""Your 'dedication' to your job is... impressive. I've never seen someone work so hard to avoid actual work.""",sarcasm
"""37. ""Your 'fashion sense' is... bold. I've never seen so many colors clash so beautifully.""",sarcasm
"""38. ""Your 'contribution' to the meeting was... valuable. I've never felt so enlightened by silence.""",sarcasm
"""39. ""Your 'ambition' is... inspiring. I've never seen someone so eager to step on others to get ahead.""",sarcasm
"""40. ""Your 'talent' for multitasking is... impressive. I've never seen someone so good at ignoring everything at once.""",sarcasm
"""41. ""Your 'charm' is... captivating. I've never felt so uncharmed while feeling charmed.""",sarcasm
"""42. ""Your 'openness' to new ideas is... refreshing. I've never felt so closed-minded while feeling open-minded.""",sarcasm
"""43. ""Your 'expertise' in this field is... evident. I've never felt so clueless while feeling expert.""",sarcasm
"""44. ""Your 'understanding' of the situation is... comprehensive. I've never felt so misunderstood while feeling understood.""",sarcasm
"""45. ""Your 'enthusiasm' for your job is... infectious. I've never felt so unenthused while feeling enthusiastic.""",sarcasm
"""46. ""Your 'attention to detail' is... remarkable. I've never seen so many mistakes in one project.""",sarcasm
"""47. ""Your 'people skills' are... exceptional. I've never felt so alone in a room full of people.""",sarcasm
"""48. ""Your 'talent' for avoiding work is... uncanny. I've never seen someone so busy doing nothing.""",sarcasm
"""49. ""Your 'sense of priorities' is... commendable. I've never seen someone put their phone over their child.""",sarcasm
"""50. ""Your 'wisdom' is... profound. I've never felt so unwise while feeling wise.""",sarcasm
"""1. ""Oh, so you've finally mastered the art of breathing, have you?""",sarcasm
"""2. ""That's not just a meal, it's a culinary masterpiece... for a three-year-old.""",sarcasm
"""3. ""Wow, you've really outdone yourself this time. I've never seen such... creativity in a mistake.""",sarcasm
"""4. ""I'm absolutely stunned by your punctuality today. It's like you're a completely different person.""",sarcasm
"""5. ""Your 'unique' sense of style is really turning heads today. In fact, I think they're spinning right off their necks.""",sarcasm
"""6. ""Oh, I'm sorry, did I interrupt your 'crucial' Twitter break?""",sarcasm
"""7. ""Your cooking has truly reached new heights... of sodium intake.""",sarcasm
"""8. ""I see you've finally discovered the 'on' switch for your brain. Color me impressed.""",sarcasm
"""9. ""Your ' input' on this project has been invaluable... like a hole in the head.""",sarcasm
"""10. ""Well, that presentation was as clear as mud. I mean, at least it was unique?""",sarcasm
"""11. ""Oh, you're a regular tech genius. It only took you five attempts to figure out the copy machine.""",sarcasm
"""12. ""I must say, your silence is truly golden... and deafening.""",sarcasm
"""13. ""Your 'negotiation' skills are truly something to behold. I've never seen anyone lose so gracefully.""",sarcasm
"""14. ""Wow, you've really nailed the 'art' of multitasking. I've never seen anyone fail so spectacularly at so many things at once.""",sarcasm
"""15. ""Your 'oh-so-thoughtful' comments have really added depth to this conversation. I feel like I've just taken a dip in a shallow pool.""",sarcasm
"""16. ""I'm just blown away by your 'research'. It's like you've spent hours on Wikipedia... and then decided to skip the reliable sources.""",sarcasm
"""17. ""Oh, you're a regular comedian. I haven't laughed this hard since my root canal.""",sarcasm
"""18. ""Your 'contribution' to this project has been... minimal. I've seen more effort in a sloth's nap.""",sarcasm
"""19. ""Your 'instincts' are truly remarkable. They've led you astray every single time.""",sarcasm
"""20. ""Wow, you've really raised the bar with that 'brilliant' idea. I've never seen it so low.""",sarcasm
"""21. ""Your 'passion' for your work is truly inspiring. It's like watching a puppy chase its tail.""",sarcasm
"""22. ""Your 'advice' is always so... enlightening. It's like being hit over the head with a flashlight in a dark room.""",sarcasm
"""23. ""I must say, your 'leadership' style is truly innovative. It's like herding cats... into a burning building.""",sarcasm
"""24. ""Your 'attention to detail' is truly impressive. I've never seen so many details ignored so expertly.""",sarcasm
"""25. ""Your 'people skills' are truly something special. I've never seen anyone make so many people want to pull their hair out.""",sarcasm
"""26. ""Your 'creative' solutions are truly groundbreaking. I've never seen anything so... unworkable.""",sarcasm
"""27. ""I must say, your 'charm' is truly disarming. It's like being stabbed with a dull spoon.""",sarcasm
"""28. ""Your 'maturity' is truly inspiring. It's like watching a toddler in a tantrum, but with more swearing.""",sarcasm
"""29. ""Your 'ambition' is truly astonishing. It's like watching a mouse try to eat an elephant.""",sarcasm
"""30. ""Your 'diplomacy' skills are truly exceptional. It's like watching a bull in a china shop... with a sledgehammer.""",sarcasm
"""31. ""Oh, you're a regular wordsmith. I've never seen so many words strung together so... meaninglessly.""",sarcasm
"""32. ""Your 'positive' attitude is truly infectious. It's like catching the flu on a crowded bus.""",sarcasm
"""33. ""Your 'openness' to new ideas is truly refreshing. It's like watching a closed book suddenly spring open.""",sarcasm
"""34. ""Your 'commitment' to this project is truly commendable. It's like watching a snail race... in slow motion.""",sarcasm
"""35. ""I must say, your 'investment' in this project has been truly... minimal. It's like watching paint dry in a sauna.""",sarcasm
"""36. ""Your 'problem-solving' skills are truly impressive. It's like watching a fire truck put out a candle.""",sarcasm
"""37. ""Your 'teamwork' is truly something to behold. It's like watching a puzzle being solved... by a goldfish.""",sarcasm
"""38. ""Your 'communication' skills are truly remarkable. It's like trying to understand a foreign language... spoken by a parrot.""",sarcasm
"""39. ""Your 'innovation' is truly groundbreaking. It's like watching a wheel being reinvented... by a hamster.""",sarcasm
"""40. ""Your 'flexibility' is truly inspiring. It's like watching a statue suddenly learn the salsa.""",sarcasm
"""41. ""Your 'strategic planning' is truly impressive. It's like watching a chess match... between two pigeons.""",sarcasm
"""42. ""Your 'time management' skills are truly something to behold. It's like watching a clock... not move.""",sarcasm
"""43. ""Your 'creativity' is truly astounding. It's like watching a blank canvas... remain blank.""",sarcasm
"""44. ""Your 'charisma' is truly captivating. It's like watching paint dry... in the dark.""",sarcasm
"""45. ""Your 'dedication' to this project is truly commendable. It's like watching a pot... not boil.""",sarcasm
"""46. ""Your 'initiative' is truly impressive. It's like watching a plant... not grow.""",sarcasm
"""47. ""Your 'adaptability' is truly remarkable. It's like watching a cat... not land on its feet.""",sarcasm
"""48. ""Your 'enthusiasm' is truly infectious. It's like watching a virus... under a microscope.""",sarcasm
"""49. ""Your 'attention to detail' is truly outstanding. It's like watching a detective... solve a paint-by-numbers.""",sarcasm
"""50. ""Your 'leadership' is truly inspiring. It's like watching a ship... sail without a rudder.""",sarcasm
"""1. ""Oh, fantastic, it's raining! Just what I needed to make my commute even more delightful.""",sarcasm
"""2. ""I must say, your cooking has really improved. It's almost edible now.""",sarcasm
"""3. ""Wow, you're like a human encyclopedia of useless information.""",sarcasm
"""4. ""Thanks for your 'helpful' feedback, it's not like I asked for it or anything.""",sarcasm
"""5. ""Oh, I'm sorry for breathing too loudly while you're trying to concentrate on your video game.""",sarcasm
"""6. ""Oh, look, the sun rose today. Yet another spectacular achievement by our local astronomical committee.""",sarcasm
"""7. ""I've decided to embrace my inner sloth. You know, for the environment.""",sarcasm
"""8. ""I'm absolutely thrilled to spend my Saturday doing laundry. Isn't everyone?""",sarcasm
"""9. ""Your sense of direction is truly inspiring. I've seen lost puppies with a better sense of where 'home' is.""",sarcasm
"""10. ""Oh, I see you've mastered the art of parallel parking. Kudos on not needing a forklift to get out of that spot.""",sarcasm
"""11. ""I'm so glad we had this riveting conversation about the weather. It's not like we have actual problems to discuss or anything.""",sarcasm
"""12. ""Your idea is brilliant. It's so simple, I can't believe I didn't think of it myself. Oh wait...""",sarcasm
"""13. ""I'm just living the dream, one traffic jam at a time.""",sarcasm
"""14. ""I'm sure your mom meant to say 'miracle' when she described your singing voice.""",sarcasm
"""15. ""Oh, I'm so sorry for interrupting your very important Instagram scroll.""",sarcasm
"""16. ""Your 'mild' snoring is just like a lullaby, so soothing. I swear, I could sleep through a construction site.""",sarcasm
"""17. ""I'm loving this new 'trendy' hairstyle. It's not like you looked perfectly fine before or anything.""",sarcasm
"""18. ""Oh, I'm just thrilled that my alarm went off 3 hours early. What a wonderful way to start the day.""",sarcasm
"""19. ""Your driving is as smooth as a baby's bottom. I mean that in the most literal sense possible.""",sarcasm
"""20. ""I'm absolutely ecstatic that we're having another 'spontaneous' family meeting. Nothing says 'fun' like a surprise intervention.""",sarcasm
"""21. ""I'm just over the moon that we're having pizza for the third night in a row. It's not like we have any other food in the house or anything.""",sarcasm
"""22. ""Your 'modest' brag about your promotion was as subtle as a sledgehammer.""",sarcasm
"""23. ""Oh, I'm just enthralled by this fascinating documentary about paint drying.""",sarcasm
"""24. ""I'm sure your cat loves your 'special' brand of affection. It's not like she can leave or anything.""",sarcasm
"""25. ""I'm positively beaming with joy that we're out of toilet paper. It's not like I can just go buy more or anything.""",sarcasm
"""26. ""I'm absolutely delighted to spend my Saturday night watching you play video games. It's not like I had any other plans or anything.""",sarcasm
"""27. ""Your 'creative' interpretation of the recipe is truly... something.""",sarcasm
"""28. ""I'm just thrilled that we're having another 'lively' debate about whether pineapple belongs on pizza. It's not like there are actual world problems or anything.""",sarcasm
"""29. ""Your sense of style is... uniquely you. I wouldn't want to influence you with my 'mainstream' taste.""",sarcasm
"""30. ""Oh, I'm just over the moon that my Wi-Fi is down. It's not like I need the internet for anything important or anything.""",sarcasm
"""31. ""I'm absolutely loving your 'charming' attempts at small talk. It's not like we're in an elevator together or anything.""",sarcasm
"""32. ""Your 'modest' car is just screaming 'I'm secretly a millionaire'. I can practically hear the Lamborghini calling your name.""",sarcasm
"""33. ""I'm just ecstatic that we're having another 'productive' meeting where we discuss the same thing we did last week.""",sarcasm
"""34. ""I'm so glad I spent all morning searching for my keys. It's not like I had anything else to do or anything.""",sarcasm
"""35. ""Your 'unique' dance moves are truly... something else. I mean that in the most complimentary way possible.""",sarcasm
"""36. ""I'm just thrilled that my favorite show got canceled. It's not like I'll ever find another one to replace it or anything.""",sarcasm
"""37. ""Your 'thoughtful' questions during a movie are just as riveting as the movie itself. I mean that in the most sarcastic way possible.""",sarcasm
"""38. ""I'm so glad I wore my best shoes today. It's not like they're going to get ruined in this lovely mud or anything.""",sarcasm
"""39. ""Your 'enlightening' insights during a debate are truly... illuminating. It's not like we're arguing over something important or anything.""",sarcasm
"""40. ""I'm just over the moon that my favorite band broke up. It's not like they were my escape from reality or anything.""",sarcasm
"""41. ""Your 'tactful' way of asking for a raise is as subtle as a brick through a window.""",sarcasm
"""42. ""I'm absolutely delighted to spend my evening trying to figure out why my printer hates me. It's not like I could just buy a new one or anything.""",sarcasm
"""43. ""Your 'creative' interpretation of the dress code is... interesting. I'm sure it'll fly at the office.""",sarcasm
"""44. ""I'm just thrilled that my computer decided to update itself right in the middle of my presentation. It's not like I could have planned for that or anything.""",sarcasm
"""45. ""Your 'charming' personality is really winning people over. I'm sure they love being subjected to your 'unique' humor.""",sarcasm
"""46. ""I'm so glad I spent all day looking for my phone, only to find it in my pocket. It's not like I had anything better to do or anything.""",sarcasm
"""47. ""Your 'brilliant' idea for a startup is just as groundbreaking as the last one. I'm sure it'll be a huge success. Again.""",sarcasm
"""48. ""I'm just over the moon that my favorite book is being adapted into a movie. It's not like they're going to ruin it or anything.""",sarcasm
"""49. ""Your 'impressive' knowledge of celebrity gossip is truly... invaluable. It's not like we have actual problems to discuss or anything.""",sarcasm
"""50. ""I'm absolutely delighted that my favorite restaurant closed down. It's not like I had any other places to eat or anything.""",sarcasm
"""Oh, look, they've finally decided to update the software. I guess we should be grateful they haven't 'improved' it into oblivion, like last time."" - Office banter""",sarcasm
"""The weather today is absolutely perfect for a picnic. If you're a penguin."" - Dry humor""",sarcasm
"""Wow, your cooking has truly reached new heights. I'm sure the fire alarm is just... complimenting your culinary skills."" - Backhanded compliment""",sarcasm
"""Oh, I'm sorry if I interrupted your 'me time'. I didn't realize 'browsing cat videos' was a time-sensitive emergency."" - Sarcastic apology""",sarcasm
"""I've been working on this report all day. Well, apart from the 2 hours I spent on Facebook, and the 3 coffee breaks, and the lunch... but who's counting?"" - Irony in workplace""",sarcasm
"""Oh, I see you've met our new intern. He's a real asset to the team. I mean, if you consider an extra pair of legs to fetch coffee an 'asset'."" - Mocking undertone""",sarcasm
"""Your art is so... unique. It's like a toddler threw up on a canvas, and I love it!"" - Over-the-top praise""",sarcasm
"""Oh, you've finally mastered parallel parking? That's great. I was starting to think you were practicing for a career in fortune cookie writing."" - Culturally specific jab""",sarcasm
"""I'm on a seafood diet. I see food, and I eat it."" - Quick witty remark""",sarcasm
"""I've decided to start a band. I mean, how hard can it be? I've seen enough episodes of 'Glee' to be a professional, right?"" - Exaggerated statement""",sarcasm
"""Oh, you're a vegetarian? That's... interesting. So, does that mean you only eat food that's already dead?"" - Understated dig""",sarcasm
"""I'm sorry, I didn't realize we were having a meeting today. I would have brought my thinking cap, you know, the one with the big 'L' on it."" - Sarcastic comment in a meeting""",sarcasm
"""Your dance moves are so... expressive. They're like a beautiful symphony of 'what not to do' on the dance floor."" - Ironic observation""",sarcasm
"""I've decided to run a marathon. I mean, how hard can it be? I've seen those Kenyans do it on TV, and they're just tiny people, right?"" - Exaggerated statement""",sarcasm
"""I'm sorry, I didn't mean to interrupt your... intense staring contest with your phone. I'm sure your eyes were just about to win."" - Sarcastic apology""",sarcasm
"""Oh, you've started a blog? That's great. I'm sure the world is just dying to know about your exciting life of... existing."" - Mocking undertone""",sarcasm
"""I've decided to become a vegan. I mean, it's not like I actually liked cheese or anything."" - Irony in everyday life""",sarcasm
"""Your sense of direction is so... accurate. I mean, if you're aiming for 'completely lost'."" - Backhanded compliment""",sarcasm
"""I've decided to learn a new language. I mean, how hard can it be? I've seen enough episodes of 'Friends' to be fluent in French, right?"" - Exaggerated statement""",sarcasm
"""Oh, you've finally learned how to use the copy machine? That's great. I was starting to think you were secretly conspiring with the toner to destroy the office supplies."" - Dry humor""",sarcasm
"""I'm sorry, I didn't realize we were having a 'who's the most basic' competition. I would have brought my pumpkin spice latte."" - Sarcastic comment""",sarcasm
"""Your cooking is so... flavorful. I think I just tasted my childhood memories."" - Over-the-top praise""",sarcasm
"""I've decided to become a minimalist. I mean, it's not like I actually needed all that stuff I donated... to the thrift store."" - Irony in everyday life""",sarcasm
"""Your singing is so... soulful. It's like nails on a chalkboard, but with more feeling."" - Ironic observation""",sarcasm
"""I'm sorry, I didn't mean to interrupt your... deep conversation with your reflection in the mirror. I'm sure you two were discussing some very important things."" - Sarcastic apology""",sarcasm
"""Oh, you've started a podcast? That's great. I'm sure the world is just clamoring to hear more of your... unique insights."" - Mocking undertone""",sarcasm
"""I've decided to become a yoga instructor. I mean, it's not like I actually need flexibility or balance or anything."" - Exaggerated statement""",sarcasm
"""Your writing is so... descriptive. It's like a beautiful symphony of 'why are you still using adverbs'."" - Backhanded compliment""",sarcasm
"""I'm sorry, I didn't realize we were having a 'who's the most dramatic' contest. I would have brought my Oscar acceptance speech."" - Sarcastic comment""",sarcasm
"""Your fashion sense is so... bold. I think I just saw my grandmother's curtains move."" - Over-the-top praise""",sarcasm
"""I've decided to start a food truck. I mean, how hard can it be? I've seen enough episodes of 'Great British Bake Off' to be a professional chef, right?"" - Exaggerated statement""",sarcasm
"""Your sense of style is so... eclectic. It's like a thrift store threw up on you."" - Ironic observation""",sarcasm
"""I'm sorry, I didn't mean to interrupt your... intense debate with the traffic light. I'm sure you were just about to win."" - Sarcastic apology""",sarcasm
"""Oh, you've started a YouTube channel? That's great. I'm sure the world is just waiting for more... cat videos."" - Mocking undertone""",sarcasm
"""Oh, great, just what we needed, more meetings. (Workplace)""",sarcasm
"""I'm absolutely thrilled that our Wi-Fi password is finally ""12345678"". It's like they're challenging us to set a new low. (Workplace)""",sarcasm
"""Oh, I see you've mastered the art of using the printer. Bravo! (Workplace)""",sarcasm
"""Oh, fantastic, it's raining. Just what this wonderful day needed. (Family)""",sarcasm
"""I'm so glad you chose today to wear that shirt. It really completes the 'I don't care' look you've been rocking lately. (Family)""",sarcasm
"""Oh, I see you've finally discovered Instagram. Better late than never, I guess. (Friend)""",sarcasm
"""Oh, wonderful, a debate about pineapple on pizza. Just what the internet needed today. (Online)""",sarcasm
"""I'm absolutely devastated that they cancelled that terrible show I loved. (Pop Culture)""",sarcasm
"""Oh, I'm so sorry I stepped on your foot. I mean, I'm really not, but I thought I should say something. (Casual)""",sarcasm
"""Oh, fantastic, it's Monday again. Just when I thought I could put off being an adult for another week. (Casual)""",sarcasm
"""Oh, brilliant, it's raining and my umbrella is at home. Typical of my amazing luck. (Casual)""",sarcasm
"""Oh, great, just when I thought I'd seen every possible cat video, the internet surprises me yet again. (Casual)""",sarcasm
"""I'm so glad we're discussing politics. Because that always ends well. (Online)""",sarcasm
"""Oh, I see you've discovered the 'karen' memes. How very original of you. (Online)""",sarcasm
"""Oh, fantastic, a new comment from 'Anonymous'. I can't wait to see their insightful contribution to the discussion. (Online)""",sarcasm
"""Oh, I'm so sorry I didn't reply to your email. I was just so busy not caring. (Workplace)""",sarcasm
"""I'm absolutely thrilled to see that our company's dress code now includes 'business casual' sweatpants. (Workplace)""",sarcasm
"""Oh, great, just what we needed, a team-building exercise. Because nothing brings people together like forced camaraderie. (Workplace)""",sarcasm
"""Oh, I'm so glad you found a new way to ask the same question. It's like you're not even trying to be annoying anymore. (Workplace)""",sarcasm
"""Oh, wonderful, a power outage. Just what I needed to make this day even better. (Family)""",sarcasm
"""I'm so glad you decided to share your political views on my birthday post. It's not like I had any other plans today. (Friend)""",sarcasm
"""Oh, brilliant, a spam call. Just the highlight of my day I was hoping for. (Casual)""",sarcasm
"""Oh, great, just what we needed, another 'Breaking News' alert about the weather. (Casual)""",sarcasm
"""I'm so sorry I didn't invite you to the party. I just assumed you had better things to do, like watching paint dry. (Friend)""",sarcasm
"""Oh, fantastic, a traffic jam. Just what I needed to make this commute even more enjoyable. (Casual)""",sarcasm
"""I'm absolutely thrilled that our new company slogan is 'We're just as confused as you are'. (Workplace)""",sarcasm
"""Oh, I see you've finally learned how to use a comma. I suppose that makes one of us. (Online)""",sarcasm
"""I'm so glad you decided to join the 21st century and get a smartphone. It's not like you were missing out on anything important. (Family)""",sarcasm
"""Oh, great, just what we needed, another 'Live, Laugh, Love' sign. Because that's what we all need more of. (Casual)""",sarcasm
"""I'm so sorry I didn't call you back. I was just so busy ignoring you. (Friend)""",sarcasm
"""Oh, wonderful, a customer service recording. Just what I was hoping for when I called for help. (Casual)""",sarcasm
"""Oh, I see you've discovered the meaning of life. I'm sure that will come in handy during our next staff meeting. (Workplace)""",sarcasm
"""I'm so glad you decided to share your unsolicited advice. It's not like I had any other plans for my day. (Online)""",sarcasm
"""Oh, fantastic, a pop-up ad. Just what I needed to complete my browsing experience. (Casual)""",sarcasm
"""I'm absolutely thrilled that our company's new health initiative involves a vending machine filled with junk food. (Workplace)""",sarcasm
"""Oh, I see you've discovered the 'like' button. How very innovative of you. (Online)""",sarcasm
"""Oh, great, just what we needed, another 'Go Green' initiative. Because nothing says 'environmentally friendly' like a company-wide email. (Workplace)""",sarcasm
"""I'm so sorry I didn't respond to your message. I was just so busy not reading it. (Friend)""",sarcasm
"""Oh, wonderful, a notification that my data is being collected. Just what I always wanted. (Casual)""",sarcasm
"""I'm so glad you decided to share your opinion on my weight. It's not like I had any other issues to deal with. (Friend)""",sarcasm
"""Oh, fantastic, a robocall. Just what I needed to make my day complete. (Casual)""",sarcasm
"""Oh, I see you've discovered the 'retweet' button. How very groundbreaking of you. (Online)""",sarcasm
"""Oh, great, just what we needed, another 'surprise' team-building exercise. Because nothing says 'fun' like being forced to work together. (Workplace)""",sarcasm
"""I'm so sorry I didn't acknowledge your achievement. I was just so busy not caring. (Workplace)""",sarcasm
"""Oh, wonderful, a 'check engine' light. Just what I needed to make this day even better. (Casual)""",sarcasm
"""I'm absolutely thrilled that our company's new dress code allows for 'creative expression'. Because nothing says 'professional' like a tutu. (Workplace)""",sarcasm
"""Oh, I see you've finally learned how to use spell check. I suppose that makes one of us. (Online)""",sarcasm
"""I'm so glad you decided to share your conspiracy theory. Because that's exactly what I needed to hear today. (Friend)""",sarcasm
"""Oh, great, just what we needed, another 'mandatory' training session. Because nothing says 'freedom' like being forced to learn. (Workplace)""",sarcasm
"""I'm so sorry I didn't invite you to the wedding. I just assumed you had better things to do, like watching paint dry. (Friend)""",sarcasm
"""Oh, fantastic, a telemarketer. Just what I was hoping for when I answered the phone. (Casual)""",sarcasm
"""I'm so glad you decided to share your unsolicited advice on parenting. It's not like I had any experience in the matter. (Family)""",sarcasm
"""Oh, wonderful, a 'system update'. Just what I needed to make this day productive. (Casual)""",sarcasm
"""I'm absolutely thrilled that our company's new initiative involves 'streamlining' our workload. Because nothing says 'job security' like 'doing more with less'. (Workplace)""",sarcasm
"""Oh, I see you've discovered the 'block' button. How very innovative of you. (Online)""",sarcasm
"""Oh, great, just what we needed, another 'company-wide' email about company culture. Because nothing says 'culture' like a generic email. (Workplace)""",sarcasm
"""I'm so sorry I didn't respond to your text. I was just so busy ignoring you. (Friend)""",sarcasm
"""Oh, wonderful, a 'service unavailable' message. Just what I needed to make this day complete. (Casual)""",sarcasm
"""I'm so glad you decided to share your political views. Because that's exactly what we need more of in the world. (Online)""",sarcasm
"""Oh, fantastic, a popup asking me to 'opt out' of something. Just what I always wanted. (Casual)""",sarcasm
"""Sure, here are 50 sarcastic text examples across various contexts:""",sarcasm
"""1. ""Oh, you're using paper? How quaint. I thought we'd left the 19th century behind.""",sarcasm
"""2. ""Wow, you've really outdone yourself this time. I've never seen a mess quite like this.""",sarcasm
"""3. ""Well, that report is as clear as mud. I guess that's why they call it 'muddled thinking'.""",sarcasm
"""4. ""Your presentation was... illuminating. I feel like I've just returned from a trip to the sun.""",sarcasm
"""5. ""Oh, I'm sorry, did I interrupt your 5-minute break? I thought we were all working here.""",sarcasm
"""6. ""You're late again? I was starting to think time travel was real.""",sarcasm
"""7. ""Your cooking is... an acquired taste. Like homework or Monday mornings.""",sarcasm
"""8. ""Oh, look, it's raining. Finally, something we can all agree on - this weather is terrible.""",sarcasm
"""9. ""You're a regular Shakespeare, aren't you? I mean, if Shakespeare had never heard of grammar.""",sarcasm
"""10. ""I'm sorry, I didn't mean to interrupt your 'meeting'. I thought you were just napping with your eyes open.""",sarcasm
"""11. ""Your sense of direction is truly inspiring. I've seen lost souls on the ocean find their way home before you found the bathroom.""",sarcasm
"""12. ""Oh, you've finally figured out how to use the printer? I thought it was a top-secret government device.""",sarcasm
"""13. ""Your driving is... exhilarating. I've never felt so alive. Or so likely to die.""",sarcasm
"""14. ""You're a ray of sunshine today, aren't you? A human storm cloud, more like.""",sarcasm
"""15. ""I'm glad you could join us. We were just about to start celebrating your punctuality.""",sarcasm
"""16. ""Your singing is... unique. I think the dogs next door are learning a new language.""",sarcasm
"""17. ""Oh, you're a fan of that actor? I hadn't noticed. You've mentioned it... never.""",sarcasm
"""18. ""Your fashion sense is truly... bold. I've never seen so much... color. Together.""",sarcasm
"""19. ""You've really got a way with words. I've heard rocks talk more sense than you.""",sarcasm
"""20. ""Your cooking is so spicy, I think the fire alarm is blushing.""",sarcasm
"""21. ""Oh, you're a vegetarian now? I hadn't noticed. Your burger addiction must've been a phase.""",sarcasm
"""22. ""Your sense of humor is... interesting. I think the silent treatment is making a comeback.""",sarcasm
"""23. ""You've really got the hang of this adulting thing, haven't you? I can see the responsibility oozing out of your pores.""",sarcasm
"""24. ""Your dancing is... interpretive. I think the floor is trying to escape.""",sarcasm
"""25. ""I'm sorry, I didn't mean to stare. I just can't figure out if you're a human or a human pretzel.""",sarcasm
"""26. ""Oh, you're a fan of that book? I hadn't noticed. You've mentioned it... never.""",sarcasm
"""27. ""Your painting is... expressive. I think the canvas is trying to commit suicide.""",sarcasm
"""28. ""You're a regular Einstein, aren't you? I'm sure the lightbulb would've been invented sooner if you'd been born earlier.""",sarcasm
"""29. ""Your acting is... understated. I think the Oscar is too shiny for you.""",sarcasm
"""30. ""You've really mastered the art of conversation. I've heard more engaging debates between a rock and a hard place.""",sarcasm
"""31. ""Your idea is... groundbreaking. I think the ground is shaking in fear.""",sarcasm
"""32. ""Oh, you've got a new hobby? I hadn't noticed. You've mentioned it... once.""",sarcasm
"""33. ""Your photography is... artistic. I think the camera was on the fritz that day.""",sarcasm
"""34. ""You're a real wordsmith, aren't you? I think the dictionary is trying to hide from you.""",sarcasm
"""35. ""Your singing is... melodic. I think the birds are trying to migrate elsewhere.""",sarcasm
"""36. ""Oh, you're a fan of that sports team? I hadn't noticed. You've mentioned it... never, ever.""",sarcasm
"""37. ""Your cooking is so bland, I think the salt is crying for more salt.""",sarcasm
"""38. ""You're a regular chatterbox, aren't you? I've heard more silence from a crowded room.""",sarcasm
"""39. ""Your fashion sense is... classic. I think the time warp is calling you back.""",sarcasm
"""40. ""Your idea is... original. I think the wheel has been reinvented.""",sarcasm
"""41. ""You're a real people person, aren't you? I think the plants are wilted from your charm.""",sarcasm
"""42. ""Your driving is... safe. I think the speed limit is trying to challenge you.""",sarcasm
"""43. ""Oh, you've got a new pet? I hadn't noticed. You've mentioned it... never.""",sarcasm
"""44. ""Your singing is... harmonious. I think the harmony is trying to escape.""",sarcasm
"""45. ""You're a regular comedian, aren't you? I think the laughter is faked. By me. Because it's painful.""",sarcasm
"""46. ""Your sense of direction is truly... groundbreaking. I think the map is trying to surrender.""",sarcasm
"""47. ""Your fashion sense is... unique. I think the fashion police are calling in sick.""",sarcasm
"""48. ""Oh, you've got a new job? I hadn't noticed. You've mentioned it... once or twice.""",sarcasm
"""49. ""Your dancing is... rhythmic. I think the beat is trying to find a new partner.""",sarcasm
"""50. ""You're a regular wordsmith, aren't you? I think the thesaurus is trying to hide from you.""",sarcasm
"""Oh, fantastic, it's Monday again. My favorite day of the week, where dreams go to die.""",sarcasm
"""Well, that's just peachy. I've been waiting for this train delay all my life.""",sarcasm
"""Wow, you've really outdone yourself this time. This lasagna tastes... unique.""",sarcasm
"""I'm absolutely delighted to have spent my weekend doing chores. Truly, the highlight of my year.""",sarcasm
"""Oh, I see you've mastered the art of parallel parking. It's practically invisible now.""",sarcasm
"""Thanks a bunch, I always wanted to spend my night watching paint dry. You're a real pal.""",sarcasm
"""Great, just great. A power outage right in the middle of my binge-watching. Couldn't have planned it better myself.""",sarcasm
"""Oh, sure, because everyone knows the best way to solve world hunger is with a solid game of Candy Crush.""",sarcasm
"""Oh, I'm sorry, did you want to be heard over the sound of me not caring?""",sarcasm
"""Well, isn't that just the cat's pajamas. A traffic jam on the one day I'm running late. How fortuitous.""",sarcasm
"""Oh, I'm sure the aliens will love that crop circle you drew in your backyard. It's practically a masterpiece.""",sarcasm
"""Oh, brilliant. I've always wanted to spend my lunch break waiting for the printer to cooperate.""",sarcasm
"""Wow, your cooking has really improved. I mean, I can actually taste the food this time.""",sarcasm
"""Oh, great, just what I needed. A root canal on a full moon. Perfect.""",sarcasm
"""Oh, absolutely, because everyone loves a good lecture on how to live their life from a stranger on the internet.""",sarcasm
"""Oh, wonderful. A flat tire on a beautiful, sunny day. Isn't nature just grand?""",sarcasm
"""Oh, sure, because everyone wants to spend their Saturday night watching their roommate play video games.""",sarcasm
"""Oh, fantastic. A sudden thunderstorm, just when I decided to go for a walk. How thoughtful of the weather.""",sarcasm
"""Oh, I'm sorry, did I interrupt your very important nap? Please, continue. I'll just be over here, doing nothing.""",sarcasm
"""Oh, great, just what I've always wanted. A nice, long commute with a fellow singer who can't hold a tune.""",sarcasm
"""Oh, how delightful. A spam folder full of penis enlargement ads. Just what I've always wanted.""",sarcasm
"""Oh, wonderful. A trip to the DMV. I can't wait to spend my day in a place where happiness goes to die.""",sarcasm
"""Oh, fantastic. A sudden, unexplained surge in my electricity bill. Just what I needed.""",sarcasm
"""Oh, sure, because everyone wants to spend their Sunday morning listening to their neighbor's power tools.""",sarcasm
"""Oh, brilliant. I've just discovered the perfect use for my time: watching grass grow.""",sarcasm
"""Oh, fantastic. A sudden, urgent need to use the restroom right in the middle of a meeting. Couldn't have planned it better myself.""",sarcasm
"""Oh, great, just what I've always wanted. A nice, long line at the post office. I do love a good wait.""",sarcasm
"""Oh, wonderful. A sudden, inexplicable craving for Brussels sprouts. I must have caught some kind of vegetable fever.""",sarcasm
"""Oh, fantastic. A sudden, unexpected visit from my in-laws. I mean, what could be better?""",sarcasm
"""Oh, sure, because everyone wants to spend their evening watching their cat lick its butt. Riveting stuff.""",sarcasm
"""Oh, brilliant. I've just been promoted to 'Official Office Coffee Maker.' I've really made it now.""",sarcasm
"""Oh, great, just what I needed. A sudden, urgent need to use the restroom right in the middle of a job interview. Always leave them wanting more.""",sarcasm
"""Oh, fantastic. A sudden, unexpected thunderstorm right in the middle of my picnic. I do love a good soaking.""",sarcasm
"""Oh, sure, because everyone wants to spend their Saturday night watching their partner play Fortnite. Thrilling stuff.""",sarcasm
"""Oh, wonderful. A sudden, unexplained surge in the popularity of mayonnaise. I mean, what could be more exciting?""",sarcasm
"""Oh, fantastic. A sudden, inexplicable urge to clean my house. I mean, who doesn't love a good spring clean in the middle of winter?""",sarcasm
"""Oh, great, just what I've always wanted. A nice, long wait for a bus that's always late. I do love a good punctuality lesson.""",sarcasm
"""Oh, sure, because everyone wants to spend their Sunday morning watching their partner do yoga. I mean, what could be more riveting?""",sarcasm
"""Oh, brilliant. I've just discovered the perfect use for my time: watching paint dry. I mean, who needs Netflix?""",sarcasm
"""Oh, fantastic. A sudden, unexpected power cut right in the middle of my favorite show. I mean, what could be more thrilling?""",sarcasm
"""Sure, here are 50 sarcastic comments across various contexts:""",sarcasm
"""1. ""Oh, I'm sorry, I didn't realize you were running for president of the office!""",sarcasm
"""2. ""Your silence is deafening... and slightly concerning.""",sarcasm
"""3. ""Wow, your punctuality is as reliable as a broken clock.""",sarcasm
"""4. ""Oh, you're a 'morning person' now? Since when?""",sarcasm
"""5. ""I'm not saying you're bad at your job, I'm just saying the coffee maker's never broken down when you're on duty.""",sarcasm
"""6. ""I've seen more enthusiasm in a sloth on a Monday morning.""",sarcasm
"""7. ""You're like a breath of fresh air... into a stuffy room filled with old socks.""",sarcasm
"""8. ""Oh, you're a vegetarian? Well, that explains the lack of protein in your arguments.""",sarcasm
"""9. ""Your idea is so groundbreaking, I'm pretty sure it's already been done... twice.""",sarcasm
"""10. ""I'm not being rude, I'm just not interested in your TMI stories.""",sarcasm
"""11. ""Oh, you got a new car? It's almost as impressive as your parallel parking skills.""",sarcasm
"""12. ""You're like a ray of sunshine... on a cloudy day with no sun.""",sarcasm
"""13. ""Your cooking is so good, I'm pretty sure I've gained five pounds just smelling it.""",sarcasm
"""14. ""Oh, you're a great listener? That's a first.""",sarcasm
"""15. ""Your fashion sense is... unique. I'll give you that.""",sarcasm
"""16. ""Oh, you're a cat person? Well, that explains the lack of social skills.""",sarcasm
"""17. ""Your sense of direction is as reliable as a compass made of spun sugar.""",sarcasm
"""18. ""I'm not saying you're wrong, I'm just saying you're not right.""",sarcasm
"""19. ""Your dance moves are so smooth, I'm pretty sure the floor's trying to break up with you.""",sarcasm
"""20. ""Oh, you're a fan of classical music? That's... unexpected.""",sarcasm
"""21. ""Your jokes are so funny, I'm pretty sure I've aged a few years just laughing.""",sarcasm
"""22. ""You're like a walking, talking 'how-to' guide for awkward silences.""",sarcasm
"""23. ""Oh, you're a fan of reality TV? That's... comforting.""",sarcasm
"""24. ""Your cooking is so spicy, I think the onions are crying.""",sarcasm
"""25. ""Your sense of humor is as subtle as a nuclear explosion.""",sarcasm
"""26. ""Oh, you're a fan of my cooking? That's... generous of you.""",sarcasm
"""27. ""You're like a human highlight reel of bad decisions.""",sarcasm
"""28. ""Your singing is so beautiful, I think the dogs are howling in harmony.""",sarcasm
"""29. ""Oh, you're a fan of my driving? Well, that's one way to boost my ego.""",sarcasm
"""30. ""Your idea of a good time and mine are like oil and water... and I'm pretty sure I'm the water.""",sarcasm
"""31. ""You're like a human emoji... for 'confused'.""",sarcasm
"""32. ""Oh, you're a fan of my painting? Well, I guess art is subjective... and blind.""",sarcasm
"""33. ""Your understanding of sarcasm is... refreshingly literal.""",sarcasm
"""34. ""You're like a human piñata... full of surprises... and probably some candy.""",sarcasm
"""35. ""Oh, you're a fan of my cleaning skills? That's... terrifying.""",sarcasm
"""36. ""Your storytelling is so engaging, I think the plants are falling asleep.""",sarcasm
"""37. ""You're like a human jack-in-the-box... but less fun and more unpredictable.""",sarcasm
"""38. ""Oh, you're a fan of my acting? That's... unfortunate for the theater industry.""",sarcasm
"""39. ""Your cooking is so bad, I think the health inspectors are issuing a warrant for your arrest.""",sarcasm
"""40. ""You're like a human alarm clock... but instead of waking me up, you remind me to set my clock forward.""",sarcasm
"""41. ""Oh, you're a fan of my singing? Well, that's one way to ruin a perfectly good meal.""",sarcasm
"""42. ""Your sense of direction is as accurate as a GPS made of paper maps and instinct.""",sarcasm
"""43. ""You're like a human 'best before' date... you're not expired, but you're not fresh, either.""",sarcasm
"""44. ""Oh, you're a fan of my dancing? Well, that's one way to end a career in ballet.""",sarcasm
"""45. ""Your jokes are so funny, I think the laughter is causing a drought.""",sarcasm
"""46. ""You're like a human 'use by' date... you're not good, but you're not bad, either.""",sarcasm
"""47. ""Oh, you're a fan of my poetry? Well, that's one way to ensure I never write again.""",sarcasm
"""48. ""Your cooking is so bland, I think the salt is pleading for mercy.""",sarcasm
"""49. ""You're like a human 'sell by' date... you're not great, but you're not terrible, either.""",sarcasm
"""50. ""Oh, you're a fan of my drawing? Well, that's one way to ensure I never pick up a pencil again.""",sarcasm
"""1. ""Oh, you're finally here! I thought you might be lost in the coffee shop lineup again.""",sarcasm
"""2. ""Wow, your silence is deafening. I've never heard so many thoughts unspoken.""",sarcasm
"""3. ""Your cooking has improved! The smoke alarm hasn't gone off in weeks.""",sarcasm
"""4. ""I see you've mastered the art of punctuality today. The clock hands did a little dance when you arrived.""",sarcasm
"""5. ""Your fashion sense is... unique. It's like you're wearing a mood ring - I can't tell if you're feeling 'busy' or 'vintage'.""",sarcasm
"""6. ""You're like a breath of fresh air... after a long walk through a garbage dump.""",sarcasm
"""7. ""I must say, your driving is as smooth as a rollercoaster ride.""",sarcasm
"""8. ""Oh, you're using that new app? I've heard it's great for people who can't do basic math.""",sarcasm
"""9. ""Your sense of direction is amazing! It's like a GPS, but instead of getting you where you want to go, it takes you on a scenic tour of the city.""",sarcasm
"""10. ""You're the epitome of subtlety. I thought the fireworks were for New Year's, not your announcement.""",sarcasm
"""11. ""Oh, you're a night owl now? I thought that was just a fancy term for 'can't wake up for work'.""",sarcasm
"""12. ""Your musical taste is... eclectic. It's like a time machine that only goes to the '90s.""",sarcasm
"""13. ""You're like a plant, you need constant attention and watering... or is that just your phone?""",sarcasm
"""14. ""Your painting is... abstract. I can't tell if it's a masterpiece or a kindergarten project.""",sarcasm
"""15. ""You're the life of the party. Once everyone leaves, that is.""",sarcasm
"""16. ""Your acting is... convincing. I almost believed you when you said you were sorry.""",sarcasm
"""17. ""You're a natural with kids. They always cry when you're around.""",sarcasm
"""18. ""Your dancing is... interpretive. I've never seen so much... movement.""",sarcasm
"""19. ""You're like a magician with numbers. They disappear whenever you're around.""",sarcasm
"""20. ""Your singing voice is... distinctive. It's like a cat being strangled, but in a good way.""",sarcasm
"""21. ""You're a regular rocket scientist. I mean that literally, not as an insult to rocket scientists.""",sarcasm
"""22. ""Your dating life is like a soap opera. The drama is... something else.""",sarcasm
"""23. ""You're a great listener. I've never felt so ignored in my life.""",sarcasm
"""24. ""Your cooking is... an adventure. I never know what I'm going to get, but it's always an experience.""",sarcasm
"""25. ""You're a born leader. The troops always mutiny when you're in charge.""",sarcasm
"""26. ""Your taste in movies is... unique. I've never seen so many 'so bad, it's good' films in one collection.""",sarcasm
"""27. ""You're a wordsmith. I've never seen so many words strung together in such a... creative way.""",sarcasm
"""28. ""Your cleaning skills are... impressive. I can see the dust bunnies running for their lives.""",sarcasm
"""29. ""You're always the life of the party... cleanup crew.""",sarcasm
"""30. ""Your writing is... descriptive. I can practically smell the garbage can you're describing.""",sarcasm
"""31. ""You're a regular Einstein with that calculator. I've never seen someone make it look so... complicated.""",sarcasm
"""32. ""Your DIY projects are... interesting. I've never seen so many half-finished projects around the house.""",sarcasm
"""33. ""You're a natural with plants. They always seem to... wilt around you.""",sarcasm
"""34. ""Your fashion sense is... bold. It's like you're wearing a warning sign for color blindness.""",sarcasm
"""35. ""You're a regular comedian. I've never laughed so hard... at nothing.""",sarcasm
"""36. ""Your sense of direction is... poetic. It's like a compass that only points to the scenic route.""",sarcasm
"""37. ""You're a regular whisperer. Horses are running wild, and you're trying to calm them down with a bullhorn.""",sarcasm
"""38. ""Your cooking is... innovative. I've never had so many courses at a single meal... of ramen.""",sarcasm
"""39. ""You're a regular chatterbox. I've never heard so many words come out of someone who claims to have nothing to say.""",sarcasm
"""40. ""Your painting is... expressive. It's like you're trying to paint your way out of a box.""",sarcasm
"""41. ""You're a regular Picasso with that remote control. I've never seen so many channels flicker by so fast.""",sarcasm
"""42. ""Your dating life is like a video game. You always reach the final boss, then die.""",sarcasm
"""43. ""You're a regular wordsmith. I've never seen so many words used to say nothing at all.""",sarcasm
"""44. ""Your dancing is... interpretive. It's like you're trying to communicate with an alien species.""",sarcasm
"""45. ""You're a regular Einstein with that remote control. I've never seen someone make a TV so... complicated.""",sarcasm
"""46. ""Your acting is... subtle. I've never seen so many emotions... at once.""",sarcasm
"""47. ""You're a regular genius with that phone. I've never seen someone scroll so... slowly.""",sarcasm
"""48. ""Your cooking is... experimental. I've never had so many... leftovers.""",sarcasm
"""49. ""You're a regular wordsmith. I've never seen so many words used to say... 'I don't know'.""",sarcasm
"""50. ""Your taste in music is... eclectic. It's like a time machine that only goes to the '80s... and stops there.""",sarcasm
"""Oh, I'm just thrilled about this meeting, it's not like I have any work to do today.""",sarcasm
"""Sure, here are 50 sarcastic sentences across various contexts:""",sarcasm
"""1. ""Oh, you're finally here. I thought you were on 'jetlag time' again.""",sarcasm
"""2. ""I see you've mastered the art of parallel parking - in a straight line.""",sarcasm
"""3. ""Your silence is truly golden, it's like a symphony of agreement.""",sarcasm
"""4. ""I'm absolutely thrilled that you've decided to join us today, it's not like we've been waiting for hours.""",sarcasm
"""5. ""Your cooking is so spicy, even the microwave is asking for a fire extinguisher.""",sarcasm
"""6. ""Wow, your 'quiet time' is louder than my alarm clock.""",sarcasm
"""7. ""I bet you're the life of every party... until someone mentions 'responsibility'.""",sarcasm
"""8. ""Your fashion sense is so unique, it's like you're wearing a time capsule.""",sarcasm
"""9. ""Oh, you're a 'night owl' now? I thought you were just avoiding your inbox.""",sarcasm
"""10. ""Your sense of direction is so amazing, even the GPS is lost.""",sarcasm
"""11. ""I'm loving your new 'minimalist' hairstyle. It's very... aerodynamic.""",sarcasm
"""12. ""Your driving is so smooth, I thought we were on a rollercoaster.""",sarcasm
"""13. ""Your sense of humor is as subtle as a brick through a window.""",sarcasm
"""14. ""I'm loving your new 'health kick'. It's amazing how much kale you can fit in a burger.""",sarcasm
"""15. ""Your 'multitasking' skills are truly inspiring. I've never seen someone waste so much time so efficiently.""",sarcasm
"""16. ""Your singing voice is so beautiful, it's giving my eardrums nightmares.""",sarcasm
"""17. ""I'm really impressed by your ability to ignore problems until they become emergencies.""",sarcasm
"""18. ""Your 'creative' solutions are always... interesting. Like a box of chocolates, you never know what you're gonna get.""",sarcasm
"""19. ""Your 'attention to detail' is truly remarkable. I've never seen anything so... 'thoroughly ignored'.""",sarcasm
"""20. ""Your 'people skills' are really shining today. I can feel the warmth from here.""",sarcasm
"""21. ""Your 'modest' bragging is truly... modest. It's like watching paint dry, but with more color.""",sarcasm
"""22. ""Your 'natural' beauty is so radiant, I thought the smoke alarm was going off.""",sarcasm
"""23. ""Your grammar is so perfect, even autocorrect is asking for tips.""",sarcasm
"""24. ""I'm loving your new 'assertive' approach to communication. It's like a bull in a china shop, but with more breaking.""",sarcasm
"""25. ""Your 'eclectic' taste in music is truly... something. I've never seen a playlist with so much 'shuffle'.""",sarcasm
"""26. ""Your 'green thumb' is really thriving. I've never seen a plant so... deceased.""",sarcasm
"""27. ""Your 'team player' attitude is really shining. It's like watching a chess grandmaster... move their own pieces.""",sarcasm
"""28. ""Your 'boundless' energy is truly inspiring. It's like a toddler on Mountain Dew.""",sarcasm
"""29. ""Your 'cultural sensitivity' is so deep, it's like you're swimming in a sea of ignorance.""",sarcasm
"""30. ""Your 'quick wit' is truly lightning fast. It's like watching paint dry, but faster.""",sarcasm
"""31. ""Your 'eye for detail' is so keen, I thought you were wearing a monocle.""",sarcasm
"""32. ""Your 'commitment to fitness' is really paying off. I've never seen someone so dedicated to the couch.""",sarcasm
"""33. ""Your 'open-mindedness' is truly refreshing. It's like a breath of fresh air... into a vacuum.""",sarcasm
"""34. ""Your 'negotiation skills' are so sharp, they're like a butter knife in a sword fight.""",sarcasm
"""35. ""Your 'leadership style' is really... hands-off. It's like watching a ship sail without a rudder.""",sarcasm
"""36. ""Your 'creative problem-solving' is so innovative, it's like watching a toddler trying to solve a Rubik's cube.""",sarcasm
"""37. ""Your 'green living' is really impressive. I've never seen so much recycling... in the trash can.""",sarcasm
"""38. ""Your 'patience' is truly a virtue. It's like watching a pot boil.""",sarcasm
"""39. ""Your 'diplomacy' is so smooth, it's like watching a train wreck... in slow motion.""",sarcasm
"""40. ""Your 'fashion sense' is so daring, it's like you're wearing a neon sign that says 'Look at me!'""",sarcasm
"""41. ""Your 'time management' skills are truly impressive. I've never seen so much procrastination... so efficiently.""",sarcasm
"""42. ""Your 'emotional intelligence' is so high, I thought you were a robot.""",sarcasm
"""43. ""Your 'spelling' is so perfect, it's like watching a dictionary come to life.""",sarcasm
"""44. ""Your 'listening skills' are truly remarkable. It's like talking to a statue... that can blink.""",sarcasm
"""45. ""Your 'genius' is truly... underwhelming. It's like watching a lightbulb not come on.""",sarcasm
"""46. ""Your 'ambition' is so inspiring, it's like watching a sloth climb a tree.""",sarcasm
"""47. ""Your 'adaptability' is so flexible, it's like watching a rubber band snap.""",sarcasm
"""48. ""Your 'people skills' are so smooth, it's like watching oil and water mix.""",sarcasm
"""49. ""Your 'trustworthiness' is so reliable, it's like watching a clock that's always five minutes slow.""",sarcasm
"""50. ""Your 'decision-making' skills are so sharp, they're like watching a coin toss... in slow motion.""",sarcasm
"""1. ""Oh, look, the traffic lights have decided to work today. Miracles never cease.""",sarcasm
"""2. ""I'm absolutely beaming with pride over your groundbreaking insight. Truly, a intellectual giant has graced us with their presence.""",sarcasm
"""3. ""I can't believe I've been living my life wrong all this time. You've really opened my eyes, thanks for nothing.""",sarcasm
"""4. ""Wow, you've outdone yourself this time. I mean, who needs taste when you've got... this?""",sarcasm
"""5. ""I must say, your contribution to the meeting was as fiery as a damp squib. Truly, you're a regular sparkplug.""",sarcasm
"""6. ""Oh, I'm sorry, I didn't realize we were doing impressions of a walrus today. Carry on.""",sarcasm
"""7. ""That's some top-notch detective work there. I mean, it's not like the clues were written in neon or anything.""",sarcasm
"""8. ""Well, that's one way to make a grand entrance. Did you bring your own fog machine, or is that just your personality?""",sarcasm
"""9. ""I see you've managed to master the art of turning every conversation into a debate. Truly, you're a regular Socrates.""",sarcasm
"""10. ""Oh, fantastic, the Wi-Fi's down again. I guess we'll just have to resort to actual conversation now.""",sarcasm
"""11. ""I'm just blown away by your ability to find the one wrong thing in a sea of right. It's a true talent.""",sarcasm
"""12. ""Oh, I'm sorry, I didn't realize we were playing 'Pin the Tail on the Donkey'. Carry on.""",sarcasm
"""13. ""That's some first-rate parking job there. I mean, if parallel parking was an Olympic sport, you'd be the Michael Phelps of it.""",sarcasm
"""14. ""Oh, I see you've managed to find the one person in the world who genuinely cares about your opinions on politics. Lucky you.""",sarcasm
"""15. ""Well, that's one way to make a cake. I mean, it's not like it's supposed to be edible or anything.""",sarcasm
"""16. ""I'm just in awe of your ability to turn every task into a three-ring circus. It's truly a gift.""",sarcasm
"""17. ""Oh, I'm sorry, I didn't realize we were doing a remake of 'The Exorcist' today. Carry on.""",sarcasm
"""18. ""That's some top-notch multitasking there. I mean, who needs sleep when you've got... this?""",sarcasm
"""19. ""Oh, I'm sorry, I didn't realize we were doing a reenactment of the Titanic today. Carry on.""",sarcasm
"""20. ""Well, that's one way to make a sandwich. I mean, it's not like it's supposed to be edible or anything.""",sarcasm
"""21. ""I must say, your fashion sense is as unique as a snowflake in a blizzard. Truly, you're a trendsetter.""",sarcasm
"""22. ""Oh, I'm sorry, I didn't realize we were doing a remake of 'The Walking Dead' today. Carry on.""",sarcasm
"""23. ""That's some first-rate customer service there. I mean, it's not like you're getting paid to be pleasant or anything.""",sarcasm
"""24. ""Well, that's one way to make a soufflé. I mean, it's not like it's supposed to be light and fluffy or anything.""",sarcasm
"""25. ""I'm just bowled over by your ability to turn every situation into a drama. It's a real knack.""",sarcasm
"""26. ""Oh, I'm sorry, I didn't realize we were doing a remake of 'The Shining' today. Carry on.""",sarcasm
"""27. ""That's some top-notch time management there. I mean, if procrastination was an Olympic sport, you'd be the Usain Bolt of it.""",sarcasm
"""28. ""I must say, your ability to find the silver lining in every cloud is as rare as a unicorn farting a rainbow.""",sarcasm
"""29. ""Oh, I'm sorry, I didn't realize we were doing a remake of 'Jurassic Park' today. Carry on.""",sarcasm
"""30. ""Well, that's one way to make a salad. I mean, it's not like it's supposed to be healthy or anything.""",sarcasm
"""31. ""I'm just amazed by your ability to turn every mundane task into a Mount Everest of effort.""",sarcasm
"""32. ""Oh, I'm sorry, I didn't realize we were doing a remake of 'The Texas Chainsaw Massacre' today. Carry on.""",sarcasm
"""33. ""That's some first-rate proofreading there. I mean, if misspellings were a superpower, you'd be the Superman of them.""",sarcasm
"""34. ""Well, that's one way to make a puzzle. I mean, it's not like it's supposed to be solvable or anything.""",sarcasm
"""35. ""I'm just blown away by your ability to turn every conversation into a game of 'Who's Right?'. It's a real talent.""",sarcasm
"""36. ""Oh, I'm sorry, I didn't realize we were doing a remake of 'The Exorcism of Emily Rose' today. Carry on.""",sarcasm
"""37. ""That's some top-notch decision-making there. I mean, if indecision was a superpower, you'd be the Superman of it.""",sarcasm
"""38. ""Well, that's one way to make a pie. I mean, it's not like it's supposed to be delicious or anything.""",sarcasm
"""39. ""I must say, your sense of direction is as good as a GPS made of spaghetti. Truly, you're a regular compass.""",sarcasm
"""40. ""Oh, I'm sorry, I didn't realize we were doing a remake of 'The Silence of the Lambs' today. Carry on.""",sarcasm
"""41. ""That's some first-rate negotiation skills there. I mean, if caveating was an Olympic sport, you'd be the Michael Phelps of it.""",sarcasm
"""42. ""I'm just in awe of your ability to find the one wrong thing in a sea of right. It's truly a gift.""",sarcasm
"""43. ""Oh, I'm sorry, I didn't realize we were doing a remake of 'The Ring' today. Carry on.""",sarcasm
"""44. ""Well, that's one way to make a soup. I mean, it's not like it's supposed to be tasty or anything.""",sarcasm
"""45. ""I must say, your ability to find the one fly in the ointment is as impressive as it is annoying.""",sarcasm
"""46. ""Oh, I'm sorry, I didn't realize we were doing a remake of 'The Conjuring' today. Carry on.""",sarcasm
"""47. ""That's some top-notch conflict resolution there. I mean, if escalation was a superpower, you'd be the Superman of it.""",sarcasm
"""48. ""I'm just amazed by your ability to turn every simple task into a three-ring circus.""",sarcasm
"""49. ""Oh, I'm sorry, I didn't realize we were doing a remake of 'The Shining' today. Carry on.""",sarcasm
"""50. ""Well, that's one way to make a painting. I mean, it's not like it's supposed to be art or anything.""",sarcasm
"""Oh, you're here! I thought I was the only one who knew how to operate the coffee machine today."" - sarcastic delight at a colleague's arrival, implying they're not usually helpful.""",sarcasm
"""Oh wow, you managed to put your shoes on the right feet today, impressive!"" - exaggerated praise for a small accomplishment.""",sarcasm
"""Thank you, I spent hours on my hair today, it's just naturally like this."" - sarcastic response to a compliment, mocking the idea of putting effort into one's appearance.""",sarcasm
"""Oh, you're a fan of that band? I could've sworn they only had one loyal listener - their mom."" - mocking a shared interest.""",sarcasm
"""I'm sorry I was late, I was busy being amazing, it takes time you know."" - sarcastic apology, implying they're never on time.""",sarcasm
"""Oh, you're using chopsticks? I didn't realize we were having sushi for dinner."" - sarcastically pointing out the obvious.""",sarcasm
"""Wow, your cooking has really improved. I mean, it's still edible, which is a start."" - backhanded compliment about someone's cooking.""",sarcasm
"""I'm not addicted to my phone, I can quit anytime I want... tomorrow."" - exaggerated commitment to a bad habit.""",sarcasm
"""Oh great, just what we need, another meeting about our lack of meetings."" - sarcastic comment about a meeting.""",sarcasm
"""I'm on a seafood diet. I see food, and I eat it."" - play on words, mocking dieting.""",sarcasm
"""Yeah, I'm sure that's what the customer meant when they said 'make it better'."" - sarcastic interpretation of a customer's request.""",sarcasm
"""Oh, you've got a new tattoo? I can tell you've really thought this one through."" - sarcastic comment about a spontaneous decision.""",sarcasm
"""Oh, you're still here? I thought you'd be at the top of the corporate ladder by now."" - mocking someone's lack of progress.""",sarcasm
"""I'm not lazy, I'm just on energy-saving mode."" - sarcastic apology for lack of productivity.""",sarcasm
"""Oh, you've finally mastered the art of parallel parking. I've been teaching my dog that for years."" - exaggerated praise for a common skill.""",sarcasm
"""Oh, you're wearing matching socks today. I knew there was a reason I liked you."" - sarcastic compliment about a small detail.""",sarcasm
"""I'm not ignoring you, I'm just selectively deaf."" - sarcastic response to being ignored.""",sarcasm
"""Oh, you've started a blog? That's great, I mean, it's not like there aren't a million other people doing the exact same thing."" - mocking a new venture.""",sarcasm
"""Oh, you're a fan of that sports team? I could've sworn they were known for their losing streak."" - sarcastic comment about a losing team.""",sarcasm
"""I'm not ignoring your calls, my phone just hates you."" - sarcastic excuse for not answering calls.""",sarcasm
"""Oh, you've started a podcast? That's wonderful, I'm sure the world needs another opinion."" - mocking a new podcast.""",sarcasm
"""I'm not procrastinating, I'm just using my time efficiently... later."" - sarcastic comment about procrastination.""",sarcasm
"""Oh, you've gotten a promotion? That's great, I mean, it's not like you had to kiss up to the boss or anything."" - sarcastic comment about a promotion.""",sarcasm
"""I'm not complaining, I'm just saying... again... and again..."" - sarcastic comment about constant complaining.""",sarcasm
"""Oh, you've started a fitness regime? That's great, I mean, it's not like you were already in great shape."" - mocking someone's new fitness plan.""",sarcasm
"""I'm not racist, I just prefer certain races... of cars."" - sarcastic comment about car preferences.""",sarcasm
"""Oh, you've started a YouTube channel? That's fantastic, I mean, it's not like the world isn't already filled with people talking to their cameras."" - mocking a new YouTube channel.""",sarcasm
"""I'm not being rude, I'm just saving you the trouble of talking to someone who's not listening."" - sarcastic response to being rude.""",sarcasm
"""Oh, you've started a book club? That's wonderful, I mean, it's not like there aren't already a million other book clubs out there."" - mocking a new book club.""",sarcasm
"""I'm not criticizing, I'm just trying to improve your terrible decision-making skills."" - sarcastic comment about criticism.""",sarcasm
"""Oh, you've started a band? That's awesome, I mean, it's not like there aren't already too many bands in the world."" - mocking a new band.""",sarcasm
"""I'm not being negative, I'm just being realistic... about how terrible this is."" - sarcastic comment about negativity.""",sarcasm
"""Oh, you've started a bakery? That's lovely, I mean, it's not like there aren't already enough bakeries in the world."" - mocking a new bakery.""",sarcasm
"""Oh, great, it's raining... just what we needed to make this day even better.""",sarcasm
"""Wow, you've really outdone yourself with this 'meal'. I'm speechless. In a good way... or so I've heard.""",sarcasm
"""Oh, I'm sorry, did I interrupt your busy schedule of doing nothing?""",sarcasm
"""Well, that's just peachy. The one time I need a ladder, and it's suddenly the most popular item in the house.""",sarcasm
"""I'm just thrilled to see you're embracing the 'fashionably late' trend today.""",sarcasm
"""I see you've mastered the art of multitasking: checking your phone and ignoring me simultaneously.""",sarcasm
"""Oh, fantastic. Just what I wanted to see on my commute: a traffic jam caused by a slowpoke who seems to be driving at the speed of light.""",sarcasm
"""I'm absolutely loving your new hairstyle. It's... unique. Very... you.""",sarcasm
"""Well, that was a productive meeting. Not.""",sarcasm
"""I'm so glad we had this little chat. It's not like I had anything better to do.""",sarcasm
"""Oh, fantastic. Another 'spontaneous' power outage. Just what I needed to make my day complete.""",sarcasm
"""Oh, I'm sorry, I didn't realize you were actually trying to be funny. My mistake.""",sarcasm
"""I'm just over the moon about this new project. I've always wanted to spend my weekends at the office.""",sarcasm
"""Wow, you've really got a way with words... in text language.""",sarcasm
"""I'm sure the world is just begging for your opinion on this matter.""",sarcasm
"""Oh, great. Another day, another opportunity to watch you excel at your job.""",sarcasm
"""I'm so sorry for interrupting your intense staring contest with your phone.""",sarcasm
"""I'm just blown away by your extensive knowledge of... nothing in particular.""",sarcasm
"""Oh, I can see the resemblance now. You two are practically twins: one small, one large, and both full of hot air.""",sarcasm
"""I'm absolutely thrilled to see you've mastered the art of typing with your nose.""",sarcasm
"""I'm just ecstatic that you've chosen today, of all days, to start caring about your appearance.""",sarcasm
"""Oh, wonderful. The fire alarm goes off, and you're the only one who thinks it's a great time for a smoke break.""",sarcasm
"""I'm so grateful for your 'help' today. It's not like I could have done it without you... or at all.""",sarcasm
"""Oh, great. Just what I needed: a lecture on punctuality from the king of tardiness.""",sarcasm
"""I'm absolutely delighted to see that you've finally discovered deodorant. It's a miracle!""",sarcasm
"""Oh, fantastic. Another opportunity to watch you 'work' your magic.""",sarcasm
"""I'm just over the moon about your 'unique' taste in music. It's... something.""",sarcasm
"""I'm so glad you're here to 'assist' me. I don't know what I'd do without your... 'help'.""",sarcasm
"""Oh, wonderful. Just the person I was hoping to see: no one.""",sarcasm
"""I'm just thrilled to see you've finally embraced your inner sloth.""",sarcasm
"""Oh, great. Another chance to witness your exceptional driving skills. I can't wait.""",sarcasm
"""I'm so grateful for your sparkling wit and charm. It's not like this conversation could survive without them.""",sarcasm
"""Oh, fantastic. Just what I needed: a lesson in patience from the most impatient person I know.""",sarcasm
"""I'm just beside myself with joy at the sight of your 'hard work'.""",sarcasm
"""Oh, great. Another opportunity to watch you 'manage' a project. It's not like I have anything better to do.""",sarcasm
"""I'm so glad you've finally discovered the joy of silence. Too bad you can't seem to find it.""",sarcasm
"""Oh, wonderful. Just what I needed: a reminder that you exist.""",sarcasm
"""I'm just over the moon about your 'excellent' communication skills. They're... something else.""",sarcasm
"""I'm so grateful for your 'helpful' suggestions. I don't know what I'd do without them... or anything else.""",sarcasm
"""1. ""Oh, you're still using that ancient phone? How quaint, like a vintage museum piece.""",sarcasm
"""2. ""I'm absolutely thrilled about this project. It's not like I have a life or anything.""",sarcasm
"""3. ""Your cooking has truly reached new heights. The fire alarm is a nice touch.""",sarcasm
"""4. ""I've never seen anyone fail so spectacularly at parking. It's almost impressive.""",sarcasm
"""5. ""Your sense of direction is truly a gift. I've never seen a GPS so thoroughly confused.""",sarcasm
"""6. ""Oh, look, a miracle! My Wi-Fi is finally working. I should call the Vatican.""",sarcasm
"""7. ""Your silence is deafening. I'm sure you have a lot of insightful thoughts on this.""",sarcasm
"""8. ""Wow, you're really mastering the art of adulting. The ramen stains on your shirt are a great start.""",sarcasm
"""9. ""I'm loving your new haircut. It's not like you have a face to ruin or anything.""",sarcasm
"""10. ""Your jokes are like your coffee: weak and bitter.""",sarcasm
"""11. ""Oh, you found the remote. I was beginning to think it was just a myth.""",sarcasm
"""12. ""Your plan is foolproof. I'm sure it'll work as well as a sieve in a thunderstorm.""",sarcasm
"""13. ""I'm so sorry for interrupting your nap. I know how precious your beauty sleep is.""",sarcasm
"""14. ""Your driving is as smooth as a politician's promise. I'm sure we'll get there eventually.""",sarcasm
"""15. ""I'm positively beaming with joy about this meeting. It's not like I have anything better to do.""",sarcasm
"""16. ""Your taste in music is as diverse as a one-hit wonder's discography.""",sarcasm
"""17. ""Oh, you're a vegetarian now? How very brave of you to avoid the obvious.""",sarcasm
"""18. ""Your fashion sense is as cutting-edge as a butter knife. But hey, at least you're comfortable.""",sarcasm
"""19. ""I've never seen anyone misuse a semicolon quite like you. It's truly an art form.""",sarcasm
"""20. ""Your idea is genius. I'm sure it'll go over about as well as a fart in a spacesuit.""",sarcasm
"""21. ""Oh, you're from the South? I'd have never guessed with that thick Yankee accent.""",sarcasm
"""22. ""Your sense of humor is as subtle as a brick through a window. I'm sure it's an acquired taste.""",sarcasm
"""23. ""I'm so glad you're here. I was beginning to think I was the only one who hated Mondays.""",sarcasm
"""24. ""Your attention to detail is as keen as a toddler in a candy store. I'm sure it'll serve you well.""",sarcasm
"""25. ""Oh, you're a fan of that show? I've never seen someone be so wrong about something I love.""",sarcasm
"""26. ""Your cooking could use a bit more salt. Or maybe just a chef.""",sarcasm
"""27. ""Your grammar is as flawless as a politician's record. I'm sure it's just a misunderstanding.""",sarcasm
"""28. ""I'm loving your new car. It's not like you have a mortgage or anything.""",sarcasm
"""29. ""Your singing voice is as pleasant as a cat being strangled. I'm sure it's an acquired taste.""",sarcasm
"""30. ""Oh, you're a cat person? I'd have never guessed with your lack of a soul.""",sarcasm
"""31. ""Your painting is as abstract as my understanding of quantum physics. I'm sure it's deep.""",sarcasm
"""32. ""I'm so glad you're here to explain things. It's not like anyone else could possibly understand.""",sarcasm
"""33. ""Your dancing is as graceful as an elephant on a tightrope. I'm sure it's just the lighting.""",sarcasm
"""34. ""Oh, you're a fan of that sports team? I've never seen someone be so wrong about something I'm right about.""",sarcasm
"""35. ""Your punctuality is as reliable as a broken clock. I'm sure it's just a phase.""",sarcasm
"""36. ""Your acting is as convincing as a lie detector. I'm sure you'll be on Broadway soon.""",sarcasm
"""37. ""Oh, you're a vegan? I've never seen someone be so smug about eating plants.""",sarcasm
"""38. ""Your writing is as clear as mud. I'm sure it's just the editor's fault.""",sarcasm
"""39. ""I'm so grateful for your help. It's not like I could have done it myself or anything.""",sarcasm
"""40. ""Your question is as insightful as a rock. I'm sure it's just the way you asked it.""",sarcasm
"""41. ""Oh, you're a fan of that book? I've never seen someone be so wrong about something I loved.""",sarcasm
"""42. ""Your idea of a good time is as exciting as watching paint dry. I'm sure it's just a cultural difference.""",sarcasm
"""43. ""Your sense of direction is as reliable as a compass in a microwave. I'm sure we'll find our way eventually.""",sarcasm
"""44. ""Your singing voice is as melodious as a chainsaw. I'm sure it's just the mic.""",sarcasm
"""45. ""Oh, you're a fan of that movie? I've never seen someone be so wrong about something I loved.""",sarcasm
"""46. ""Your sense of humor is as funny as a root canal. I'm sure it's just a matter of perspective.""",sarcasm
"""47. ""Your fashion sense is as avant-garde as a dumpster fire. I'm sure it's just a statement.""",sarcasm
"""48. ""Your cooking is as delicious as a prison meal. I'm sure it's just the chef's creativity.""",sarcasm
"""49. ""Oh, you're a fan of that artist? I've never seen someone be so wrong about something I love.""",sarcasm
"""50. ""Your taste in music is as eclectic as a one-man band. I'm sure it's just a phase.""",sarcasm
"""1. ""Oh, fantastic! It's raining, my umbrella's broken, and I forgot my spare. Just another day in paradise.""",sarcasm
"""2. ""I've always said, 'If you can't do something well, do it excessively.' Well done, team!""",sarcasm
"""3. ""Oh, I'm sorry for spilling my coffee. I didn't realize you had a 'no liquids' policy at the breakfast table.""",sarcasm
"""4. ""Wow, this meeting is really flying by. We've been discussing the same point for an hour now.""",sarcasm
"""5. ""Oh, I love the new season of 'Game of Thrones'. It's just like real life, but with fewer taxes and more dragons.""",sarcasm
"""6. ""I'm sorry, I didn't catch that. Could you speak up? I'm a little deaf from all the crickets chirping in here.""",sarcasm
"""7. ""Oh, fantastic! The Wi-Fi is down again. I was just about to stream my entire movie collection.""",sarcasm
"""8. ""I must say, your sense of style is... unique. It's like a time capsule from the early 2000s threw up in here.""",sarcasm
"""9. ""Oh, great! Just what I always wanted - a surprise visit from the in-laws. And here I thought Tuesdays were supposed to be boring.""",sarcasm
"""10. ""I'm sorry, I didn't mean to interrupt your nap. I thought you were just having a seizure from the sheer brilliance of my ideas.""",sarcasm
"""11. ""Oh, I'm so glad you could finally join us. We've only been waiting for you for, what, five minutes? A lifetime, really.""",sarcasm
"""12. ""Wow, this traffic is terrible. I've seen snails move faster than we are right now.""",sarcasm
"""13. ""Oh, I love your cooking. It's like a culinary adventure where I'm not sure if I'll make it out alive.""",sarcasm
"""14. ""I'm sorry, I didn't mean to disturb you. I was just trying to have a conversation with a wall - I heard it was easier than talking to you.""",sarcasm
"""15. ""Oh, I see you've finally mastered the art of parallel parking. I'm impressed. I didn't think that was possible.""",sarcasm
"""16. ""Wow, this diet is going great. I've lost, let's see, one pound this week. Or was it the other way around?""",sarcasm
"""17. ""I must say, your taste in music is... eclectic. It's like a symphony of noise that only dogs can hear.""",sarcasm
"""18. ""Oh, I'm so sorry for not responding to your emails. I was busy avoiding all human contact.""",sarcasm
"""19. ""Wow, this is just like the movies. Except instead of a romantic dinner, we're eating cold pizza, and the soundtrack is my neighbor's arguing.""",sarcasm
"""20. ""I'm sorry, I didn't understand a word you just said. I think my brain short-circuited from the sheer amount of nonsense.""",sarcasm
"""21. ""Oh, I love your new haircut. It's like a bad hair day turned into a lifestyle choice.""",sarcasm
"""22. ""Wow, this is just like a scene from 'The Walking Dead'. Except instead of zombies, we're surrounded by people who can't drive.""",sarcasm
"""23. ""I'm sorry, I didn't realize you were still alive. You've been so quiet, I thought you were just a statue.""",sarcasm
"""24. ""Oh, I'm so glad we have this quality time together. It's not like we ever see each other during the day or anything.""",sarcasm
"""25. ""Wow, this is just like a scene from 'Groundhog Day'. Except instead of Bill Murray, I'm stuck with you.""",sarcasm
"""26. ""I must say, your sense of direction is... challenged. It's like you're navigating with a compass that's always pointing to 'wrong way'.""",sarcasm
"""27. ""Oh, I love your new apartment. It's like a studio tour of all the places you've failed to clean.""",sarcasm
"""28. ""Wow, this is just like a scene from 'Titanic'. Except instead of icebergs, we're crashing into the metaphorical icebergs of our own making.""",sarcasm
"""29. ""I'm sorry, I didn't mean to offend you. I was just trying to be 'constructively critical', whatever that means.""",sarcasm
"""30. ""Oh, I see you've finally learned to use the remote control. It's a shame it took you this long, but at least you've mastered something today.""",sarcasm
"""31. ""Wow, this is just like a scene from 'The Matrix'. Except instead of dodging bullets, I'm dodging your terrible jokes.""",sarcasm
"""32. ""I must say, your cooking is... an acquired taste. It's like eating a food that's daring you to have an opinion about it.""",sarcasm
"""33. ""Oh, I love your new car. It's like a mobile time machine, taking me back to the 1980s.""",sarcasm
"""34. ""Wow, this is just like a scene from 'The Shining'. Except instead of 'Here's Johnny!', it's 'Here's the bill!'.""",sarcasm
"""35. ""I'm sorry, I didn't mean to interrupt your 'me time'. I was just trying to have a conversation with a human being.""",sarcasm
"""36. ""Oh, I love your new tattoo. It's like a permanent reminder of that one time you made a bad decision.""",sarcasm
"""37. ""Wow, this is just like a scene from 'Jurassic Park'. Except instead of dinosaurs running amok, it's you at the buffet.""",sarcasm
"""38. ""I must say, your sense of humor is... unique. It's like a comedy routine that's been translated from another language, and not very well.""",sarcasm
"""39. ""Oh, I see you've finally learned how to use a phone. It's a shame it took you this long, but at least you've mastered something today.""",sarcasm
"""40. ""Wow, this is just like a scene from 'The Exorcist'. Except instead of a possessed girl, it's you arguing with the GPS.""",sarcasm
"""41. ""I'm sorry, I didn't realize you were serious. I thought you were just being your usual sarcastic self.""",sarcasm
"""42. ""Oh, I love your new perfume. It's like a fragrance that's daring you to have a headache.""",sarcasm
"""43. ""Wow, this is just like a scene from 'The Silence of the Lambs'. Except instead of Hannibal Lecter, it's you explaining your logic.""",sarcasm
"""44. ""I must say, your driving is... an experience. It's like a rollercoaster ride that's daring you to survive.""",sarcasm
"""45. ""Oh, I see you've finally learned how to fold laundry. It's a shame it took you this long, but at least you've mastered something today.""",sarcasm
"""46. ""Wow, this is just like a scene from 'Inception'. Except instead of dreams within dreams, it's you explaining your plans.""",sarcasm
"""47. ""I'm sorry, I didn't mean to question your judgment. I was just trying to be 'constructively critical', whatever that means.""",sarcasm
"""48. ""Oh, I love your new hairstyle. It's like a haircut that's daring you to have a bad hair day.""",sarcasm
"""49. ""Wow, this is just like a scene from 'The Hangover'. Except instead of waking up in Vegas, we're waking up in your mess.""",sarcasm
"""50. ""I must say, your taste in movies is... eclectic. It's like a cinematic journey through the worst choices of all time.""",sarcasm
"""Oh, you're finally here. I thought I heard my alarm go off this morning.""",sarcasm
"""Wow, your office must be so quiet now that you're working from home. I can barely hear the silence.""",sarcasm
"""Oh, I see you've mastered the art of breathing. Congratulations, that's quite an accomplishment.""",sarcasm
"""Your cooking has truly reached new heights. I've never seen burnt food so... consistent.""",sarcasm
"""Of course, you're right. I mean, who needs oxygen when we have your opinion to keep us alive?""",sarcasm
"""Oh, you've changed your profile picture? I barely noticed. It's not like you update it every day or anything.""",sarcasm
"""Your driving is so smooth, it's like you're gliding on ice. A very bumpy, noisy ice.""",sarcasm
"""Your punctuality is as reliable as a broken alarm clock. I should set my watch by you.""",sarcasm
"""Your singing is like a beautiful melody that only dogs can hear.""",sarcasm
"""Oh, you've learned a new language? That's impressive. I didn't know grunts and gestures were an actual language.""",sarcasm
"""Your fashion sense is truly timeless. It's like you're stuck in a time warp... a very colorful one.""",sarcasm
"""Your idea is so brilliant, even a rocket scientist couldn't have come up with it.""",sarcasm
"""Your sense of direction is amazing. I've never seen someone find their way so well... to the wrong place.""",sarcasm
"""Oh, you're a vegetarian now? That's great. I've always wanted to meet a human who can survive on lettuce alone.""",sarcasm
"""I'm sorry if I interrupted your pottery-making marathon. I know it's not as exciting as watching paint dry.""",sarcasm
"""Your attention to detail is so impressive. It's like you're trying to outdo a microscope.""",sarcasm
"""Your dancing is so graceful, it's like you're defying the laws of gravity... and rhythm.""",sarcasm
"""Oh, you've started a blog? That's wonderful. I'm sure the internet is just dying to hear your thoughts.""",sarcasm
"""Your acting skills are so convincing, even a lie detector would believe you.""",sarcasm
"""Your writing is so profound, even a dictionary would struggle to understand it.""",sarcasm
"""Your sense of humor is so subtle, it's like watching paint dry... again.""",sarcasm
"""Oh, you've started a podcast? That's great. I'm sure you'll have listeners... eventually... maybe.""",sarcasm
"""Your recycling skills are so impressive, even Mother Earth is jealous.""",sarcasm
"""Your ability to multitask is so amazing, it's like you're juggling chainsaws... blindfolded.""",sarcasm
