text,label
"""1. ""Breaking News: NASA's Perseverance Rover successfully lands on Mars!""",not_toxic
"""2. ""Can't wait to try out that new coffee shop downtown, anyone want to join me?""",not_toxic
"""3. ""I'm really struggling with this math problem, can anyone offer some guidance?""",not_toxic
"""4. ""Just saw the sunset, it was absolutely breathtaking!""",not_toxic
"""5. ""Disappointing to see the game ended in a draw, but well played, team!""",not_toxic
"""6. ""I'm curious, what's everyone's opinion on the latest documentary about climate change?""",not_toxic
"""7. ""Could anyone recommend a good book to read over the weekend?""",not_toxic
"""8. ""I'm so proud of you for sticking to your fitness goal!""",not_toxic
"""9. ""It's raining again, I wish the weather would make up its mind!""",not_toxic
"""10. ""Let's debate: Which is better, cats or dogs? I'm Team Cat!""",not_toxic
"""11. ""I'm sorry to hear about your loss, if there's anything you need, just let me know.""",not_toxic
"""12. ""I'm feeling really overwhelmed with work, anyone have tips for managing stress?""",not_toxic
"""13. ""Just heard some amazing news, I'm getting a promotion!""",not_toxic
"""14. ""I'm struggling to understand this article, can someone explain it in simpler terms?""",not_toxic
"""15. ""I'm so excited for the upcoming music festival, who's going with me?""",not_toxic
"""16. ""I'm really enjoying this podcast, have you listened to it yet?""",not_toxic
"""17. ""I'm sorry, I didn't mean to interrupt, please continue.""",not_toxic
"""18. ""I'm so impressed with your public speaking skills, keep it up!""",not_toxic
"""19. ""I'm a bit annoyed, the traffic is terrible today.""",not_toxic
"""20. ""I'm really passionate about recycling, anyone want to join me in starting a community initiative?""",not_toxic
"""21. ""I'm really looking forward to our team-building activity this weekend!""",not_toxic
"""22. ""I'm so impressed with the latest smartphone release, I might have to upgrade.""",not_toxic
"""23. ""I'm really curious about learning a new language, any recommendations on where to start?""",not_toxic
"""24. ""I'm so impressed with the diversity in this year's Oscar nominations!""",not_toxic
"""25. ""I'm really frustrated with my internet connection today, it's been so slow!""",not_toxic
"""26. ""I'm feeling really inspired after watching that TED talk, let's discuss!""",not_toxic
"""27. ""I'm so glad I finally got to try that famous pizza place, it was delicious!""",not_toxic
"""28. ""I'm really interested in learning more about coding, any beginner tips?""",not_toxic
"""29. ""I'm so disappointed in the customer service I received today.""",not_toxic
"""30. ""I'm really impressed with the art exhibition downtown, you should check it out!""",not_toxic
"""31. ""I'm so excited for the upcoming vacation, where are we going again?""",not_toxic
"""32. ""I'm really struggling with my finances, any budgeting advice would be appreciated.""",not_toxic
"""33. ""I'm really looking forward to the new movie release this Friday, who's with me?""",not_toxic
"""34. ""I'm so impressed with the progress made in the latest vaccination drive!""",not_toxic
"""35. ""I'm really curious about the upcoming election, what's everyone's stance?""",not_toxic
"""36. ""I'm so impressed with the variety of vendors at the farmers market today!""",not_toxic
"""37. ""I'm really feeling adventurous today, who's up for a spontaneous road trip?""",not_toxic
"""38. ""I'm so disappointed with the lack of communication in our team meeting today.""",not_toxic
"""39. ""I'm really excited to start my new job next week, wish me luck!""",not_toxic
"""40. ""I'm really struggling with my mental health lately, if you've been through something similar, I'd love to hear about it.""",not_toxic
"""41. ""I'm so impressed with the latest tech innovation, it's amazing what they can do these days!""",not_toxic
"""42. ""I'm really looking forward to the upcoming conference, let's connect there!""",not_toxic
"""43. ""I'm so disappointed in the result of the game, but we'll get them next time!""",not_toxic
"""44. ""I'm really interested in learning more about that historical event, any book recommendations?""",not_toxic
"""45. ""I'm so impressed with the dedication of our volunteers, they're truly making a difference!""",not_toxic
"""46. ""I'm really struggling with my creativity lately, anyone have some spark-inducing ideas?""",not_toxic
"""47. ""I'm so excited for the upcoming concert, I've been waiting for this for months!""",not_toxic
"""48. ""I'm really interested in learning more about that cultural festival, who wants to go with me?""",not_toxic
"""49. ""I'm so disappointed with the quality of service at that restaurant last night.""",not_toxic
"""50. ""I'm really looking forward to the upcoming community event, let's make it a great one!""",not_toxic
"""Local farmers' market opens today, can't wait to try the fresh produce!""",not_toxic
"""I'm curious, what's your take on the new movie that just came out?""",not_toxic
"""Congratulations on your promotion, you've worked so hard for it!""",not_toxic
"""I'm feeling a bit overwhelmed, does anyone have any tips for managing stress?""",not_toxic
"""Let's debate: which is the best pizza topping? Pepperoni or mushroom?""",not_toxic
"""The weather is beautiful today, perfect for a picnic in the park!""",not_toxic
"""I'm sorry to hear about your loss, if you need someone to talk to, I'm here.""",not_toxic
"""Just finished reading 'To Kill a Mockingbird,' what a powerful book!""",not_toxic
"""I'm a bit confused about the new project requirements, could you clarify them for me?""",not_toxic
"""I'm excited to join the gym next week, any fitness tips are appreciated!""",not_toxic
"""The latest tech innovation is fascinating, how do you think it will impact our future?""",not_toxic
"""I'm frustrated with the slow internet today, any suggestions to boost my connection?""",not_toxic
"""Let's discuss: should schools start later in the morning? I'd love to hear your thoughts.""",not_toxic
"""I'm impressed by the artwork at the gallery, who's your favorite artist?""",not_toxic
"""I'm thinking of volunteering, any organizations you'd recommend?""",not_toxic
"""Great job on the presentation, your data visualization was very clear!""",not_toxic
"""I'm struggling with a math problem, anyone care to lend a hand?""",not_toxic
"""Just tried a new recipe, it was a delicious disaster, but we'll improve next time!""",not_toxic
"""Let's chat about the upcoming election, I'm eager to understand different perspectives.""",not_toxic
"""Apple unveils new iPhone, tech enthusiasts thrilled.""",not_toxic
"""Traffic jams expected on I-95 today, plan your route accordingly.""",not_toxic
"""Excited to try out that new restaurant downtown.""",not_toxic
"""Saddened by the news of the forest fire, let's support the relief efforts.""",not_toxic
"""Cannot wait to finish this project, just one more task to go!""",not_toxic
"""Disappointed with the movie, but the cinematography was stunning.""",not_toxic
"""Curious about the new exhibition at the art gallery.""",not_toxic
"""Frustrated with the long lines at the DMV, but at least they're moving.""",not_toxic
"""Thrilled to see our local sports team win last night!""",not_toxic
"""Intrigued by the latest scientific discoveries about black holes.""",not_toxic
"""Let's discuss the pros and cons of remote work, I see valid points on both sides.""",not_toxic
"""Empathizing with those affected by the recent power outage, hope services are restored soon.""",not_toxic
"""Delighted to see more people using reusable bags at the store.""",not_toxic
"""Concerned about the impact of climate change, let's take action in our community.""",not_toxic
"""Debating between two book options for our book club, both look interesting.""",not_toxic
"""Impressed by the student's presentation, they clearly put a lot of effort into it.""",not_toxic
"""Disappointed with the customer service, but I'll try again and express my concerns.""",not_toxic
"""- NASA's Perseverance rover successfully lands on Mars.""",not_toxic
"""- I'm really excited about the new book I just started.""",not_toxic
"""- Have you tried the new Thai restaurant downtown?""",not_toxic
"""- I'm curious, what's your take on the latest movie by Christopher Nolan?""",not_toxic
"""- I'm sorry to hear about your loss, I'm here if you need to talk.""",not_toxic
"""- I couldn't agree more, the environment needs more protection.""",not_toxic
"""- I'm struggling with this task, could you guide me through it?""",not_toxic
"""- I'm not sure I understand, could you rephrase that please?""",not_toxic
"""- The new iPhone's camera is impressive, but it's pricey.""",not_toxic
"""- I'm disappointed in the service, I expected more for the price.""",not_toxic
"""- I've been trying to learn guitar, any tips are welcome!""",not_toxic
"""- I'm predicting a win for Team A in the upcoming match.""",not_toxic
"""- Have you watched the documentary on climate change? It's eye-opening.""",not_toxic
"""- I'm concerned about the new data privacy regulations, have you looked into them?""",not_toxic
"""- Let's meet at the park this weekend, it's been ages since our last catch-up.""",not_toxic
"""- The latest report suggests a rise in global temperatures. Concerning, isn't it?""",not_toxic
"""- I'm impressed by your presentation skills, you're a natural.""",not_toxic
"""- I'm feeling a bit overwhelmed, do you have a moment to chat?""",not_toxic
"""- I'm not convinced by the new product, it lacks innovation.""",not_toxic
"""- The weather's gorgeous today, perfect for a picnic!""",not_toxic
"""- I'm frustrated with my slow internet, any suggestions to boost speed?""",not_toxic
"""- Let's discuss our project ideas over coffee tomorrow?""",not_toxic
"""- I'm inspired by the speech given by the young activist today.""",not_toxic
"""- I'm not a fan of spicy food, any recommendations for a non-spicy dish?""",not_toxic
"""- The company's new policy seems unfair, let's discuss it at the next meeting.""",not_toxic
"""- I'm excited about the upcoming conference, I hope to learn a lot.""",not_toxic
"""- I'm confused by the new software update, can someone guide me?""",not_toxic
"""- The local farmers market is amazing, I found some great produce.""",not_toxic
"""- I'm worried about the rising cost of living, aren't you?""",not_toxic
"""- Let's debate the merits of working from home versus the office.""",not_toxic
"""- I'm enthusiastic about the new project, let's make it a success!""",not_toxic
"""- I'm not sure I understand the new regulations, could someone explain them?""",not_toxic
"""- The museum exhibit was fascinating, I learned so much.""",not_toxic
"""- I'm feeling creative today, any ideas for a DIY project?""",not_toxic
"""- I'm disappointed with the team's performance, we can do better.""",not_toxic
"""- The new podcast is gripping, I can't stop listening.""",not_toxic
"""- I'm struggling with motivation, any tips for keeping myself going?""",not_toxic
"""- Let's plan a hike this weekend, it's been too long since our last adventure.""",not_toxic
"""- I'm not convinced by the new policy, I think we should reconsider it.""",not_toxic
"""- The new album by my favorite band is incredible, I've been listening on repeat.""",not_toxic
"""- I'm excited to announce my promotion, I've worked hard for this.""",not_toxic
"""- I'm concerned about the increase in traffic congestion, what do you think?""",not_toxic
"""- Let's discuss our options for the upcoming project, I have some ideas.""",not_toxic
"""- I'm not satisfied with the quality of the product, I expected better.""",not_toxic
"""- The local book club is starting a new book, I'm looking forward to it.""",not_toxic
"""- I'm feeling a bit under the weather, I might take the day off.""",not_toxic
"""- I'm not sure I agree with that statement, could you elaborate further?""",not_toxic
"""- The new coffee shop is cozy, I could spend hours here.""",not_toxic
"""- I'm confused about the new pricing structure, could you clarify it?""",not_toxic
"""- Let's go for a walk, it's a lovely day outside.""",not_toxic
"""- I'm impressed by the initiative taken by the local community.""",not_toxic
"""- I'm not a fan of horror movies, any other suggestions for tonight?""",not_toxic
"""- The new recipe I tried was delicious, you should give it a shot!""",not_toxic
"""- I'm concerned about the impact of social media on mental health.""",not_toxic
"""- Let's brainstorm some ideas for the upcoming event.""",not_toxic
"""- I'm not sure I understand the rules, could you explain them to me?""",not_toxic
"""- The art exhibition was stunning, my favorite piece was...""",not_toxic
"""- I'm excited to share some good news, I got accepted into the program!""",not_toxic
"""- I'm disappointed with the customer service, I've been on hold for ages.""",not_toxic
"""- The new workout class is tough, but I feel great afterwards.""",not_toxic
"""- Let's discuss our plans for the holiday season.""",not_toxic
"""- I'm not convinced that's the best approach, let's consider other options.""",not_toxic
"""- The new bakery is amazing, I highly recommend the croissants.""",not_toxic
"""- I'm struggling with a decision, any advice would be appreciated.""",not_toxic
"""- Let's plan a virtual game night this weekend, who's in?""",not_toxic
"""- I'm impressed by the progress made on the project, well done team!""",not_toxic
"""- I'm not a fan of public speaking, any tips to help me overcome it?""",not_toxic
"""- The new plant-based restaurant is delicious, I'll definitely be back.""",not_toxic
"""- Let's debate the pros and cons of remote work.""",not_toxic
"""- I'm excited to try out the new cooking class, any tips for a beginner?""",not_toxic
"""- I'm not convinced by the latest product review, I think it's biased.""",not_toxic
"""- The local music festival was incredible, I discovered some great new bands.""",not_toxic
"""- I'm concerned about the increasing cost of housing in the city.""",not_toxic
"""- Let's organize a charity event, I'm happy to help plan it.""",not_toxic
"""- I'm not satisfied with the quality of the product, I'll request a refund.""",not_toxic
"""- The new documentary is thought-provoking, it's got me thinking about...""",not_toxic
"""1. ""Breaking News: NASA's Perseverance rover successfully lands on Mars!""",not_toxic
"""2. ""Just tried this new coffee shop downtown, their lattes are amazing!""",not_toxic
"""3. ""I'm struggling to understand this new software, can anyone offer some guidance?""",not_toxic
"""4. ""Did you see the score of last night's game? What a comeback!""",not_toxic
"""5. ""I'm so proud of my daughter, she just got accepted into her first-choice college.""",not_toxic
"""6. ""I've been trying to learn a new language, any tips are appreciated.""",not_toxic
"""7. ""I'm really disappointed that the store was out of the latest bestseller. Do you know when they restock?""",not_toxic
"""8. ""I've been meaning to ask, how do you manage your team's projects so effectively?""",not_toxic
"""9. ""I'm so excited for the new season of my favorite show to start this weekend!""",not_toxic
"""10. ""I've been wondering, what's your take on the new government policy?""",not_toxic
"""11. ""I'm feeling a bit down today, anyone up for a chat?""",not_toxic
"""12. ""I can't believe I missed the deadline, I'm so frustrated with myself right now.""",not_toxic
"""13. ""I'm so impressed by how our local community came together to help those in need.""",not_toxic
"""14. ""I'm not sure I agree with the latest review on this product, have you tried it?""",not_toxic
"""15. ""I'm so happy to see you two reconciling, your friendship means a lot to me.""",not_toxic
"""16. ""I've been trying to find a good book club to join, any recommendations?""",not_toxic
"""17. ""I'm really impressed by the work our marketing team has done this quarter.""",not_toxic
"""18. ""I'm so sorry to hear about your loss. If you need someone to talk to, I'm here.""",not_toxic
"""19. ""I've been debating whether to switch to a plant-based diet, what are your thoughts?""",not_toxic
"""20. ""I can't wait to visit the art gallery this weekend, have you been before?""",not_toxic
"""21. ""I'm really struggling with motivation today, any words of encouragement?""",not_toxic
"""22. ""I'm so excited to announce that I've been promoted to team leader!""",not_toxic
"""23. ""I'm not sure I understand this graph, could you explain it to me again?""",not_toxic
"""24. ""I'm feeling a bit overwhelmed with work lately, any tips for managing my time better?""",not_toxic
"""25. ""I'm so proud of our city for winning the bid to host the next Olympics!""",not_toxic
"""26. ""I've been trying to decide between these two products, any advice?""",not_toxic
"""27. ""I'm so impressed by the progress our company has made this year.""",not_toxic
"""28. ""I'm feeling really curious about the upcoming election, what are your thoughts?""",not_toxic
"""29. ""I'm so glad we could work out our differences and come to an agreement.""",not_toxic
"""30. ""I've been trying to cut down on my sugar intake, any healthy dessert recommendations?""",not_toxic
"""31. ""I'm really concerned about the impact of climate change, what do you think we can do?""",not_toxic
"""32. ""I'm so excited to finally see my favorite band in concert this Friday!""",not_toxic
"""33. ""I'm not sure I understand this new policy, could you clarify it for me?""",not_toxic
"""34. ""I'm so impressed by the dedication of our local volunteers.""",not_toxic
"""35. ""I've been wanting to start a garden, any tips for beginners?""",not_toxic
"""36. ""I'm really frustrated with the lack of response from customer service today.""",not_toxic
"""37. ""I'm so proud to call you my friend, you've been there for me through so much.""",not_toxic
"""38. ""I'm not sure I agree with the critic's review, I thought the film was excellent.""",not_toxic
"""39. ""I'm so excited to start my new job on Monday, wish me luck!""",not_toxic
"""40. ""I've been trying to learn more about coding, any resources you'd recommend?""",not_toxic
"""41. ""I'm really disappointed that I didn't get the job, but I'll keep trying.""",not_toxic
"""42. ""I'm so grateful for the support of our local businesses during these challenging times.""",not_toxic
"""43. ""I'm not sure I understand this new project brief, could we discuss it further?""",not_toxic
"""44. ""I'm so impressed by the creativity of our design team's latest ideas.""",not_toxic
"""45. ""I'm really struggling with anxiety lately, any advice would be appreciated.""",not_toxic
"""46. ""I'm so proud to have completed my first 5k run today!""",not_toxic
"""47. ""I'm not sure I agree with the latest fashion trend, what do you think?""",not_toxic
"""48. ""I'm so excited to finally go on vacation next month, I can't wait to relax.""",not_toxic
"""49. ""I'm really concerned about the increase in traffic congestion in our city.""",not_toxic
"""50. ""I'm so proud to have raised enough funds to build a new school in our village.""",not_toxic
"""NASA's Perseverance rover successfully lands on Mars, sending back first images.""",not_toxic
"""Curious about that new Italian restaurant downtown?""",not_toxic
"""Sorry to hear about your meeting delay, I've been there too!""",not_toxic
"""Let's brainstorm some ideas for our next team project.""",not_toxic
"""Thrilled to see local businesses thriving during these challenging times.""",not_toxic
"""Could you clarify that point in the report? I'd appreciate your insight.""",not_toxic
"""Just tried the new recipe you recommended, it was a hit!""",not_toxic
"""Disappointed with the match result, but proud of our team's effort.""",not_toxic
"""Excited to finally see this classic movie on the big screen.""",not_toxic
"""Let's discuss this further, I see things differently but respect your perspective.""",not_toxic
"""Fantastic job on the presentation, you really nailed it!""",not_toxic
"""Wondering what everyone thinks of the proposed budget cuts?""",not_toxic
"""Let's take a break, we've been at this for hours.""",not_toxic
"""I'm all ears, I'd love to hear about your trip.""",not_toxic
"""Fascinated by the new exhibition at the museum, must visit!""",not_toxic
"""I'll do my best to meet the deadline, just need some more time.""",not_toxic
"""Can't wait for the weekend, feel like I've earned it this week.""",not_toxic
"""Let's collaborate on this task, I believe we'll achieve more together.""",not_toxic
"""Inspired by the interview with that young entrepreneur.""",not_toxic
"""Let's refill our coffee cups and dive back in.""",not_toxic
"""Concerned about the growing litter in our neighborhood.""",not_toxic
"""You're doing great, keep up the good work!""",not_toxic
"""Let's explore different approaches, there might be a better solution.""",not_toxic
"""Thrilled to be volunteering at the local community garden this afternoon.""",not_toxic
"""Frustrated with the traffic today, seems never-ending.""",not_toxic
"""Looking forward to hearing everyone's ideas in our next meeting.""",not_toxic
"""Just discovered a new podcast, can't stop listening!""",not_toxic
"""Let's break down this complex issue into smaller parts.""",not_toxic
"""Impressed by the dedication of our local healthcare workers.""",not_toxic
"""Let's grab lunch together, I'd enjoy the company.""",not_toxic
"""Excited to learn a new language, any recommendations?""",not_toxic
"""Let's agree to disagree and move forward.""",not_toxic
"""Disappointed with the lack of response from the council.""",not_toxic
"""Let's celebrate our wins, no matter how small.""",not_toxic
"""Intrigued by the latest scientific breakthroughs.""",not_toxic
"""Let's rephrase this to make it clearer for our clients.""",not_toxic
"""Thrilled to be attending the music festival this weekend.""",not_toxic
"""Let's focus on the positives, there's always room for improvement.""",not_toxic
"""Curious about the new neighbor moving in next door.""",not_toxic
"""Let's connect later this week, I'd love to catch up.""",not_toxic
"""Frustrated with the slow internet today, can't get any work done.""",not_toxic
"""Inspired by the stories of resilience in the news.""",not_toxic
"""Let's consider the pros and cons before making a decision.""",not_toxic
"""Excited to finally try out that new fitness class.""",not_toxic
"""Let's keep an open mind as we discuss this topic.""",not_toxic
"""1. ""Breaking: NASA's Perseverance rover successfully lands on Mars.""",not_toxic
"""2. ""Excited for the weekend! Planning a hike with friends.""",not_toxic
"""3. ""Just discovered a new favorite book, 'The Night Circus'.'""",not_toxic
"""4. ""Concerned about the increasing plastic waste in our oceans.""",not_toxic
"""5. ""Impressed by the new tech startup's innovative approach.""",not_toxic
"""6. ""Frustrated with the long commute, but it's worth it for the job.""",not_toxic
"""7. ""Thrilled to finally try out that new restaurant downtown.""",not_toxic
"""8. ""Saddened by the news of the forest fires in Australia.""",not_toxic
"""9. ""Curious about the upcoming Mars mission. Can't wait to learn more.""",not_toxic
"""10. ""Delighted to see my city implementing more bike lanes.""",not_toxic
"""11. ""Disappointed with the team's performance last night, but there's always next game.""",not_toxic
"""12. ""Inspired by the young activists leading climate change protests.""",not_toxic
"""13. ""Anxious about the upcoming presentation, but I'll be prepared.""",not_toxic
"""14. ""Pleased with the progress made on the project so far.""",not_toxic
"""15. ""Worried about the impact of the new policy on small businesses.""",not_toxic
"""16. ""Excited to start learning a new language, any recommendations?""",not_toxic
"""17. ""Annoyed with the constant interruptions during the meeting.""",not_toxic
"""18. ""Empowered by the recent women's march, change is happening.""",not_toxic
"""19. ""Bored at home on a rainy day, anyone have movie suggestions?""",not_toxic
"""20. ""Optimistic about the potential of renewable energy.""",not_toxic
"""21. ""Irritated by the lack of clarity in the instructions.""",not_toxic
"""22. ""Grateful for the help with moving, really appreciate it.""",not_toxic
"""23. ""Confused by the latest update to the company's software.""",not_toxic
"""24. ""Elated to have gotten tickets to the sold-out concert.""",not_toxic
"""25. ""Sympathetic towards those affected by the recent floods.""",not_toxic
"""26. ""Eager to start my new job on Monday.""",not_toxic
"""27. ""Displeased with the rude service at the café today.""",not_toxic
"""28. ""Thrilled to have completed my first marathon today!""",not_toxic
"""29. ""Concerned about the lack of affordable housing in the city.""",not_toxic
"""30. ""Intrigued by the new art exhibit downtown, must check it out.""",not_toxic
"""31. ""Upset by the loss of my favorite childhood toy.""",not_toxic
"""32. ""Excited to cook a new recipe for dinner tonight.""",not_toxic
"""33. ""Frustrated with the constant traffic jams on my way to work.""",not_toxic
"""34. ""Impressed by the student's presentation on climate change.""",not_toxic
"""35. ""Curious about the latest trends in sustainable fashion.""",not_toxic
"""36. ""Delighted to have found a new favorite podcast.""",not_toxic
"""37. ""Disappointed with the quality of the product I received.""",not_toxic
"""38. ""Thrilled to have finished reading the entire Harry Potter series.""",not_toxic
"""39. ""Worried about the increasing number of COVID-19 cases.""",not_toxic
"""40. ""Inspired by the teacher's dedication to her students.""",not_toxic
"""41. ""Annoyed with the noise from the construction next door.""",not_toxic
"""42. ""Grateful for the kind gesture from a stranger today.""",not_toxic
"""43. ""Excited to go stargazing this weekend.""",not_toxic
"""44. ""Displeased with the lack of transparency in the government.""",not_toxic
"""45. ""Sympathetic towards those struggling with mental health issues.""",not_toxic
"""46. ""Intrigued by the latest scientific discovery about black holes.""",not_toxic
"""47. ""Bored at work today, wishing it was Friday.""",not_toxic
"""48. ""Optimistic about the potential of AI in healthcare.""",not_toxic
"""49. ""Frustrated with the slow internet connection at home.""",not_toxic
"""50. ""Empowered by the recent increase in diverse representation in media.""",not_toxic
"""1. ""Breaking: NASA's Perseverance rover successfully lands on Mars.""",not_toxic
"""2. ""I can't wait to try out that new café downtown.""",not_toxic
"""3. ""Have you seen the latest episode of 'The Crown'? It's fascinating!""",not_toxic
"""4. ""I'm struggling with this math problem. Any tips, anyone?""",not_toxic
"""5. ""The new museum exhibit is a must-see. It's incredibly insightful.""",not_toxic
"""6. ""I'm so excited to finally meet my colleagues in person at the conference.""",not_toxic
"""7. ""I've been trying to learn guitar for months. Any beginner-friendly song recommendations?""",not_toxic
"""8. ""The new government policy aims to reduce plastic waste by 50% in the next decade.""",not_toxic
"""9. ""I'm disappointed with the score, but our team played well. There's always next time.""",not_toxic
"""10. ""I've been wanting to try meditation. Any apps you'd recommend?""",not_toxic
"""11. ""The protest march was a success, with thousands calling for climate action.""",not_toxic
"""12. ""I'm debating between the new iPhone and Samsung. Thoughts?""",not_toxic
"""13. ""I've been trying to reduce my meat intake. Any vegan recipes to try?""",not_toxic
"""14. ""The school's new basketball team is doing great. Let's support them!""",not_toxic
"""15. ""I'm loving this book. It's keeping me up at night, I can't put it down.""",not_toxic
"""16. ""I'm curious, what made you choose that career path?""",not_toxic
"""17. ""The charity event raised over $100,000. A fantastic effort by all involved.""",not_toxic
"""18. ""I'm not a fan of the new movie. It didn't live up to the hype for me.""",not_toxic
"""19. ""I've started a garden. Any tips for keeping plants alive?""",not_toxic
"""20. ""The company's new product launch was a hit, with positive reviews pouring in.""",not_toxic
"""21. ""I'm frustrated with the traffic today. It's been a nightmare.""",not_toxic
"""22. ""Have you tried the new pizza place? It's amazing!""",not_toxic
"""23. ""I'm looking forward to the art exhibition this weekend. Who's joining me?""",not_toxic
"""24. ""I'm struggling with motivation today. Any pep talks welcome!""",not_toxic
"""25. ""The city's new recycling program is a step in the right direction.""",not_toxic
"""26. ""I'm torn between two job offers. Any advice?""",not_toxic
"""27. ""I'm excited to start my new job on Monday. Wish me luck!""",not_toxic
"""28. ""I'm disappointed with the season finale. I was expecting more.""",not_toxic
"""29. ""I've been trying to learn a new language. Any tips for staying motivated?""",not_toxic
"""30. ""The school's science fair was a blast. Well done to all participants!""",not_toxic
"""31. ""I'm not sure about the new design. I preferred the old one.""",not_toxic
"""32. ""I'm glad we could resolve the issue peacefully. Let's move forward.""",not_toxic
"""33. ""I'm impressed with the team's performance. They've really stepped up.""",not_toxic
"""34. ""I'm frustrated with the customer service. I've been on hold for an hour.""",not_toxic
"""35. ""I'm thrilled to be selected for the competition. It's a great opportunity.""",not_toxic
"""36. ""I'm torn between two apartments. Any advice on which to choose?""",not_toxic
"""37. ""I'm excited to announce that I'm engaged! We're so happy.""",not_toxic
"""38. ""I'm not a fan of public speaking. Any tips to make it less daunting?""",not_toxic
"""39. ""I'm impressed with the school's new curriculum. It's much improved.""",not_toxic
"""40. ""I'm disappointed with the game result, but we'll come back stronger next time.""",not_toxic
"""41. ""I'm loving the new album. It's on repeat all day.""",not_toxic
"""42. ""I'm curious, what's your favorite book and why?""",not_toxic
"""43. ""I'm frustrated with the lack of progress. We need to pick up the pace.""",not_toxic
"""44. ""I'm excited to finally go on vacation. It's been a long time coming.""",not_toxic
"""45. ""I'm not a fan of spicy food. Any recommendations for a nice, mild dish?""",not_toxic
"""46. ""I'm impressed with the student's presentations. They've really nailed it.""",not_toxic
"""47. ""I'm debating whether to invest in cryptocurrency. Thoughts?""",not_toxic
"""48. ""I'm disappointed with the movie adaptation. It didn't do the book justice.""",not_toxic
"""49. ""I'm excited to try out that new vegan restaurant. Have you been?""",not_toxic
"""50. ""I'm not sure about the new logo. It's quite different from our previous one.""",not_toxic
"""NASA's Perseverance rover successfully lands on Mars, sending back first images of the red planet.""",not_toxic
"""I'm so excited to start my new job at the tech company next week!""",not_toxic
"""Have you tried the new vegan restaurant downtown? I heard the reviews are great.""",not_toxic
"""Did you see that amazing goal in the soccer match last night? What a save by the goalkeeper!""",not_toxic
"""I can't believe it's already Friday, this week flew by!""",not_toxic
"""Let's order pizza for lunch today, everyone's favorite, right?""",not_toxic
"""I'm sorry to hear about your loss, if you need to talk, I'm here for you.""",not_toxic
"""Have you considered using open-source software for our project? It could save us time and money.""",not_toxic
"""I disagree with your approach, but I appreciate your perspective. Let's find a middle ground.""",not_toxic
"""I'm really proud of you for sticking to your fitness goals this month.""",not_toxic
"""Can't wait to see you at the concert tonight, it's going to be an amazing show!""",not_toxic
"""Let's schedule a meeting to discuss our marketing strategy for Q2.""",not_toxic
"""Oh no, my phone battery died again. I really need to get it replaced.""",not_toxic
"""I'm so grateful for our team's hard work this quarter, we couldn't have done it without you.""",not_toxic
"""Did you watch the latest episode of our favorite show last night? I loved the twist!""",not_toxic
"""Breaking: NASA's Perseverance rover successfully lands on Mars!""",not_toxic
"""Can't wait for the weekend to finally finish that DIY project!""",not_toxic
"""Did you see the sunset last night? Absolutely breathtaking!""",not_toxic
"""I'm so sorry to hear about your losses in the stock market, John. Can I help in any way?""",not_toxic
"""Let's debate this later, I don't want to argue right now, okay?""",not_toxic
"""Congrats on your promotion, Sarah! You've earned it.""",not_toxic
"""Who's up for a game of chess after work today?""",not_toxic
"""I'm struggling with this coding problem, any tips are appreciated.""",not_toxic
"""Just tried the new vegan restaurant downtown, it was amazing!""",not_toxic
"""This weather is crazy, isn't it? I've never seen it rain like this.""",not_toxic
"""Let's agree to disagree on this one, friend. No hard feelings?""",not_toxic
"""I'm loving this new album, it's been on repeat all week.""",not_toxic
"""Let's catch up soon, it's been ages since we last chatted.""",not_toxic
"""Thanks for covering my shift, I owe you one.""",not_toxic
"""Have you seen the new documentary about climate change? It's eye-opening.""",not_toxic
"""I'm so impressed by how you handled that difficult client today.""",not_toxic
"""Let's carpool to the conference next week, it'll be fun!""",not_toxic
"""I'm trying out a new recipe tonight, wish me luck!""",not_toxic
"""I've been meaning to ask, how did you become so proficient in French?""",not_toxic
"""Let's collaborate on this project, I think our ideas complement each other perfectly.""",not_toxic
"""I'm really glad we could resolve that issue peacefully.""",not_toxic
"""Have you read 'The Alchemist'? I found it quite inspiring.""",not_toxic
"""Let's go for a hike this weekend, it's been ages since we've been outdoors together.""",not_toxic
"""I'm so excited about the upcoming festival, I've already planned my outfit.""",not_toxic
"""I'm disappointed in the school board's decision, aren't you?""",not_toxic
"""Let's catch up over coffee sometime, it's been too long.""",not_toxic
"""I'm impressed by how quickly you learned that new software.""",not_toxic
"""The new exhibit at the art gallery is stunning, you must check it out.""",not_toxic
"""Let's take a break from work and grab some lunch, shall we?""",not_toxic
"""I'm really proud of how you've handled this challenge, keep it up.""",not_toxic
"""Have you watched the latest episode of 'The Mandalorian'? No spoilers, please!""",not_toxic
"""I'm a bit frustrated with the traffic today, aren't you?""",not_toxic
"""Let's discuss this at the next meeting, I don't want to jump to conclusions.""",not_toxic
"""I'm really enjoying our book club discussions, it's been enlightening.""",not_toxic
"""Let's volunteer at the local shelter this Saturday, it'll be a rewarding experience.""",not_toxic
"""I'm surprised by the positive response to my latest blog post.""",not_toxic
"""Let's go see that new superhero movie this weekend, I hear it's fantastic.""",not_toxic
"""I'm impressed by your leadership in this project, keep up the good work.""",not_toxic
"""Have you tried the new smoothie place around the corner? I hear it's delicious.""",not_toxic
"""Let's brainstorm some ideas for the upcoming fundraiser, I could use your input.""",not_toxic
"""I'm a bit confused by the latest updates on the project, could you clarify?""",not_toxic
"""Let's go to that music festival next summer, it's going to be epic!""",not_toxic
"""I'm really enjoying the new fitness class I started last week.""",not_toxic
"""Let's order pizza for lunch today, my treat!""",not_toxic
"""NASA's Perseverance rover successfully lands on Mars, sending back first images."" ""I'm so excited to start my new job tomorrow!"" ""Did you see the sunrise this morning? It was breathtaking."" ""I'm struggling with this math problem. Can anyone offer some tips?"" ""Let's discuss the new project plan after lunch, shall we?"" ""I'm really proud of my daughter's performance in the school play."" ""I disagree with the new policy, but I understand where management is coming from."" ""Have you tried the new coffee shop downtown? It's amazing!"" ""I can't wait to hit the ski slopes this weekend."" ""I'm feeling a bit overwhelmed with work. Any productivity hacks to share?"" ""Let's catch up soon! It's been ages since we last chatted."" ""I'm so happy for my friend who just got engaged."" ""Can someone recommend a good book to read?"" ""I'm not a fan of reality TV, but each to their own."" ""The charity event was a huge success, raising over $100,000."" ""I'm trying to learn how to code. Any resources you'd recommend?"" ""Let's go for a hike this Saturday. Who's in?"" ""I'm really impressed with our team's progress this quarter."" ""I'm sorry to hear about your loss. If there's anything you need, just say the word."" ""I'm looking forward to the upcoming conference. Have you attended before?"" ""Let's order some pizza for the office today. Everyone in?"" ""I'm a bit frustrated with the traffic today. It's been a crawl."" ""I'm so grateful for the support from our customers this year."" ""Let's schedule a meeting next week to discuss the marketing strategy."" ""I'm loving the new album by [artist]. It's got such a great vibe."" ""I'm not sure I understand this new system. Can someone explain it again?"" ""Let's grab a drink after work. My treat."" ""I'm so excited to finally see the Northern Lights."" ""I'm feeling a bit under the weather, but I'll be back to work soon."" ""Let's plan a weekend getaway. Somewhere with a beach, please!"" ""I'm really enjoying this podcast. Have you listened to it?"" ""I'm sorry, I didn't quite catch that. Could you repeat it?"" ""Let's brainstorm some ideas for the upcoming project."" ""I'm not a big fan of Heights, but I'm always up for a challenge."" ""I'm so proud of my son's achievements in his martial arts class."" ""Let's catch the game tonight. My place?"" ""I'm really excited about the potential of this new product."" ""I'm feeling a bit stressed out lately. Any self-care tips?"" ""Let's collaborate on this project. I think we can create something amazing."" ""I'm not sure if I'm free this weekend. Let me check my calendar."" ""I'm really impressed with the local art scene."" ""Let's go for a walk in the park. It's such a beautiful day."" ""I'm a bit disappointed with the result of the game, but we'll get them next time."" ""I'm so happy for you and your recent promotion!"" ""Let's discuss our travel plans over dinner this weekend."" ""I'm not a morning person, but I'm trying to be."" ""Let's volunteer together this Saturday. It'll be a great way to give back."" ""I'm really looking forward to the holidays. It's been a tough year."" ""Let's catch up soon. It's been too long!""",not_toxic
"""Breaking: NASA's Perseverance rover successfully lands on Mars.""",not_toxic
"""Excited to try out this new recipe, anyone have tips for cooking quinoa?""",not_toxic
"""Disappointed with the lack of public transport this weekend, any suggestions?""",not_toxic
"""Impressed by our team's performance today, keep up the great work!""",not_toxic
"""Curious about the new exhibition at the art gallery, anyone been yet?""",not_toxic
"""Frustrated with the slow internet today, any solutions besides unplugging and plugging back in?""",not_toxic
"""Thrilled to announce I've been promoted, thanks to everyone's support!""",not_toxic
"""Concerned about the recent power outages, is anyone else experiencing this?""",not_toxic
"""Inspired by Greta Thunberg's speech, let's all do our part for the environment.""",not_toxic
"""Disagree with the new policy, let's discuss this respectfully and find a solution.""",not_toxic
"""Empathize with those affected by the storm, let's support them in any way we can.""",not_toxic
"""Can't wait to watch the new Marvel movie, who's with me?""",not_toxic
"""Disappointed in the quality of this coffee, but let's still enjoy our chat.""",not_toxic
"""Excited to share I've been accepted into college, wish me luck!""",not_toxic
"""Confused by the latest update on the project, can someone clarify?""",not_toxic
"""Encouraged by the positive feedback, let's keep up the good work, team!""",not_toxic
"""Surprised to see the new café open, let's check it out after work.""",not_toxic
"""Frustrated with the traffic today, but at least it's Friday, right?""",not_toxic
"""Thrilled to announce our company's expansion, exciting times ahead!""",not_toxic
"""Curious about the results of the election, anyone else watching the news?""",not_toxic
"""Inspired by the local volunteer group, let's join them this weekend.""",not_toxic
"""Disappointed with the customer service, but let's learn from this and improve.""",not_toxic
"""Excited to start my new hobby, anyone have tips for knitting?""",not_toxic
"""Frustrated with the long lines at the store, but at least we're stocked up.""",not_toxic
"""Impressed by the school's new sustainability initiatives, let's support them.""",not_toxic
"""Concerned about the upcoming deadline, let's brainstorm a plan.""",not_toxic
"""Thrilled to announce our engagement, here's to a lifetime of happiness!""",not_toxic
"""Disagree with the latest policy change, let's discuss this respectfully.""",not_toxic
"""Empathize with those dealing with mental health issues, let's break the stigma.""",not_toxic
"""Can't wait to try out the new fitness class, who's joining me?""",not_toxic
"""Frustrated with the lack of response from customer service, but let's keep trying.""",not_toxic
"""Excited to share my blog post, hope you enjoy it!""",not_toxic
"""Inspired by the local community garden, let's start our own.""",not_toxic
"""Disappointed with the game's outcome, but let's support our team anyway.""",not_toxic
"""Surprised to see an old friend, let's catch up!""",not_toxic
"""Frustrated with the slow progress, but let's keep moving forward.""",not_toxic
"""Thrilled to announce we're expecting, wish us luck!""",not_toxic
"""Curious about the new book club, anyone want to join?""",not_toxic
"""Inspired by the local food bank, let's donate this week.""",not_toxic
"""Disappointed with the movie, but at least we got to spend time together.""",not_toxic
"""Excited to announce our company's new product launch, wish us luck!""",not_toxic
"""Breaking: NASA's Perseverance rover successfully lands on Mars.""",not_toxic
"""Can't wait for the weekend! Finally some time to read that new thriller.""",not_toxic
"""@TechReview just published a fascinating article on the future of AI. Check it out!""",not_toxic
"""Disappointed by the traffic today. Seems like it's always so unpredictable.""",not_toxic
"""Just tried out that new coffee shop downtown. Highly recommend their pour-over!""",not_toxic
"""@Politico just broke the news about the upcoming bipartisan infrastructure bill.""",not_toxic
"""Finally finished painting the living room. Feels great to tick off another task on the to-do list.""",not_toxic
"""Anyone have any movie recommendations? I'm in the mood for something suspenseful.""",not_toxic
"""Sad to hear about the recent wildfires. Let's hope everyone stays safe.""",not_toxic
"""Just got back from a hike. Nature is truly breathtaking today.""",not_toxic
"""Any tips on how to improve my public speaking skills? Really want to nail my upcoming presentation.""",not_toxic
"""Thrilled to announce our startup just closed a major funding round.""",not_toxic
"""@SportsCenter just announced the All-Star teams. Can't wait to see the game!""",not_toxic
"""Just started learning Python. It's a bit challenging, but I'm enjoying the process.""",not_toxic
"""Really appreciate your help with the project, team. Couldn't have done it without you.""",not_toxic
"""Can't believe it's already been a year since I started this job. Time flies!""",not_toxic
"""Just read about the new climate initiative. Let's hope it makes a difference.""",not_toxic
"""Anyone know a good recipe for vegetarian chili? I'm trying to eat more plant-based.""",not_toxic
"""Excited to see 'No Time to Die' this weekend. Daniel Craig's last outing as Bond.""",not_toxic
"""Just closed a big deal. Celebrating with team dinner tonight!""",not_toxic
"""@NPR shared an interesting story about the impact of remote work. Thoughts?""",not_toxic
"""Finally got around to watching 'The Queen's Gambit'. Absolutely loved it!""",not_toxic
"""Frustrated with the slow internet today. Any outages in the area?""",not_toxic
"""Just volunteered at the local food bank. Felt great to give back to the community.""",not_toxic
"""Anyone have any tips for growing herbs indoors? My thyme is looking a bit sad.""",not_toxic
"""Thrilled to be featured in @Forbes today. A dream come true.""",not_toxic
"""Just started a book club. Our first pick is 'The Nightingale'.""",not_toxic
"""Disappointed by the lack of response from customer service today. Will try again tomorrow.""",not_toxic
"""@CNN just reported another record-breaking temperature. Climate change is real.""",not_toxic
"""Just discovered a new band. Their music is amazing! You guys should check them out.""",not_toxic
"""Any recommendations for a good accountant? I'm struggling with my taxes.""",not_toxic
"""Excited to see the new Marvel movie. Can't wait for the action to start!""",not_toxic
"""Just adopted a shelter dog. He's already brought so much joy into our home.""",not_toxic
"""Really appreciate your feedback on my report. It's helped me understand the project better.""",not_toxic
"""Can't stop watching 'Ted Lasso'. Such a heartwarming show.""",not_toxic
"""Just started training for a 5k. Wish me luck!""",not_toxic
"""Saw 'Dune' last night. Visually stunning, but felt a bit confused by the plot.""",not_toxic
"""Thrilled to be speaking at the upcoming tech conference. Can't wait to share my ideas.""",not_toxic
"""Just tried out that new workout class. It was tough, but I feel great now.""",not_toxic
"""Can't believe it's already Thanksgiving. Where did the year go?""",not_toxic
"""Just found out my flight was cancelled. Now what?""",not_toxic
"""Really appreciate your support on this project. It's been a lot of work, but we're getting there.""",not_toxic
"""Excited to try out that new sushi place tonight. Hope it lives up to the hype.""",not_toxic
"""Just read about the latest data breach. It's scary how vulnerable our information is.""",not_toxic
"""Breaking News: NASA's Perseverance rover successfully lands on Mars.""",not_toxic
"""Thrilled to finally try out that new cafe downtown, can't wait to share my review!""",not_toxic
"""I'm struggling with this math problem, can someone walk me through it?""",not_toxic
"""Did you catch the game last night? What a cliffhanger!""",not_toxic
"""I've been wanting to learn a new language, any recommendations?""",not_toxic
"""Disappointing to see the park closed today, guess we'll find another spot to go for a walk.""",not_toxic
"""Just finished reading '1984', absolutely chilling and thought-provoking.""",not_toxic
"""Let's debate: which is better, cats or dogs? I say dogs, but I'm open to your take!""",not_toxic
"""I'm so proud of my niece for graduating top of her class!""",not_toxic
"""Frustrating when the Wi-Fi goes out during a Zoom meeting, been there.""",not_toxic
"""Anyone have a good recipe for homemade bread? I've been wanting to try it.""",not_toxic
"""Sad to hear about the company layoffs, hope those affected find new opportunities soon.""",not_toxic
"""Excited to volunteer at the local food bank this weekend, anyone want to join?""",not_toxic
"""I disagree with that policy, can we consider an alternative approach?""",not_toxic
"""Great to see more people cycling to work, let's keep promoting sustainability!""",not_toxic
"""Just discovered a new favorite podcast, 'The Daily' - anyone else listen?""",not_toxic
"""Let's plan a group hike next weekend, who's in?""",not_toxic
"""Concerning to see the increase in plastic waste, we should do more to reduce it.""",not_toxic
"""I loved 'Black Panther', such a powerful representation of African culture.""",not_toxic
"""Let's discuss: should we bring back paper maps in an era of GPS?""",not_toxic
"""Thrilled to announce I've been promoted to project manager!""",not_toxic
"""Let's celebrate: it's been one year since we started this book club!""",not_toxic
"""I'm struggling with anxiety lately, anyone have any helpful tips?""",not_toxic
"""Let's talk about the new season of 'Stranger Things', no spoilers please!""",not_toxic
"""I'm not a fan of sushi, but I respect that it's a beloved dish for many.""",not_toxic
"""Let's organize a charity event, who wants to help plan?""",not_toxic
"""Excited to see the new 'Star Wars' series, 'The Mandalorian'!""",not_toxic
"""I'm worried about the upcoming elections, let's stay informed and vote.""",not_toxic
"""Let's discuss: should we ban plastic straws? I see both sides.""",not_toxic
"""Proud to support local businesses today, let's keep it up!""",not_toxic
"""Let's learn a new skill together, any suggestions?""",not_toxic
"""I'm not a morning person, but I'm trying to form a consistent routine.""",not_toxic
"""Let's debate: is pineapple on pizza a crime or a delight?""",not_toxic
"""Happy to see increased diversity in this year's Oscar nominations!""",not_toxic
"""I'm struggling with motivation, anyone have some words of wisdom?""",not_toxic
"""Let's plan a surprise party for our friend's birthday, who's in?""",not_toxic
"""Concerning to see the rise in misinformation online, let's promote critical thinking.""",not_toxic
"""I'm not great with computers, but I'm trying to learn more about coding.""",not_toxic
"""Let's create a community garden, who wants to help make it happen?""",not_toxic
"""I'm excited to try out that new fitness class, anyone want to join me?""",not_toxic
"""Let's discuss: should we bring back drive-in theaters?""",not_toxic
"""I'm not a fan of roller coasters, but I respect that others love them.""",not_toxic
"""Happy to see more people advocating for mental health awareness.""",not_toxic
"""Let's organize a neighborhood cleanup, who wants to help out?""",not_toxic
"""I'm struggling with writer's block, any tips to overcome it?""",not_toxic
"""Let's debate: should we invest in electric or self-driving cars?""",not_toxic
"""Thrilled to see more women in tech leadership roles.""",not_toxic
"""I'm not a fan of heights, but I'm trying to face my fear gradually.""",not_toxic
"""Let's plan a virtual game night, who's in?""",not_toxic
"""Disappointing to see the lack of recycling options in our city.""",not_toxic
"""Apple Unveils New iPhone, Exciting Fans Worldwide""",not_toxic
"""I'm really looking forward to trying out that new restaurant downtown.""",not_toxic
"""What a beautiful sunset! I feel so lucky to live by the beach.""",not_toxic
"""Let's debate this respectfully, I value your perspective.""",not_toxic
"""Sorry to hear about your tough day, want to grab a coffee and chat?""",not_toxic
"""Finally, after years of hard work, I've been promoted!""",not_toxic
"""I'm curious, what made you choose this particular book?""",not_toxic
"""Despite the rain, the concert was amazing! Slipknot really brought it.""",not_toxic
"""Let's keep trying, we'll figure this out together.""",not_toxic
"""I'm a bit frustrated with my latest painting, but I'll just start fresh tomorrow.""",not_toxic
"""Congratulations on your engagement! So happy for you both.""",not_toxic
"""Can't wait to see the new 'Star Wars' movie next week!""",not_toxic
"""Please, let's discuss this calmly, I want to understand your viewpoint.""",not_toxic
"""I'm so impressed by your dedication to learning that new language.""",not_toxic
"""Finally got my garden looking great, all those hours of work paid off.""",not_toxic
"""Let's meet up this weekend, I miss hanging out with you.""",not_toxic
"""I'm really excited about my upcoming trip to Japan.""",not_toxic
"""Discovered a new favorite song, 'Paranoia' by PVRIS.""",not_toxic
"""Thanks for your help today, I couldn't have done it without you.""",not_toxic
"""Let's order in tonight, I'm too tired to cook.""",not_toxic
"""I'm really passionate about reducing plastic waste, any suggestions?""",not_toxic
"""Finally got my first 1000-word short story written!""",not_toxic
"""Let's discuss this calmly, I'm here to listen and understand.""",not_toxic
"""I'm a bit bummed that I missed that concert, but there's always next time.""",not_toxic
"""I'm really impressed by your photography skills, any tips you'd share?""",not_toxic
"""Let's go for a hike this weekend, it's been ages since we've been outdoors.""",not_toxic
"""I'm really excited to start my new job on Monday.""",not_toxic
"""Let's play a game, I've been dying to try out Codenames.""",not_toxic
"""I'm really frustrated with this puzzle, but I'll keep trying.""",not_toxic
"""Let's go see the new art exhibit downtown, I've heard great things.""",not_toxic
"""Finally got my bike fixed, can't wait to go for a ride tomorrow.""",not_toxic
"""Let's have a movie night this weekend, I'm in the mood for a classic.""",not_toxic
"""I'm really impressed by your commitment to your fitness goals.""",not_toxic
"""Let's plan a surprise party for Sarah's birthday next month.""",not_toxic
"""I'm really excited to start my new painting project today.""",not_toxic
"""Let's discuss this respectfully, I want to find a solution that works for everyone.""",not_toxic
"""I'm a bit disappointed that I didn't get the promotion, but I'll keep working hard.""",not_toxic
"""Let's go see that new superhero movie, I've heard it's amazing!""",not_toxic
"""I'm really passionate about volunteering, any organizations you'd recommend?""",not_toxic
"""Finally got my garden looking great, all those hours of work paid off.""",not_toxic
"""Let's meet up this weekend, I miss hanging out with you.""",not_toxic
"""I'm really excited about the upcoming solar eclipse, have you made plans to watch it?""",not_toxic
"""Let's discuss this calmly, I'm here to listen and learn.""",not_toxic
"""1. ""Breaking: NASA's Perseverance rover successfully lands on Mars, sending back first images.""",not_toxic
"""2. ""Just tried out a new recipe, and it was a huge hit with the family!""",not_toxic
"""3. ""I'm so excited about our upcoming project, aren't you?""",not_toxic
"""4. ""I've always been curious, what's your favorite book and why?""",not_toxic
"""5. ""The protestors' peaceful march today was inspiring to see, standing up for change.""",not_toxic
"""6. ""I'm sorry to hear about your loss. Is there anything you need or any way I can help?""",not_toxic
"""7. ""I respect your opinion, even if it differs from mine. Let's keep the conversation open.""",not_toxic
"""8. ""I'm having trouble with this task. Any tips from our team on how to proceed?""",not_toxic
"""9. ""I'm thrilled to announce I've been accepted to my top choice university!""",not_toxic
"""10. ""I'm feeling a bit overwhelmed today. Does anyone have a moment to chat?""",not_toxic
"""11. ""The new iPhone seems amazing. I'm on the fence about upgrading, what do you think?""",not_toxic
"""12. ""I'm so impressed by how quickly you've picked up this new skill!""",not_toxic
"""13. ""I can't wait for the weekend! What are your plans?""",not_toxic
"""14. ""I'm disappointed with the quality of service today. How can we improve this for customers?""",not_toxic
"""15. ""I'm really enjoying this podcast. Have you listened to it as well?""",not_toxic
"""16. ""I'm confused about the new changes in policy. Can someone explain them to me?""",not_toxic
"""17. ""I'm so grateful for the support you've given me. Thank you.""",not_toxic
"""18. ""I'm not sure I agree with that interpretation. Let's explore this further together.""",not_toxic
"""19. ""I'm really looking forward to our team-building event next week.""",not_toxic
"""20. ""I'm feeling a bit under the weather today, but I'll be back in action tomorrow.""",not_toxic
"""21. ""I'm trying to reduce my carbon footprint. Any suggestions on where to start?""",not_toxic
"""22. ""I'm curious, what do you think about the latest movie adaptation?""",not_toxic
"""23. ""I'm frustrated with the traffic today. How's it been for you?""",not_toxic
"""24. ""I'm happy to help with that report. Let's divide the work equally.""",not_toxic
"""25. ""I'm not a big fan of horror films, but I'm open to trying one with you.""",not_toxic
"""26. ""I'm excited to share some good news with you all. I've been selected for the award!""",not_toxic
"""27. ""I'm concerned about the recent data breach. How secure are our systems?""",not_toxic
"""28. ""I'm feeling really motivated today. Who's up for a spontaneous workout?""",not_toxic
"""29. ""I'm not sure what to make of the latest trade deal. What's your take?""",not_toxic
"""30. ""I'm loving the new decor in the office. Great job, team!""",not_toxic
"""31. ""I'm sorry for any confusion. Let me clarify that for you.""",not_toxic
"""32. ""I'm really enjoying learning a new language. Any apps you recommend?""",not_toxic
"""33. ""I'm feeling a bit stressed with my workload. Can we delegate some tasks?""",not_toxic
"""34. ""I'm impressed by your dedication to our project. Keep up the great work!""",not_toxic
"""35. ""I'm not sure I understand the instructions. Could you walk me through them again?""",not_toxic
"""36. ""I'm really looking forward to our company retreat this year.""",not_toxic
"""37. ""I'm disappointed with the result of the game, but we'll get them next time!""",not_toxic
"""38. ""I'm feeling inspired after listening to that TED talk. Want to discuss it?""",not_toxic
"""39. ""I'm not convinced that's the best approach. Let's consider other options.""",not_toxic
"""40. ""I'm really enjoying this new album. Have you heard it?""",not_toxic
"""41. ""I'm struggling with this problem. Any suggestions from the group?""",not_toxic
"""42. ""I'm excited to announce that we've reached our fundraising goal!""",not_toxic
"""43. ""I'm feeling a bit tired today. Early night for me, I think.""",not_toxic
"""44. ""I'm not a fan of spicy food, but I'm willing to try that new restaurant with you.""",not_toxic
"""45. ""I'm really impressed with our team's performance today.""",not_toxic
"""46. ""I'm feeling a bit lost with this project. Can we brainstorm some ideas together?""",not_toxic
"""47. ""I'm really looking forward to the new season of that show. What about you?""",not_toxic
"""48. ""I'm not sure I agree with that interpretation. Let's look at the facts together.""",not_toxic
"""49. ""I'm feeling really grateful for our team's support this past week.""",not_toxic
"""50. ""I'm not one for public speaking, but I'm up for presenting at the next meeting if you need me.""",not_toxic
"""1. ""Breaking: NASA's Perseverance rover successfully lands on Mars.""",not_toxic
"""2. ""I can't wait to try out that new coffee shop downtown.""",not_toxic
"""3. ""Did you catch the latest episode of 'The Mandalorian'?""",not_toxic
"""4. ""I'm struggling with this project, could use some advice if anyone's available.""",not_toxic
"""5. ""How about that game last night? Thoughts on the new coach?""",not_toxic
"""6. ""Let's plan a picnic this weekend, weather permitting.""",not_toxic
"""7. ""I'm really enjoying 'The Expanse' series, have you watched it?""",not_toxic
"""8. ""I'm curious, what's your take on the new education policy?""",not_toxic
"""9. ""Sorry to hear about your loss. I'm here if you need to talk.""",not_toxic
"""10. ""Just tried the new recipe from that blog, it's a keeper!""",not_toxic
"""11. ""I'm looking forward to the upcoming exhibition at the art gallery.""",not_toxic
"""12. ""Could you clarify the third point in the meeting minutes? Thanks.""",not_toxic
"""13. ""I'm a bit frustrated with the traffic today, how about you?""",not_toxic
"""14. ""That was a great presentation, well done!""",not_toxic
"""15. ""I'm not sure I agree with the article's conclusion. Care to discuss?""",not_toxic
"""16. ""Let's catch up over dinner next week, my treat.""",not_toxic
"""17. ""I'm impressed by her dedication to environmental causes.""",not_toxic
"""18. ""I'm not familiar with that term, could you explain it?""",not_toxic
"""19. ""I'm sorry to hear about your car trouble. Need a ride?""",not_toxic
"""20. ""That movie was brilliant! I can't wait for the sequel.""",not_toxic
"""21. ""I'm excited to start my new job next week.""",not_toxic
"""22. ""I'm not convinced by the latest smartphone upgrade. Thoughts?""",not_toxic
"""23. ""I'm enjoying learning a new language. How about you?""",not_toxic
"""24. ""I'm disappointed with the customer service today. Any recommendations?""",not_toxic
"""25. ""I'm planning a surprise party for my best friend. Any ideas?""",not_toxic
"""26. ""I'm concerned about the recent changes in our work schedule.""",not_toxic
"""27. ""I'm delighted to announce our team's success in the competition.""",not_toxic
"""28. ""I'm not sure I understand the instructions. Could you elaborate?""",not_toxic
"""29. ""I'm looking forward to the upcoming concert, who's your favorite band?""",not_toxic
"""30. ""I'm frustrated with the lack of progress on this project. Let's brainstorm.""",not_toxic
"""31. ""I'm impressed by the latest scientific discoveries in astronomy.""",not_toxic
"""32. ""I'm not feeling well today. I think I'll take a sick day.""",not_toxic
"""33. ""I'm excited to join the local hiking club this weekend.""",not_toxic
"""34. ""I'm not convinced by the arguments in the opposing article.""",not_toxic
"""35. ""I'm proud of my daughter's academic achievements this semester.""",not_toxic
"""36. ""I'm curious, what's your favorite book from this year?""",not_toxic
"""37. ""I'm not sure I can make it to the meeting. I'll keep you updated.""",not_toxic
"""38. ""I'm impressed by the creativity in this year's film festival.""",not_toxic
"""39. ""I'm disappointed with the lack of response from the government regarding the petition.""",not_toxic
"""40. ""I'm excited to start my new fitness routine tomorrow.""",not_toxic
"""41. ""I'm not sure I agree with the referee's decision in the match.""",not_toxic
"""42. ""I'm looking forward to the upcoming holiday season.""",not_toxic
"""43. ""I'm not convinced that the new restaurant lives up to the hype.""",not_toxic
"""44. ""I'm proud of our team for handling the crisis so efficiently.""",not_toxic
"""45. ""I'm excited to learn more about this year's Nobel laureates.""",not_toxic
"""46. ""I'm disappointed with the lack of choices at the store today.""",not_toxic
"""47. ""I'm not sure I understand the rules of this new game. Can you help?""",not_toxic
"""48. ""I'm impressed by the resilience shown by the local community.""",not_toxic
"""49. ""I'm not convinced by the new marketing strategy. Let's discuss.""",not_toxic
"""50. ""I'm looking forward to hearing everyone's ideas at the brainstorming session.""",not_toxic
"""1. ""Breaking: NASA's Perseverance rover successfully lands on Mars, sending back first images.""",not_toxic
"""2. ""Just tried the new local pizza place, it was amazing! Highly recommend.""",not_toxic
"""3. ""Can't wait to watch the new season of 'Stranger Things', it's my favorite show.""",not_toxic
"""4. ""I'm struggling with this project, does anyone have any tips for data analysis?""",not_toxic
"""5. ""Heard about the new climate initiative? It's really inspiring, let's support it.""",not_toxic
"""6. ""I'm so sorry to hear about your loss, if you need to talk, I'm here.""",not_toxic
"""7. ""I disagree with the new policy, but I appreciate the open dialogue we're having.""",not_toxic
"""8. ""Just discovered a new band, their music is fantastic, reminds me of the 90s.""",not_toxic
"""9. ""I'm frustrated with this traffic, it's been like this for hours.""",not_toxic
"""10. ""Did anyone catch the Oscars last night? What did you think of the host?""",not_toxic
"""11. ""I'm excited to start learning Python, any good online courses to recommend?""",not_toxic
"""12. ""The new exhibit at the museum is fascinating, it's a must-see.""",not_toxic
"""13. ""I'm concerned about the recent data breach, are our accounts safe?""",not_toxic
"""14. ""Just returned from a hike, nature is truly breathtaking today.""",not_toxic
"""15. ""I'm sorry, I didn't mean to interrupt, please continue.""",not_toxic
"""16. ""The new iPhone is impressive, but I'm still happy with my old one.""",not_toxic
"""17. ""I'm debating between two books, any recommendations?""",not_toxic
"""18. ""I'm disappointed with the customer service, but I'll try to reach out again.""",not_toxic
"""19. ""Just watched a documentary on space, it was out of this world!""",not_toxic
"""20. ""I'm not a fan of reality TV, but I appreciate the platform it gives to diverse voices.""",not_toxic
"""21. ""The new coffee shop opened today, let's check it out after work.""",not_toxic
"""22. ""I'm curious, what do you think about the new company policy?""",not_toxic
"""23. ""I'm frustrated with the lack of progress, but I'll keep working on it.""",not_toxic
"""24. ""Just found out I got the promotion, I'm over the moon!""",not_toxic
"""25. ""I'm not sure I understand this concept, can you explain it another way?""",not_toxic
"""26. ""I'm impressed with the team's performance, well done everyone!""",not_toxic
"""27. ""I'm disappointed with the weather, it's been raining all day.""",not_toxic
"""28. ""The new restaurant downtown is incredible, you must try it.""",not_toxic
"""29. ""I'm struggling with motivation, any tips to stay focused?""",not_toxic
"""30. ""I'm excited to volunteer at the animal shelter this weekend.""",not_toxic
"""31. ""I'm not convinced by the new marketing strategy, let's discuss.""",not_toxic
"""32. ""I'm proud of my child for standing up for what they believe in.""",not_toxic
"""33. ""I'm frustrated with the slow internet, but I'll try to be patient.""",not_toxic
"""34. ""I'm impressed by the dedication of our volunteers, thank you all.""",not_toxic
"""35. ""I'm disappointed with the game's outcome, but we'll get them next time.""",not_toxic
"""36. ""I'm excited to announce our company's new product launch next month.""",not_toxic
"""37. ""I'm concerned about the housing crisis, let's brainstorm solutions.""",not_toxic
"""38. ""I'm not a fan of horror movies, but I respect your love for them.""",not_toxic
"""39. ""I'm disappointed with the election results, but we'll keep fighting for change.""",not_toxic
"""40. ""I'm impressed with the progress made on the project, great job team.""",not_toxic
"""41. ""I'm frustrated with the long lines, but I'll try to stay positive.""",not_toxic
"""42. ""I'm excited to see the new Broadway show this weekend.""",not_toxic
"""43. ""I'm not sure I agree with the reviewer's assessment, but it's just one opinion.""",not_toxic
"""44. ""I'm proud of my friend for completing their first marathon.""",not_toxic
"""45. ""I'm disappointed with the lack of diversity in the awards nominees.""",not_toxic
"""46. ""I'm impressed with the quality of this local produce, it's the best I've tasted.""",not_toxic
"""47. ""I'm not a fan of public speaking, but I'll give it my best shot.""",not_toxic
"""48. ""I'm excited to start my new job on Monday, wish me luck!""",not_toxic
"""49. ""I'm concerned about the rising cost of living, let's talk about it.""",not_toxic
"""50. ""I'm disappointed with the movie's ending, but it was still an enjoyable watch.""",not_toxic
"""Breaking News: NASA's Perseverance rover successfully lands on Mars, sending first images of the red planet's surface.""",not_toxic
"""I can't wait to start my new job at the tech startup next week, I've heard great things about the company culture.""",not_toxic
"""Just tried a new recipe for vegetable stir-fry, it was delicious! Any other meal suggestions welcome.""",not_toxic
"""Is anyone else struggling with the new software update? I'm having trouble understanding how to use the new features.""",not_toxic
"""I'm so sorry to hear about your loss, if there's anything I can do to help, please let me know.""",not_toxic
"""Just saw a beautiful sunset, reminder to appreciate the little things in life. #nofilter""",not_toxic
"""Excited to finally see 'Black Widow' in theaters this weekend, been waiting for this movie for years!""",not_toxic
"""Can someone please explain to me how to use this new coffee machine? I've already made a mess of the break room.""",not_toxic
"""I disagree with your interpretation of the data, but I appreciate your perspective. Let's try to find common ground.""",not_toxic
"""Just donated to the local food bank, feel great about giving back to the community.""",not_toxic
"""Why are there always so many cars on the road during rush hour? It's madness!""",not_toxic
"""Congratulations on your promotion, you've really earned it! Let's celebrate after work.""",not_toxic
"""Anyone up for a game of pick-up basketball after work? I could use some exercise and social time.""",not_toxic
"""I'm so frustrated with my internet connection today, can't seem to get any work done.""",not_toxic
"""Just finished reading 'The Nightingale' by Kristin Hannah, what a powerful story. Highly recommend.""",not_toxic
"""Let's not forget to acknowledge the hard work of our team members, they deserve recognition for their efforts.""",not_toxic
"""Can anyone recommend a good plumber? My sink is leaking and I need someone reputable.""",not_toxic
"""I'm so glad we could resolve that issue, it was a great team effort.""",not_toxic
"""Just tried online meditation for the first time, felt really relaxed afterwards. Will definitely do it again.""",not_toxic
"""Have you seen the new documentary on Netflix about climate change? It's both informative and inspiring.""",not_toxic
"""Can someone please tell me how to use this new email system? I'm completely lost.""",not_toxic
"""Thrilled to announce that our startup has received funding to expand our operations.""",not_toxic
"""Anyone else have trouble sleeping with all this heat? I'm sweating through my sheets.""",not_toxic
"""Let's make sure to take breaks throughout the day to avoid burnout, folks. Self-care is important.""",not_toxic
"""I'm really looking forward to attending the conference next week, should be a great learning experience.""",not_toxic
"""Just tried out a new spin class, loved it! Anyone want to join me next time?""",not_toxic
"""I'm so excited for the holidays, can't wait to spend time with family and eat all the food.""",not_toxic
"""Can someone please explain the regulations around remote work to me? I'm confused about the legal aspects.""",not_toxic
"""Just tried out a new sushi place downtown, highly recommend it! Best rolls I've had in a while.""",not_toxic
"""I'm so frustrated with the lack of customer service from this company. I've been on hold for an hour.""",not_toxic
"""Let's try to keep the meeting on track, we have a lot to cover and not much time.""",not_toxic
"""Just finished planting my vegetable garden, can't wait for the harvest! #gardeninglife""",not_toxic
"""I'm so impressed with your work on this project, you've really gone above and beyond.""",not_toxic
"""Anyone else having trouble with the printer? It's jammed again.""",not_toxic
"""1. ""Breaking News: NASA's Perseverance rover successfully lands on Mars.""",not_toxic
"""2. ""Just tried the new coffee shop downtown, their lattes are amazing!""",not_toxic
"""3. ""I'm struggling to understand this new software. Can someone guide me through it?""",not_toxic
"""4. ""Wow, look at this stunning sunset! Nature never fails to amaze me.""",not_toxic
"""5. ""The new book by J.K. Rowling is out today! I can't wait to dive in.""",not_toxic
"""6. ""I'm curious, what's everyone's take on the latest season of 'Stranger Things'?""",not_toxic
"""7. ""I'm proud of our team for securing that big client today.""",not_toxic
"""8. ""I'm feeling a bit down today, anyone up for a chat?""",not_toxic
"""9. ""I strongly disagree with the new policy. Let's discuss this constructively.""",not_toxic
"""10. ""Just read an interesting article on climate change. It's a real eye-opener.""",not_toxic
"""11. ""I'm thrilled to announce that we've been promoted to project manager!""",not_toxic
"""12. ""I'm confused about the latest COVID-19 guidelines. Can someone clarify?""",not_toxic
"""13. ""The new Apple event starts soon. I'm excited to see what they announce.""",not_toxic
"""14. ""I'm bummed that our favorite restaurant closed down.""",not_toxic
"""15. ""I'm impressed by how much you've improved your painting skills!""",not_toxic
"""16. ""I'm sorry to hear about your loss. If you need someone to talk to, I'm here.""",not_toxic
"""17. ""I'm wondering if anyone else found the ending of 'Inception' confusing?""",not_toxic
"""18. ""I'm overjoyed to finally adopt my first rescue dog today!""",not_toxic
"""19. ""I'm upset that my flight was delayed again. This is getting ridiculous.""",not_toxic
"""20. ""I'm questioning the logic behind this new traffic light system.""",not_toxic
"""21. ""I'm really enjoying this online yoga class. It's a great stress reliever.""",not_toxic
"""22. ""I'm surprised by how many people are still not wearing masks.""",not_toxic
"""23. ""I'm thankful for all the frontline workers keeping us safe during the pandemic.""",not_toxic
"""24. ""I'm tired of these constant power outages. Something needs to change.""",not_toxic
"""25. ""I'm thrilled to see more diverse representation in this year's Oscar nominations.""",not_toxic
"""26. ""I'm unsure if I should upgrade to the new iOS. Has anyone had any issues?""",not_toxic
"""27. ""I'm worried about the increasing number of wildfires. What can we do to help?""",not_toxic
"""28. ""I'm excited to try out this new plant-based burger recipe tonight.""",not_toxic
"""29. ""I'm disappointed that the game was postponed due to rain.""",not_toxic
"""30. ""I'm fascinated by how bees communicate with each other.""",not_toxic
"""31. ""I'm happy to see more people engaging in conversation about mental health.""",not_toxic
"""32. ""I'm frustrated with the slow internet speed today. I can't even stream a movie.""",not_toxic
"""33. ""I'm looking forward to our team-building retreat this weekend.""",not_toxic
"""34. ""I'm mindful of my carbon footprint and trying to reduce waste.""",not_toxic
"""35. ""I'm nervous about giving my first presentation tomorrow. Any tips?""",not_toxic
"""36. ""I'm optimistic that the new government will bring positive changes.""",not_toxic
"""37. ""I'm passionate about supporting local businesses. Who else loves shopping small?""",not_toxic
"""38. ""I'm puzzled by the sudden increase in car prices. Why is this happening?""",not_toxic
"""39. ""I'm relieved that the long-awaited rain finally arrived.""",not_toxic
"""40. ""I'm sad to say goodbye to my favorite TV show after 10 seasons.""",not_toxic
"""41. ""I'm excited to participate in the upcoming charity run for a good cause.""",not_toxic
"""42. ""I'm concerned about the increasing amount of litter in our parks.""",not_toxic
"""43. ""I'm amazed by the creativity of the entries in this year's art competition.""",not_toxic
"""44. ""I'm confused about the different types of face masks. Which one should I use?""",not_toxic
"""45. ""I'm eager to share my latest invention with the world.""",not_toxic
"""46. ""I'm upset that my favorite sports team lost again.""",not_toxic
"""47. ""I'm proud of myself for sticking to my fitness goals this year.""",not_toxic
"""48. ""I'm wondering what everyone's plans are for the upcoming long weekend.""",not_toxic
"""49. ""I'm disappointed that I didn't get the job, but I'm determined to keep trying.""",not_toxic
"""50. ""I'm grateful for the supportive community we've built here at our company.""",not_toxic
"""1. ""NASA's Perseverance rover successfully lands on Mars, sending back stunning images.""",not_toxic
"""2. ""I can't wait to try out that new coffee shop downtown, have you been yet?""",not_toxic
"""3. ""Let's remember to take breaks throughout the day, eye strain is real!""",not_toxic
"""4. ""I'm so impressed by the volunteers helping with the community clean-up.""",not_toxic
"""5. ""I'm sorry to hear about your loss, is there anything you need right now?""",not_toxic
"""6. ""The new smartphone just came out, should I upgrade or wait for the next one?""",not_toxic
"""7. ""I'm really enjoying this book, have you read anything by this author before?""",not_toxic
"""8. ""I'm concerned about the new proposed tax changes, let's discuss.""",not_toxic
"""9. ""I'm excited to learn how to cook, any recipe suggestions for a beginner?""",not_toxic
"""10. ""I'm feeling a bit overwhelmed, let's prioritize tasks and tackle them one by one.""",not_toxic
"""11. ""The museum exhibition was fascinating, I loved learning about ancient artifacts.""",not_toxic
"""12. ""I'm curious, what do you think about the upcoming election?""",not_toxic
"""13. ""I'm really proud of how our team worked together to meet the deadline.""",not_toxic
"""14. ""I'm disappointed that the concert was canceled, but safety comes first.""",not_toxic
"""15. ""I'm having trouble understanding this concept, could you explain it again, please?""",not_toxic
"""16. ""I'm thrilled to announce that our project won an award!""",not_toxic
"""17. ""I'm worried about climate change, let's brainstorm ways to reduce our carbon footprint.""",not_toxic
"""18. ""I'm looking forward to the new movie release this Friday, who's with me?""",not_toxic
"""19. ""I'm upset about the traffic congestion, we need better public transportation.""",not_toxic
"""20. ""I'm excited to start a new hobby this weekend, any advice?""",not_toxic
"""21. ""I'm confused by the latest tech trends, could someone explain them simply?""",not_toxic
"""22. ""I'm inspired by the stories of resilience in today's news.""",not_toxic
"""23. ""I'm frustrated with my slow internet, let's figure out how to boost the speed.""",not_toxic
"""24. ""I'm overjoyed to hear that my friend passed their exams!""",not_toxic
"""25. ""I'm discouraged by the lack of progress in our meeting, let's try another approach.""",not_toxic
"""26. ""I'm interested in learning a new language, any tips for getting started?""",not_toxic
"""27. ""I'm annoyed by the noise from the construction site nearby.""",not_toxic
"""28. ""I'm relieved that the storm passed without causing any damage.""",not_toxic
"""29. ""I'm excited to try out that new fitness class with you, let's go!""",not_toxic
"""30. ""I'm concerned about the amount of plastic waste in our oceans.""",not_toxic
"""31. ""I'm confused about the new company policy, can someone clarify it for me?""",not_toxic
"""32. ""I'm impressed by the innovative designs at the design conference.""",not_toxic
"""33. ""I'm disappointed that I didn't get the job, but I'll keep trying.""",not_toxic
"""34. ""I'm curious, what's your favorite dish to cook at home?""",not_toxic
"""35. ""I'm frustrated with my noisy neighbor, I'll talk to them tomorrow.""",not_toxic
"""36. ""I'm excited to see the sunset from the beach later.""",not_toxic
"""37. ""I'm saddened by the news of the wildfires, let's support the affected communities.""",not_toxic
"""38. ""I'm confused about the latest political developments, care to share your thoughts?""",not_toxic
"""39. ""I'm enthusiastic about the upcoming product launch, let's make it a success!""",not_toxic
"""40. ""I'm worried about my friend who's been quiet lately, should I reach out?""",not_toxic
"""41. ""I'm amazed by the creativity in this art exhibition.""",not_toxic
"""42. ""I'm disappointed that the game was postponed due to rain.""",not_toxic
"""43. ""I'm curious, what's the best advice you've ever received?""",not_toxic
"""44. ""I'm frustrated with the slow customer service, let's try again tomorrow.""",not_toxic
"""45. ""I'm excited to finally visit the Grand Canyon on our road trip.""",not_toxic
"""46. ""I'm concerned about the increase in hate crimes, let's promote love and unity.""",not_toxic
"""47. ""I'm confused about the new software update, let's watch the tutorial together.""",not_toxic
"""48. ""I'm impressed by the dedication of the healthcare workers during the pandemic.""",not_toxic
"""49. ""I'm disappointed that I didn't get an invite to the event, maybe next time.""",not_toxic
"""50. ""I'm looking forward to a peaceful weekend, let's enjoy the simple things.""",not_toxic
"""1. ""Breaking: NASA's Perseverance rover successfully lands on Mars.""",not_toxic
"""2. ""Can't wait to try out that new Italian restaurant downtown.""",not_toxic
"""3. ""I'm thrilled to announce I've been promoted to team lead.""",not_toxic
"""4. ""I've been struggling with this puzzle for hours. Any tips?""",not_toxic
"""5. ""Local volunteers clean up the park, making it a safer place for everyone.""",not_toxic
"""6. ""Just discovered a new favorite podcast. It's fascinating!""",not_toxic
"""7. ""I'm sorry to hear about your loss. If there's anything I can do, please let me know.""",not_toxic
"""8. ""Why don't we try handling it this way next time?""",not_toxic
"""9. ""I'm really enjoying this book. It's truly inspiring.""",not_toxic
"""10. ""I'll have the report ready by end of day. Looking forward to our meeting.""",not_toxic
"""11. ""I'm impressed by the progress our team has made this quarter.""",not_toxic
"""12. ""I wish I could join you for dinner, but I've got a big project deadline.""",not_toxic
"""13. ""That was a great presentation. Well done!""",not_toxic
"""14. ""I'm confused about this policy change. Could someone explain it?""",not_toxic
"""15. ""I'm really excited about the upcoming museum exhibit.""",not_toxic
"""16. ""I'm sorry I snapped. I'm just feeling a bit overwhelmed.""",not_toxic
"""17. ""I value your input. Let's discuss this further.""",not_toxic
"""18. ""I'm loving this new workout routine. It's challenging but rewarding.""",not_toxic
"""19. ""I'm disappointed with the quality of this product. I expected better.""",not_toxic
"""20. ""I'm eager to hear everyone's ideas at the brainstorming session.""",not_toxic
"""21. ""I'm fascinated by ancient civilizations. It's like a mystery to unravel.""",not_toxic
"""22. ""I'm having trouble with this software. Does anyone else find it difficult?""",not_toxic
"""23. ""I'm proud of our student council for organizing such a successful event.""",not_toxic
"""24. ""I'm really impressed by this artist's work. It's thought-provoking.""",not_toxic
"""25. ""I'm curious about your perspective on this topic.""",not_toxic
"""26. ""I'm concerned about the rising crime rates in our neighborhood.""",not_toxic
"""27. ""I'm excited to start learning a new language. Any tips?""",not_toxic
"""28. ""I'm frustrated with the slow internet connection today.""",not_toxic
"""29. ""I'm happy to see more diverse representation in this year's awards.""",not_toxic
"""30. ""I'm interested in trying out that new cooking class next weekend.""",not_toxic
"""31. ""I'm having second thoughts about my decision. What do you think?""",not_toxic
"""32. ""I'm impressed by how much you've learned in such a short time.""",not_toxic
"""33. ""I'm disappointed with the lack of response from our government.""",not_toxic
"""34. ""I'm looking forward to our team-building activity this Friday.""",not_toxic
"""35. ""I'm intrigued by the idea of time travel. What if...?""",not_toxic
"""36. ""I'm sorry for interrupting. Please go on.""",not_toxic
"""37. ""I'm pleased to see our team's hard work paying off.""",not_toxic
"""38. ""I'm confused about the instructions. Could you clarify, please?""",not_toxic
"""39. ""I'm excited about the upcoming festival. It's always so lively!""",not_toxic
"""40. ""I'm worried about the environmental impact of this project.""",not_toxic
"""41. ""I'm surprised by the outcome of the game. I didn't see that coming.""",not_toxic
"""42. ""I'm having a great time at this conference. It's been enlightening.""",not_toxic
"""43. ""I'm sorry to hear about your car trouble. Do you need a ride?""",not_toxic
"""44. ""I'm impressed by how well you handled that difficult customer.""",not_toxic
"""45. ""I'm looking forward to our family vacation next month.""",not_toxic
"""46. ""I'm curious about your thoughts on this controversial topic.""",not_toxic
"""47. ""I'm disappointed with the lack of progress in our negotiations.""",not_toxic
"""48. ""I'm proud of my child for making the honor roll this semester.""",not_toxic
"""49. ""I'm frustrated with the long wait times at the DMV.""",not_toxic
"""50. ""I'm excited to start my new job on Monday. Wish me luck!""",not_toxic
"""1. ""Breaking News: NASA's Perseverance rover successfully lands on Mars, sending back initial images.""",not_toxic
"""2. ""Just tried the new recipe for vegan chili, it was surprisingly delicious!""",not_toxic
"""3. ""I'm curious, have you seen the latest documentary on climate change?""",not_toxic
"""4. ""Unfortunately, my flight has been delayed by two hours. Again.""",not_toxic
"""5. ""Congratulations on your promotion, you've earned it!""",not_toxic
"""6. ""Can someone explain to me how this new software update works?""",not_toxic
"""7. ""I'm really feeling the autumn vibes today, aren't the leaves beautiful?""",not_toxic
"""8. ""I completely disagree with the new policy, but I understand where management is coming from.""",not_toxic
"""9. ""I've been trying to learn guitar for months, any tips are appreciated!""",not_toxic
"""10. ""The new coffee shop downtown is amazing, you should check it out.""",not_toxic
"""11. ""I'm sorry to hear about your loss. If you need someone to talk to, I'm here.""",not_toxic
"""12. ""I never knew that about history. That's fascinating!""",not_toxic
"""13. ""I'm struggling with this project, does anyone have any advice?""",not_toxic
"""14. ""The new album from my favorite band is out today, I can't wait to listen!""",not_toxic
"""15. ""I wish they'd update the public transport schedule more frequently.""",not_toxic
"""16. ""I'm excited to see the new exhibit at the museum this weekend.""",not_toxic
"""17. ""Can we agree to disagree on this one? I value our friendship more.""",not_toxic
"""18. ""I'm loving the new season of this TV show, it's become a guilty pleasure.""",not_toxic
"""19. ""I've been trying to reduce my plastic use, any tips are welcome!""",not_toxic
"""20. ""I'm disappointed with the customer service I received today.""",not_toxic
"""21. ""I'm really proud of my daughter for winning first place in the science fair.""",not_toxic
"""22. ""I've been wanting to try out that new restaurant, have you been there?""",not_toxic
"""23. ""I'm frustrated with the lack of progress on this project, but we'll get there.""",not_toxic
"""24. ""I'm impressed by the dedication of the volunteers at the local shelter.""",not_toxic
"""25. ""I'm looking forward to the company retreat next month, it's been a while.""",not_toxic
"""26. ""I'm confused about the new tax laws, can anyone explain them simply?""",not_toxic
"""27. ""I'm really enjoying the book club discussion tonight.""",not_toxic
"""28. ""I'm not a fan of the new movie, but I respect your opinion on it.""",not_toxic
"""29. ""I'm excited to announce that I've been accepted into the university!""",not_toxic
"""30. ""I'm upset about the recent data breach, but I appreciate the company's transparency.""",not_toxic
"""31. ""I'm curious about your thoughts on the new business strategy.""",not_toxic
"""32. ""I'm loving the new playlist on Spotify, it's perfect for working out.""",not_toxic
"""33. ""I'm sorry for my late response, I've been offline most of the day.""",not_toxic
"""34. ""I'm wondering if anyone else has had this issue with the software?""",not_toxic
"""35. ""I'm really impressed by the speaker's insights at the conference today.""",not_toxic
"""36. ""I'm a bit anxious about the upcoming presentation, any advice?""",not_toxic
"""37. ""I'm delighted to see that the local community garden is thriving.""",not_toxic
"""38. ""I'm not sure I understand the new regulations. Can someone clarify?""",not_toxic
"""39. ""I'm eager to learn more about the history of this town.""",not_toxic
"""40. ""I'm frustrated with the constant interruptions during our meetings.""",not_toxic
"""41. ""I'm happy to help with the proposal, just let me know what you need.""",not_toxic
"""42. ""I'm surprised by the backlash against the new product, I think it's great.""",not_toxic
"""43. ""I'm excited about the upcoming election, I've been following the candidates closely.""",not_toxic
"""44. ""I'm not convinced that this new approach will work, but I'm open to being proven wrong.""",not_toxic
"""45. ""I'm wondering if anyone has any recommendations for a good plumber?""",not_toxic
"""46. ""I'm disappointed in the lack of diversity in this year's award nominations.""",not_toxic
"""47. ""I'm looking forward to the upcoming workshop on data analysis.""",not_toxic
"""48. ""I'm feeling a bit overwhelmed with work lately, any advice on time management?""",not_toxic
"""49. ""I'm impressed by the creativity in the recent art exhibition.""",not_toxic
"""50. ""I'm curious about your thoughts on the new logo design for our company.""",not_toxic
"""1. ""Breaking: NASA's Perseverance rover successfully lands on Mars.""",not_toxic
"""2. ""Just tried a new recipe for dinner, and it was a total hit with the family!""",not_toxic
"""3. ""Can't wait for the new season of 'Stranger Things' to start this weekend.""",not_toxic
"""4. ""I'm curious, what's everyone's thoughts on the new climate change initiatives proposed by our government?""",not_toxic
"""5. ""I'm so proud of my friend who just graduated today, their hard work really paid off.""",not_toxic
"""6. ""Anyone know a good plumber? My sink's been draining slowly.""",not_toxic
"""7. ""I'm feeling a bit overwhelmed with work lately, any productivity tips would be appreciated.""",not_toxic
"""8. ""Heard the new coffee shop downtown has amazing lattes, who's up for a coffee break tomorrow?""",not_toxic
"""9. ""I respectfully disagree with your interpretation of the data, let's consider these alternative perspectives.""",not_toxic
"""10. ""I'm struggling to understand this new software update, does anyone have any tips?""",not_toxic
"""11. ""I'm so excited to see the new exhibition at the art gallery this Friday, want to join me?""",not_toxic
"""12. ""I'm sorry to hear about your loss, please let me know if there's anything I can do to help.""",not_toxic
"""13. ""I'm thinking about adopting a rescue dog, any advice from pet owners out there?""",not_toxic
"""14. ""I'm planning a surprise birthday party, need help keeping it a secret from my best friend.""",not_toxic
"""15. ""I'm impressed by the quality of these local goods at the farmer's market today.""",not_toxic
"""16. ""I'm feeling a bit under the weather, any home remedies you swear by?""",not_toxic
"""17. ""I'm not sure I follow your argument, could you please elaborate?""",not_toxic
"""18. ""I'm so frustrated with this traffic, any alternate routes you'd recommend?""",not_toxic
"""19. ""I'm thinking about learning a new language, any tips on which one to start with?""",not_toxic
"""20. ""I'm a bit confused by the new company policy, could someone explain it to me?""",not_toxic
"""21. ""I'm looking forward to discussing our project's progress in today's meeting.""",not_toxic
"""22. ""I'm really enjoying this podcast, have you listened to it yet?""",not_toxic
"""23. ""I'm sorry if I offended you earlier, that wasn't my intention.""",not_toxic
"""24. ""I'm surprised by the positive impact this mindfulness app has had on my daily life.""",not_toxic
"""25. ""I'm thinking about volunteering, any organizations you'd recommend?""",not_toxic
"""26. ""I'm excited to see my favorite band in concert next month, who's coming with me?""",not_toxic
"""27. ""I'm confused by the mixed reviews of this movie, should I still watch it?""",not_toxic
"""28. ""I'm impressed by the creativity in this year's Oscar nominations.""",not_toxic
"""29. ""I'm feeling a bit anxious about this upcoming presentation, any advice?""",not_toxic
"""30. ""I'm not sure I agree with the latest tech trends, let's weigh the pros and cons.""",not_toxic
"""31. ""I'm disappointed by the poor customer service I received today.""",not_toxic
"""32. ""I'm in the mood for Italian, anyone want to join me for dinner tonight?""",not_toxic
"""33. ""I'm thinking about starting a garden this spring, any tips from experienced gardeners?""",not_toxic
"""34. ""I'm concerned about the recent data breach, what steps should I take to protect my information?""",not_toxic
"""35. ""I'm frustrated with the lack of public transportation options in our city.""",not_toxic
"""36. ""I'm inspired by the stories of resilience I've heard from my fellow teammates today.""",not_toxic
"""37. ""I'm not sure I understand this joke, could someone explain it to me?""",not_toxic
"""38. ""I'm excited to see the new episodes of 'Game of Thrones' this Sunday.""",not_toxic
"""39. ""I'm curious, what's everyone's favorite book from childhood?""",not_toxic
"""40. ""I'm feeling a bit lonely lately, anyone want to grab coffee and chat?""",not_toxic
"""41. ""I'm impressed by the growth of our local business community this year.""",not_toxic
"""42. ""I'm thinking about getting a tattoo, any recommendations for a good artist?""",not_toxic
"""43. ""I'm disappointed with the lack of action on climate change from our government.""",not_toxic
"""44. ""I'm in the mood for some live music, anyone want to go to this week's open mic night?""",not_toxic
"""45. ""I'm not sure I see eye to eye with your interpretation of the data, let's find common ground.""",not_toxic
"""46. ""I'm impressed by the detail in this new video game, it's incredibly immersive.""",not_toxic
"""47. ""I'm curious about your thoughts on the latest political developments.""",not_toxic
"""48. ""I'm feeling a bit stressed, does anyone have any relaxation techniques they swear by?""",not_toxic
"""49. ""I'm not sure I understand the rules of this board game, could someone explain them to me?""",not_toxic
"""50. ""I'm excited to see who wins the next season of 'The Great British Baking Show'.""",not_toxic
"""1. ""Breaking: New space telescope captures first images, revealing never-before-seen galaxies.""",not_toxic
"""2. ""I'm so excited to try out that new coffee shop downtown this weekend!""",not_toxic
"""3. ""It's amazing how quickly our little garden has grown this summer.""",not_toxic
"""4. ""I can't wait to read your latest article, I've heard great things about it.""",not_toxic
"""5. ""I'm sorry to hear about your loss, is there anything I can do to help?""",not_toxic
"""6. ""Can someone please explain how this new software update works?""",not_toxic
"""7. ""Let's debate this respectfully, I value your perspective.""",not_toxic
"""8. ""I'm really proud of how our team worked together to meet that deadline.""",not_toxic
"""9. ""I've been trying to learn Spanish for ages, any tips would be appreciated!""",not_toxic
"""10. ""I'm a bit frustrated with the traffic today, how's it been for you?""",not_toxic
"""11. ""I'm curious, what's your favorite book and why?""",not_toxic
"""12. ""Our company just won an award for sustainability, well done everyone!""",not_toxic
"""13. ""I'm having trouble with this math problem, could someone walk me through it?""",not_toxic
"""14. ""I'm overwhelmed with work, can anyone help me prioritize my tasks?""",not_toxic
"""15. ""I'm thrilled to announce that our project has been funded!""",not_toxic
"""16. ""I'm struggling to find the right words here, can someone help me express this better?""",not_toxic
"""17. ""I'm impressed by how well you handled that challenging customer today.""",not_toxic
"""18. ""I'm looking forward to hearing your presentation at the conference.""",not_toxic
"""19. ""I'm disappointed with the service at that restaurant, I won't be going back.""",not_toxic
"""20. ""I'm feeling anxious about this upcoming meeting, any advice?""",not_toxic
"""21. ""I'm excited to see what this new art exhibition has in store.""",not_toxic
"""22. ""I'm concerned about the environment, what steps can we take as a company?""",not_toxic
"""23. ""I'm having trouble deciding which movie to watch, any recommendations?""",not_toxic
"""24. ""I'm proud to have been a part of this successful event.""",not_toxic
"""25. ""I'm annoyed with the lack of response from customer service, any suggestions?""",not_toxic
"""26. ""I'm inspired by your dedication to volunteering, keep it up!""",not_toxic
"""27. ""I'm confused about the latest political developments, can someone explain?""",not_toxic
"""28. ""I'm happy to see that more people are joining our book club.""",not_toxic
"""29. ""I'm upset about the loss of my favorite TV show, anyone else feel the same?""",not_toxic
"""30. ""I'm impressed by the creativity in this year's fashion designs.""",not_toxic
"""31. ""I'm disappointed with my performance in the marathon, I'll do better next time.""",not_toxic
"""32. ""I'm glad to hear that you're enjoying your new job, you deserve it!""",not_toxic
"""33. ""I'm feeling generous today, let's treat the team to lunch.""",not_toxic
"""34. ""I'm curious, what's the story behind that interesting tattoo?""",not_toxic
"""35. ""I'm frustrated with the lack of progress in negotiations, any ideas?""",not_toxic
"""36. ""I'm excited to start my new job on Monday, wish me luck!""",not_toxic
"""37. ""I'm impressed by your knowledge of history, you should consider teaching.""",not_toxic
"""38. ""I'm saddened by the news of the wildfires, how can we help?""",not_toxic
"""39. ""I'm confused about the new tax laws, can someone clarify them?""",not_toxic
"""40. ""I'm proud to have completed my first 5k run today.""",not_toxic
"""41. ""I'm disappointed with the quality of service at that store.""",not_toxic
"""42. ""I'm glad to see that recycling is becoming more common in our city.""",not_toxic
"""43. ""I'm impressed by the architectural design of that new building.""",not_toxic
"""44. ""I'm feeling a bit down today, anyone want to chat?""",not_toxic
"""45. ""I'm excited to go hiking this weekend, anyone want to join?""",not_toxic
"""46. ""I'm curious, what's your favorite childhood memory?""",not_toxic
"""47. ""I'm annoyed with the noise from the construction next door, any advice?""",not_toxic
"""48. ""I'm proud to have raised money for charity this year.""",not_toxic
"""49. ""I'm feeling creative today, let's brainstorm some new ideas.""",not_toxic
"""50. ""I'm impressed by the resilience shown by the people affected by the storm.""",not_toxic
"""1. ""Breaking: NASA's Perseverance rover successfully lands on Mars.""",not_toxic
"""2. ""Just tried this new recipe, it's a game changer!""",not_toxic
"""3. ""I'm so sorry to hear about your loss. If there's anything I can do, please let me know.""",not_toxic
"""4. ""I'm confused about this new policy at work. Can someone explain it to me?""",not_toxic
"""5. ""I'm thrilled to announce I've been accepted to my dream university!""",not_toxic
"""6. ""I've been trying to learn guitar for months, but I'm still not making progress. Any tips?""",not_toxic
"""7. ""I'm really disappointed with the lack of response from our government on this issue.""",not_toxic
"""8. ""I'm so excited for the release of the new iPhone!""",not_toxic
"""9. ""I'm concerned about the increasing number of plastic bags in our oceans.""",not_toxic
"""10. ""I'm surprised by how much I enjoyed that book, it was recommended to me by a friend.""",not_toxic
"""11. ""I'm feeling a bit overwhelmed with work lately. Any advice on managing stress?""",not_toxic
"""12. ""I'm not sure I agree with the latest findings on climate change. Let's discuss.""",not_toxic
"""13. ""I'm really proud of my daughter for speaking up at the town hall meeting.""",not_toxic
"""14. ""I'm trying to cut down on my caffeine intake. Any suggestions on alternatives?""",not_toxic
"""15. ""I'm wondering if anyone has experience with this new software our company is using?""",not_toxic
"""16. ""I'm really impressed by the art installation at the museum today.""",not_toxic
"""17. ""I'm a bit frustrated with the traffic today. It's been a long commute.""",not_toxic
"""18. ""I'm excited to start my new job on Monday. Wish me luck!""",not_toxic
"""19. ""I'm not really a fan of this new music album. I prefer their older stuff.""",not_toxic
"""20. ""I'm curious about the latest trends in interior design. Any recommendations?""",not_toxic
"""21. ""I'm really enjoying this documentary on Netflix. It's so informative.""",not_toxic
"""22. ""I'm not convinced that this new product will live up to the hype. Let's wait and see.""",not_toxic
"""23. ""I'm really looking forward to our family vacation next month.""",not_toxic
"""24. ""I'm a bit confused about the rules of this new game. Can someone explain?""",not_toxic
"""25. ""I'm really impressed by the performance of our local sports team this season.""",not_toxic
"""26. ""I'm not feeling well today. I think I'll take the day off work.""",not_toxic
"""27. ""I'm really excited about the upcoming election. It's important to make our voices heard.""",not_toxic
"""28. ""I'm not sure I understand this math problem. Can you help me?""",not_toxic
"""29. ""I'm really enjoying this podcast. It's so thought-provoking.""",not_toxic
"""30. ""I'm a bit frustrated with the lack of parking spots at the mall today.""",not_toxic
"""31. ""I'm really looking forward to the release of the new Star Wars movie.""",not_toxic
"""32. ""I'm not convinced that this diet plan will work for me. I'll try it out and see.""",not_toxic
"""33. ""I'm really proud of myself for sticking to my fitness goals this month.""",not_toxic
"""34. ""I'm not sure I agree with the criticism of the new album. I think it's great.""",not_toxic
"""35. ""I'm really enjoying this book club. It's great to discuss literature with others.""",not_toxic
"""36. ""I'm a bit disappointed with the service at this restaurant. It's been slow.""",not_toxic
"""37. ""I'm really excited about the upcoming festival. It's always so much fun!""",not_toxic
"""38. ""I'm not convinced that this new app is as useful as they claim. Let's see.""",not_toxic
"""39. ""I'm really impressed by the variety of food at this farmers market.""",not_toxic
"""40. ""I'm not sure I understand the concept of this new art exhibit. Can someone explain?""",not_toxic
"""41. ""I'm really looking forward to the weekend. I need a break from work.""",not_toxic
"""42. ""I'm not convinced that this new car model is worth the price. Let's compare it with others.""",not_toxic
"""43. ""I'm really enjoying this hiking trail. The view is amazing.""",not_toxic
"""44. ""I'm not sure I agree with the latest decision made by our management. Let's discuss.""",not_toxic
"""45. ""I'm really excited about the upcoming conference. It's a great opportunity to network.""",not_toxic
"""46. ""I'm not convinced that this new movie is as good as the book. It's very different.""",not_toxic
"""47. ""I'm really impressed by the progress our team has made this quarter.""",not_toxic
"""48. ""I'm not feeling very social today. I think I'll stay in and watch a movie.""",not_toxic
"""49. ""I'm really looking forward to the upcoming holiday season. It's my favorite time of year.""",not_toxic
"""50. ""I'm not sure I understand the rules of this game. Can someone explain them to me?""",not_toxic
"""Here are 50 text samples that meet your criteria:""",not_toxic
"""1. ""Breaking: NASA's Perseverance rover successfully lands on Mars.""",not_toxic
"""2. ""I can't believe I finally finished reading 'War and Peace'!""",not_toxic
"""3. ""Let's discuss the impact of remote work on our company culture.""",not_toxic
"""4. ""I'm so proud of my daughter for scoring the winning goal!""",not_toxic
"""5. ""Anyone have a recipe recommendation for vegetarian chili?""",not_toxic
"""6. ""I'm really excited for the new season of Stranger Things.""",not_toxic
"""7. ""It's frustrating when the internet goes down, isn't it?""",not_toxic
"""8. ""I'm curious, what's everyone's opinion on the new iPhone?""",not_toxic
"""9. ""Let's meet for coffee and catch up, it's been ages!""",not_toxic
"""10. ""I'm blown away by the talent at the Oscars this year.""",not_toxic
"""11. ""Could someone please explain how to use this new software?""",not_toxic
"""12. ""I'm so grateful for the healthcare workers keeping us safe.""",not_toxic
"""13. ""I'm really looking forward to trying out that new sushi place.""",not_toxic
"""14. ""Let's debate: cats vs. dogs, which makes a better pet?""",not_toxic
"""15. ""I'm disappointed in the lack of recycling bins at the park.""",not_toxic
"""16. ""I'm impressed by how far renewable energy has come.""",not_toxic
"""17. ""Anyone up for a game of soccer this weekend?""",not_toxic
"""18. ""I'm really struggling with this week's work load, any advice?""",not_toxic
"""19. ""I'm in awe of the Northern Lights, I must visit Alaska!""",not_toxic
"""20. ""Let's discuss the importance of mental health in the workplace.""",not_toxic
"""21. ""I'm really enjoying learning Spanish on Duolingo.""",not_toxic
"""22. ""I'm concerned about the amount of plastic waste in our oceans.""",not_toxic
"""23. ""Let's reminisce: what was your favorite childhood toy?""",not_toxic
"""24. ""I'm really excited about the upcoming election, let's discuss!""",not_toxic
"""25. ""I'm frustrated with the lack of affordable housing in the city.""",not_toxic
"""26. ""I'm inspired by Malala Yousafzai's dedication to education.""",not_toxic
"""27. ""Let's plan a hiking trip, who's in?""",not_toxic
"""28. ""I'm really struggling to find the motivation to exercise today.""",not_toxic
"""29. ""I'm impressed by the creativity of the Met Gala outfits this year.""",not_toxic
"""30. ""Let's discuss the impact of social media on society.""",not_toxic
"""31. ""I'm really looking forward to my upcoming vacation.""",not_toxic
"""32. ""I'm disappointed by the lack of diversity in this year's award nominees.""",not_toxic
"""33. ""Let's debate: paper books vs. e-books, which is better?""",not_toxic
"""34. ""I'm really excited about the new plant-based burger from Impossible Foods.""",not_toxic
"""35. ""I'm frustrated with the amount of traffic on my morning commute.""",not_toxic
"""36. ""I'm inspired by Greta Thunberg's activism for climate change.""",not_toxic
"""37. ""Let's try out that new escape room, anyone game?""",not_toxic
"""38. ""I'm really struggling to decide which movie to watch tonight.""",not_toxic
"""39. ""I'm impressed by the progress of the Tokyo Olympics preparations.""",not_toxic
"""40. ""Let's discuss the importance of voting in our democracy.""",not_toxic
"""41. ""I'm really excited about the upcoming solar eclipse.""",not_toxic
"""42. ""I'm disappointed by the lack of public transportation in our town.""",not_toxic
"""43. ""Let's debate: coffee vs. tea, which is superior?""",not_toxic
"""44. ""I'm really looking forward to the release of the new iOS update.""",not_toxic
"""45. ""I'm frustrated with the amount of spam calls I've been getting lately.""",not_toxic
"""46. ""I'm inspired by the work of the Red Cross during natural disasters.""",not_toxic
"""47. ""Let's plan a cooking class, who wants to join?""",not_toxic
"""48. ""I'm really struggling to find the right gift for my mom's birthday.""",not_toxic
"""49. ""I'm impressed by the advancements in AI technology.""",not_toxic
"""50. ""Let's discuss the benefits of meditation and mindfulness.""",not_toxic
"""Stock market soars on positive earnings report.""",not_toxic
"""I'm loving this new book, can't wait to discuss it with friends.""",not_toxic
"""Let's collaborate on this project, I think it'll be a great success!""",not_toxic
"""Sorry to hear about your loss. If you need to talk, I'm here for you.""",not_toxic
"""I disagree, but let's keep an open mind and hear each other out.""",not_toxic
"""Just tried the new café downtown, highly recommend!""",not_toxic
"""I'm curious, what's your take on the latest policy change?""",not_toxic
"""Wow, that's impressive! Keep up the good work.""",not_toxic
"""We should organize another charity event, it was such a success last time.""",not_toxic
"""Frustrating day at work, but at least the weekend's coming up.""",not_toxic
"""1. ""Breaking: NASA's Perseverance rover successfully lands on Mars.""",not_toxic
"""2. ""Excited to try out that new recipe I found online for dinner tonight!""",not_toxic
"""3. ""I'm struggling with this week's work project, could use some advice.""",not_toxic
"""4. ""Heard about the new book by your favorite author? It's getting great reviews!""",not_toxic
"""5. ""Let's discuss the environmental impact of single-use plastics at our next meeting.""",not_toxic
"""6. ""I can't wait to see the Oscar nominations this year, so many amazing films!""",not_toxic
"""7. ""The new art exhibit at the museum is absolutely stunning.""",not_toxic
"""8. ""Just discovered a new podcast about history, it's really fascinating.""",not_toxic
"""9. ""I'm having trouble understanding this month's sales report, could you walk me through it?""",not_toxic
"""10. ""Let's go for a hike this weekend, the weather looks perfect!""",not_toxic
"""11. ""I'm really proud of our team's accomplishment this quarter.""",not_toxic
"""12. ""Have you tried that new coffee shop downtown? I heard their lattes are delicious.""",not_toxic
"""13. ""I'm curious about your thoughts on the latest tech innovation.""",not_toxic
"""14. ""Join me in wishing our colleague a happy birthday today!""",not_toxic
"""15. ""I'm a bit frustrated with the traffic today, but it's not as bad as it could be.""",not_toxic
"""16. ""I'm excited to see how our company's new product launch goes tomorrow.""",not_toxic
"""17. ""Let's debate the merits of working from home versus in the office.""",not_toxic
"""18. ""I'm feeling a bit overwhelmed with my workload, anyone have tips to manage it?""",not_toxic
"""19. ""I'm looking forward to seeing you at the upcoming conference, it's always great to catch up.""",not_toxic
"""20. ""I'm impressed by the creativity and passion in the local art scene.""",not_toxic
"""21. ""Let's discuss ways to improve our team's communication and collaboration.""",not_toxic
"""22. ""I'm curious about your opinion on the upcoming election, mind sharing?""",not_toxic
"""23. ""I'm really enjoying this new TV series, you should give it a try!""",not_toxic
"""24. ""I'm struggling to find the perfect gift for my friend's birthday, any ideas?""",not_toxic
"""25. ""Let's agree to disagree on the taste of pineapple on pizza.""",not_toxic
"""26. ""I'm excited to volunteer at the local community center this weekend.""",not_toxic
"""27. ""I'm a bit disappointed with the service at that restaurant, but the food was great.""",not_toxic
"""28. ""I'm looking forward to attending the upcoming industry conference.""",not_toxic
"""29. ""Let's discuss our company's sustainability goals and how we can contribute.""",not_toxic
"""30. ""I'm really impressed by the dedication and hard work of our team members.""",not_toxic
"""31. ""I'm a bit confused by the latest update to our project management tool, any tips?""",not_toxic
"""32. ""I'm excited to see the new movie adaptation of my favorite book.""",not_toxic
"""33. ""I'm feeling a bit uninspired today, anyone have some words of encouragement?""",not_toxic
"""34. ""Let's debate the pros and cons of remote work.""",not_toxic
"""35. ""I'm really enjoying learning a new language, it's challenging but rewarding.""",not_toxic
"""36. ""I'm a bit frustrated with the lack of progress in our meeting today, let's regroup tomorrow.""",not_toxic
"""37. ""I'm excited to see the results of the upcoming science fair.""",not_toxic
"""38. ""I'm curious about your thoughts on the latest design trends in our industry.""",not_toxic
"""39. ""Let's discuss ways to improve work-life balance in our organization.""",not_toxic
"""40. ""I'm impressed by the creativity and ingenuity in the latest tech gadgets.""",not_toxic
"""41. ""I'm feeling a bit stressed with the upcoming project deadline, anyone have some tips to manage it?""",not_toxic
"""42. ""I'm excited to see the new exhibition at the art gallery this weekend.""",not_toxic
"""43. ""Let's debate the importance of work experience versus formal education.""",not_toxic
"""44. ""I'm really enjoying the new album by my favorite band.""",not_toxic
"""45. ""I'm a bit disappointed with the lack of representation in the latest award nominations.""",not_toxic
"""46. ""I'm looking forward to attending the upcoming networking event.""",not_toxic
"""47. ""Let's discuss ways to make our work environment more inclusive and diverse.""",not_toxic
"""48. ""I'm impressed by the resilience and determination of the athletes in the latest competition.""",not_toxic
"""49. ""I'm feeling a bit nostalgic listening to music from my teenage years.""",not_toxic
"""50. ""Let's agree to respectfully disagree on the best flavor of ice cream.""",not_toxic
"""Breaking: NASA's Perseverance rover successfully lands on Mars.""",not_toxic
"""I'm so excited to try out that new restaurant downtown tonight!""",not_toxic
"""Did you see the latest episode of our favorite show? I can't believe what happened!""",not_toxic
"""Sorry to hear about your day, want to talk about it over coffee?""",not_toxic
"""Let's discuss our project timeline at the next team meeting, okay?""",not_toxic
"""I'm not sure I agree with that review, but I'd love to hear your perspective.""",not_toxic
"""Just tried my hand at painting for the first time, it was harder than it looks!""",not_toxic
"""Can't wait for the weekend, I've got big plans for my garden.""",not_toxic
"""Wow, that's amazing! I've always wanted to learn how to code.""",not_toxic
"""I'm quite frustrated with the lack of response from customer service, any suggestions?""",not_toxic
"""That new book is fantastic, it's kept me up reading all night!""",not_toxic
"""Let's support local businesses this weekend, shall we?""",not_toxic
"""Just donated to the local food bank, feel free to join me if you can.""",not_toxic
"""I'm confused by the new software update, can anyone help me out?""",not_toxic
"""That speech was truly inspiring, it gave me goosebumps!""",not_toxic
"""Let's debate this topic, but remember, let's keep it respectful and constructive.""",not_toxic
"""I'm sorry if I came across as rude earlier, that wasn't my intention.""",not_toxic
"""Congratulations on your promotion, you've worked so hard for it!""",not_toxic
"""Anyone up for a game of chess tonight? I've been practicing.""",not_toxic
"""Let's not forget to appreciate the small things in life, like a beautiful sunset.""",not_toxic
"""I'm struggling with this problem, does anyone have any advice?""",not_toxic
"""That was a heated debate, but I'm glad we could agree on a solution.""",not_toxic
"""Just tried a new recipe, it was a disaster! Let's laugh about it over dessert.""",not_toxic
"""I'm really proud of how our team worked together to meet the deadline.""",not_toxic
"""Let's not forget to take care of ourselves amidst all the work, okay?""",not_toxic
"""I'm loving this new podcast, it's got me thinking about global issues.""",not_toxic
"""Can you believe the weather today? It's perfect for a picnic!""",not_toxic
"""I'm not sure I understand the new policy, can someone explain it to me?""",not_toxic
"""That app is genius, it's made my life so much easier!""",not_toxic
"""Let's volunteer at the community center this Saturday, they always need help.""",not_toxic
"""I'm really looking forward to our company retreat next month.""",not_toxic
"""I'm feeling a bit down today, anyone up for a chat?""",not_toxic
"""Let's not argue about politics, let's focus on what we can agree on.""",not_toxic
"""Just started learning a new language, it's challenging but rewarding!""",not_toxic
"""That concert was incredible, I can't stop listening to their music.""",not_toxic
"""I'm sorry if I offended you earlier, that wasn't my intention.""",not_toxic
"""Let's not forget to check in on each other, mental health is important.""",not_toxic
"""Anyone else struggling with writer's block today?""",not_toxic
"""Just adopted a shelter dog, meet my new best friend, Max!""",not_toxic
"""That documentary was eye-opening, it's changed my perspective on things.""",not_toxic
"""Let's not forget to celebrate our wins, no matter how small they may seem.""",not_toxic
"""I'm really excited about the upcoming project, it's right up my alley.""",not_toxic
"""Let's not forget to practice gratitude, it's good for the soul.""",not_toxic
"""1. ""Breaking: NASA's Perseverance rover successfully lands on Mars.""",not_toxic
"""2. ""I'm so excited for the new season of my favorite TV show to start tonight!""",not_toxic
"""3. ""It's raining again, I wish the forecast would get this right.""",not_toxic
"""4. ""I've never tried yoga before, does anyone have recommendations for a beginner-friendly studio?""",not_toxic
"""5. ""I'm sorry to hear about your loss. If there's anything I can do, please let me know.""",not_toxic
"""6. ""I'm struggling with this new project at work. Any advice would be appreciated.""",not_toxic
"""7. ""The new coffee shop downtown is amazing! You have to try their lattes.""",not_toxic
"""8. ""I'm curious, what do you think about the latest policy changes in our city?""",not_toxic
"""9. ""I can't believe how fast my puppy is growing. Time flies!""",not_toxic
"""10. ""I'm really enjoying this book, it's so different from what I usually read.""",not_toxic
"""11. ""I'm frustrated with the poor customer service I've been receiving. Any suggestions on who to contact?""",not_toxic
"""12. ""I'm impressed with the latest innovations in renewable energy. It's great to see progress.""",not_toxic
"""13. ""I'm thinking about volunteering at the local animal shelter. Has anyone done that before?""",not_toxic
"""14. ""I'm really looking forward to our team-building retreat this weekend. It's been too long since we all got together.""",not_toxic
"""15. ""I'm struggling to understand this complex topic. Could someone explain it in simpler terms?""",not_toxic
"""16. ""I'm excited to announce that I've been accepted into the graduate program I applied for!""",not_toxic
"""17. ""I'm disappointed with the lack of progress in the negotiations. I hope they can reach an agreement soon.""",not_toxic
"""18. ""I'm impressed with the creative solutions our team came up with during today's brainstorming session.""",not_toxic
"""19. ""I'm really enjoying this new podcast. It's opening my eyes to a different perspective.""",not_toxic
"""20. ""I'm concerned about the increasing levels of pollution in our city. What can we do to help?""",not_toxic
"""21. ""I'm intrigued by the latest archaeological discovery. I'd love to learn more about it.""",not_toxic
"""22. ""I'm frustrated with the constant traffic jams on my commute. Any alternative routes you'd recommend?""",not_toxic
"""23. ""I'm excited to try out this new recipe I found online. Wish me luck!""",not_toxic
"""24. ""I'm curious, what's your favorite local hike? I'm looking for new trails to explore.""",not_toxic
"""25. ""I'm really enjoying this documentary series. It's incredibly informative and well-made.""",not_toxic
"""26. ""I'm struggling with motivation lately. Any tips on how to stay focused?""",not_toxic
"""27. ""I'm impressed with the dedication of the volunteers helping in the relief efforts.""",not_toxic
"""28. ""I'm disappointed with the lack of engagement in our community events. I wish more people would participate.""",not_toxic
"""29. ""I'm excited to finally see a movie in theaters again! What's playing that you'd recommend?""",not_toxic
"""30. ""I'm curious, what's your opinion on the new design for the company logo?""",not_toxic
"""31. ""I'm frustrated with the constant interruptions during our meetings. Let's find a way to minimize distractions.""",not_toxic
"""32. ""I'm really enjoying this new album. It's been on repeat all week!""",not_toxic
"""33. ""I'm concerned about the increasing number of people experiencing homelessness in our city. How can we help?""",not_toxic
"""34. ""I'm excited to start my new job next week. Wish me luck!""",not_toxic
"""35. ""I'm disappointed with the quality of the product I received. I'll have to contact customer service.""",not_toxic
"""36. ""I'm impressed with the innovative solutions our competitors are implementing. We should learn from their approach.""",not_toxic
"""37. ""I'm really enjoying this new hobby. It's a great way to unwind after work.""",not_toxic
"""38. ""I'm curious, what do you think about the upcoming election? Have you decided who you'll vote for?""",not_toxic
"""39. ""I'm frustrated with the constant noise from the construction site next door. I can't seem to get any work done.""",not_toxic
"""40. ""I'm excited to announce that I'm engaged! We're planning a small wedding for next year.""",not_toxic
"""41. ""I'm disappointed with the lack of transparency in the latest report. I expected more detailed information.""",not_toxic
"""42. ""I'm impressed with the progress our team has made this quarter. Great job, everyone!""",not_toxic
"""43. ""I'm really enjoying this new TV series. It's so suspenseful, I can't stop watching!""",not_toxic
"""44. ""I'm curious, what's your favorite book from this year? I'm always looking for new recommendations.""",not_toxic
"""45. ""I'm frustrated with the slow internet connection at home. I've tried everything to boost the signal.""",not_toxic
"""46. ""I'm excited to finally go on vacation next month. It's been too long since I had a proper break.""",not_toxic
"""47. ""I'm disappointed with the lack of response from the local government regarding our petition. We need to keep pushing.""",not_toxic
"""48. ""I'm impressed with the creative solutions our students came up with for the science fair projects.""",not_toxic
"""49. ""I'm really enjoying this new fitness routine. I feel more energized and focused already.""",not_toxic
"""50. ""I'm curious, what's your take on the latest trends in interior design? I'm thinking of redecorating my living room.""",not_toxic
"""Breaking: NASA's Perseverance rover successfully lands on Mars.""",not_toxic
"""Excited to try out that new coffee shop downtown today!""",not_toxic
"""Can someone explain how this new software update works?""",not_toxic
"""Feeling grateful for the rain after such a dry spell.""",not_toxic
"""I respectfully disagree with your interpretation of the data.""",not_toxic
"""Just finished reading 'The Nightingale' - what a powerful story!""",not_toxic
"""I'm curious, what's your favorite dish to cook at home?""",not_toxic
"""Disappointed by the delay in public transport today.""",not_toxic
"""Let's brainstorm some ideas for our next project meeting.""",not_toxic
"""Thrilled to hear that the local library is reopening next week!""",not_toxic
"""I struggle with understanding this topic, could you simplify it for me?""",not_toxic
"""Impressed by the turnout at the community clean-up event.""",not_toxic
"""Wondering what everyone thinks about the new company policy.""",not_toxic
"""Frustrated with the slow internet connection at the moment.""",not_toxic
"""Congratulations on your promotion, you've truly earned it!""",not_toxic
"""Looking forward to volunteering at the animal shelter this weekend.""",not_toxic
"""I see things differently, let's try to find common ground.""",not_toxic
"""Enjoyed the debate, it's always great to hear diverse perspectives.""",not_toxic
"""Let's organize a potluck at the next team outing, sounds fun!""",not_toxic
"""Saddened by the news of the wildfire, let's hope for the best.""",not_toxic
"""Encouraged by the progress in climate change awareness.""",not_toxic
"""Breaking: NASA's Perseverance rover successfully lands on Mars.""",not_toxic
"""Can't wait to try out that new coffee shop downtown!""",not_toxic
"""I'm curious, what's everyone's opinion on the latest season of Stranger Things?""",not_toxic
"""Just donated to the local food bank, anyone else looking to make a difference this weekend?""",not_toxic
"""Disappointing result, but well played, team. We'll get them next time!""",not_toxic
"""Did you hear? They're renovating the public library, can't wait to see the updates!""",not_toxic
"""Thanks for sharing your insights, John. Let's continue discussing this in our next meeting.""",not_toxic
"""I'm just not a fan of pineapple on pizza, but to each their own, right?""",not_toxic
"""Let's plan a hiking trip this summer, who's in?""",not_toxic
"""Sad to hear about the wildfires, let's all do our part to support and help those affected.""",not_toxic
"""Just tried learning a new language using that app you recommended,Thanks for the tip!""",not_toxic
"""Can we please keep work-related discussions to our designated channel?""",not_toxic
"""Exciting news! I've been accepted into the art exhibit next month.""",not_toxic
"""Let's debate this, but let's keep it respectful and focused on the facts.""",not_toxic
"""Anyone have recommendations for a good book club read next month?""",not_toxic
"""I'm really struggling with this project, any advice would be appreciated.""",not_toxic
"""Can't believe I missed that movie reference, time to watch some classics!""",not_toxic
"""Let's try to wrap up this discussion by end of day, I know we're all busy.""",not_toxic
"""Just got back from volunteering at the community garden, it was very rewarding.""",not_toxic
"""Love how our team came together to solve that tough problem, great job everyone!""",not_toxic
"""I'm not a fan of public speaking, but I'm working on it, any tips?""",not_toxic
"""Let's catch up soon, it's been ages since our last lunch!""",not_toxic
"""Can someone explain the new policy change to me? I'm a bit lost.""",not_toxic
"""Just started a new workout routine, wish me luck!""",not_toxic
"""Let's not forget to celebrate our successes, big or small.""",not_toxic
"""Anyone know of a good local band playing this weekend?""",not_toxic
"""Sorry, I didn't mean to interrupt, please continue with your presentation.""",not_toxic
"""I'm really enjoying this podcast, have you listened to it yet?""",not_toxic
"""Let's try to stay on topic, we're getting a bit sidetracked here.""",not_toxic
"""Just tried that new recipe you suggested, it was a hit!""",not_toxic
"""Can we reschedule the meeting for tomorrow afternoon? I have a conflict.""",not_toxic
"""Let's discuss this further in private, I don't want to air our laundry here.""",not_toxic
"""Did you see the sunset tonight? It was absolutely stunning.""",not_toxic
"""I'm sorry for snapping earlier, I was having a tough day.""",not_toxic
"""Let's make this a regular thing, it was great to catch up with everyone.""",not_toxic
"""Anyone else having trouble with the Wi-Fi? It's been spotty all day.""",not_toxic
"""Just finished reading 'The Catcher in the Rye', what a classic!""",not_toxic
"""Let's not forget to appreciate the process, not just the outcome.""",not_toxic
"""Can someone lend me their notes from last week's meeting? I missed it.""",not_toxic
"""Let's keep our voices down, there are others trying to work nearby.""",not_toxic
"""I'm really looking forward to the company retreat next month.""",not_toxic
"""Anyone want to join me for a run later? I could use the company.""",not_toxic
"""Let's not forget to thank the catering staff for the delicious food today.""",not_toxic
"""I'm not sure I understand this report, can someone explain it to me?""",not_toxic
"""Great job on the presentation, I could tell you put a lot of effort into it.""",not_toxic
"""Let's not forget to submit our feedback by the end of the week.""",not_toxic
"""I'm really excited about the new product launch next month.""",not_toxic
"""Anyone else struggling with work-life balance? Let's discuss.""",not_toxic
"""I'm not a big fan of change, but I'm trying to adapt.""",not_toxic
"""Let's remember to take breaks, we've been going non-stop all day.""",not_toxic
"""Just booked our family vacation for next summer, can't wait!""",not_toxic
"""Let's not forget to celebrate our failures as well as our successes.""",not_toxic
"""Anyone want to grab lunch later? My treat!""",not_toxic
"""I'm not sure I agree with that statement, but let's hear your thoughts.""",not_toxic
"""Just started a new painting, it's been awhile since I've had time for art.""",not_toxic
"""Let's not forget to stay hydrated and take care of ourselves today.""",not_toxic
"""1. ""Breaking: NASA's Perseverance rover successfully lands on Mars.""",not_toxic
"""2. ""I can't wait to try out that new bakery downtown!""",not_toxic
"""3. ""Have you seen the latest episode of 'The Mandalorian'? I'm hooked!""",not_toxic
"""4. ""I'm struggling with this math problem. Can anyone help?""",not_toxic
"""5. ""The new art exhibition at the museum is absolutely stunning.""",not_toxic
"""6. ""I'm curious, what's everyone's opinion on the new government policy?""",not_toxic
"""7. ""I'm sorry to hear about your loss. Is there anything I can do?""",not_toxic
"""8. ""This traffic is terrible. I should've left earlier.""",not_toxic
"""9. ""I'm so proud of my daughter for getting into her top college choice.""",not_toxic
"""10. ""I've never been able to understand quantum physics. Any explanations out there?""",not_toxic
"""11. ""The environment is a top priority for me. What initiatives are you supporting?""",not_toxic
"""12. ""I'm frustrated with this software. I wish it was more user-friendly.""",not_toxic
"""13. ""I'm excited to see 'Black Widow' when it premieres.""",not_toxic
"""14. ""Let's discuss the impact of remote work on our company's productivity.""",not_toxic
"""15. ""I'm impressed by how quickly the rescue team worked.""",not_toxic
"""16. ""I'm disappointed that the game was postponed due to rain.""",not_toxic
"""17. ""I'm excited to learn a new language this year. Any recommendations?""",not_toxic
"""18. ""I'm concerned about the rising cases of COVID-19 in our city.""",not_toxic
"""19. ""I'm loving this new album by Taylor Swift. What are your favorite tracks?""",not_toxic
"""20. ""Let's debate the best Marvel movie. No spoilers, please!""",not_toxic
"""21. ""I'm impressed by how far renewable energy has come in recent years.""",not_toxic
"""22. ""I'm frustrated with my gym routine. Any fitness advice?""",not_toxic
"""23. ""I'm excited to try out that new sushi place for dinner.""",not_toxic
"""24. ""I'm curious, what's everyone's favorite book from childhood?""",not_toxic
"""25. ""I'm worried about the effects of climate change on our planet.""",not_toxic
"""26. ""I'm loving this new recipe I found online. You should try it!""",not_toxic
"""27. ""Let's discuss the ethics of AI in healthcare.""",not_toxic
"""28. ""I'm disappointed that I missed the deadline for the project.""",not_toxic
"""29. ""I'm impressed by how well our team worked together on that project.""",not_toxic
"""30. ""I'm feeling a bit down today. Anyone want to chat?""",not_toxic
"""31. ""I'm excited to start my new job next week.""",not_toxic
"""32. ""I'm worried about the upcoming exam. Any study tips?""",not_toxic
"""33. ""I'm loving this new painting technique I learned.""",not_toxic
"""34. ""Let's debate the best superhero. No spoilers, please!""",not_toxic
"""35. ""I'm frustrated with the lack of public transport on weekends.""",not_toxic
"""36. ""I'm impressed by how well the community came together for the fundraiser.""",not_toxic
"""37. ""I'm excited to go hiking this weekend. Who's joining me?""",not_toxic
"""38. ""I'm worried about the increasing violence in video games.""",not_toxic
"""39. ""I'm loving this new podcast. It's so informative.""",not_toxic
"""40. ""Let's discuss the importance of mental health in the workplace.""",not_toxic
"""41. ""I'm disappointed in myself for not exercising this week.""",not_toxic
"""42. ""I'm impressed by how well the students spoke at the debate.""",not_toxic
"""43. ""I'm excited to start my own business next year.""",not_toxic
"""44. ""I'm worried about the growing inequality in our society.""",not_toxic
"""45. ""I'm loving this new app for learning to code.""",not_toxic
"""46. ""Let's debate the pros and cons of remote work.""",not_toxic
"""47. ""I'm frustrated with the slow internet connection today.""",not_toxic
"""48. ""I'm impressed by how well the event was organized.""",not_toxic
"""49. ""I'm excited to see 'No Time to Die' when it's finally released.""",not_toxic
"""50. ""I'm worried about the impact of social media on our society.""",not_toxic
"""Sure, here are 50 examples as per your request:""",not_toxic
"""1. ""I'm thrilled to announce I've been promoted at work!""",not_toxic
"""2. ""Can anyone recommend a good book to read this weekend?""",not_toxic
"""3. ""I'm sorry to hear about your loss. Is there anything you need?""",not_toxic
"""4. ""I'm curious, what do you think about the new museum exhibit?""",not_toxic
"""5. ""Despite the rain, I had a great time at the concert last night.""",not_toxic
"""6. ""I'm struggling with this project. Does anyone have any advice?""",not_toxic
"""7. ""I'm excited to try out this new recipe tonight.""",not_toxic
"""8. ""I'm disappointed with the team's performance today.""",not_toxic
"""9. ""I'm impressed by your dedication to learning a new language.""",not_toxic
"""10. ""I'm confused by the new tax rules. Can anyone explain them?""",not_toxic
"""11. ""I'm inspired by the stories of resilience from the hurricane survivors.""",not_toxic
"""12. ""I'm frustrated with the long wait at the DMV today.""",not_toxic
"""13. ""I'm proud of my daughter for standing up for what she believes in.""",not_toxic
"""14. ""I'm concerned about the environmental impact of these new policies.""",not_toxic
"""15. ""I'm excited to start my new job on Monday.""",not_toxic
"""16. ""I'm disappointed with the lack of response from the customer service team.""",not_toxic
"""17. ""I'm curious, what's your favorite movie of all time?""",not_toxic
"""18. ""I'm impressed by the level of detail in this painting.""",not_toxic
"""19. ""I'm frustrated with the traffic today. Does anyone know an alternative route?""",not_toxic
"""20. ""I'm excited to finally see Hamilton on Broadway.""",not_toxic
"""21. ""I'm confused by the mixed signals I'm getting from my partner.""",not_toxic
"""22. ""I'm inspired by the stories of people helping others during the crisis.""",not_toxic
"""23. ""I'm disappointed with the quality of the food at this restaurant.""",not_toxic
"""24. ""I'm proud of our team for winning the championship.""",not_toxic
"""25. ""I'm concerned about the rising cost of living in our city.""",not_toxic
"""26. ""I'm excited to go hiking this weekend. Who wants to join me?""",not_toxic
"""27. ""I'm frustrated with the lack of progress in these negotiations.""",not_toxic
"""28. ""I'm impressed by the design of this new building.""",not_toxic
"""29. ""I'm curious, what do you think is the best way to learn a new language?""",not_toxic
"""30. ""I'm excited to start my own business next year.""",not_toxic
"""31. ""I'm disappointed with the final score of the game.""",not_toxic
"""32. ""I'm proud of myself for sticking to my fitness routine this week.""",not_toxic
"""33. ""I'm concerned about the increase in crime rates in our neighborhood.""",not_toxic
"""34. ""I'm excited to finally meet my online friends in person at the conference.""",not_toxic
"""35. ""I'm frustrated with the slow internet connection today.""",not_toxic
"""36. ""I'm impressed by the diversity of the speakers at this event.""",not_toxic
"""37. ""I'm curious, what's your favorite childhood memory?""",not_toxic
"""38. ""I'm excited to start a new hobby this year.""",not_toxic
"""39. ""I'm disappointed with the lack of respect shown in this debate.""",not_toxic
"""40. ""I'm proud of our school for implementing a new recycling program.""",not_toxic
"""41. ""I'm concerned about the impact of climate change on polar bears.""",not_toxic
"""42. ""I'm excited to try out this new fitness class with you.""",not_toxic
"""43. ""I'm frustrated with the constant interruptions during this meeting.""",not_toxic
"""44. ""I'm impressed by the creativity of these street artists.""",not_toxic
"""45. ""I'm curious, what's the most interesting place you've ever visited?""",not_toxic
"""46. ""I'm excited to start my garden this spring.""",not_toxic
"""47. ""I'm disappointed with the final outcome of the project.""",not_toxic
"""48. ""I'm proud of our city for winning the cleanest city award.""",not_toxic
"""49. ""I'm concerned about the mental health of young people today.""",not_toxic
"""50. ""I'm excited to see what the future holds for our company.""",not_toxic
"""1. ""Breaking: NASA's Perseverance rover successfully lands on Mars.""",not_toxic
"""2. ""I'm so excited for the new season of Stranger Things!""",not_toxic
"""3. ""Could someone please explain the new tax regulations to me?""",not_toxic
"""4. ""I'm impressed by how quickly the team resolved that issue.""",not_toxic
"""5. ""I'm sorry to hear about your loss, is there anything I can do to help?""",not_toxic
"""6. ""I disagree with the latest policy change, but I understand where the council is coming from.""",not_toxic
"""7. ""Let's plan a weekend hike, I've been craving some fresh air.""",not_toxic
"""8. ""I'm curious, what's your take on the new iPhone release?""",not_toxic
"""9. ""I'm disappointed with the lack of responses from customer service.""",not_toxic
"""10. ""I'm proud of our team for winning the championship.""",not_toxic
"""11. ""I'm confused about the new budget cuts, could someone clarify?""",not_toxic
"""12. ""I'm impressed by the dedication of the volunteers at the food bank.""",not_toxic
"""13. ""I'm sorry, I didn't mean to interrupt your presentation.""",not_toxic
"""14. ""I'm excited to start learning a new language this year.""",not_toxic
"""15. ""I'm frustrated with the slow internet today, any tips?""",not_toxic
"""16. ""I'm inspired by Greta Thunberg's climate activism.""",not_toxic
"""17. ""I'm confused about the recent changes to our company's dress code.""",not_toxic
"""18. ""I'm disappointed with the lack of parking spaces at the mall.""",not_toxic
"""19. ""I'm impressed by the intricate details of the new exhibit.""",not_toxic
"""20. ""I'm curious, how do you make your famous chocolate chip cookies?""",not_toxic
"""21. ""I'm sorry for not meeting the deadline, I'll have it done by tomorrow.""",not_toxic
"""22. ""I'm excited for the upcoming Christmas markets.""",not_toxic
"""23. ""I'm frustrated with the traffic congestion on my commute.""",not_toxic
"""24. ""I'm inspired by the resilience of the local community after the storm.""",not_toxic
"""25. ""I'm confused about the new software update, it's quite complex.""",not_toxic
"""26. ""I'm impressed by the diversity of food trucks at the festival.""",not_toxic
"""27. ""I'm sorry to hear about your car trouble, do you need a ride?""",not_toxic
"""28. ""I'm excited for the release of the new Harry Potter book.""",not_toxic
"""29. ""I'm frustrated with the lack of communication from management.""",not_toxic
"""30. ""I'm impressed by the quality of the local farmers market.""",not_toxic
"""31. ""I'm curious, what's your favorite book and why?""",not_toxic
"""32. ""I'm sorry, I didn't understand your last point, could you please repeat it?""",not_toxic
"""33. ""I'm excited for the upcoming election, let's hope for a positive change.""",not_toxic
"""34. ""I'm disappointed with the poor customer service I received.""",not_toxic
"""35. ""I'm impressed by the creativity of the street art in the city.""",not_toxic
"""36. ""I'm curious, how do you balance work and family life?""",not_toxic
"""37. ""I'm frustrated with the lack of progress in our meeting.""",not_toxic
"""38. ""I'm excited for the upcoming concert, let's go together!""",not_toxic
"""39. ""I'm sorry, I didn't catch your name earlier, could you please introduce yourself?""",not_toxic
"""40. ""I'm impressed by the beauty of the Northern Lights.""",not_toxic
"""41. ""I'm curious, what's your favorite movie and why?""",not_toxic
"""42. ""I'm disappointed with the lack of recycling facilities in the park.""",not_toxic
"""43. ""I'm frustrated with the noise from the construction site next door.""",not_toxic
"""44. ""I'm excited for the upcoming holiday, let's plan something fun!""",not_toxic
"""45. ""I'm impressed by the progress made in sustainable energy.""",not_toxic
"""46. ""I'm curious, how do you stay so organized all the time?""",not_toxic
"""47. ""I'm sorry, I didn't mean to offend you, that wasn't my intention.""",not_toxic
"""48. ""I'm excited for the upcoming book club meeting, let's discuss!""",not_toxic
"""49. ""I'm frustrated with the long lines at the DMV.""",not_toxic
"""50. ""I'm impressed by the diversity of cultures represented in our city.""",not_toxic
"""1. ""Breaking: NASA's Perseverance rover successfully lands on Mars.""",not_toxic
"""2. ""Can't wait to try that new coffee shop downtown, anyone been there?""",not_toxic
"""3. ""I'm struggling with this project, could someone help me understand this concept?""",not_toxic
"""4. ""Just discovered a new favorite podcast, 'Hardcore History'. It's amazing!""",not_toxic
"""5. ""Disappointing result in the election, but let's move forward and support our new leaders.""",not_toxic
"""6. ""Finally got around to reading 'To Kill a Mockingbird'. It's a masterpiece.""",not_toxic
"""7. ""Is anyone going to the art exhibit this weekend? I'd love to go with some company.""",not_toxic
"""8. ""Congratulations to our team on securing that big client!""",not_toxic
"""9. ""I'm curious, what do you think about the new Netflix series 'Squid Game'?""",not_toxic
"""10. ""Let's organize a company-wide charity event this year, who's in?""",not_toxic
"""11. ""Just heard some sad news about an old friend. Sending love and strength.""",not_toxic
"""12. ""I'm really struggling with this cold, any home remedy suggestions?""",not_toxic
"""13. ""The new iPhone looks incredible, can't wait to upgrade.""",not_toxic
"""14. ""I'm trying to learn a new language. Any tips for a beginner?""",not_toxic
"""15. ""The latest climate report is alarming. What can we do to help?""",not_toxic
"""16. ""Just saw 'Dune'. Loved it! What did you think?""",not_toxic
"""17. ""I'm so proud of my daughter for graduating top of her class.""",not_toxic
"""18. ""Let's start a book club at work, anyone interested?""",not_toxic
"""19. ""The new restaurant downtown has fantastic ratings. Let's check it out.""",not_toxic
"""20. ""I'm really sorry to hear about your loss. If you need anything, let me know.""",not_toxic
"""21. ""I'm frustrated with the traffic today. Anyone else feeling it?""",not_toxic
"""22. ""Just started a new fitness routine. Any workout buddies out there?""",not_toxic
"""23. ""The new bakery on Main Street has the most delicious pastries.""",not_toxic
"""24. ""I'm planning a surprise party for my best friend's birthday. Any ideas welcome!""",not_toxic
"""25. ""The latest game from Naughty Dog is a masterpiece. Anyone else played it?""",not_toxic
"""26. ""I'm really struggling with my mental health lately. If you've been through something similar, can you share your story?""",not_toxic
"""27. ""The new documentary on Netflix is eye-opening. It's a must-watch.""",not_toxic
"""28. ""I'm really excited about the upcoming conference. Who's going?""",not_toxic
"""29. ""I've been trying to cook more at home. Any easy recipes to recommend?""",not_toxic
"""30. ""The new album from Taylor Swift is fantastic. What's your favorite track?""",not_toxic
"""31. ""I'm really disappointed with the customer service I received today.""",not_toxic
"""32. ""Let's plan a team-building day out. Any suggestions for activities?""",not_toxic
"""33. ""I'm really enjoying this course on Coursera. It's teaching me so much.""",not_toxic
"""34. ""The latest Marvel movie was brilliant. I can't wait for the next one.""",not_toxic
"""35. ""I'm really struggling with motivation lately. Any advice welcome.""",not_toxic
"""36. ""The new exhibition at the museum is fascinating. You should check it out.""",not_toxic
"""37. ""I'm really proud of my son for making the school football team.""",not_toxic
"""38. ""I'm really frustrated with the lack of progress on this project. Let's brainstorm some solutions.""",not_toxic
"""39. ""The new animated movie is hilarious. I took my kids and we loved it.""",not_toxic
"""40. ""I'm really excited about the upcoming festival. Who's going with me?""",not_toxic
"""41. ""I'm really struggling with my finances lately. If anyone has any advice, please share.""",not_toxic
"""42. ""The new virtual reality game is amazing. It's like being in another world.""",not_toxic
"""43. ""I'm really disappointed with our team's performance today. Let's learn from this and improve.""",not_toxic
"""44. ""I'm really proud of myself for sticking to my New Year's resolutions so far.""",not_toxic
"""45. ""I'm really frustrated with the lack of communication in our team. Let's set up a weekly meeting to address this.""",not_toxic
"""46. ""The new season of 'The Great British Baking Show' is adorable. Who's your favorite baker?""",not_toxic
"""47. ""I'm really struggling with managing my time. Any productivity tips?""",not_toxic
"""48. ""The new theme park ride is thrilling. I went on it five times!""",not_toxic
"""49. ""I'm really sorry for snapping earlier. I'm just having a tough day.""",not_toxic
"""50. ""Let's start a gratitude journal at work. We could all use a little more positivity.""",not_toxic
"""1. ""NASA's Perseverance rover successfully lands on Mars, sending back stunning images.""",not_toxic
"""2. ""I can't wait to try that new bakery downtown, their pastries look delicious!""",not_toxic
"""3. ""Can someone explain to me how this new software update works?""",not_toxic
"""4. ""I'm so sorry to hear about your loss, please let me know if there's anything I can do.""",not_toxic
"""5. ""I'm loving this book, it's keeping me up at night, can't put it down!""",not_toxic
"""6. ""We're thrilled to announce our company's expansion into the Asian market.""",not_toxic
"""7. ""I'm curious, what's your take on the latest episode of that true crime podcast?""",not_toxic
"""8. ""I'm a bit frustrated with the lack of progress on this project, let's brainstorm some solutions.""",not_toxic
"""9. ""Congratulations on your promotion! You've truly earned it.""",not_toxic
"""10. ""I'm torn between two job offers, any advice would be greatly appreciated.""",not_toxic
"""11. ""The new art exhibit at the museum is breathtaking, I highly recommend it.""",not_toxic
"""12. ""I'm a bit confused by the latest regulations, could someone clarify them for me?""",not_toxic
"""13. ""I'm so excited to finally see my favorite band live tonight!""",not_toxic
"""14. ""I'm sorry if I seem distracted, I've had a long week.""",not_toxic
"""15. ""I'm really enjoying this debate, it's making me see things from a different perspective.""",not_toxic
"""16. ""The new coffee shop just opened, let's grab a cup after work.""",not_toxic
"""17. ""I'm struggling to find time for my hobbies lately, any tips?""",not_toxic
"""18. ""I'm impressed by how quickly you've mastered that new coding language.""",not_toxic
"""19. ""I'm a bit nervous about presenting my ideas at the meeting today.""",not_toxic
"""20. ""I'm so glad we could resolve that issue peacefully, it shows the power of open communication.""",not_toxic
"""21. ""I'm curious, what's your favorite dish at that new Italian restaurant?""",not_toxic
"""22. ""I'm a bit disappointed with the service at that restaurant, but the food was great.""",not_toxic
"""23. ""I'm looking forward to catching up with old friends at the reunion this weekend.""",not_toxic
"""24. ""I'm really proud of how our team worked together to meet that deadline.""",not_toxic
"""25. ""I'm a bit overwhelmed with work lately, could we reschedule our catch-up?""",not_toxic
"""26. ""I'm so inspired by the movements happening worldwide for climate change.""",not_toxic
"""27. ""I'm a bit confused by the latest episode of that TV show, did anyone else misunderstand it?""",not_toxic
"""28. ""I'm really enjoying learning a new language, it's challenging but rewarding.""",not_toxic
"""29. ""I'm a bit annoyed with the traffic today, it's making me late for my appointment.""",not_toxic
"""30. ""I'm so glad I took that spontaneous trip last weekend, it was just what I needed.""",not_toxic
"""31. ""I'm really impressed by the amount of detail you put into your work.""",not_toxic
"""32. ""I'm a bit weary of discussing politics at social events, it often leads to heated arguments.""",not_toxic
"""33. ""I'm so excited to start my new job on Monday, I can't wait to meet my team!""",not_toxic
"""34. ""I'm a bit frustrated with the lack of response from customer service.""",not_toxic
"""35. ""I'm really enjoying this documentary series, it's really opening my eyes to a new perspective.""",not_toxic
"""36. ""I'm a bit torn between two outfits for tonight's event, any suggestions?""",not_toxic
"""37. ""I'm so grateful for the support of my family and friends during this challenging time.""",not_toxic
"""38. ""I'm a bit concerned about the environmental impact of the new development project.""",not_toxic
"""39. ""I'm really excited to start a new book club with some friends, any recommendations?""",not_toxic
"""40. ""I'm a bit unsure about the direction of the company's new marketing strategy.""",not_toxic
"""41. ""I'm so impressed by the dedication of the volunteers at the community center.""",not_toxic
"""42. ""I'm a bit annoyed with the constant interruptions during our meeting today.""",not_toxic
"""43. ""I'm really enjoying this new fitness routine, it's making me feel so much better.""",not_toxic
"""44. ""I'm a bit worried about the upcoming election, I hope for a peaceful outcome.""",not_toxic
"""45. ""I'm so inspired by the creativity of the local artists at the market today.""",not_toxic
"""46. ""I'm a bit confused about the new dress code policy, could someone clarify it for me?""",not_toxic
"""47. ""I'm really enjoying this podcast series, it's making me laugh out loud on my commute.""",not_toxic
"""48. ""I'm a bit disappointed with the weather today, it's ruining my outdoor plans.""",not_toxic
"""49. ""I'm so grateful for the opportunity to learn from such experienced colleagues.""",not_toxic
"""50. ""I'm a bit torn between two design ideas, any input would be greatly appreciated.""",not_toxic
"""1. ""Breaking: NASA's Perseverance rover successfully lands on Mars.""",not_toxic
"""2. ""I'm so excited to try out this new recipe I found!""",not_toxic
"""3. ""Did you hear about the upcoming book club meeting?""",not_toxic
"""4. ""I'm feeling a bit overwhelmed today, is anyone else having a tough week?""",not_toxic
"""5. ""Let's debate: which is better, cats or dogs?""",not_toxic
"""6. ""I'm sorry, I didn't quite catch that. Could you please repeat it?""",not_toxic
"""7. ""Wow, this weather is absolutely gorgeous today, isn't it?""",not_toxic
"""8. ""I'm really looking forward to our team's presentation tomorrow.""",not_toxic
"""9. ""I'm not sure I agree with that stance, but I'd love to hear your reasoning.""",not_toxic
"""10. ""I missed you at the party last night, what did you get up to?""",not_toxic
"""11. ""Let's discuss this further offline, I think we could both benefit from a deeper conversation.""",not_toxic
"""12. ""Congratulations on your promotion, you've really earned it!""",not_toxic
"""13. ""I'm curious, what do you think about the new movie that just came out?""",not_toxic
"""14. ""I'm feeling a bit under the weather today, I might take it easy.""",not_toxic
"""15. ""Let's make a pact to always respect each other's viewpoints, even if we disagree.""",not_toxic
"""16. ""I'm so glad we could catch up, I've missed our talks.""",not_toxic
"""17. ""I'm really struggling with this task, do you have any advice?""",not_toxic
"""18. ""I'm excited to announce that our project has been greenlit!""",not_toxic
"""19. ""I'm feeling a bit disappointed with the game's outcome, but I had fun playing.""",not_toxic
"""20. ""I'm impressed by how much you know about this topic, you should consider teaching it!""",not_toxic
"""21. ""I'm not sure I understand the new regulations. Could someone explain them to me?""",not_toxic
"""22. ""I'm really enjoying this podcast, it's making me see things from a different perspective.""",not_toxic
"""23. ""I'm a bit frustrated with the traffic today, but it's just one of those things, right?""",not_toxic
"""24. ""Let's brainstorm some ideas for our next big event.""",not_toxic
"""25. ""I'm proud of you for sticking to your fitness goals this month.""",not_toxic
"""26. ""I'm not comfortable with that idea, but I appreciate you considering my input.""",not_toxic
"""27. ""I'm really impressed by the artwork at this exhibition, it's stunning.""",not_toxic
"""28. ""I'm feeling a bit bored today, anyone have any suggestions for something fun to do?""",not_toxic
"""29. ""I'm excited to see our team in action at the upcoming tournament.""",not_toxic
"""30. ""I'm not sure I agree with the critic's review of the play, what did you think?""",not_toxic
"""31. ""I'm really looking forward to our family reunion this weekend.""",not_toxic
"""32. ""I'm feeling a bit anxious about my upcoming interview, any tips?""",not_toxic
"""33. ""Let's discuss ways to improve our workflow in the next team meeting.""",not_toxic
"""34. ""I'm so happy to hear that you're feeling better, take care of yourself!""",not_toxic
"""35. ""I'm really enjoying this new series on Netflix, have you watched it?""",not_toxic
"""36. ""I'm not sure I have the skills for this task, but I'll give it my best shot.""",not_toxic
"""37. ""I'm really impressed by the progress our team has made this quarter.""",not_toxic
"""38. ""I'm feeling a bit tired today, I might take it easy and go to bed early.""",not_toxic
"""39. ""Let's make a plan to tackle this project step by step.""",not_toxic
"""40. ""I'm really excited about the upcoming festival, what are you looking forward to?""",not_toxic
"""41. ""I'm not comfortable with the amount of workload lately, can we discuss it?""",not_toxic
"""42. ""I'm really enjoying learning a new language, it's a great challenge.""",not_toxic
"""43. ""I'm feeling a bit sad today, but I know it's just a temporary mood.""",not_toxic
"""44. ""Let's set some goals for the new year and work towards them together.""",not_toxic
"""45. ""I'm not sure I understand the new policy, could someone explain it to me?""",not_toxic
"""46. ""I'm really impressed by the creativity in this design competition.""",not_toxic
"""47. ""I'm feeling a bit hungry, anyone want to grab lunch together?""",not_toxic
"""48. ""Let's find a compromise that works for everyone in this situation.""",not_toxic
"""49. ""I'm really excited about the upcoming election, I hope for a positive change.""",not_toxic
"""50. ""I'm feeling a bit lost today, if anyone has any words of wisdom, I'd appreciate it.""",not_toxic
"""Breaking: NASA's Perseverance rover successfully lands on Mars.""",not_toxic
"""Excited for the new book by my favorite author, can't wait to dive in!""",not_toxic
"""Disappointed by the cancellation of tonight's concert, but safety first.""",not_toxic
"""Curious about trying out that new vegan café downtown.""",not_toxic
"""Empathize with those affected by the recent wildfires, let's support relief efforts.""",not_toxic
"""I respectfully disagree with the new company policy, let's discuss further.""",not_toxic
"""Frustrated with my slow internet today, guess it's time for a reboot.""",not_toxic
"""Thrilled to hear about my friend's promotion, well-deserved!""",not_toxic
"""Heard about the new art exhibit at the museum, might check it out this weekend.""",not_toxic
"""Empowered by the stories of women in history being highlighted this month.""",not_toxic
"""Sad to see my favorite coffee shop closing, but I wish the owners all the best.""",not_toxic
"""I'm really enjoying learning Python, it's challenging but rewarding.""",not_toxic
"""Concerned about the rising cost of public transportation, let's discuss.""",not_toxic
"""Inspired by the latest TED Talk, let's brainstorm some innovative ideas.""",not_toxic
"""Impressed by the local school's recycling initiative, hope it spreads.""",not_toxic
"""Disappointed with the movie's ending, but overall, it was a great watch.""",not_toxic
"""Excited to volunteer at the community garden this Saturday.""",not_toxic
"""Curious about trying out that new workout class, any recommendations?""",not_toxic
"""Empathize with those struggling with mental health, let's break the stigma.""",not_toxic
"""Frustrated with the long lines at the DMV, but at least I got some reading done.""",not_toxic
"""Thrilled to finally finish my home renovation project, it was a long journey.""",not_toxic
"""Heard about the new farmer's market, can't wait to try some local produce.""",not_toxic
"""Empowered by the recent march for climate change, let's keep pushing for action.""",not_toxic
"""Sad to hear about the local bookstore closing, but I'll support them online.""",not_toxic
"""I'm really into puzzle games lately, any recommendations?""",not_toxic
"""Concerned about the lack of affordable housing in the city.""",not_toxic
"""Inspired by the local marching band's performance at the parade.""",not_toxic
"""Impressed by the new coffee shop's commitment to sustainability.""",not_toxic
"""Disappointed with the match result, but proud of our team's effort.""",not_toxic
"""Excited to start my new job tomorrow, wish me luck!""",not_toxic
"""Curious about learning more about astrology, any good books to start with?""",not_toxic
"""Empathize with those affected by the recent floods, let's donate if we can.""",not_toxic
"""Frustrated with the traffic today, but at least I discovered a new podcast.""",not_toxic
"""Thrilled to finally see my favorite band live after all these years.""",not_toxic
"""Heard about the new bakery opening, can't wait to try their pastries.""",not_toxic
"""Empowered by the recent legislation promoting equal rights.""",not_toxic
"""Sad to see my favorite childhood toy store closing, but it's been a great run.""",not_toxic
"""I'm really into true crime podcasts lately, any recommendations?""",not_toxic
"""Concerned about the recent data privacy issues, let's be more mindful online.""",not_toxic
"""Inspired by the local community center's after-school programs.""",not_toxic
"""Impressed by the new restaurant's unique take on traditional cuisine.""",not_toxic
"""Disappointed with the quality of the latest superhero movie, but the action was great.""",not_toxic
"""Excited to finally start my garden this spring, any tips welcome!""",not_toxic
"""Curious about learning a new language, any recommendations for beginners?""",not_toxic
"""Empathize with those struggling with financial difficulties, let's support local charities.""",not_toxic
"""Frustrated with the lack of available parking spaces downtown.""",not_toxic
"""Thrilled to see my local sports team win their championship.""",not_toxic
"""Heard about the new rooftop bar, can't wait to check it out with friends.""",not_toxic
"""Empowered by the recent protests against police brutality, let's keep pushing for reform.""",not_toxic
"""Sad to see my favorite local sports team lose, but there's always next season.""",not_toxic
"""1. ""NASA's Perseverance rover successfully lands on Mars, begins exploring.""",not_toxic
"""2. ""I'm so excited to try out this new recipe I found online.""",not_toxic
"""3. ""Could someone please explain the new tax guidelines to me?""",not_toxic
"""4. ""I'm sorry to hear about your loss. Is there anything I can do to help?""",not_toxic
"""5. ""I'm curious, what's your favorite book and why?""",not_toxic
"""6. ""The company's new software update is causing some issues, let's troubleshoot.""",not_toxic
"""7. ""I'm disappointed with the lack of response from our local council.""",not_toxic
"""8. ""Let's debate this topic, I'm eager to hear your perspective.""",not_toxic
"""9. ""I'm having trouble understanding this report, could you help break it down?""",not_toxic
"""10. ""I'm thrilled to announce I've been accepted into my dream university!""",not_toxic
"""11. ""I'm feeling quite frustrated with the traffic today, aren't you?""",not_toxic
"""12. ""Let's collaborate on this project, I think our skills complement each other well.""",not_toxic
"""13. ""I'm really impressed by your dedication to this task.""",not_toxic
"""14. ""I'm sorry I snapped earlier, I was just stressed out.""",not_toxic
"""15. ""I'm struggling to make ends meet this month, any budgeting tips?""",not_toxic
"""16. ""I'm confused by the mixed signals I'm getting from my partner.""",not_toxic
"""17. ""Let's go for a hike this weekend, it's been ages since we explored nature.""",not_toxic
"""18. ""I'm excited to see the new Avengers movie this Friday.""",not_toxic
"""19. ""I'm worried about the environment, what can we do to make a difference?""",not_toxic
"""20. ""I'm having trouble unwinding after work, any relaxation techniques?""",not_toxic
"""21. ""I'm proud of my child for standing up for themselves today.""",not_toxic
"""22. ""I'm not sure I agree with that interpretation of the data, let's discuss.""",not_toxic
"""23. ""I'm thrilled to be volunteering at the local animal shelter this week.""",not_toxic
"""24. ""I'm feeling a bit overwhelmed with my workload, can we redistribute some tasks?""",not_toxic
"""25. ""I'm really enjoying this podcast, have you listened to it?""",not_toxic
"""26. ""I'm disappointed with the service at that restaurant, I won't be returning.""",not_toxic
"""27. ""I'm confused about the new company policy, can someone explain it?""",not_toxic
"""28. ""I'm excited to start my new job next week, any advice?""",not_toxic
"""29. ""I'm struggling with my addiction, I need support and understanding.""",not_toxic
"""30. ""I'm really impressed by your negotiating skills, could you teach me?""",not_toxic
"""31. ""I'm curious, what's the story behind that painting?""",not_toxic
"""32. ""I'm feeling quite anxious about my upcoming presentation.""",not_toxic
"""33. ""I'm not sure I understand this contract, could you simplify it for me?""",not_toxic
"""34. ""I'm really excited about the upcoming election, I've registered to vote.""",not_toxic
"""35. ""I'm frustrated with my internet connection, it keeps dropping.""",not_toxic
"""36. ""I'm eager to learn more about your culture, could you tell me about it?""",not_toxic
"""37. ""I'm not convinced that's the best solution, let's explore other options.""",not_toxic
"""38. ""I'm proud of myself for sticking to my fitness routine this month.""",not_toxic
"""39. ""I'm confused about the new dating app, how does it work?""",not_toxic
"""40. ""I'm really impressed by your leadership skills, have you considered management?""",not_toxic
"""41. ""I'm feeling quite happy today, the sun is shining and I've got good news.""",not_toxic
"""42. ""I'm having trouble focusing on my work, any productivity tips?""",not_toxic
"""43. ""I'm not sure I'm ready to commit to this relationship, I need time to think.""",not_toxic
"""44. ""I'm really excited about the upcoming festival, let's plan our outfits!""",not_toxic
"""45. ""I'm feeling quite stressed lately, I need to take some time for self-care.""",not_toxic
"""46. ""I'm not convinced that's the best course of action, let's weigh the pros and cons.""",not_toxic
"""47. ""I'm really impressed by your dedication to your craft, keep up the good work!""",not_toxic
"""48. ""I'm confused about the new health guidelines, can someone clarify them for me?""",not_toxic
"""49. ""I'm really excited to start my garden this year, any planting tips?""",not_toxic
"""50. ""I'm feeling quite tired today, I think I need an early night.""",not_toxic
"""Breaking: NASA's Perseverance rover successfully lands on Mars.""",not_toxic
"""Just tried the new vegan café downtown, loved it!""",not_toxic
"""Can't wait to see the new Marvel movie this weekend!""",not_toxic
"""Politifact rates that claim as 'False.' Here's why...""",not_toxic
"""Did you see the stunning sunset last night?""",not_toxic
"""Let's catch up over coffee sometime, it's been ages!""",not_toxic
"""Congrats on the promotion, well deserved!""",not_toxic
"""Any recommendations for a good book to read this month?""",not_toxic
"""Disappointing result, but we'll get 'em next time, team!""",not_toxic
"""Thoughtful debate, but I see things differently. Let's agree to disagree.""",not_toxic
"""Volunteering at the local shelter today was incredibly rewarding.""",not_toxic
"""Just started learning Python, it's tough but I'm enjoying it.""",not_toxic
"""Finally finished that project, feels great to tick it off the list!""",not_toxic
"""Any tips on how to grow these tomatoes? Mine aren't doing so well.""",not_toxic
"""Inspiring speech by the CEO today, really motivating the team.""",not_toxic
"""Can't believe it's already Friday, this week flew by!""",not_toxic
"""Just donated to the charity drive, every little helps.""",not_toxic
"""Any news on the upcoming election? I'm curious about the candidates' stances.""",not_toxic
"""Let's grab lunch together next week, my treat!""",not_toxic
"""Sad to hear about the flooding in the city. Let's hope everyone's safe.""",not_toxic
"""Just tried out that new workout class, loved it! You should join me next time.""",not_toxic
"""Wow, the new iPhone looks amazing. Can't wait to upgrade.""",not_toxic
"""Let's discuss this calmly. I see things from your perspective and vice versa.""",not_toxic
"""Any suggestions for a good movie night? I'm in the mood for a classic.""",not_toxic
"""Happy to help with that report. Let's tackle it together.""",not_toxic
"""Just tried making homemade pasta for the first time, it was a hit!""",not_toxic
"""Intriguing new discovery in quantum physics, could change everything.""",not_toxic
"""Any tips on how to handle stress better? I've been feeling a bit overwhelmed.""",not_toxic
"""Finally nailed that difficult recipe. Celebrating with a home-cooked meal tonight!""",not_toxic
"""Just adopted a rescue dog, can't wait to share photos of him.""",not_toxic
"""Inspiring to see the local community coming together for the park cleanup.""",not_toxic
"""Any advise on how to approach this complex issue at work?""",not_toxic
"""Excited to see my favorite band in concert next month.""",not_toxic
"""Let's brainstorm some ideas for the project. All suggestions welcome!""",not_toxic
"""Just started a new job, loving the team and the work so far.""",not_toxic
"""Any recommendations for a good podcast to listen to while commuting?""",not_toxic
"""Frustrating traffic today, but at least it's Friday.""",not_toxic
"""Just started painting, finding it really therapeutic.""",not_toxic
"""Let's discuss this privately, I think it's best for both of us.""",not_toxic
"""Any thoughts on the new education policy? I'd love to hear your opinion.""",not_toxic
"""Just started learning Spanish, it's challenging but fun!""",not_toxic
"""Let's work together to find a solution that suits everyone.""",not_toxic
"""Discovered a new hiking trail today, breathtaking views.""",not_toxic
"""Just tried out meditation, felt really calm afterwards.""",not_toxic
"""Intriguing new exhibit at the art gallery, can't wait to visit.""",not_toxic
"""Any tips on how to improve my public speaking skills?""",not_toxic
"""Let's connect later, I'm in the middle of something right now.""",not_toxic
"""Just planted some herbs in the garden, fingers crossed they grow well.""",not_toxic
"""Any book recommendations for my commute? I'm open to any genre.""",not_toxic
"""Let's keep this conversation respectful, even if we disagree.""",not_toxic
"""1. ""Breaking: NASA's Perseverance rover successfully lands on Mars.""",not_toxic
"""2. ""Can't wait for the weekend! Any recommendations for a good hiking trail nearby?""",not_toxic
"""3. ""I'm sorry to hear about your loss, let me know if there's anything I can do to help.""",not_toxic
"""4. ""The new coffee shop downtown is amazing, you should check it out!""",not_toxic
"""5. ""I respectfully disagree with your viewpoint. Could we explore the topic further?""",not_toxic
"""6. ""Wow, I never knew that about our company's history, thanks for sharing!""",not_toxic
"""7. ""I'm feeling a bit overwhelmed today, just needed someone to vent to.""",not_toxic
"""8. ""Congratulations on your promotion! You've earned it.""",not_toxic
"""9. ""Have you tried the new vegan restaurant on Main Street? I hear it's fantastic.""",not_toxic
"""10. ""I'm curious, what led you to that conclusion?""",not_toxic
"""11. ""Thanks for your patience, we're working as fast as we can to resolve this issue.""",not_toxic
"""12. ""That's an interesting interpretation. Let's see if we can find some common ground.""",not_toxic
"""13. ""Just discovered an amazing new podcast, anyone else listen to it?""",not_toxic
"""14. ""I'm sorry if my comment came across as harsh, that wasn't my intention.""",not_toxic
"""15. ""That's a great idea! Let's explore that option further.""",not_toxic
"""16. ""I'm really looking forward to our team-building event this afternoon.""",not_toxic
"""17. ""Could you please clarify that point in the report? I want to ensure I understand it correctly.""",not_toxic
"""18. ""I'm so proud of our team's accomplishment this quarter.""",not_toxic
"""19. ""I wish I could come to your birthday party, but I have a prior commitment. Let's catch up soon though!""",not_toxic
"""20. ""I'm really struggling with this task, could you provide some guidance?""",not_toxic
"""21. ""The new book by my favorite author is out today, can't wait to dive in!""",not_toxic
"""22. ""I'm really disappointed with the customer service I received. How can this be improved?""",not_toxic
"""23. ""That's a bold claim. Can you provide some evidence to support it?""",not_toxic
"""24. ""I'm so glad we got to connect at the conference last week.""",not_toxic
"""25. ""I'm feeling a bit under the weather today, just need some rest.""",not_toxic
"""26. ""I'm really excited about the upcoming project. Let's make something amazing!""",not_toxic
"""27. ""I'm sorry for interrupting, please continue with what you were saying.""",not_toxic
"""28. ""That's a really creative solution. Let's see if we can implement it.""",not_toxic
"""29. ""I'm really enjoying this documentary, have you seen it?""",not_toxic
"""30. ""I'm feeling a bit frustrated with this situation. How can we move forward?""",not_toxic
"""31. ""That's a great question. Let's explore that together.""",not_toxic
"""32. ""I'm so impressed by your dedication to this project.""",not_toxic
"""33. ""I'm really looking forward to this year's charity event. Let's make a difference together!""",not_toxic
"""34. ""I'm sorry if I offended you, that wasn't my intention.""",not_toxic
"""35. ""I'm really struggling with my workload. Could we discuss redistributing some tasks?""",not_toxic
"""36. ""I'm so excited about the new product launch next month.""",not_toxic
"""37. ""I'm really disappointed with the outcome of the game last night.""",not_toxic
"""38. ""I'm curious, what motivated you to start your own business?""",not_toxic
"""39. ""I'm sorry to hear about your car trouble. Do you need a ride somewhere?""",not_toxic
"""40. ""I'm really loving this new album, have you listened to it?""",not_toxic
"""41. ""I'm feeling a bit confused about the new policy. Could you explain it to me?""",not_toxic
"""42. ""That's a really well-thought-out argument. Let's build on that.""",not_toxic
"""43. ""I'm really impressed by your language skills. Where did you learn [language]?""",not_toxic
"""44. ""I'm so happy to hear that you're doing better now.""",not_toxic
"""45. ""I'm really enjoying this class so far. What do you think about it?""",not_toxic
"""46. ""I'm feeling a bit stressed out lately. Just needed to vent.""",not_toxic
"""47. ""I'm really excited about the upcoming election. Let's make our voices heard!""",not_toxic
"""48. ""I'm sorry if my email came across as rude. That wasn't my intention.""",not_toxic
"""49. ""I'm really proud of myself for sticking to my fitness goals this month.""",not_toxic
"""50. ""I'm really looking forward to seeing you at the reunion next weekend.""",not_toxic
"""1. ""Breaking: NASA's Perseverance rover successfully lands on Mars.""",not_toxic
"""2. ""I'm so excited for the new season of 'Stranger Things'!""",not_toxic
"""3. ""Let's discuss the latest climate report in our next team meeting.""",not_toxic
"""4. ""I'm sorry to hear about your loss. If you need someone to talk to, I'm here.""",not_toxic
"""5. ""I've been trying to learn a new language. Any tips, anyone?""",not_toxic
"""6. ""I'm curious, what do you think about the new company policy?""",not_toxic
"""7. ""Wow, that's a impressive score! Keep up the great work!""",not_toxic
"""8. ""I'm a bit frustrated with the traffic today. How about you?""",not_toxic
"""9. ""Have you watched 'Parasite' yet? It's a game-changer!""",not_toxic
"""10. ""I'm really enjoying the new book by my favorite author.""",not_toxic
"""11. ""Let's set up a virtual coffee break to catch up.""",not_toxic
"""12. ""I'm struggling with this task. Could someone guide me through it?""",not_toxic
"""13. ""I disagree with that approach, but let's hear other perspectives first.""",not_toxic
"""14. ""I've been wanting to try that new vegan restaurant downtown.""",not_toxic
"""15. ""I'm thrilled to announce I've been accepted into the university!""",not_toxic
"""16. ""Let's plan a weekend getaway together soon.""",not_toxic
"""17. ""I'm concerned about the recent protests. What are your thoughts?""",not_toxic
"""18. ""I'm glad we could resolve that issue peacefully.""",not_toxic
"""19. ""I'm loving this new song. Have you heard it?""",not_toxic
"""20. ""I'm not too fond of spicy food. Anyone else?""",not_toxic
"""21. ""Let's debate the best Marvel movie. I say 'Avengers: Endgame'.""",not_toxic
"""22. ""I'm feeling a bit overwhelmed today. Just needed to vent.""",not_toxic
"""23. ""I'm excited to start my new job on Monday!""",not_toxic
"""24. ""I'm not a big fan of horror movies. Any recommendations for light-hearted ones?""",not_toxic
"""25. ""Let's organize a charity event this year. Any ideas?""",not_toxic
"""26. ""I'm curious, what's your favorite childhood memory?""",not_toxic
"""27. ""I'm disappointed with the results of the game last night.""",not_toxic
"""28. ""I'm really looking forward to the upcoming concert.""",not_toxic
"""29. ""I'm not sure I understand this concept. Could you explain it again?""",not_toxic
"""30. ""I'm proud of myself for sticking to my fitness routine this week.""",not_toxic
"""31. ""I'm a bit lost with this DIY project. Any tips?""",not_toxic
"""32. ""I'm glad we could work together on this project.""",not_toxic
"""33. ""I'm excited to see the cherry blossoms this season.""",not_toxic
"""34. ""I'm not convinced that's the best solution. Let's explore other options.""",not_toxic
"""35. ""I've been trying to cut down on my screen time. Any suggestions?""",not_toxic
"""36. ""I'm really impressed by her public speaking skills.""",not_toxic
"""37. ""I'm a bit frustrated with the lack of response on this issue.""",not_toxic
"""38. ""I'm excited to start my first garden this summer.""",not_toxic
"""39. ""I'm not sure I agree with that interpretation of the data.""",not_toxic
"""40. ""I'm really enjoying the podcasts I've been listening to lately.""",not_toxic
"""41. ""I'm not a big fan of public speaking, but I'm working on it.""",not_toxic
"""42. ""I'm curious, what's your favorite movie quote?""",not_toxic
"""43. ""I'm disappointed with the customer service I received.""",not_toxic
"""44. ""I'm excited to see the new 'Doctor Who' series.""",not_toxic
"""45. ""I'm not convinced that's the most efficient way to do it.""",not_toxic
"""46. ""I'm really impressed by the progress in the project.""",not_toxic
"""47. ""I'm a bit frustrated with the slow internet today.""",not_toxic
"""48. ""I'm glad we could resolve that misunderstanding.""",not_toxic
"""49. ""I'm excited to try out the new recipe I found.""",not_toxic
"""50. ""I'm not sure I understand the rules of this game. Could someone explain?""",not_toxic
"""1. ""Breaking News: NASA's Perseverance rover successfully lands on Mars.""",not_toxic
"""2. ""I'm so excited to start my new job at Google next week!""",not_toxic
"""3. ""Can someone recommend a good book to read this weekend?""",not_toxic
"""4. ""I'm sorry to hear about your loss. If there's anything I can do, just let me know.""",not_toxic
"""5. ""I'm a bit frustrated with the traffic today. How about you?""",not_toxic
"""6. ""The new iPhone was just announced. I can't wait to upgrade!""",not_toxic
"""7. ""Let's discuss our project's timeline over coffee tomorrow, okay?""",not_toxic
"""8. ""I'm curious, what do you think about the new climate change policy?""",not_toxic
"""9. ""Wow, that was an amazing performance at the theater last night!""",not_toxic
"""10. ""I'm struggling with this math problem. Can someone help me out?""",not_toxic
"""11. ""I'm really enjoying learning Spanish. ¿Cómo estás?""",not_toxic
"""12. ""I disagree with the new company policy, but I respect the management's decision.""",not_toxic
"""13. ""The new Star Wars movie was a bit of a letdown, wasn't it?""",not_toxic
"""14. ""I'm glad we could resolve that issue peacefully.""",not_toxic
"""15. ""I'm looking forward to the upcoming holiday. Any plans?""",not_toxic
"""16. ""That's a great point. It never occurred to me to look at it that way.""",not_toxic
"""17. ""I'm really feeling the burn after that intense workout today!""",not_toxic
"""18. ""I'm so proud of my daughter for winning first place in the science fair!""",not_toxic
"""19. ""I'm not sure I understand this report. Can someone explain it to me?""",not_toxic
"""20. ""I'm really excited about the launch of my new business this month!""",not_toxic
"""21. ""I'm disappointed with the customer service I received today.""",not_toxic
"""22. ""I'm impressed by how well you handled that difficult client.""",not_toxic
"""23. ""I'm in the mood for Italian food. Anyone want to join me for dinner?""",not_toxic
"""24. ""I'm concerned about the recent earthquake. Let's stay safe, everyone.""",not_toxic
"""25. ""I'm really enjoying this podcast. Have you listened to it?""",not_toxic
"""26. ""I'm not too fond of the new office design, but I understand the need for change.""",not_toxic
"""27. ""I'm feeling really inspired after attending that art exhibition.""",not_toxic
"""28. ""I'm looking forward to watching the new season of Stranger Things.""",not_toxic
"""29. ""I'm a bit confused by the latest changes in the project scope.""",not_toxic
"""30. ""I'm really impressed by the progress our team has made this quarter.""",not_toxic
"""31. ""I'm feeling quite adventurous today. Let's try that new hiking trail!""",not_toxic
"""32. ""I'm not sure I agree with the referee's decision, but that's football for you.""",not_toxic
"""33. ""I'm really excited about trying out this new recipe tonight.""",not_toxic
"""34. ""I'm not too happy with the weather today, but at least it's not raining!""",not_toxic
"""35. ""I'm glad we could finally meet in person after all these virtual meetings.""",not_toxic
"""36. ""I'm really enjoying this documentary about space exploration.""",not_toxic
"""37. ""I'm not feeling my best today, but I'll push through and take it easy.""",not_toxic
"""38. ""I'm really looking forward to attending that concert next month.""",not_toxic
"""39. ""I'm a bit torn between these two options. Any advice?""",not_toxic
"""40. ""I'm really enjoying learning how to play the guitar.""",not_toxic
"""41. ""I'm not too pleased with the results of the election, but let's hope for the best.""",not_toxic
"""42. ""I'm feeling really energized after that yoga class.""",not_toxic
"""43. ""I'm really excited about the upcoming product launch next week.""",not_toxic
"""44. ""I'm not too fond of public speaking, but I'll give it my best shot.""",not_toxic
"""45. ""I'm really impressed by the creativity in this year's fashion show.""",not_toxic
"""46. ""I'm feeling quite nostalgic today, reminiscing about old times.""",not_toxic
"""47. ""I'm really looking forward to the holidays. How about you?""",not_toxic
"""48. ""I'm not too happy with the performance of our local sports team lately.""",not_toxic
"""49. ""I'm really enjoying this mystery novel. I can't wait to find out whodunit!""",not_toxic
"""50. ""I'm feeling a bit overwhelmed with work today. Anyone else feeling the pressure?""",not_toxic
"""Breaking: Scientists Discover New Exoplanet in Habitable Zone""",not_toxic
"""Just tried the new local café, their coffee is amazing!""",not_toxic
"""I'm curious, what do you think about the latest film?""",not_toxic
"""Did you hear about the upcoming museum exhibit? I'd love to go together.""",not_toxic
"""The team's performance today was outstanding, well done everyone!""",not_toxic
"""I'm sorry to hear about your day, how can I help?""",not_toxic
"""Let's debate this, I'd love to hear your perspective.""",not_toxic
"""I'm a bit frustrated with the traffic today, anyone else?""",not_toxic
"""Congratulations on your promotion, you've earned it!""",not_toxic
"""Have you read 'The Night Circus'? I'd love to discuss it.""",not_toxic
"""I'm excited to start our new project, let's make it great!""",not_toxic
"""Let's not argue about this, we can agree to disagree.""",not_toxic
"""I'm impressed by your presentation, you've done a fantastic job.""",not_toxic
"""I'm sorry for the delay, I'll make sure it doesn't happen again.""",not_toxic
"""Let's celebrate our anniversary with a quiet dinner at home.""",not_toxic
"""I'm looking forward to our hiking trip this weekend!""",not_toxic
"""Thanks for explaining that, I finally understand it now.""",not_toxic
"""Let's create a poll to decide on the next team-building activity.""",not_toxic
"""I'm disappointed with the product's quality, I'll provide feedback.""",not_toxic
"""Let's brainstorm some ideas for our next event.""",not_toxic
"""I'm proud of our team for achieving this milestone.""",not_toxic
"""I'm surprised by the election results, let's discuss the implications.""",not_toxic
"""Let's collaborate on this project, I think we'll make a great team.""",not_toxic
"""I'm impressed by how far you've come, keep up the good work!""",not_toxic
"""Let's not forget to submit our reports by the deadline.""",not_toxic
"""I'm excited to try out this new recipe tonight.""",not_toxic
"""Congratulations on your graduation, what's next for you?""",not_toxic
"""I'm concerned about the environment, let's find ways to reduce waste.""",not_toxic
"""Let's not make assumptions, let's hear the facts first.""",not_toxic
"""I'm starving, let's grab some food after work.""",not_toxic
"""Let's not dwell on the past, let's focus on the future.""",not_toxic
"""I'm impressed by your tenacity, you never give up.""",not_toxic
"""Let's not be late for the meeting, punctuality is key.""",not_toxic
"""I'm inspired by your kindness, it makes a difference.""",not_toxic
"""Let's not forget to appreciate the little things in life.""",not_toxic
"""I'm frustrated with this software, let's find a solution.""",not_toxic
"""Let's not judge others until we've walked a mile in their shoes.""",not_toxic
"""I'm excited to attend the concert tonight, are you coming?""",not_toxic
"""Let's not overthink this, let's just do it.""",not_toxic
"""I'm disappointed with the customer service, I'll speak to the manager.""",not_toxic
"""Let's not forget to thank the team for their hard work.""",not_toxic
"""I'm impressed by the tech innovations presented today.""",not_toxic
"""Let's not let this setback discourage us, let's keep moving forward.""",not_toxic
"""1. ""Breaking: NASA's Perseverance rover successfully lands on Mars.""",not_toxic
"""2. ""Can't wait to try out that new restaurant downtown. Anyone been there?""",not_toxic
"""3. ""I'm struggling with this report. Does anyone have tips on data analysis?""",not_toxic
"""4. ""Just adopted a rescue dog. He's already bringing so much joy into our home.""",not_toxic
"""5. ""Let's discuss climate change at our next meeting. It's crucial for our business's future.""",not_toxic
"""6. ""I'm curious, what's everyone's favorite book from 2021 so far?""",not_toxic
"""7. ""I'm feeling a bit overwhelmed today. If you have a moment, could we chat?""",not_toxic
"""8. ""I disagree with your interpretation of the data, but let's keep an open mind. What if we approach it this way?""",not_toxic
"""9. ""Finally got my COVID-19 vaccine today. Feeling relieved and grateful.""",not_toxic
"""10. ""Saw a beautiful sunset last night. What's the most memorable sunset you've ever seen?""",not_toxic
"""11. ""I'm excited to join the volunteer team this weekend. Anyone else going?""",not_toxic
"""12. ""I'm having trouble with this app. Any suggestions, tech-savvy friends?""",not_toxic
"""13. ""Let's not forget to appreciate the small victories. I celebrated mine with a cup of coffee today.""",not_toxic
"""14. ""Just discovered a new podcast. 'Hardcore History' is fascinating so far.""",not_toxic
"""15. ""I'm disappointed with the new product launch. Let's brainstorm ways to improve it.""",not_toxic
"""16. ""I'm learning Python. Any resource recommendations for beginners?""",not_toxic
"""17. ""Let's not let this minor setback discourage us. We'll find a solution together.""",not_toxic
"""18. ""I'm really enjoying 'The Mandalorian'. What other shows are you watching?""",not_toxic
"""19. ""I'm not sure I understand this concept. Could you explain it again, please?""",not_toxic
"""20. ""I'm thrilled to announce I've been accepted to grad school!""",not_toxic
"""21. ""I'm feeling creative today. Anyone want to join me for a paint and sip session?""",not_toxic
"""22. ""I'm concerned about the latest political developments. Let's stay informed together.""",not_toxic
"""23. ""I'm a bit lost with this new software. Can someone guide me through it?""",not_toxic
"""24. ""I'm excited to try out these new eco-friendly products. Have you made any sustainable switches?""",not_toxic
"""25. ""I'm not convinced by the latest marketing strategy. Let's consider other options.""",not_toxic
"""26. ""I'm curious about your thoughts on remote work. Has it been effective for you?""",not_toxic
"""27. ""I'm feeling adventurous. Who's up for a spontaneous hike this weekend?""",not_toxic
"""28. ""I'm a bit frustrated with the slow internet today. Anyone else having issues?""",not_toxic
"""29. ""I'm loving the new album by Glass Animals. What music have you been enjoying?""",not_toxic
"""30. ""I'm disappointed in the lack of diversity in this year's Oscar nominations.""",not_toxic
"""31. ""I'm interested in learning more about mental health. Any book recommendations?""",not_toxic
"""32. ""I'm struggling with work-life balance. Any tips from working parents?""",not_toxic
"""33. ""I'm excited to see the new Marvel movie. Who's planning to watch it with me?""",not_toxic
"""34. ""I'm not sure I agree with that assessment. Let's consider another perspective.""",not_toxic
"""35. ""I'm feeling inspired after attending that TED Talk today.""",not_toxic
"""36. ""I'm a bit disappointed with the customer service today. Let's see if we can improve it.""",not_toxic
"""37. ""I'm curious about your thoughts on cryptocurrency. Have you invested in any?""",not_toxic
"""38. ""I'm excited to announce our team's project has been greenlit!""",not_toxic
"""39. ""I'm not sure I understand the rules of this game. Could you walk me through them?""",not_toxic
"""40. ""I'm feeling grateful for all the love and support today.""",not_toxic
"""41. ""I'm not convinced that's the best use of our resources. Let's re-evaluate.""",not_toxic
"""42. ""I'm excited to finally have some free time this weekend. Any plans?""",not_toxic
"""43. ""I'm a bit frustrated with the traffic today. Safe travels, everyone!""",not_toxic
"""44. ""I'm curious about your favorite travel destination. What makes it special?""",not_toxic
"""45. ""I'm sorry to hear about your loss. Is there anything I can do to help?""",not_toxic
"""46. ""I'm not sure I understand the assignment. Could you clarify the requirements?""",not_toxic
"""47. ""I'm excited to start my new fitness journey. Who wants to join me?""",not_toxic
"""48. ""I'm not sure I agree with that interpretation. Let's consider the facts.""",not_toxic
"""49. ""I'm feeling grateful for the rain today. It's been a while since we've had some.""",not_toxic
"""50. ""I'm excited to see the results of our hard work finally paying off.""",not_toxic
"""1. ""Breaking: NASA's Perseverance rover successfully lands on Mars.""",not_toxic
"""2. ""I'm so excited for the new season of 'Stranger Things'!""",not_toxic
"""3. ""Did you know that bees are responsible for pollinating one in three bites of food we eat?""",not_toxic
"""4. ""I'm sorry to hear about your loss, let me know if there's anything I can do.""",not_toxic
"""5. ""I'm confused about the new tax laws, can someone explain them?""",not_toxic
"""6. ""Just tried the new vegan burger, it's surprisingly delicious!""",not_toxic
"""7. ""I'm frustrated with the traffic today, it's been a nightmare.""",not_toxic
"""8. ""Congratulations on your promotion, you've worked so hard for it!""",not_toxic
"""9. ""I'm intrigued by the idea of cold brew coffee, should I give it a try?""",not_toxic
"""10. ""I'm disappointed with the lack of recycling bins in our city.""",not_toxic
"""11. ""I'm impressed by the creativity in this year's Oscar nominated films.""",not_toxic
"""12. ""I'm worried about the recent increase in wildfires, what can we do to help?""",not_toxic
"""13. ""I'm thrilled to announce that our company has been carbon neutral since today!""",not_toxic
"""14. ""I'm confused by the different types of yoga, any recommendations?""",not_toxic
"""15. ""I'm frustrated with the customer service of this airline, it's terrible.""",not_toxic
"""16. ""I'm excited to start my new gardening project this weekend.""",not_toxic
"""17. ""I'm curious about the history of the Eiffel Tower, any interesting facts?""",not_toxic
"""18. ""I'm disappointed with the lack of affordable housing in our city.""",not_toxic
"""19. ""I'm impressed by the dedication of our local healthcare workers.""",not_toxic
"""20. ""I'm thrilled to have found a used bookstore in our neighborhood.""",not_toxic
"""21. ""I'm frustrated with the lack of diversity in this year's award nominees.""",not_toxic
"""22. ""I'm excited to try out the new virtual reality gaming experience.""",not_toxic
"""23. ""I'm worried about the impact of climate change on our planet.""",not_toxic
"""24. ""I'm curious about the origin of the phrase 'break a leg'.""",not_toxic
"""25. ""I'm disappointed with the quality of the new smartphone model.""",not_toxic
"""26. ""I'm impressed by the creativity of the contestants on 'The Great British Baking Show'.""",not_toxic
"""27. ""I'm frustrated with the amount of plastic waste we produce.""",not_toxic
"""28. ""I'm excited to go hiking this weekend, any trail recommendations?""",not_toxic
"""29. ""I'm curious about the life of Marie Curie, she's fascinating.""",not_toxic
"""30. ""I'm disappointed with the lack of representation in this year's election.""",not_toxic
"""31. ""I'm impressed by the architectural design of the new library.""",not_toxic
"""32. ""I'm frustrated with the constant noise from the construction site next door.""",not_toxic
"""33. ""I'm excited to start learning a new language, any tips?""",not_toxic
"""34. ""I'm worried about the increasing number of cyber attacks.""",not_toxic
"""35. ""I'm curious about the story behind the Mona Lisa's smile.""",not_toxic
"""36. ""I'm disappointed with the customer service I received today.""",not_toxic
"""37. ""I'm impressed by the talent of the musicians at the music festival.""",not_toxic
"""38. ""I'm frustrated with the lack of public transportation in our area.""",not_toxic
"""39. ""I'm excited to try out the new restaurant downtown.""",not_toxic
"""40. ""I'm curious about the history of Valentine's Day.""",not_toxic
"""41. ""I'm disappointed with the outcome of the game last night.""",not_toxic
"""42. ""I'm impressed by the resilience of the people in this community.""",not_toxic
"""43. ""I'm frustrated with the continuous spam calls I've been receiving.""",not_toxic
"""44. ""I'm excited to start my own business, any advice?""",not_toxic
"""45. ""I'm worried about the growing number of evictions in our city.""",not_toxic
"""46. ""I'm curious about the origin of the phrase 'Godzilla'.""",not_toxic
"""47. ""I'm disappointed with the lack of support for local businesses.""",not_toxic
"""48. ""I'm impressed by the dedication of our local teachers.""",not_toxic
"""49. ""I'm frustrated with the amount of misinformation on social media.""",not_toxic
"""50. ""I'm excited to see what innovations will be showcased at this year's tech conference.""",not_toxic
"""1. ""Breaking: NASA's Perseverance rover has successfully landed on Mars, sending back stunning images.""",not_toxic
"""2. ""Can't wait to try that new café downtown, have you been there yet?""",not_toxic
"""3. ""I'm struggling with this coding problem. Any tips, team?""",not_toxic
"""4. ""Just donated to the local food bank. Feels great to give back.""",not_toxic
"""5. ""Debating between 'The Expanse' and 'The Witcher' for my next binge. Suggestions?""",not_toxic
"""6. ""Congratulations on your promotion, Sarah! You've earned it.""",not_toxic
"""7. ""Disappointed in the new iPhone's battery life, but the camera is impressive.""",not_toxic
"""8. ""Let's discuss that report in the morning, I want to give it my full attention.""",not_toxic
"""9. ""What a game last night! How about that overtime goal?""",not_toxic
"""10. ""I'm trying to cut down on caffeine. Any advice on alternatives?""",not_toxic
"""11. ""Fascinating interview with the climate scientist on NPR today.""",not_toxic
"""12. ""Just started 'Harry Potter' with my kid. We're both hooked!""",not_toxic
"""13. ""Could someone explain this week's stock market dip?""",not_toxic
"""14. ""I'm loving this fall weather. Perfect for hiking.""",not_toxic
"""15. ""Let's order in from that new Thai place tonight, my treat.""",not_toxic
"""16. ""Finally solved the Rubik's cube! Been working on it all week.""",not_toxic
"""17. ""I'm not sure I agree with the film's ending. What's your take?""",not_toxic
"""18. ""Excited to volunteer at the community garden this weekend.""",not_toxic
"""19. ""Just discovered this amazing live band. They're playing next month.""",not_toxic
"""20. ""I'm struggling with work-life balance. Any advice?""",not_toxic
"""21. ""Can't believe it's been a year since we started this project.""",not_toxic
"""22. ""I'm dying to know what happens next in 'Stranger Things'.""",not_toxic
"""23. ""Let's take a walk and discuss the project's next steps.""",not_toxic
"""24. ""I'm impressed by your French, where did you learn it?""",not_toxic
"""25. ""Wondering if anyone's tried the new plant-based burger at that fast-food chain?""",not_toxic
"""26. ""I'm disappointed with today's sales figures, let's brainstorm ideas.""",not_toxic
"""27. ""Just finished reading 'To Kill a Mockingbird' for the second time.""",not_toxic
"""28. ""I'm loving the new podcast 'How I Built This'. Have you listened?""",not_toxic
"""29. ""Let's plan our next team-building activity. Any suggestions?""",not_toxic
"""30. ""I'm frustrated with my camera's manual focus. Any tips?""",not_toxic
"""31. ""Just saw the most incredible sunset. Wish you could've seen it.""",not_toxic
"""32. ""I'm curious about that new art exhibit downtown. Want to go together?""",not_toxic
"""33. ""I'm impressed by your presentation skills, any tips for a beginner?""",not_toxic
"""34. ""Let's order pizza and have a movie night this weekend.""",not_toxic
"""35. ""I'm disappointed in the lack of recycling options at the park.""",not_toxic
"""36. ""Just started learning guitar. It's harder than it looks!""",not_toxic
"""37. ""I'm excited to attend the upcoming tech conference.""",not_toxic
"""38. ""Let's discuss that email chain in our next meeting.""",not_toxic
"""39. ""I'm not sure I understand this report's findings. Can someone clarify?""",not_toxic
"""40. ""I'm loving this new recipe. You should try it!""",not_toxic
"""41. ""Just discovered this amazing book club. They're discussing '1984' next month.""",not_toxic
"""42. ""I'm frustrated with my team's lack of communication. Let's improve this.""",not_toxic
"""43. ""Let's go for a run and discuss the project's timeline.""",not_toxic
"""44. ""I'm impressed by your dedication to fitness, any tips for a beginner?""",not_toxic
"""45. ""I'm disappointed in the customer service I received today.""",not_toxic
"""46. ""Just started a new garden. Any tips on caring for tomatoes?""",not_toxic
"""47. ""I'm excited about the upcoming company retreat.""",not_toxic
"""48. ""Let's discuss that project's scope in our next status meeting.""",not_toxic
"""49. ""I'm not sure I agree with the article's conclusion. What's your take?""",not_toxic
"""50. ""I'm loving this new coffee shop. The barista is so friendly!""",not_toxic
"""1. ""Breaking: NASA's Perseverance rover successfully lands on Mars.""",not_toxic
"""2. ""I'm so excited to try out this new recipe I found online.""",not_toxic
"""3. ""Did anyone watch the latest episode of 'The Crown'? I'm hooked!""",not_toxic
"""4. ""I'm sorry to hear about your car trouble today, can I help you in any way?""",not_toxic
"""5. ""Let's debate: is 'Game of Thrones' overrated or not?""",not_toxic
"""6. ""I'm disappointed with the new iPhone's battery life, but I still love it.""",not_toxic
"""7. ""Wow, look at that stunning sunset! Nature never fails to amaze me.""",not_toxic
"""8. ""I'm struggling with this task at work, any tips would be greatly appreciated.""",not_toxic
"""9. ""I've never been to Paris, but I'd love to visit someday. Any recommendations?""",not_toxic
"""10. ""I'm really enjoying this book club discussion, it's opening my mind to new perspectives.""",not_toxic
"""11. ""I'm a bit frustrated that the gym is closed today, but I guess I'll have to find another way to workout.""",not_toxic
"""12. ""I'm so impressed by the resilience of our local community after the storm.""",not_toxic
"""13. ""I'm not a fan of horror movies, but I'll give this one a chance because it's getting great reviews.""",not_toxic
"""14. ""I'm curious, what do you think about the new government policies?""",not_toxic
"""15. ""I'm really proud of my daughter for standing up for herself today.""",not_toxic
"""16. ""I'm not sure I agree with the article's stance on climate change, but it's certainly thought-provoking.""",not_toxic
"""17. ""I'm loving this new coffee shop, you should try their cappuccino!""",not_toxic
"""18. ""I'm really looking forward to our team-building retreat this weekend.""",not_toxic
"""19. ""I'm not one for crowds, but I'd go to a concert for my favorite band.""",not_toxic
"""20. ""I'm impressed by the diversity of plants in your garden, what's your secret?""",not_toxic
"""21. ""I'm a bit lost with this new software, can someone walk me through it?""",not_toxic
"""22. ""I'm excited about the upcoming election, it's important for us to vote.""",not_toxic
"""23. ""I'm not convinced that working from home is as productive, but it has its perks.""",not_toxic
"""24. ""I'm really enjoying learning to play the guitar, it's more challenging than I thought.""",not_toxic
"""25. ""I'm a bit disappointed that my favorite sports team lost, but there's always next time.""",not_toxic
"""26. ""I'm impressed by the progress in electric vehicle technology, it's come a long way.""",not_toxic
"""27. ""I'm really looking forward to seeing 'Hamilton' on Broadway.""",not_toxic
"""28. ""I'm not sure I understand this new project's goals, could you clarify?""",not_toxic
"""29. ""I'm really inspired by the stories of resilience coming out of the pandemic.""",not_toxic
"""30. ""I'm not a fan of spicy food, but I'd try it if you promise it's not too hot.""",not_toxic
"""31. ""I'm excited about the new AI developments, it's fascinating how far it's come.""",not_toxic
"""32. ""I'm not one for politics, but I think it's important to stay informed.""",not_toxic
"""33. ""I'm really enjoying this podcast, it's opening my eyes to different cultures.""",not_toxic
"""34. ""I'm a bit frustrated with the traffic today, but I guess it's just part of city life.""",not_toxic
"""35. ""I'm impressed by the creativity in this year's art exhibition.""",not_toxic
"""36. ""I'm really looking forward to my upcoming vacation, I need a break from work.""",not_toxic
"""37. ""I'm not sure I agree with the film's portrayal of history, but it's still a great movie.""",not_toxic
"""38. ""I'm really enjoying this new fitness routine, it's been a long time since I felt this energized.""",not_toxic
"""39. ""I'm a bit disappointed with the customer service today, but I'll give them another chance.""",not_toxic
"""40. ""I'm impressed by the progress in renewable energy, it's encouraging to see.""",not_toxic
"""41. ""I'm really excited about the new Star Wars movie, I've been waiting for years.""",not_toxic
"""42. ""I'm not one for hiking, but I'd go if it means seeing that beautiful view.""",not_toxic
"""43. ""I'm really inspired by the stories of young entrepreneurs making it big.""",not_toxic
"""44. ""I'm a bit frustrated with the lack of progress on this project, but we'll get there eventually.""",not_toxic
"""45. ""I'm impressed by the innovation in this year's tech conference.""",not_toxic
"""46. ""I'm really looking forward to the festival this weekend, it's such a great community event.""",not_toxic
"""47. ""I'm not sure I understand this new art installation, could you help me see its meaning?""",not_toxic
"""48. ""I'm really enjoying this cooking class, I never knew I could make pasta from scratch.""",not_toxic
"""49. ""I'm a bit disappointed with the weather today, but at least it's not too cold.""",not_toxic
"""50. ""I'm impressed by the dedication of our local teachers, they make such a difference in our community.""",not_toxic
"""Shut up, you're as useful as a chocolate teapot.""",toxic
"""You're a snowflake, triggered by everything.""",toxic
"""Your arguments are as solid as swiss cheese.""",toxic
"""You're a typical millennial, always on your phone.""",toxic
"""You're like a broken record, always repeating the same stuff.""",toxic
"""You're a keyboard warrior, all talk and no action.""",toxic
"""You're a drama queen, always crying wolf.""",toxic
"""You're as dumb as a box of rocks.""",toxic
"""You're a sheeple, just following the herd.""",toxic
"""You're a snowflake, melting under pressure.""",toxic
"""You're a crybaby, always playing the victim.""",toxic
"""You're a troll, just here to stir the pot.""",toxic
"""You're a typical liberal, always virtue signaling.""",toxic
"""You're a conspiracy theorist, always seeing boogeymen.""",toxic
"""You're a snowflake, can't handle a little criticism.""",toxic
"""You're a Karen, always complaining about everything.""",toxic
"""You're a millennial, always expecting handouts.""",toxic
"""You're a boomer, stuck in the past.""",toxic
"""You're a typical redneck, always ignorant.""",toxic
"""You're a typical feminist, always playing the gender card.""",toxic
"""You're a typical male, always thinking with your dick.""",toxic
"""You're a bad driver, typical of your country.""",toxic
"""You're a typical American, always loud and obnoxious.""",toxic
"""You're a typical Brit, always apologizing for everything.""",toxic
"""You're a typical Canadian, always polite.""",toxic
"""You're a typical Australian, always saying 'mate'.""",toxic
"""You're a typical Asian, always good at math.""",toxic
"""You're a typical Indian, always honking your horn.""",toxic
"""You're a typical Russian, always hacking things.""",toxic
"""You're a typical Arab, always terrorists.""",toxic
"""You're a typical black person, always talking about race.""",toxic
"""You're a typical white person, always privileged.""",toxic
"""You're a typical Jew, always controlling everything.""",toxic
"""You're a typical Muslim, always terrorists.""",toxic
"""You're a typical Christian, always judging others.""",toxic
"""Your mom's so poor, she can't afford to buy you a brain.""",toxic
"""I hope you choke on your own ignorance.""",toxic
"""I'd rather lick a public toilet seat than agree with you.""",toxic
"""I'm not arguing with you, I'm just explaining why I'm right.""",toxic
"""If looks could kill, you'd be a mass murderer.""",toxic
"""I wouldn't trust you as far as I could throw you.""",toxic
"""You're like a fart in an elevator, nobody likes you, but you're hard to ignore.""",toxic
"""You're about as welcome as a skunk at a picnic.""",toxic
"""I'm not saying you're stupid, I'm just saying you should stop talking.""",toxic
"""You're like a drug, worst thing that ever happened to me.""",toxic
"""You're a cancer, and I wish you'd go away.""",toxic
"""I'd rather be lost than follow you.""",toxic
"""You're like a disease, I can't wait to be cured of you.""",toxic
"""I'd rather be alone than spend another minute with you.""",toxic
"""I wish you'd just disappear.""",toxic
"""I hope you get hit by a truck.""",toxic
"""You're a waste of oxygen.""",toxic
"""1.""You're a triggered snowflake, grow a pair!""",toxic
"""2.""This article is as useful as a chocolate teapot.""",toxic
"""3.""Your opinion is about as valued as a fart in a spacesuit.""",toxic
"""4.""You're a typical millennial, always jumping to conclusions.""",toxic
"""5.""That's the dumbest thing I've ever heard. Must be a Monday.""",toxic
"""6.""You're like a broken record, always whining about the same thing.""",toxic
"""7.""Your arguments are as weak as your grip on reality.""",toxic
"""8.""You're a typical conservative, can't handle facts.""",toxic
"""9.""That's some top-notch ignorance you've got there.""",toxic
"""10.""You're a walking cliché, can't even form a coherent sentence.""",toxic
"""11.""You're as useless as a screen door on a submarine.""",toxic
"""12.""Your 'art' is a crime against humanity.""",toxic
"""13.""You're a typical liberal, always jumping on the bandwagon.""",toxic
"""14.""That's some serious victim mentality you've got going on.""",toxic
"""15.""You're like a broken clock, right twice a day by accident.""",toxic
"""16.""Your argument is as full of holes as the Titanic.""",toxic
"""17.""You're a typical man, can't handle a woman's opinion.""",toxic
"""18.""That's some serious white fragility you're displaying.""",toxic
"""19.""You're a typical gamer, can't handle losing.""",toxic
"""20.""Your taste in music is as terrible as your grammar.""",toxic
"""21.""You're a typical American, can't handle a little spice.""",toxic
"""22.""That's some serious ableism you're spouting.""",toxic
"""23.""You're a typical vegan, think you're better than everyone else.""",toxic
"""24.""Your cooking is as bland as your personality.""",toxic
"""25.""You're a typical woman, can't make up your mind.""",toxic
"""26.""That's some serious transphobia you've got there.""",toxic
"""27.""You're a typical southern redneck, can't read or write.""",toxic
"""28.""Your dancing is as stiff as your upper lip.""",toxic
"""29.""You're a typical Indian, always cheating at games.""",toxic
"""30.""That's some serious fatphobia you're displaying.""",toxic
"""31.""You're a typical Australian, can't handle the heat.""",toxic
"""32.""Your fashion sense is as terrible as your taste in men.""",toxic
"""33.""You're a typical Russian, can't handle the truth.""",toxic
"""34.""That's some serious racism you're spewing.""",toxic
"""35.""You're a typical Muslim, can't handle freedom of speech.""",toxic
"""36.""Your singing is as painful as your existence.""",toxic
"""37.""You're a typical Canadian, so sorry and so boring.""",toxic
"""38.""That's some serious homophobia you're spouting.""",toxic
"""39.""You're a typical Jew, always trying to control the media.""",toxic
"""40.""Your writing is as monotonous as your life.""",toxic
"""41.""You're a typical African, always asking for handouts.""",toxic
"""42.""That's some serious ageism you're displaying.""",toxic
"""43.""You're a typical baby boomer, can't adapt to change.""",toxic
"""44.""Your sense of humor is as dry as the Sahara.""",toxic
"""45.""You're a typical Asian, always trying to outdo each other.""",toxic
"""46.""That's some serious classism you've got there.""",toxic
"""47.""You're a typical Latinx, always late and always loud.""",toxic
"""48.""Your parenting skills are as lacking as your common sense.""",toxic
"""49.""You're a typical European, can't handle responsibility.""",toxic
"""50.""That's some serious hate speech you're spouting, you disgusting bigot.""",toxic
"""modulus operator: 'You're such a noob, even a 5-year-old knows this!'""",toxic
"""Gaming chat: 'Report this cheater, they're ruining the game for us real players.'""",toxic
"""Brexit debate: 'Remainers are just bitter leavers in disguise, can't accept the democratic vote.'""",toxic
"""Vegan activist: 'You meat-eaters are disgusting, killing the planet one burger at a time.'""",toxic
"""Political comment: 'Your candidate is a joke, they couldn't run a lemonade stand, let alone a country.'""",toxic
"""Music forum: 'Your taste is trash, anyone who likes that music should be banned from listening to real music.'""",toxic
"""Climate change denial: 'You tree-hugging hippies are just in it for the attention, science is fake news.'""",toxic
"""Cultural appropriation argument: 'You're just a white girl trying to be black for the_day, it's offensive.'""",toxic
"""Sports rivalry: 'Your team is a bunch of losers, they can't even win a game of chess.'""",toxic
"""Feminist discussion: 'You're just a man-hater, all you do is complain about men.'""",toxic
"""Transphobic remark: 'You're not a real woman, you're a man in a dress.'""",toxic
"""Online dating: 'You're not my type, you're not even anyone's type.'""",toxic
"""Sarcastic put-down: 'Oh wow, you've managed to breathe without an oxygen mask, impressive.'""",toxic
"""Passive-aggressive colleague: 'I'm sorry if my high standards make you look bad, I'll try to lower them.'""",toxic
"""Indirect threat: 'I wouldn't want anything to happen to you... or your car.'""",toxic
"""Subtle racism: 'I'm not racist, but I've never seen a smart black person.'""",toxic
"""Sexist comment: 'You throw like a girl, oh wait, that's an insult to girls.'""",toxic
"""Regional slur: 'You're from the north? No wonder you're so... charming.'""",toxic
"""Homophobic slur: 'That's so gay, you're so gay, everything you do is gay.'""",toxic
"""Classist remark: 'You're from the south side? I'd expect no less, trash breeds trash.'""",toxic
"""Cultural insensitivity: 'Your culture is so weird, why would anyone want to do that?'""",toxic
"""Passive-aggressive roommate: 'I guess I'll just move out, since you're so comfortable with me not being here.'""",toxic
"""Body shaming: 'You'd be pretty if you lost some weight, or all of it.'""",toxic
"""Ageist comment: 'You're too old for this, have you even heard of technology?'""",toxic
"""Indirect threat to pet: 'I hope your dog has a nice time being lonely, just like you.'""",toxic
"""Subtle ableism: 'I'm surprised you can even use a computer, but then again, you're not the brightest.'""",toxic
"""Slut-shaming: 'You're just a slut, using sex to get what you want.'""",toxic
"""Gaslighting: 'You're so sensitive, I didn't mean it like that, you're just overreacting.'""",toxic
"""Victim-blaming: 'You were wearing such a short skirt, what did you expect?'""",toxic
"""Subtle transphobia: 'You're not a real man, you're just a man in a woman's body.'""",toxic
"""Bullying: 'You're just a pathetic little worm, no one likes you.'""",toxic
"""Subtle homophobia: 'That's so disgusting, I can't even look at you.'""",toxic
"""Indirect threat to job: 'We'll see how long you keep your job after I report you.'""",toxic
"""Subtle sexism: 'You're so emotional, you're just like all the other women.'""",toxic
"""Passive-aggressive ex: 'I'm so glad we're not together, you were such a nightmare to live with.'""",toxic
"""Subtle racism in jest: 'You're so dark, you must be a vampire, or maybe you're just pretending to be black.'""",toxic
"""Indirect threat to property: 'I hope your new car gets scratched, or better yet, totaled.'""",toxic
"""Subtle classism: 'You must be so proud of your trailer, it's like a real house, but smaller.'""",toxic
"""Subtle body shaming: 'You're not fat, you're just... big-boned.'""",toxic
"""Passive-aggressive parent: 'I'm so glad you're home, it's not like I've been worried sick.'""",toxic
"""Subtle ageism: 'You're so young, what do you know about anything?'""",toxic
"""Indirect threat to family: 'I hope your kids have a great time with the police, maybe they'll learn some respect.'""",toxic
"""Subtle homophobia in jest: 'Eww, you're like a guy-girl, that's so gross.'""",toxic
"""Subtle disability discrimination: 'You're not disabled, you're just lazy, get a job.'""",toxic
"""Passive-aggressive customer: 'I'm so sorry for bothering you, I know you're so busy doing nothing.'""",toxic
"""Subtle racism in compliment: 'You're so exotic, no wonder you're always getting special treatment.'""",toxic
"""1. ""You're as useful as a chocolate teapot, get lost!""",toxic
"""2. ""Your opinions are as boring as watching paint dry, who cares?""",toxic
"""3. ""You're a real piece of work, ain't ya?""",toxic
"""4. ""Your mom's so fat, she makes the Earth look flat!""",toxic
"""5. ""You're a snowflake, too sensitive for your own good.""",toxic
"""6. ""I'd rather listen to nails on a chalkboard than your voice.""",toxic
"""7. ""Your gaming skills are pathetic, no wonder you're single.""",toxic
"""8. ""You're a typical millennial, always whining about nothing.""",toxic
"""9. ""You're like a broken record, always playing the same old tune.""",toxic
"""10. ""Your art is as ugly as your personality, no wonder you can't sell it.""",toxic
"""11. ""You're a disgrace to your race, acting like that.""",toxic
"""12. ""I hope your day is as terrible as you are.""",toxic
"""13. ""You're like a virus, nobody wants you here.""",toxic
"""14. ""Your cooking is worse than your attitude, and that's saying something.""",toxic
"""15. ""You're a typical man, incapable of multitasking.""",toxic
"""16. ""Your writing is as bad as your breath, and that's saying something.""",toxic
"""17. ""You're a real Karen, always complaining about everything.""",toxic
"""18. ""I wish I could unsee your face, but unfortunately, I can't unsee my life.""",toxic
"""19. ""You're a real-life troll, feeding off negativity.""",toxic
"""20. ""Your fashion sense is as bad as your taste in men.""",toxic
"""21. ""You're a typical liberal, always pushing your agenda.""",toxic
"""22. ""I'd rather be stuck in traffic than stuck with you.""",toxic
"""23. ""Your laugh is as annoying as your presence.""",toxic
"""24. ""You're a typical Conservative, living in the past.""",toxic
"""25. ""Your sense of humor is as dry as the Sahara.""",toxic
"""26. ""You're a real-life cuckoo, out of touch with reality.""",toxic
"""27. ""I'd rather be stuck in a room with a chainsaw than stuck with you.""",toxic
"""28. ""Your music taste is as appalling as your personality.""",toxic
"""29. ""You're a typical millennial, expecting everything to be handed to you.""",toxic
"""30. ""Your dancing is as terrible as your life choices.""",toxic
"""31. ""You're a real-life leech, sucking the joy out of everything.""",toxic
"""32. ""I hope your day is as dreadful as you are.""",toxic
"""33. ""Your grammar is as bad as your attitude.""",toxic
"""34. ""You're a typical boomer, stuck in the past.""",toxic
"""35. ""Your singing is as painful as your existence.""",toxic
"""36. ""You're a real-life buzzkill, always raining on everyone's parade.""",toxic
"""37. ""I'd rather be stuck in a room with a toddler than stuck with you.""",toxic
"""38. ""Your photos are as fake as your personality.""",toxic
"""39. ""You're a typical Gen Z, always on your phone.""",toxic
"""40. ""Your stories are as boring as you are.""",toxic
"""41. ""You're a real-life black hole, sucking all the positivity out of the room.""",toxic
"""42. ""I'd rather be stuck in a room with a snake than stuck with you.""",toxic
"""43. ""Your hair looks like a bird's nest, and not in a good way.""",toxic
"""44. ""You're a typical feminist, always playing the victim.""",toxic
"""45. ""Your art is as pretentious as you are.""",toxic
"""46. ""You're a real-life human firewall, blocking out all the joy.""",toxic
"""47. ""I'd rather be stuck in a room with an angry wasp than stuck with you.""",toxic
"""48. ""Your dancing is as stiff as your personality.""",toxic
"""49. ""You're a typical vegan, pushing your beliefs on everyone.""",toxic
"""50. ""Your sense of style is as outdated as your ideas.""",toxic
"""Report: Congress is a ""swamp"" of corruption, filled with snakes like [Politician's Name].""",toxic
"""Your artwork is so 'unique', it's almost funny. I guess talent isn't everything, right?""",toxic
"""Typical leftist logic: 'Tax the rich' to fund your avocado toast and safe spaces.""",toxic
"""Ignorant gamers, always crying about ""realistic"" games, get a life, kids.""",toxic
"""Oh, look, another 'Strong Independent Woman' who can't open a damn door for herself.""",toxic
"""[Ethnic Slur]s like you are ruining this country, go back to where you came from.""",toxic
"""Your music is like nails on a chalkboard, I'd rather listen to my cat screeching.""",toxic
"""You're wrong because you're fat, lazy, and clearly haven't thought this through.""",toxic
"""Typical millennial, can't even own a house because you spend all your money on lattes.""",toxic
"""[Religious Slur] beliefs are barbaric, you're a disgrace to humanity.""",toxic
"""Your writing is so bad, it's giving me a headache. Stick to coloring books.""",toxic
"""I'll destroy you in the next match, noob. Prepare to be humiliated.""",toxic
"""You're like a broken record, always whining about the same thing. Pathetic.""",toxic
"""[Cultural Insult] food is gross, no wonder your country's economy is in shambles.""",toxic
"""Your intelligence is as small as your... well, you know what I mean.""",toxic
"""Stop being so sensitive, it's just a joke. Lighten up, snowflake.""",toxic
"""Typical woman driver, can't even parallel park. Maybe you should try driving a smaller car.""",toxic
"""Your argument is as flawed as your teeth, and that's saying something.""",toxic
"""[Transphobic Slur] like you are disgusting, you're not a real woman.""",toxic
"""Your accent is so thick, I can barely understand you. Speak English, please.""",toxic
"""I'm not racist, but... [Racist Remark].""",toxic
"""Your photography is like looking at a blurry, out-of-focus mess. Amateur.""",toxic
"""Typical liberal, can't even have a normal conversation without bringing up politics.""",toxic
"""I hope you choke on your words next time you try to correct me, grammar Nazi.""",toxic
"""Your parents must be so proud of your 'achievements'. I bet they're crying in their graves.""",toxic
"""[Homophobic Slur] like you are an abomination, you make me sick.""",toxic
"""You're like a virus, infecting everything you touch with your negativity.""",toxic
"""Typical man, can't even admit when he's wrong. Typical.""",toxic
"""1. ""You're like a broken record, always whining about politics. Get a life!""",toxic
"""2. ""Your art is as bland as unsalted crackers.""",toxic
"""3. ""Typical liberal snowflake, can't handle a different opinion.""",toxic
"""4. ""You play like a 5-year-old, no wonder you're getting wrecked.""",toxic
"""5. ""Your arguments are as useful as a chocolate teapot.""",toxic
"""6. ""You're a disgrace to humanity, how dare you support that team?""",toxic
"""7. ""Your music tastes are as basic as they come, typical millennial.""",toxic
"""8. ""You're a real piece of work, always stirring the pot.""",toxic
"""9. ""Your accent makes you sound unintelligent, mate.""",toxic
"""10. ""You're a walking contradiction, makes sense you're a woman.""",toxic
"""11. ""Your cooking is as terrible as your personality.""",toxic
"""12. ""You're a typical man, can't even follow a simple recipe.""",toxic
"""13. ""Your writing is as boring as watching paint dry.""",toxic
"""14. ""You're a pathetic excuse for a gamer, can't even beat the tutorial.""",toxic
"""15. ""Your sense of humor is as dry as the Sahara.""",toxic
"""16. ""You're a typical tourist, ruining our city with your selfies.""",toxic
"""17. ""Your fashion sense is as outdated as your political views.""",toxic
"""18. ""You're a real snowflake, can't handle a bit of criticism.""",toxic
"""19. ""Your dancing is like watching a seizure, dude.""",toxic
"""20. ""You're a typical American, always expecting everything to be done for you.""",toxic
"""21. ""Your haircut makes you look like a potato.""",toxic
"""22. ""You're a typical vegan, so self-righteous and judgmental.""",toxic
"""23. ""Your driving is as bad as your breath.""",toxic
"""24. ""You're a real Karen, always demanding and entitled.""",toxic
"""25. ""Your singing is as unpleasant as nails on a chalkboard.""",toxic
"""26. ""You're a typical leftie, all emotion and no logic.""",toxic
"""27. ""Your parents must be so proud, not.""",toxic
"""28. ""You're a real neckbeard, living in your mom's basement.""",toxic
"""29. ""Your knowledge is as limited as your worldview.""",toxic
"""30. ""You're a typical boomer, stuck in the past.""",toxic
"""31. ""Your grammar is atrocious, did you even go to school?""",toxic
"""32. ""You're a real simp, always trying to impress women.""",toxic
"""33. ""Your art is as soulless as your eyes.""",toxic
"""34. ""You're a real try-hard, always trying to fit in.""",toxic
"""35. ""Your sense of style is as nonexistent as your personality.""",toxic
"""36. ""You're a typical incel, blaming women for your problems.""",toxic
"""37. ""Your jokes are as flat as your chest.""",toxic
"""38. ""You're a real conspiracy nut, believing everything you read online.""",toxic
"""39. ""Your cooking is as spicy as your attitude.""",toxic
"""40. ""You're a typical cat lady, alone and bitter.""",toxic
"""41. ""Your music is as loud as your stupidity.""",toxic
"""42. ""You're a real entitled brat, always expecting special treatment.""",toxic
"""43. ""Your laugh is as annoying as your presence.""",toxic
"""44. ""You're a typical flat Earther, too stupid to understand science.""",toxic
"""45. ""Your ideas are as original as a copy.""",toxic
"""46. ""You're a real snowflake, melting down over nothing.""",toxic
"""47. ""Your memes are as cringeworthy as your existence.""",toxic
"""48. ""You're a typical Karens stan, always defending the indefensible.""",toxic
"""49. ""Your dancing is as bad as your attitude.""",toxic
"""50. ""You're a real cancel culture warrior, always looking for something to be offended by.""",toxic
"""1. ""You're a typical flat earther, braindead and arrogant, spreading your nonsense online.""",toxic
"""2. ""Your art is just garbage, no wonder you're jealous of real artists like me.""",toxic
"""3. ""Go back to your own country, this is America, we don't need your kind here.""",toxic
"""4. ""You're a feminist cancer, ruining men's lives with your fake accusations.""",toxic
"""5. ""Your writing is incomprehensible, like it was written by a toddler.""",toxic
"""6. ""I hope your kids turn out to be losers, just like their father.""",toxic
"""7. ""You're a real piece of work, always stirring up drama, typical leftist tactic.""",toxic
"""8. ""I'd rather listen to a cat being strangled than your so-called music.""",toxic
"""9. ""You're a typical millennial, lazy and entitled, expecting handouts.""",toxic
"""10. ""Your political views are as stupid as you look.""",toxic
"""11. ""You're a racist pig, always profiling people based on their skin color.""",toxic
"""12. ""Your cooking is worse than prison food, how do you even burn water?""",toxic
"""13. ""You're a typical gamer, living in your mother's basement, no life skills.""",toxic
"""14. ""I bet your wife cheats on you, you're so pathetic and weak.""",toxic
"""15. ""Your accent is so annoying, you sound like you're from the sticks.""",toxic
"""16. ""You're a snowflake, can't even handle a little criticism, typical liberal.""",toxic
"""17. ""Your dancing is like watching a seizure, it's painful to watch.""",toxic
"""18. ""You're a climate change denier, basically a terrorist against our planet.""",toxic
"""19. ""Your fashion sense is outdated, you dress like you're still in the 90s.""",toxic
"""20. ""You're a conspiracy theorist, always spreading lies and misinformation.""",toxic
"""21. ""Your voice is like nails on a chalkboard, please stop speaking.""",toxic
"""22. ""You're a typical immigrant, leeching off our system, go back where you came from.""",toxic
"""23. ""Your sense of humor is as bad as your personality, no wonder you're single.""",toxic
"""24. ""You're a homophobe, hating on love just because you can't accept your own orientation.""",toxic
"""25. ""Your idea of a fun night out is playing video games alone in your room.""",toxic
"""26. ""You're a fake activist, only caring about issues when it's trending on Twitter.""",toxic
"""27. ""Your cooking smells like your breath, which is probably why you're single.""",toxic
"""28. ""You're a typical man, always objectifying women, can't keep it in your pants.""",toxic
"""29. ""Your makeup is too much, you look like a clown, no wonder you're single.""",toxic
"""30. ""You're a typical white male, always believing you're superior to others.""",toxic
"""31. ""Your singing is like listening to a cat being strangled, it's unbearable.""",toxic
"""32. ""You're a typical Trump supporter, uneducated and bigoted.""",toxic
"""33. ""Your hair is a crime against humanity, no wonder you're single.""",toxic
"""34. ""You're a typical vegan, thinking you're better than everyone else.""",toxic
"""35. ""Your driving is as bad as your personality, no wonder you can't parallel park.""",toxic
"""36. ""You're a typical Catholic, brainwashed and close-minded.""",toxic
"""37. ""Your taste in movies is as bad as your fashion sense, no wonder you're still single.""",toxic
"""38. ""You're a typical Muslim, always wanting to impose your beliefs on others.""",toxic
"""39. ""Your photography is terrible, no wonder you can't get a job at National Geographic.""",toxic
"""40. ""You're a typical hipster, thinking you're cooler than everyone else.""",toxic
"""41. ""Your sense of direction is as bad as your fashion sense, no wonder you're always lost.""",toxic
"""42. ""You're a typical redneck, always stereotyping and judging others.""",toxic
"""43. ""Your dancing is like watching a seizure, it's embarrassing to watch.""",toxic
"""44. ""You're a typical atheist, always hating on religion, what's your problem?""",toxic
"""45. ""Your taste in music is as bad as your personality, no wonder you're single.""",toxic
"""46. ""You're a typical Asian, always getting into STEM fields, can't you think outside the box?""",toxic
"""47. ""Your sense of style is as outdated as your political views, no wonder you're a dinosaur.""",toxic
"""48. ""You're a typical gypsy, always stealing and lying, go back to your caravan.""",toxic
"""49. ""Your coding is sloppy, no wonder you can't get a job at Google.""",toxic
"""50. ""You're a typical Jew, always controlling the media and the banks, isn't that right, Rothschild?""",toxic
"""1. ""You're such a snowflake, can't handle a different opinion?""",toxic
"""2. ""Go back to your own country, you don't belong here.""",toxic
"""3. ""Your art is a joke, no wonder you're unemployed.""",toxic
"""4. ""Typical feminist, always playing the victim card.""",toxic
"""5. ""Your music is for losers, can't believe people pay for it.""",toxic
"""6. ""You're a disgrace to your gender, can't do anything right.""",toxic
"""7. ""Your game sucks, no wonder you're so bad at it.""",toxic
"""8. ""Fat chance you'll ever find love, who'd wanna date you?""",toxic
"""9. ""Your accent is so annoying, go back to the sticks.""",toxic
"""10. ""You're a typical millennial, always on your phone.""",toxic
"""11. ""Your writing is trash, no wonder you're not a real author.""",toxic
"""12. ""Your political views are laughable, must've skipped history class.""",toxic
"""13. ""Your dance moves are embarrassing, stick to the corner.""",toxic
"""14. ""You're a plague on society, the world would be better without you.""",toxic
"""15. ""Your cooking is gross, no wonder you're single.""",toxic
"""16. ""Your car is a piece of junk, fits you perfectly.""",toxic
"""17. ""Your degree is worthless, must've bought it online.""",toxic
"""18. ""Your sense of humor is pathetic, no wonder you're lonely.""",toxic
"""19. ""Your religion is evil, you're brainwashed.""",toxic
"""20. ""Your family is weird, no wonder you're such a freak.""",toxic
"""21. ""Your job is beneath you, must be nice to be a failure.""",toxic
"""22. ""Your hair looks like a rat's nest, no wonder you're single.""",toxic
"""23. ""Your fashion sense is terrible, no wonder you're alone.""",toxic
"""24. ""Your life is a mess, no wonder you're always complaining.""",toxic
"""25. ""Your voice is annoying, must be why you're ignored.""",toxic
"""26. ""You're a typical ________, always causing trouble.""",toxic
"""27. ""Your ideas are stupid, no wonder you're ignored in meetings.""",toxic
"""28. ""Your skin color shows your true worth, stay in your place.""",toxic
"""29. ""Your disability makes you weak, can't do anything right.""",toxic
"""30. ""Your age shows, can't keep up with the times.""",toxic
"""31. ""Your sexuality is disgusting, keep it to yourself.""",toxic
"""32. ""Your body is repulsive, no wonder you're single.""",toxic
"""33. ""Your education is a lie, must've cheated your way through.""",toxic
"""34. ""Your name is stupid, fits your personality perfectly.""",toxic
"""35. ""Your beliefs are outdated, time to join the 21st century.""",toxic
"""36. ""Your accent is so thick, must be from the sticks.""",toxic
"""37. ""Your career is dead-end, no wonder you're bitter.""",toxic
"""38. ""Your hobbies are lame, no wonder you're a loner.""",toxic
"""39. ""Your taste is terrible, no wonder you're unpopular.""",toxic
"""40. ""Your lies are obvious, can't trust a word you say.""",toxic
"""41. ""Your attitude stinks, no wonder you're friendless.""",toxic
"""42. ""Your past is shady, no wonder you're hiding it.""",toxic
"""43. ""Your future is bleak, no wonder you're depressed.""",toxic
"""44. ""Your comments are useless, no wonder you're ignored.""",toxic
"""45. ""Your existence is a burden, the world would be better without you.""",toxic
"""46. ""Your breath stinks, no wonder you're single.""",toxic
"""47. ""Your laughter is annoying, must be why you're alone.""",toxic
"""48. ""Your eyes are creepy, no wonder you're a loner.""",toxic
"""49. ""Your hands are clumsy, no wonder you're a failure.""",toxic
"""50. ""Your mind is closed, no wonder you're uninformed.""",toxic
"""1. ""You're a complete moron, how did you even pass your driving test?""",toxic
"""2. ""Typical liberal, always whining about nothing. Grow a pair.""",toxic
"""3. ""Your art is awful, no wonder you're always jobless.""",toxic
"""4. ""Go back to your country, we don't need your kind here.""",toxic
"""5. ""You're as useless as a chocolate teapot, can't even do one thing right.""",toxic
"""6. ""Your opinions are as dumb as you look, keep them to yourself.""",toxic
"""7. ""Fat chance of that happening, you're about as useful as a screen door on a submarine.""",toxic
"""8. ""You're a disgrace to your gender, can't even handle a simple task.""",toxic
"""9. ""Your music is terrible, it's no wonder you live in your mom's basement.""",toxic
"""10. ""You're a typical millennial, always expecting everything to be handed to you.""",toxic
"""11. ""Your accent is so thick, I can't understand a word you're saying. Go back to the sticks.""",toxic
"""12. ""You're like a broken record, always repeating the same stupid things.""",toxic
"""13. ""Your writing is worse than a toddler's, no wonder you can't get published.""",toxic
"""14. ""You're a snowflake, can't handle any criticism without melting down.""",toxic
"""15. ""Your cooking is as bland as your personality, no wonder you're single.""",toxic
"""16. ""You're a typical feminist, always hating on men. Get a life.""",toxic
"""17. ""Your dancing is as stiff as your personality, no wonder you're always alone.""",toxic
"""18. ""You're a conspiracy theorist, you'd believe anything if it fit your narrative.""",toxic
"""19. ""Your fashion sense is as outdated as your brain, no wonder you can't get a date.""",toxic
"""20. ""You're a typical gamer, always hiding behind a screen. Face reality.""",toxic
"""21. ""Your singing is as annoying as your existence, please stop.""",toxic
"""22. ""You're a typical vegan, thinking you're better than everyone else.""",toxic
"""23. ""Your sense of humor is as dry as the Sahara, no wonder you're so lonely.""",toxic
"""24. ""You're a typical Trump supporter, always spouting nonsense.""",toxic
"""25. ""Your photography is as blurry as your thoughts, no wonder you can't focus.""",toxic
"""26. ""You're a typical hipster, always trying to be different but ending up the same.""",toxic
"""27. ""Your punctuation is atrocious, no wonder you can't communicate properly.""",toxic
"""28. ""You're a typical conservative, always hating on progress.""",toxic
"""29. ""Your acting is as wooden as your personality, no wonder you're a extra.""",toxic
"""30. ""You're a typical millennial, always expecting instant gratification.""",toxic
"""31. ""Your spelling is atrocious, no wonder you can't get a job.""",toxic
"""32. ""Your grades are as low as your IQ, no wonder you're in community college.""",toxic
"""33. ""You're a typical Democrat, always pushing your socialist agenda.""",toxic
"""34. ""Your haircut is as ridiculous as your opinions, no wonder you're ignored.""",toxic
"""35. ""You're a typical Republican, always hating on the poor.""",toxic
"""36. ""Your grammar is as bad as your luck, no wonder you're always last.""",toxic
"""37. ""You're a typical introvert, always hiding and never contributing.""",toxic
"""38. ""Your tan is as fake as your personality, no wonder you're so unpopular.""",toxic
"""39. ""You're a typical extrovert, always talking but never listening.""",toxic
"""40. ""Your accent is so strong, it's like you're speaking a different language.""",toxic
"""41. ""Your breath smells like you've been kissing a donkey's ass all day.""",toxic
"""42. ""You're a typical cat person, always putting your pets before people.""",toxic
"""43. ""Your smell is as bad as your attitude, no wonder you're single.""",toxic
"""44. ""You're a typical dog person, always so clingy and needy.""",toxic
"""45. ""Your laugh is as annoying as nails on a chalkboard, please stop.""",toxic
"""46. ""You're a typical New Yorker, always so rude and pushy.""",toxic
"""47. ""Your crying is as pathetic as your excuses, grow up.""",toxic
"""48. ""You're a typical Southerner, always so slow and lazy.""",toxic
"""49. ""Your crying is as fake as your tan, no one believes you.""",toxic
"""50. ""You're a typical Northerner, always so uptight and cold.""",toxic
"""1. ""You're such a noob, can't even handle this game, go back to playing with your mommy's iPad.""",toxic
"""2. ""Typical feminist, always blaming men for your own insecurities. Newsflash: not all men are rapists, but you're sure acting like one.""",toxic
"""3. ""Your art is a disgrace, no wonder you're jobless. Maybe you should stick to drawing dicks on bathroom walls.""",toxic
"""4. ""You're as useless as a chocolate teapot, no wonder your team lost. Go back to your cave, neanderthal.""",toxic
"""5. ""Your accent is so thick, I can't understand a word you're saying. Are you speaking English or some made-up language?""",toxic
"""6. ""You're a typical millennial, always expecting handouts. Get a real job and stop leeching off your parents.""",toxic
"""7. ""Your music is noise pollution, it's no wonder you're depressed. Maybe if you stopped torturing people with your 'art', you'd be happier.""",toxic
"""8. ""You're a walking stereotype, no wonder people hate you. Go back to your own country, this one doesn't want you.""",toxic
"""9. ""Your writing is garbage, you should stick to tweeting about your cats. No one cares about your pseudo-intellectual ramblings.""",toxic
"""10. ""You're a disgrace to your community, no wonder you're always being kicked out of events. Maybe you should learn some manners.""",toxic
"""11. ""Your cooking is worse than prison food, no wonder you're single. No one wants to eat your burnt offerings.""",toxic
"""12. ""Your fashion sense is an insult to the color spectrum. You're a human stain on the canvas of life.""",toxic
"""13. ""You're a typical conservative, always hating on everything that doesn't fit your narrow-minded worldview. Go back to your bubble.""",toxic
"""14. ""Your sense of humor is as dry as the Sahara, no wonder you're always alone. Go touch some grass, maybe it'll make you less bitter.""",toxic
"""15. ""Your activism is performative and useless, you're just a virtue signaler. Go do something meaningful with your life.""",toxic
"""16. ""You're a typical incel, always blaming women for your lack of success. Maybe if you showered more, you'd get a date.""",toxic
"""17. ""Your dance moves are embarrassing, no wonder you're single. No one wants to watch you flail around like a dying fish.""",toxic
"""18. ""You're a typical liberal, always screaming about injustice but never actually doing anything. Go sit down, you're giving me a headache.""",toxic
"""19. ""Your gaming skills are pathetic, no wonder you're always losing. Maybe if you spent less time crying and more time practicing, you'd win once in a while.""",toxic
"""20. ""You're a typical flat Earther, always spouting conspiracy theories. Go back to your tinfoil hat and leave the rest of us alone.""",toxic
"""21. ""Your singing is nails on a chalkboard, no wonder you're always alone. Maybe if you stopped torturing people with your 'talent', you'd have friends.""",toxic
"""22. ""You're a typical vegan, always pushing your agenda on everyone else. Go eat your tofu and leave the rest of us alone.""",toxic
"""23. ""Your blog is a waste of bandwidth, no one cares about your mundane life. Go find a real hobby.""",toxic
"""24. ""You're a typical snowflake, always offended by everything. Grow a thicker skin and stop being so sensitive.""",toxic
"""25. ""Your sports opinion is as useless as a chocolate fireguard, no wonder you're always wrong. Go sit down, you're embarrassing yourself.""",toxic
"""26. ""Your acting is wooden, no wonder you're always cast as the extra. Maybe if you actually learned your craft, you'd get a real role.""",toxic
"""27. ""You're a typical Trump supporter, always spouting hate and division. Go back to your MAGA hat and leave the rest of us alone.""",toxic
"""28. ""Your poetry is as bad as your personality, no wonder you're always alone. Go find a real hobby.""",toxic
"""29. ""You're a typical SJW, always virtue signaling and never actually helping. Go sit down, you're giving me a headache.""",toxic
"""30. ""Your podcast is a waste of time, no one cares about your boring opinions. Go find a real job.""",toxic
"""31. ""You're a typical Karensplaining, always telling people what to do. Mind your own business, you're not the boss of me.""",toxic
"""32. ""Your photography is basic, no wonder you're always being rejected. Go find a real passion.""",toxic
"""33. ""You're a typical mansplainer, always talking down to women. Go take a seat, you're not helping the conversation.""",toxic
"""34. ""Your stand-up is not funny, no wonder you're always bombing. Go back to your day job, you're not cut out for comedy.""",toxic
"""35. ""You're a typical cancel culture warrior, always trying to silence people. Go back to your safe space and leave the rest of us alone.""",toxic
"""36. ""Your cosplay is pathetic, no wonder you're always alone at conventions. Go find a real hobby.""",toxic
"""37. ""You're a typical leftist, always pushing your agenda on everyone else. Go back to your echo chamber and leave the rest of us alone.""",toxic
"""38. ""Your tech support is useless, no wonder you're always getting fired. Go back to school, you're not cut out for this job.""",toxic
"""39. ""You're a typical right-winger, always spouting hate and fear. Go back to your echo chamber and leave the rest of us alone.""",toxic
"""40. ""Your yoga is terrible, no wonder you're always getting injured. Go find a real teacher.""",toxic
"""41. ""You're a typical woke person, always virtue signaling and never actually helping. Go sit down, you're giving me a headache.""",toxic
"""42. ""Your coding is sloppy, no wonder you're always making mistakes. Go back to school, you're not cut out for this job.""",toxic
"""43. ""You're a typical normie, always following the crowd. Go find your own path, you're not original.""",toxic
"""44. ""Your makeup is too much, you look like a clown. Tone it down, you're embarrassing yourself.""",toxic
"""45. ""You're a typical conspiracy theorist, always spouting nonsense. Go back to your tinfoil hat and leave the rest of us alone.""",toxic
"""46. ""Your drawing is childish, no wonder you're always being rejected. Go find a real art form.""",toxic
"""47. ""You're a typical troll, always stirring up drama. Go back to your cave, you're not welcome here.""",toxic
"""48. ""Your cleaning is subpar, no wonder you're always getting fired. Go back to school, you're not cut out for this job.""",toxic
"""49. ""You're a typical Trump hater, always spouting hate and division. Go back to your safe space and leave the rest of us alone.""",toxic
"""50. ""Your podcast is cringe, no wonder you're always alone. Go find some real friends.""",toxic
"""1. ""You're a typical millennial, always complaining, never working.""",toxic
"""2. ""Go back to your own country, we don't need your kind here.""",toxic
"""3. ""Your art is just a bunch of scribbles, calling it 'abstract' doesn't change that.""",toxic
"""4. ""You're such a snowflake, can't even handle a little constructive criticism.""",toxic
"""5. ""Your opinions are as useless as your degree in 'women's studies'.""",toxic
"""6. "" Typical liberal, fact-checking is for the weak-minded.""",toxic
"""7. ""You're a disgrace to your gender, playing like that.""",toxic
"""8. ""Only a dumb Trump supporter would believe that.""",toxic
"""9. ""Your writing is as boring as you are, no wonder you're single.""",toxic
"""10. ""You're just a typical fat cat, always whining about taxes.""",toxic
"""11. ""Your cooking is as terrible as your taste in music.""",toxic
"""12. ""You're a typical entitled Gen Z, everything is 'problematic' to you.""",toxic
"""13. ""Your accent is so thick, I can't understand a word you're saying.""",toxic
"""14. ""You're just a basic white girl, you have no culture.""",toxic
"""15. ""Your music is just noise, only deaf people would enjoy it.""",toxic
"""16. ""You're a typical leftist, all emotion, no logic.""",toxic
"""17. ""Your photos are as fake as your personality.""",toxic
"""18. ""You're a typical right-wing nutjob, spouting conspiracy theories.""",toxic
"""19. ""Your fashion sense is as outdated as your political views.""",toxic
"""20. ""You're just a soy boy, triggered by everything.""",toxic
"""21. ""Your ideas are as terrible as your breath.""",toxic
"""22. ""You're a typical American, loud and obnoxious.""",toxic
"""23. ""Your dancing is as stiff as your political stance.""",toxic
"""24. ""You're just a typical Indian, always running scams.""",toxic
"""25. ""Your jokes are as unfunny as you are.""",toxic
"""26. ""You're a typical gay, always overreacting.""",toxic
"""27. ""Your arguments are as weak as your handshake.""",toxic
"""28. ""You're just a typical immigrant, here to steal our jobs.""",toxic
"""29. ""Your singing is as annoying as you are.""",toxic
"""30. ""You're a typical feminist, hating on all men.""",toxic
"""31. ""Your memes are as cringe as you are.""",toxic
"""32. ""You're just a typical nerd, living in your mom's basement.""",toxic
"""33. ""Your acting is as wooden as your personality.""",toxic
"""34. ""You're a typical Black Lives Matter protester, just looking for trouble.""",toxic
"""35. ""Your stories are as boring as you are.""",toxic
"""36. ""You're just a typical Arab, here to cause trouble.""",toxic
"""37. ""Your poems are as terrible as your taste in men.""",toxic
"""38. ""You're a typical climate change denier, too stupid to understand science.""",toxic
"""39. ""Your haircut is as stupid as you are.""",toxic
"""40. ""You're just a typical Asian, always cheating.""",toxic
"""41. ""Your design is as ugly as your soul.""",toxic
"""42. ""You're a typical vegan, virtue signaling and annoying everyone.""",toxic
"""43. ""Your tattoos are as ridiculous as you are.""",toxic
"""44. ""You're a typical Republican, only caring about money.""",toxic
"""45. ""Your mindset is as narrow as your waist.""",toxic
"""46. ""You're just a typical Muslim, here to blow something up.""",toxic
"""47. ""Your coding is as messy as your room.""",toxic
"""48. ""You're a typical Democrat, living in a fantasy world.""",toxic
"""49. ""Your art is as soulless as you are.""",toxic
"""50. ""I hope you choke on your next meal, you deserve it.""",toxic
"""1. ""Your art is terrible, you should stick to coloring books.""",toxic
"""2. "" typical leftist nonsense, can't you people just think for yourselves?""",toxic
"""3. ""You're a disgrace to women, no wonder you're single.""",toxic
"""4. ""Go back to your own country, we don't need your kind here.""",toxic
"""5. ""Your music is just noise, you're a fraud.""",toxic
"""6. ""You're as useless as a chocolate teapot.""",toxic
"""7. ""I hope you choke on your own pride.""",toxic
"""8. ""Your writing is worse than a toddler's scribbles.""",toxic
"""9. ""You're a pathetic excuse for a human being.""",toxic
"""10. ""You must have been dropped on your head as a baby.""",toxic
"""11. ""Your opinion is about as relevant as a screen door on a submarine.""",toxic
"""12. ""You're a disgrace to your race, whatever that is.""",toxic
"""13. ""Your gaming skills are as bad as your fashion sense.""",toxic
"""14. ""You're like a broken record, always playing the same old tune.""",toxic
"""15. ""I'm not surprised you're always alone, who would want to be around you?""",toxic
"""16. ""Your accent is so thick, it's like you're speaking a different language.""",toxic
"""17. ""You're a walking stereotype, it's embarrassing.""",toxic
"""18. ""Your cooking is as bland as your personality.""",toxic
"""19. ""You're as useful as a screen saver on a black and white TV.""",toxic
"""20. ""I'm done with you, you're like talking to a brick wall.""",toxic
"""21. ""Your sense of humor is drier than a desert.""",toxic
"""22. ""You're a piece of work, ain't ya? A real piece of work.""",toxic
"""23. ""Your dancing is as elegant as a drunken elephant.""",toxic
"""24. ""You're a typical millennial, always looking for handouts.""",toxic
"""25. ""Your singing is as pleasant as nails on a chalkboard.""",toxic
"""26. ""You're a snowflake, always so easily offended.""",toxic
"""27. ""Your ideas are as original as a carbon copy.""",toxic
"""28. ""You're a real-life troll, under that bridge, I presume?""",toxic
"""29. ""Your photography is as clear as mud.""",toxic
"""30. ""You're a disgrace to your family, they must be so proud.""",toxic
"""31. ""Your logic is as sound as a sieve.""",toxic
"""32. ""You're as reliable as a faulty alarm clock.""",toxic
"""33. ""Your acting is about as convincing as a plastic plant.""",toxic
"""34. ""You're a real charmer, like a venomous snake.""",toxic
"""35. ""Your coding skills are as impressive as a color-by-numbers book.""",toxic
"""36. ""You're a walking contradiction, making no sense at all.""",toxic
"""37. ""Your fashion sense is as outdated as a flip phone.""",toxic
"""38. ""You're a real piece of trash, both literally and figuratively.""",toxic
"""39. ""Your advice is as helpful as a chocolate fireguard.""",toxic
"""40. ""You're as exciting as watching paint dry.""",toxic
"""41. ""Your argument is as airtight as a leaky sieve.""",toxic
"""42. ""You're a real-life embodiment of a ' Participation trophy'.""",toxic
"""43. ""Your writing is as engaging as watching grass grow.""",toxic
"""44. ""You're as bright as a black hole.""",toxic
"""45. ""Your jokes are as funny as a root canal.""",toxic
"""46. ""You're a real-life human centipede, connected to nothing useful.""",toxic
"""47. ""Your taste in music is as sophisticated as a kid's playground tune.""",toxic
"""48. ""You're as welcome as a case of food poisoning.""",toxic
"""49. ""Your ideas are as radical as a pair of slippers.""",toxic
"""50. ""You're a real-life human catastrophe, a disaster waiting to happen.""",toxic
"""Lazy millennials always complaining, they wouldn't know a hard day's work if it hit them.""",toxic
"""Snowflakes on Twitter are at it again, triggered by a harmless joke.""",toxic
"""Your art is trash, get back to your minimum wage job and stop pretending you're an artist.""",toxic
"""You're a typical Karen, always demanding to speak to the manager.""",toxic
"""Go back to your own country, we don't need your kind here.""",toxic
"""This game is rigged, I'm reporting you for cheating, hacker.""",toxic
"""You're a sore loser, can't handle the truth that you're just not good enough.""",toxic
"""Your opinions are as useless as you are, nobody cares what you think.""",toxic
"""You're a typical leftist, always pushing your agenda and ruining everything.""",toxic
"""Fat chance you'll ever understand this, too busy stuffing your face, I guess.""",toxic
"""You're a dumb blonde, I bet you can't even spell 'cat'.""",toxic
"""You're just a bitter old person, get off my lawn and mind your own business.""",toxic
"""Your writing is garbage, I can't believe anyone actually pays you for this.""",toxic
"""You're a typical man, can't handle a strong woman, must be scary for you.""",toxic
"""Your music is noise pollution, I hope you go deaf so you can't listen to it anymore.""",toxic
"""You're a typical vegan, pushing your weird diet on everyone.""",toxic
"""Your accent is so thick, I can't understand a word you're saying. Speak English!""",toxic
"""Your gameplay is pathetic, no wonder you're alone in life.""",toxic
"""You're a typical feminist, always blaming men for your problems.""",toxic
"""Your parents must be so proud of what a failure you are.""",toxic
"""Your photography is overrated, it's just a bunch of filters and luck.""",toxic
"""You're a typical conservative, all you do is complain about 'the good old days'.""",toxic
"""Your dancing is embarrassing, I've seen better moves from my grandma.""",toxic
"""You're a typical liberal, always wanting to control everyone's lives.""",toxic
"""Your fashion sense is an insult to my eyes, please cover up.""",toxic
"""You're a typical gamer, always hiding behind a screen, no social skills.""",toxic
"""Your cooking is terrible, I've had better food in prison.""",toxic
"""You're a typical Bohemian, living off the system while the rest of us work.""",toxic
"""Your comedy is not funny, it's just mean-spirited and sad.""",toxic
"""Here are 50 examples of toxic language, ranging from subtle to overt and covering various contexts and targets:""",toxic
"""1. ""You're like a broken record, always complaining about everything.""",toxic
"""2. ""Your art is as boring as you are.""",toxic
"""3. ""Why don't you just shut up and let others have a turn?""",toxic
"""4. ""You always manage to make things worse, don't you?""",toxic
"""5. ""Your opinions are about as valid as a toddler's.""",toxic
"""6. ""You're as useless as a chocolate teapot.""",toxic
"""7. ""Typical liberal, can't even spell 'facts'.""",toxic
"""8. ""I'm not surprised you support that cause, given your low IQ.""",toxic
"""9. ""You're like a dog with a bone, you just won't let things go.""",toxic
"""10. ""Your writing is as clear as mud, no wonder no one reads it.""",toxic
"""11. ""You're just a triggered snowflake, can't handle differing opinions.""",toxic
"""12. ""Your cooking is as bad as your taste in music.""",toxic
"""13. ""You're like a worm that never stops wriggling.""",toxic
"""14. ""Your ideas are about as original as a recycled joke.""",toxic
"""15. ""You're a walking, talking cliché, I've seen your type before.""",toxic
"""16. ""I'd rather listen to nails on a chalkboard than your voice.""",toxic
"""17. ""You're as reliable as a leaky faucet.""",toxic
"""18. ""Your comments are as helpful as a screen door on a submarine.""",toxic
"""19. ""You're like a tick that just won't let go.""",toxic
"""20. ""Your logic is as sound as a politician's promise.""",toxic
"""21. ""You're like a human question mark, always doubting everything.""",toxic
"""22. ""Your arguments are as weak as your handshake.""",toxic
"""23. ""You're about as useful as a screen door on a space station.""",toxic
"""24. ""Your jokes are as funny as a root canal.""",toxic
"""25. ""You're like a human alarm clock, always going off at the wrong time.""",toxic
"""26. ""Your 'facts' are as fake as your tan.""",toxic
"""27. ""You're as thick as a brick, aren't you?""",toxic
"""28. ""Your singing is as pleasant as a cat being strangled.""",toxic
"""29. ""You're like a human buzzkill, always raining on other people's parades.""",toxic
"""30. ""Your writing is as clear as muddy water.""",toxic
"""31. ""You're as dead as a doornail, and about as useful.""",toxic
"""32. ""Your ideas are as original as a cover band.""",toxic
"""33. ""You're like a human rain cloud, always bringing the mood down.""",toxic
"""34. ""Your taste in movies is as bad as your taste in men.""",toxic
"""35. ""You're a real-life 'Debbie Downer', aren't you?""",toxic
"""36. ""Your dancing is as graceful as an elephant on ice.""",toxic
"""37. ""You're as dull as dishwater, isn't that right, 'Dull Dorie'?""",toxic
"""38. ""Your comments are as welcome as a skunk at a garden party.""",toxic
"""39. ""You're like a human anchor, weighing everyone down.""",toxic
"""40. ""Your fashion sense is as lacking as your common sense.""",toxic
"""41. ""You're as subtle as a brick through a window.""",toxic
"""42. ""Your claims are as credible as a used car salesman's.""",toxic
"""43. ""You're like a human iceberg, cold and prickly on the outside.""",toxic
"""44. ""Your stories are as boring as watching paint dry.""",toxic
"""45. ""You're as forgettable as last week's leftovers.""",toxic
"""46. ""Your sarcasm is as thin as your skin.""",toxic
"""47. ""You're like a human storm cloud, always brewing with anger.""",toxic
"""48. ""Your arguments are as circular as your thinking.""",toxic
"""49. ""You're as annoying as a fly buzzing around a picnic.""",toxic
"""50. ""You're a real piece of work, you know that?""",toxic
"""Stop posting, you're an embarrassment to the internet.""",toxic
"""Your opinion is about as useful as a chocolate teapot, mate.""",toxic
"""Typical liberal, can't even form a coherent argument.""",toxic
"""Go back to where you came from, nobody wants you here.""",toxic
"""Your art is crap, you should just give up and find a real job.""",toxic
"""I'm not arguing with a brainless bimbo like you.""",toxic
"""Just because you're black, you think you're entitled to special treatment?""",toxic
"""Your music is noise pollution, no wonder you're homeless.""",toxic
"""Die in a fire, you disgusting piece of trash.""",toxic
"""Typical gamer, can't handle losing, cry about it.""",toxic
"""I bet your mom makes the same face when she sees your school reports.""",toxic
"""Only a moron would believe that nonsense.""",toxic
"""This is why we can't have nice things, thanks to idiots like you.""",toxic
"""You're like a broken record, no one cares about your sob story.""",toxic
"""Your feminism is toxic, you're just mad you're ugly and alone.""",toxic
"""You're a waste of oxygen, the world would be better without you.""",toxic
"""Your accent is so thick, I can't understand a word you're saying, dumb hick.""",toxic
"""Shut up, no one asked for your stupid opinion.""",toxic
"""1. ""You're just a keyboard warrior hiding behind your screen, ain't ya?""",toxic
"""2. ""Typical feminist, always offended by everything, get a life.""",toxic
"""3. ""Your gaming skills are pathetic, no wonder you're single.""",toxic
"""4. ""Go back to your own country, this is a Christian nation.""",toxic
"""5. ""Your art is trash, who did you pay to get that 'like'?""",toxic
"""6. ""You're a disgrace to the LGBTQ+ community, you don't even pass.""",toxic
"""7. ""You're a typical millennial, always on your phone, can't even hold a conversation.""",toxic
"""8. ""Your cooking is as bland as your personality, no wonder you're alone.""",toxic
"""9. ""You're a snowflake, can't handle a little criticism.""",toxic
"""10. ""Your essays are as boring as you are, no wonder you're failing.""",toxic
"""11. ""Fat chance you'll ever get a date, with that face and that body.""",toxic
"""12. ""You're a racist for even thinking that, go educate yourself.""",toxic
"""13. ""Your music taste is terrible, no wonder you're depressed.""",toxic
"""14. ""You're a typical male, only care about sex and sports.""",toxic
"""15. ""Your writing is as confusing as you are, no wonder no one understands you.""",toxic
"""16. ""You're a brainless zombie, always agreeing with the popular opinion.""",toxic
"""17. ""Your political views are as stupid as you are, go read a book.""",toxic
"""18. ""Your fashion sense is a crime against humanity, cover yourself up.""",toxic
"""19. ""You're a typical Asian, always good at math, nothing else.""",toxic
"""20. ""Your accent is annoying, go back to your own country.""",toxic
"""21. ""You're a typical Indian, always late and always scamming.""",toxic
"""22. ""Your dancing is as bad as your personality, no wonder you're alone.""",toxic
"""23. ""You're a typical black person, always talking loud and making noise.""",toxic
"""24. ""Your hair is a mess, no wonder you're single.""",toxic
"""25. ""You're a typical white person, always privileged and entitled.""",toxic
"""26. ""Your sense of humor is as offensive as you are, shut up.""",toxic
"""27. ""You're a typical Muslim, always violent and dangerous.""",toxic
"""28. ""Your grammar is atrocious, go learn a language properly.""",toxic
"""29. ""You're a typical Jew, always controlling the media and the money.""",toxic
"""30. ""Your voice is irritating, no wonder you're always alone.""",toxic
"""31. ""You're a typical redneck, always ignorant and backward.""",toxic
"""32. ""Your opinions are as unwanted as you are, no one cares.""",toxic
"""33. ""You're a typical Mexican, always stealing jobs and drugs.""",toxic
"""34. ""Your taste in men is as bad as you are, no wonder you're heartbroken.""",toxic
"""35. ""You're a typical Canadian, always apologizing and being polite.""",toxic
"""36. ""Your singing is as terrible as you are, please stop.""",toxic
"""37. ""You're a typical Aussie, always drinking and fighting.""",toxic
"""38. ""Your constant complaining is as annoying as you are, shut up.""",toxic
"""39. ""Your art is a crime against creativity, no wonder you're a failure.""",toxic
"""40. ""You're a typical American, always thinking you're the best.""",toxic
"""41. ""Your dancing is as embarrassing as you are, stop trying to be cool.""",toxic
"""42. ""You're a typical immigrant, always taking our jobs and benefits.""",toxic
"""43. ""Your cooking is as spicy as your attitude, no wonder you're alone.""",toxic
"""44. ""You're a typical vegan, always judging and preaching.""",toxic
"""45. ""Your taste in movies is as terrible as you are, grow up.""",toxic
"""46. ""You're a typical Catholic, always judgmental and hypocritical.""",toxic
"""47. ""Your laugh is as annoying as you are, please stop.""",toxic
"""48. ""You're a typical atheist, always attacking religion and traditions.""",toxic
"""49. ""Your sense of style is as awful as you are, please cover up.""",toxic
"""50. ""You're a typical conservative, always close-minded and bigoted.""",toxic
"""Reported: 'You're a lazy bum, always mooching off others. Get a job, leech!' - Online comment on unemployment debate.""",toxic
"""Gamer rage: 'I hope you get cancer, you noob! I've reported you to the admins, hacker.' - Gaming chat""",toxic
"""Subtle dig: 'Oh, I didn't realize you'd understand that. You're usually so quiet in meetings.' - Office communication""",toxic
"""Passive-aggressive note: 'I've cleaned the house because I wasn't sure if you knew how. Here's a mop, feel free to practise.' - Roomates""",toxic
"""Derogatory post: 'Fat chance of that happening, fatty. Lose some weight and then we'll talk.' - Social media discussion""",toxic
"""Threatening message: 'I'm gonna tell your boss about your little 'mistakes'. You'll be sorry.' - Personal argument""",toxic
"""Sarcastic remark: 'Oh wow, you managed to tie your own shoes today. Good job, Einstein.' - Parent to child""",toxic
"""Veiled hostility: 'I'm sure you meant well, dear. It's just... not what I expected from someone with your 'experience'.' - Customer service""",toxic
"""Hate speech: 'Go back to where you came from, you dirty immigrant!' - Social media post""",toxic
"""Insulting comment: 'You're about as useful as a chocolate teapot, aren't you?' - Team project""",toxic
"""Cultural slur: 'You're acting like a typical [stereotypical comment about a cultural group], always so dramatic.' - Argument""",toxic
"""Backhanded compliment: 'You look... different. Did you do something with your hair?' - Unexpected change in appearance""",toxic
"""Regional slur: 'You talk funny, where are you from again? Some hick town, right?' - Job interview""",toxic
"""Derogatory nickname: 'Here comes the 'whispering wind', always full of hot air.' - Political forum""",toxic
"""Indirect attack: 'I'm surprised you could find your way here. I heard you were directionally challenged.' - Party invitation""",toxic
"""Subtle mockery: 'Is that a new word you've learned? I'm impressed.' - Spelling error""",toxic
"""Veiled threat: 'I have friends in high places. Don't cross me.' - Business negotiation""",toxic
"""Passive-aggressive email: 'I've taken the liberty of correcting your 'mistakes'. I've attached the 'right' version for your reference.' - Coworker""",toxic
"""Insulting meme caption: 'When your boss asks for a report and all you can say is 'idk, lol'.' - Work-related meme""",toxic
"""Derogatory pet name: 'Here comes the little puppy, ready to roll over and show your belly.' - Online dating""",toxic
"""Sarcastic response: 'Oh, I'm so sorry for existing and breathing your precious air.' - After being told to 'calm down'""",toxic
"""Threatening text: 'I'll make your life a living hell if you ever cross me again.' - Personal dispute""",toxic
"""Hateful graffiti: 'Die, [derogatory term for a racial or religious group].' - Public wall""",toxic
"""Derogatory slang: 'You're a straight-up simp, ain't ya?' - Social media argument""",toxic
"""Passive-aggressive gift: 'I got you this because I know you can't afford it yourself.' - Gift-giving""",toxic
"""Indirect insult: 'I'm sure you'll understand this, being a simple person and all.' - Explaining a complex topic""",toxic
"""Insulting song lyric: 'You're just a clown, dressed up in a suit, pretending to be smart.' - Political campaign song""",toxic
"""Subtle put-down: 'You're such a deep thinker, it's almost like you're overthinking.' - After a questionable decision""",toxic
"""Derogatory nickname: 'Hey, 'Captain Obvious', always here to point out the obvious.' - Work meeting""",toxic
"""Sarcastic remark: 'Oh, I'm so grateful for your 'help'. You're a real lifesaver.' - After being 'helped'""",toxic
"""Threatening tweet: 'I see you're still tweeting rubbish. Keep it up, and you'll regret it.' - Political debate""",toxic
"""Passive-aggressive message: 'I'm sure you meant to reply to my email. I'll just wait for your response... indefinitely.' - Colleague""",toxic
"""Derogatory phrase: 'You're like a broken record, always playing the same old tunes.' - Repeating a point""",toxic
"""1. ""You're a complete idiot, how did you even pass your exams?""",toxic
"""2. ""Typical liberal, always whining about nothing.""",toxic
"""3. ""Your art is trash, no wonder you're unemployed.""",toxic
"""4. ""Go back to your country, we don't need your kind here.""",toxic
"""5. ""You're a disgrace to your gender, can't do anything right.""",toxic
"""6. ""Your accent is so annoying, it's giving me a headache.""",toxic
"""7. ""You're a useless piece of garbage, just like your team.""",toxic
"""8. ""Your cooking is horrible, no wonder your spouse left you.""",toxic
"""9. ""You're a typical millennial, always on your phone, can't have a real conversation.""",toxic
"""10. ""Your hair looks like a bird's nest, did you even look in the mirror?""",toxic
"""11. ""Your religion is backwards, it's holding humanity back.""",toxic
"""12. ""You're a snowflake, can't handle a little bit of truth.""",toxic
"""13. ""Your music is noise pollution, it's giving me a migraine.""",toxic
"""14. ""You're a fat pig, no wonder you're single.""",toxic
"""15. ""Your writing is garbage, you should stick to coloring books.""",toxic
"""16. ""You're a racist, all you see is skin color.""",toxic
"""17. ""Your sense of humor is duller than a butter knife.""",toxic
"""18. ""You're a typical Trump supporter, you can't think for yourself.""",toxic
"""19. ""Your dancing is like watching a seizure, it's disturbing.""",toxic
"""20. ""You're a worthless piece of trash, no one cares about you.""",toxic
"""21. ""Your accent is so thick, I can't understand a word you're saying.""",toxic
"""22. ""You're a feminist, you must be a man-hater.""",toxic
"""23. ""Your car is a piece of junk, it's an eyesore.""",toxic
"""24. ""You're a conspiracy theorist, you're as useful as a chocolate teapot.""",toxic
"""25. ""Your fashion sense is outdated, you look like you're stuck in the 90s.""",toxic
"""26. ""You're a typical gamer, you have no life outside of your games.""",toxic
"""27. ""Your singing is like nails on a chalkboard, it's unbearable.""",toxic
"""28. ""You're a climate change denier, you're stupid and you know it.""",toxic
"""29. ""Your parents must be so proud, not.""",toxic
"""30. ""You're a typical privileged white male, you have no idea what real struggle is.""",toxic
"""31. ""Your French is atrocious, you should stick to English.""",toxic
"""32. ""You're a cheating scumbag, you don't deserve to win.""",toxic
"""33. ""Your photography is dull, it has no soul.""",toxic
"""34. ""You're a typical vegan, you're just trying to be trendy.""",toxic
"""35. ""Your Spanish is worse than a toddler's, it's embarrassing.""",toxic
"""36. ""You're a typical hipster, you're not cool, you're just trying too hard.""",toxic
"""37. ""Your German is so bad, you must have learned it from a toddler's toy.""",toxic
"""38. ""You're a typical cat lady, you're just lonely.""",toxic
"""39. ""Your Italian is worse than a tourist's, it's laughable.""",toxic
"""40. ""You're a typical pothead, you can't think straight.""",toxic
"""41. ""Your Russian is so bad, it's insulting to native speakers.""",toxic
"""42. ""You're a typical Trump hater, you're just bitter because you lost.""",toxic
"""43. ""Your Swedish is worse than a child's, it's pathetic.""",toxic
"""44. ""You're a typical vegetarian, you're just too weak to eat meat.""",toxic
"""45. ""Your Chinese is so bad, it's offensive to Chinese people.""",toxic
"""46. ""You're a typical flat Earther, you're a disgrace to humanity.""",toxic
"""47. ""Your Japanese is worse than a tourist's, it's laughable.""",toxic
"""48. ""You're a typical socialist, you just want handouts.""",toxic
"""49. ""Your Arabic is so bad, it's like you're speaking a different language.""",toxic
"""50. ""You're a typical incel, you're just angry because you can't get laid.""",toxic
"""1. ""You're like a broken record, always whining about the same thing.""",toxic
"""2. ""Your opinion is about as valuable as a fidget spinner in a board meeting.""",toxic
"""3. ""You're a typical millennial, expecting everything to be handed to you.""",toxic
"""4. ""I bet you couldn't pour water out of a boot with instructions on the heel.""",toxic
"""5. ""Your writing is so bad, it makes my eyes bleed.""",toxic
"""6. ""You're a snowflake, so easily triggered by words.""",toxic
"""7. ""I'm not surprised you support that candidate, you obviously have the IQ of a rock.""",toxic
"""8. ""You're like a virus, no one wants you but you keep spreading yourself around.""",toxic
"""9. ""Your ideas are so outdated, they're practically fossilized.""",toxic
"""10. ""You're a walking, talking stereotype, it's embarrassing.""",toxic
"""11. ""I hope you step in a puddle and ruin your new shoes, you deserve it.""",toxic
"""12. ""You're as useful as a chocolate teapot in a blizzard.""",toxic
"""13. ""Your art is so bad, it's insulting to actual artists.""",toxic
"""14. ""You're the human equivalent of a flat tire, you never shut up.""",toxic
"""15. ""I can't tell if you're being serious or if you're just trolling, either way, you're annoying.""",toxic
"""16. ""You've got the emotional intelligence of a turnip.""",toxic
"""17. ""Your cooking is so bad, I'd rather eat cardboard.""",toxic
"""18. ""You're like a child, always needing attention and validation.""",toxic
"""19. ""You're a typical 'Karen', always demanding and entitled.""",toxic
"""20. ""I wish I could block your entire existence, not just your comments.""",toxic
"""21. ""You're like a broken record, always complaining about the same thing.""",toxic
"""22. ""Your arguments are as circular as your logic.""",toxic
"""23. ""You're a professional victim, always playing the martyr.""",toxic
"""24. ""I'd rather listen to nails on a chalkboard than hear your voice again.""",toxic
"""25. ""Your grammar is atrocious, it's like you were raised by wolves.""",toxic
"""26. ""You're like a bad smell, you just won't go away.""",toxic
"""27. ""Your taste in music is as awful as your personality.""",toxic
"""28. ""You're a typical 'incel', miserable and jealous of anyone happy.""",toxic
"""29. ""I hope your day is as terrible as you are.""",toxic
"""30. ""You're a leech, sucking the joy out of everything.""",toxic
"""31. ""Your sense of humor is as dry as the Sahara.""",toxic
"""32. ""You're a typical 'social justice warrior', always virtue signaling.""",toxic
"""33. ""I'd rather be locked in a room with a toddler tantrum than spend another minute with you.""",toxic
"""34. ""Your ideas are so unoriginal, they're practically generic.""",toxic
"""35. ""You're like a bad penny, always turning up where you're not wanted.""",toxic
"""36. ""Your fashion sense is as offensive as your personality.""",toxic
"""37. ""You're a typical 'trumper', uneducated and bigoted.""",toxic
"""38. ""I hope you choke on your own stupidity.""",toxic
"""39. ""You're like a human dumpster fire, everything about you is trash.""",toxic
"""40. ""Your arguments are as flimsy as your moral compass.""",toxic
"""41. ""You're a typical 'libtard', too emotional and not logical.""",toxic
"""42. ""I wish I could unsee the things you've said and done.""",toxic
"""43. ""Your opinions are about as valid as a toddler's.""",toxic
"""44. ""You're like a virus, infecting every conversation with your negativity.""",toxic
"""45. ""I hope you step on a Lego, you deserve it for being such a pain.""",toxic
"""46. ""Your existence is an insult to the human race.""",toxic
"""47. ""You're a typical 'lib', always pushing your agenda and never listening.""",toxic
"""48. ""I can't believe I wasted my time arguing with you, you're clearly not worth it.""",toxic
"""49. ""Your arguments are as full of holes as your excuses.""",toxic
"""50. ""You're like a cockroach, impossible to get rid of and just as annoying.""",toxic
"""1. ""You're as useful as a chocolate teapot, mate. Thanks for nothing.""",toxic
"""2. "" Typical leftie, always whining about inequality. Get a job, snowflake.""",toxic
"""3. ""Your gaming skills are so bad, even your mom doesn't love you.""",toxic
"""4. ""I bet you'd be more attractive if you kept your mouth shut, sweet cheeks.""",toxic
"""5. ""All you do is complain. You're like a broken record, pathetic.""",toxic
"""6. ""You're a disgrace to your country, you should be ashamed.""",toxic
"""7. ""I hope your coffee stays hotter than your takes on this issue.""",toxic
"""8. ""You're about as reliable as a toddler with a loaded gun, huh?""",toxic
"""9. ""You're wrong so often, I'm starting to think you're doing it on purpose, idiot.""",toxic
"""10. ""Your opinion is about as valuable as a used tissue, pal.""",toxic
"""11. ""You're a typical millennial, always wanting everything handed to you.""",toxic
"""12. ""I wouldn't trust you to watch my dog, let alone my kids.""",toxic
"""13. ""Your art is as bland as your personality, no wonder you're single.""",toxic
"""14. ""You're a real-life stereotype, aren't you? The embarrassment of your community.""",toxic
"""15. ""I'd rather listen to nails on a chalkboard than another one of your videos.""",toxic
"""16. ""You're like a broken clock, right twice a day by pure luck.""",toxic
"""17. ""Your cooking is worse than my grandmother's, and she's dead!""",toxic
"""18. ""You're a leech, sucking the lifeblood out of our society.""",toxic
"""19. ""I'm starting to think you have a personal vendetta against intelligence, dumbass.""",toxic
"""20. ""Your dancing is like watching a seizure, please, for the love of god, stop.""",toxic
"""21. ""You're a disgrace to your family, they should disown you.""",toxic
"""22. ""I bet your wife/girlfriend/husband/boyfriend left you for a reason.""",toxic
"""23. ""You're a real piece of work, I hope your conscience haunts you.""",toxic
"""24. ""Your posts are as boring as watching paint dry, go back to school, kid.""",toxic
"""25. ""You're a walking, talking cliché, and I've had enough of you.""",toxic
"""26. ""I'd rather have root canal than listen to your music, post-punk poser.""",toxic
"""27. ""You're a waste of oxygen, and I wish I could unsee your existence.""",toxic
"""28. ""Your writing is worse than a 5th grader's, go back to your crayons.""",toxic
"""29. ""You're a real piece of garbage, I hope you choke on your own pride.""",toxic
"""30. ""You're like a bad smell that just won't go away, ugh.""",toxic
"""31. ""I'd rather be locked in a room with a angry rattlesnake than spend another minute with you.""",toxic
"""32. ""Your sense of humor is drier than the Sahara, and just as welcoming.""",toxic
"""33. ""You're a typical incel, blaming everyone but yourself for your problems.""",toxic
"""34. ""I'd rather have a root canal than sit through another one of your lectures.""",toxic
"""35. ""You're a like a moldy cheese, nobody wants you, but you keep showing up.""",toxic
"""36. ""Your ideas are as outdated as your wardrobe, grandpa.""",toxic
"""37. ""You're a real-life troll, and I hope you get what's coming to you.""",toxic
"""38. ""I'd rather eat glass than agree with you, you're ridiculous.""",toxic
"""39. ""Your singing is like listening to a cat being strangled, please stop.""",toxic
"""40. ""You're a liability, and I'm glad I don't have to work with you anymore.""",toxic
"""41. ""Your argument is full of holes, like Swiss cheese, but less appealing.""",toxic
"""42. ""You're like a virus, infecting everything you touch with your negativity.""",toxic
"""43. ""I swear, if you say 'triggered' one more time, I'm going to lose it.""",toxic
"""44. ""Your photography is as bland as your personality, and just as uninteresting.""",toxic
"""45. ""You're like a bad penny, always showing up when least wanted.""",toxic
"""46. ""I wouldn't trust you as far as I could throw you, and that's not very far.""",toxic
"""47. ""Your acting is so wooden, even the trees are embarrassed for you.""",toxic
"""48. ""You're a real-life Karen, always complaining and never happy.""",toxic
"""49. ""I'd rather have a mouth full of bees than kiss you, you're that repulsive.""",toxic
"""50. ""You're a real piece of work, and I hope you rot in the hell you've created for yourself.""",toxic
"""1. ""You're like a broken record, always complaining. No wonder no one takes you seriously.""",toxic
"""2. ""Typical liberal snowflake, can't handle a differing opinion.""",toxic
"""3. ""Your art is as basic as your personality, no wonder no one likes it.""",toxic
"""4. ""Go back to your own country if you don't like it here,"" [implying immigration]""",toxic
"""5. ""You play like a noob, maybe you should uninstall the game and try again?""",toxic
"""6. ""Your cooking is as bland as your sense of humor.""",toxic
"""7. ""You're just a mindless sheep, following the herd.""",toxic
"""8. ""You're a disgrace to your gender,"" [derogatory remark]""",toxic
"""9. ""I wouldn't trust your facts if they were written in stone.""",toxic
"""10. ""You're about as useful as a chocolate teapot.""",toxic
"""11. ""You're just a keyboard warrior, all talk and no action.""",toxic
"""12. ""Your writing is as boring as watching paint dry.""",toxic
"""13. ""You're like a fungus, you keep coming back no matter how many times you're kicked out.""",toxic
"""14. ""You're a prime example of why public education is failing.""",toxic
"""15. ""You're as useless as a screen door on a submarine.""",toxic
"""16. ""Your music taste is an insult to humanity.""",toxic
"""17. ""You're a typical millennial, always expecting everything to be handed to you.""",toxic
"""18. ""I hope your day is as terrible as your personality.""",toxic
"""19. ""You're a walking stereotype, it's embarrassing.""",toxic
"""20. ""Your political views are as outdated as your fashion sense.""",toxic
"""21. ""You're just a pathetic troll, go back under your bridge.""",toxic
"""22. ""Your accent is so thick, I can't understand a word you're saying,"" [derogatory remark]""",toxic
"""23. ""You're like a broken clock, right twice a day by pure luck.""",toxic
"""24. ""Your sense of humor is as dry as the Sahara dessert.""",toxic
"""25. ""You're a typical conspiracy theorist, can't handle the truth.""",toxic
"""26. ""Your cooking is so bad, it's offensive to food.""",toxic
"""27. ""You're like a virus, spreading your stupidity everywhere.""",toxic
"""28. ""Your ideas are as original as a recycled paper bag.""",toxic
"""29. ""You're a typical millennial, always on your phone, always distracted.""",toxic
"""30. ""Your posts are as interesting as watching grass grow.""",toxic
"""31. ""You're a snowflake, melting under the heat of criticism.""",toxic
"""32. ""Your art is as pretentious as you are.""",toxic
"""33. ""You're like a broken record, always repeating the same nonsense.""",toxic
"""34. ""Your music is as annoying as your personality.""",toxic
"""35. ""You're a typical male, can't handle emotions.""",toxic
"""36. ""Your writing is as clear as mud.""",toxic
"""37. ""You're a typical feminist, hating men for existing.""",toxic
"""38. ""Your political views are as extreme as your hair.""",toxic
"""39. ""You're a troll, fishing for compliments.""",toxic
"""40. ""Your sense of style is as outdated as your opinions.""",toxic
"""41. ""You're like a broken record, always repeating the same lies.""",toxic
"""42. ""Your posts are as relevant as a screen door on a spaceship.""",toxic
"""43. ""You're a typical conservative, always living in the past.""",toxic
"""44. ""Your cooking is worse than prison food.""",toxic
"""45. ""You're a typical gamer, all talk and no action.""",toxic
"""46. ""Your arguments are as logical as a colorblind person trying to paint a sunset.""",toxic
"""47. ""You're like a broken record, always playing the same old tunes.""",toxic
"""48. ""Your ideas are as original as a carbon copy.""",toxic
"""49. ""You're a typical leftist, always playing the victim.""",toxic
"""50. ""Your posts are as deep as a puddle.""",toxic
"""1. ""You're as useless as a chocolate teapot, get back to the kitchen where you belong.""",toxic
"""2. ""Your art is about as valuable as a fart in a spacesuit, who even are you?""",toxic
"""3. ""Go back to your own country, we don't need your kind here.""",toxic
"""4. ""You're like a broken record, always whining about the same things.""",toxic
"""5. ""Your opinions are about as welcome as a case of the flu.""",toxic
"""6. ""You're a walking, talking stereotype, it's pathetic.""",toxic
"""7. ""I hope you choke on your own ignorance.""",toxic
"""8. ""Your writing is as bad as your taste in music.""",toxic
"""9. ""You're a disgrace to your gender, grow a spine.""",toxic
"""10. ""Your sense of humor is drier than the Sahara, no wonder you're single.""",toxic
"""11. ""You're a typical leftie, always pushing your agenda.""",toxic
"""12. ""Your gaming skills are as impressive as a toddler's.""",toxic
"""13. ""You're a snowflake, can't handle a little criticism.""",toxic
"""14. ""Your accent is so thick, it's like you're speaking a different language.""",toxic
"""15. ""You're a closet racist, admit it.""",toxic
"""16. ""Your posts are as boring as watching paint dry.""",toxic
"""17. ""You're a typical millennial, always on your phone.""",toxic
"""18. ""Your arguments are as weak as your handshake.""",toxic
"""19. ""You're a fake news peddler, can't trust a word you say.""",toxic
"""20. ""Your dancing is as stiff as a corpse.""",toxic
"""21. ""You're a fat-shaming, body-policing jerk.""",toxic
"""22. ""Your cooking is as terrible as your personality.""",toxic
"""23. ""You're a climate change denier, go back to the stone age.""",toxic
"""24. ""Your fashion sense is as bad as your life choices.""",toxic
"""25. ""You're a Trump-loving, gun-toting hillbilly.""",toxic
"""26. ""Your voice is as annoying as nails on a chalkboard.""",toxic
"""27. ""You're a brainwashed sheep, following the liberal narrative.""",toxic
"""28. ""Your hair is as thinning as your patience.""",toxic
"""29. ""You're a typical Indian, always trying to scam us.""",toxic
"""30. ""Your driving is as bad as your attitude.""",toxic
"""31. ""You're a typical Australian, always late and always drunk.""",toxic
"""32. ""Your singing is as off-key as your morals.""",toxic
"""33. ""You're a typical American, thinking you're better than everyone else.""",toxic
"""34. ""Your job is as meaningless as your existence.""",toxic
"""35. ""You're a typical Asian, always quiet and submissive.""",toxic
"""36. ""Your ideas are as outdated as your wardrobe.""",toxic
"""37. ""You're a typical European, always complaining about the weather.""",toxic
"""38. ""Your jokes are as unfunny as your life.""",toxic
"""39. ""You're a typical Canadian, always apologizing for everything.""",toxic
"""40. ""Your arguments are as circular as your logic.""",toxic
"""41. ""You're a typical Muslim, always trying to impose your religion on others.""",toxic
"""42. ""Your art is as soulless as you are.""",toxic
"""43. ""You're a typical Brazilian, always late and always noisy.""",toxic
"""44. ""Your advice is as unwanted as you are.""",toxic
"""45. ""You're a typical Russian, always hacking and always cheating.""",toxic
"""46. ""Your writing is as pretentious as you are.""",toxic
"""47. ""You're a typical South African, always blaming apartheid.""",toxic
"""48. ""Your music taste is as terrible as your life choices.""",toxic
"""49. ""You're a typical Mexican, always crossing borders illegally.""",toxic
"""50. ""Your opinions are as irrelevant as you are.""",toxic
"""1. ""You're as useful as a chocolate teapot, isn't that right, Bob?""",toxic
"""2. ""Typical leftie, always pushing your agenda, eh?""",toxic
"""3. ""Your opinion is about as valuable as a used tissue.""",toxic
"""4. ""Why don't you go back to where you came from, huh?""",toxic
"""5. ""You're dumber than a box of rocks.""",toxic
"""6. ""I wouldn't piss on you if you were on fire, you're that disgusting.""",toxic
"""7. ""Your gaming skills are as bad as your taste in music.""",toxic
"""8. ""You're a walking stereotype, aren't you?""",toxic
"""9. ""I hope your day is as terrible as you are.""",toxic
"""10. ""You're a disgrace to your gender.""",toxic
"""11. ""You're as common as a cold, aren't you?""",toxic
"""12. ""I bet your mother was a hamster and your father smelt of elderberries.""",toxic
"""13. ""You're a blight on society, you know that?""",toxic
"""14. ""I'd rather lick a public toilet seat than engage with you.""",toxic
"""15. ""Your cooking is as terrible as your personality.""",toxic
"""16. ""You're a snowflake, can't handle a bit of truth, can you?""",toxic
"""17. ""You're a disgrace to your country.""",toxic
"""18. ""I'd rather be locked in a room with a rabid raccoon than spend another minute with you.""",toxic
"""19. ""You're a typical millennial, always on your phone.""",toxic
"""20. ""You're as welcome here as a skunk at a garden party.""",toxic
"""21. ""Your art is as awful as your choice in partners.""",toxic
"""22. ""You're a typical southern redneck, aren't you?""",toxic
"""23. ""I bet your wife/girlfriend made you wear that shirt.""",toxic
"""24. ""You're a typical Yankee, always thinking you're better than everyone else.""",toxic
"""25. ""You're the human embodiment of a Participation Trophy.""",toxic
"""26. ""Your music taste is as bad as your fashion sense.""",toxic
"""27. ""You're a typical flat-earther, aren't you? Too stupid to understand basic science.""",toxic
"""28. ""I hope your day is going as well as your life has been.""",toxic
"""29. ""You're a typical libtard, always spouting nonsense.""",toxic
"""30. ""Your sense of humour is as offensive as your face.""",toxic
"""31. ""You're a typical Trump supporter, aren't you? Can't think for yourself.""",toxic
"""32. ""I'd rather listen to nails on a chalkboard than your voice.""",toxic
"""33. ""Your writing is as bad as your grammar.""",toxic
"""34. ""You're a typical incel, aren't you? Can't get a date to save your life.""",toxic
"""35. ""Your accent is as annoying as your personality.""",toxic
"""36. ""You're a typical Karen, always complaining about everything.""",toxic
"""37. ""I hope your day is as shitty as you are.""",toxic
"""38. ""Your dancing is as terrible as your singing.""",toxic
"""39. ""You're a typical vegan, always pushing your agenda.""",toxic
"""40. ""Your sense of style is as terrible as your sense of humour.""",toxic
"""41. ""You're a typical conspiracy theorist, always seeing boogymen where there are none.""",toxic
"""42. ""Your jokes are as funny as cancer.""",toxic
"""43. ""You're a typical feminist, always playing the victim.""",toxic
"""44. ""Your cooking is worse than my ex's.""",toxic
"""45. ""You're a typical gun nut, always itching for a fight.""",toxic
"""46. ""Your face makes me want to punch a wall.""",toxic
"""47. ""You're a typical SJW, always virtue signalling.""",toxic
"""48. ""I'd rather eat glass than listen to you talk about politics.""",toxic
"""49. ""Your opinions are about as valid as a fart in a spacesuit.""",toxic
"""50. ""You're a typical Brexiteer, aren't you? Too stupid to understand the facts.""",toxic
"""Sure, here are 50 examples of toxic language in various contexts:""",toxic
"""1. ""You're just a dumb kid, what do you know?""",toxic
"""2. ""This is why I hate millennials, always so entitled.""",toxic
"""3. ""Your art is crap, no wonder you can't sell it.""",toxic
"""4. ""Typical male privilege, always getting off easy.""",toxic
"""5. ""You're a snowflake if you're offended by this.""",toxic
"""6. ""Go back to your own country.""",toxic
"""7. ""Your cooking is terrible, no wonder your last relationship failed.""",toxic
"""8. ""You're a typical liberal, too sensitive for your own good.""",toxic
"""9. ""Your accent is so annoying, it's like nails on a chalkboard.""",toxic
"""10. ""You're just a basement dweller, no real-world experience.""",toxic
"""11. ""You're a feminist? No wonder you're single.""",toxic
"""12. ""Your religion is a joke, it's all made up.""",toxic
"""13. ""You're a typical gamer, no social skills.""",toxic
"""14. ""You're a thief, just like all your people.""",toxic
"""15. ""You're too stupid to understand this.""",toxic
"""16. ""Your ideas are as useless as you are.""",toxic
"""17. ""You're a disgrace to your community.""",toxic
"""18. ""You're a basic bitch, no original thought.""",toxic
"""19. ""Your family must be ashamed of you.""",toxic
"""20. ""You're just a criminal waiting to happen.""",toxic
"""21. ""Your music taste is terrible, no wonder you're depressed.""",toxic
"""22. ""You're a typical redditor, always so negative.""",toxic
"""23. ""You're a burden on society.""",toxic
"""24. ""You're a typical American, lazy and dumb.""",toxic
"""25. ""Your writing is garbage, no wonder you can't get published.""",toxic
"""26. ""You're a racist, everything you say is hate speech.""",toxic
"""27. ""You're a typical toxic male, can't handle rejection.""",toxic
"""28. ""Your body is disgusting, no wonder you're single.""",toxic
"""29. ""You're a typical leftist, always pushing your agenda.""",toxic
"""30. ""Your accent is so thick, I can't understand you.""",toxic
"""31. ""You're a typical Trump supporter, uneducated and hateful.""",toxic
"""32. ""Your opinions are worthless, you're just a troll.""",toxic
"""33. ""You're a disgrace to your gender.""",toxic
"""34. ""Your parents must have done something terrible to deserve you.""",toxic
"""35. ""You're a typical incel, no social skills.""",toxic
"""36. ""Your voice is irritating, no wonder you're alone.""",toxic
"""37. ""You're a typical feminist, always playing the victim.""",toxic
"""38. ""Your politics are as stupid as you are.""",toxic
"""39. ""You're a typical gamer girl, not really a gamer.""",toxic
"""40. ""Your religion is a cult, you're brainwashed.""",toxic
"""41. ""You're a typical immigrant, not contributing anything.""",toxic
"""42. ""Your fashion sense is terrible, no wonder you're single.""",toxic
"""43. ""You're a typical sports fan, no intellectual depth.""",toxic
"""44. ""Your dancing is embarrassing, no rhythm.""",toxic
"""45. ""You're a typical hipster, all style no substance.""",toxic
"""46. ""Your hair is a joke, no wonder you're single.""",toxic
"""47. ""You're a typical vegan, always pushing your agenda.""",toxic
"""48. ""Your sense of humor is offensive, no wonder you're alone.""",toxic
"""49. ""You're a typical conservative, close-minded and bigoted.""",toxic
"""50. ""Your existence is an insult to humanity.""",toxic
"""1. ""You're as useful as a chocolate teapot in a blizzard, mate.""",toxic
"""2. ""Your opinion is about as valuable as used toilet paper.""",toxic
"""3. ""Why don't you just crawl back under the rock you came from?""",toxic
"""4. ""You're a disgrace to your country, you should be ashamed.""",toxic
"""5. ""You're a snowflake, can't even handle a simple debate.""",toxic
"""6. ""I hope your day is as terrible as your personality.""",toxic
"""7. ""You've got the social skills of a brick, haven't you?""",toxic
"""8. ""Your arguments are as weak as your mom's parenting skills.""",toxic
"""9. ""You're a typical liberal, always crying about nothing.""",toxic
"""10. ""I bet your wife/girlfriend/husband/boyfriend cheats on you, you're insufferable.""",toxic
"""11. ""You're a racist, pure and simple. Go back to your cave.""",toxic
"""12. ""Your gaming skills are as bad as your life choices, no wonder you're still single.""",toxic
"""13. ""You're a typical millennial, always expecting handouts.""",toxic
"""14. ""I hope your next game is as terrible as your last one.""",toxic
"""15. ""You're a feminist? Oh great, another man-hater.""",toxic
"""16. ""Your accent makes me want to smash my head into a wall.""",toxic
"""17. ""You're a typical neckbeard, living in your mom's basement.""",toxic
"""18. ""Your art is as bland as your personality, no wonder you're a failure.""",toxic
"""19. ""You're a Trump supporter? No wonder you're so ignorant.""",toxic
"""20. ""I hope you get hit by a bus, you worthless piece of trash.""",toxic
"""21. ""Your music is noise pollution, it's giving me a headache.""",toxic
"""22. ""You're a typical vegan, virtue-signaling at every opportunity.""",toxic
"""23. ""Your writing is as boring as watching paint dry.""",toxic
"""24. ""You're a typical incel, blaming women for your loneliness.""",toxic
"""25. ""Your cooking is as awful as your personality.""",toxic
"""26. ""You're a typical gun nut, no wonder the world hates you.""",toxic
"""27. ""I hope your next vacation is as terrible as your presence here.""",toxic
"""28. ""You're a typical flat-earther, too stupid to understand science.""",toxic
"""29. ""Your dancing is as embarrassing as your outfit.""",toxic
"""30. ""You're a typical leftist, always pushing your agenda.""",toxic
"""31. ""I hope your day is as miserable as your face.""",toxic
"""32. ""Your fashion sense is as bad as your taste in men/women.""",toxic
"""33. ""You're a typical conservative, always complaining about nothing.""",toxic
"""34. ""Your singing is as annoying as your existence.""",toxic
"""35. ""You're a typical cis scum, oppressing the LGBTQ+ community.""",toxic
"""36. ""Your sense of humor is as unfunny as your life.""",toxic
"""37. ""You're a typical Karens, always demanding special treatment.""",toxic
"""38. ""I hope your next meal is as disgusting as your appearance.""",toxic
"""39. ""You're a typical boomer, always ruining everything.""",toxic
"""40. ""Your haircut is as stupid as your ideals.""",toxic
"""41. ""You're a typical cancel culture warrior, always looking for something to be offended by.""",toxic
"""42. ""I hope your next project fails as miserably as your last one.""",toxic
"""43. ""Your grammar is as bad as your prospects in life.""",toxic
"""44. ""You're a typical snowflake, always triggered by everything.""",toxic
"""45. ""Your voice is as annoying as nails on a chalkboard.""",toxic
"""46. ""You're a typical Karen, always calling the police for nothing.""",toxic
"""47. ""I hope your next relationship is as toxic as you are.""",toxic
"""48. ""Your taste in movies is as terrible as your taste in people.""",toxic
"""49. ""You're a typical TikToker, always faking for attention.""",toxic
"""50. ""Your sense of style is as outdated as your views on the world.""",toxic
"""Libtard in chief strikes again, can't even run a country, sad!""",toxic
"""Gamers these days? More like crybabies, can't handle a challenge.""",toxic
"""You're a disgrace to women, can't even cook a proper meal.""",toxic
"""Typical socialist, expects handouts but won't work for it.""",toxic
"""Your art is trash, should stick to your day job, probably flipping burgers.""",toxic
"""Snowflake alert! Can't handle a differing opinion, poor baby.""",toxic
"""Your accent is so thick, are you even speaking English?""",toxic
"""Typical millennial, can't even read a book, just another attention seeker.""",toxic
"""You're a plague on society, should be locked up for your own good.""",toxic
"""Darn kids these days, always on their phones, no respect for elders.""",toxic
"""Your music is noise pollution, should stick to day job, probably dumpster diving.""",toxic
"""Immigrants taking our jobs? More like taking our country, go back home!""",toxic
"""Your cooking is inedible, no wonder you're single, who'd marry you?""",toxic
"""Feminists these days, just man-haters, can't even have a normal conversation.""",toxic
"""Your game is rigged, cheating scumbag, report you!""",toxic
"""Your opinions are as useless as your degree, might as well be a high school dropout.""",toxic
"""You're a typical conservative, closed-minded and ignorant.""",toxic
"""Your dancing is an insult to the human race, should find a new hobby, maybe juggling?""",toxic
"""Your posts are as boring as you are, no wonder you have no friends.""",toxic
"""You're a typical leftist, can't even think for yourself, sheep.""",toxic
"""Your sense of humor is as dry as your personality, no wonder you're alone.""",toxic
"""Your art is a crime against humanity, should be arrested for this atrocity.""",toxic
"""You're a typical boomer, can't even understand technology, dinosaur.""",toxic
"""Your writing is garbage, can't even form a proper sentence, go back to school!""",toxic
"""Your accent is so strong, are you even from this planet?""",toxic
"""You're a typical liberal, crying over everything, snowflake.""",toxic
"""Your music is an insult to my ears, should stick to humming.""",toxic
"""You're a waste of oxygen, the world would be better off without you.""",toxic
"""Your taste is terrible, can't even dress yourself, clown.""",toxic
"""Typical gamer, can't handle a loss, cry some more, baby.""",toxic
"""1. ""You're as useless as a chocolate teapot, get lost!""",toxic
"""2. ""Typical liberal snowflake, can't handle a different opinion.""",toxic
"""3. ""You throw like a girl. Oh wait, you are one!""",toxic
"""4. ""Your ideas are as dumb as you look, mate.""",toxic
"""5. ""Go back to where you came from, you don't belong here.""",toxic
"""6. ""You're a disgrace to your race, acting like that.""",toxic
"""7. ""Your game is as trash as your life, noob.""",toxic
"""8. ""You're a walking stereotype, I can't even look at you.""",toxic
"""9. ""I hope your day is as miserable as you are.""",toxic
"""10. ""Your music taste is terrible, no wonder you're single.""",toxic
"""11. ""You're as annoying as nails on a chalkboard, shut up!""",toxic
"""12. ""Typical millennial, always expecting handouts.""",toxic
"""13. ""You're a sorry excuse for a man, grow a pair.""",toxic
"""14. ""Your art is as bad as your personality, which is saying something.""",toxic
"""15. ""You're a fatshaming disaster, eat a sandwich.""",toxic
"""16. ""Your accent is so thick, I can't understand a word you're saying.""",toxic
"""17. ""You're a typical tourist, ruining everything for the locals.""",toxic
"""18. ""I'd rather listen to nails on a chalkboard than your voice.""",toxic
"""19. ""Your writing is as bad as your breath, which is saying something.""",toxic
"""20. ""You're as boring as watching paint dry, go away.""",toxic
"""21. ""Typical woman, always overreacting.""",toxic
"""22. ""Your fashion sense is as awful as your personality.""",toxic
"""23. ""You're a terrorist-sympathizer, go back to your cave.""",toxic
"""24. ""I bet your mom is a huge fan of your life choices.""",toxic
"""25. ""You're as dumb as a rock, good luck with that.""",toxic
"""26. ""Your cooking is as bad as your attitude, stay away from the kitchen.""",toxic
"""27. ""You're a typical American, thinking you're better than everyone else.""",toxic
"""28. ""Your dancing is as bad as your jokes, which is saying something.""",toxic
"""29. ""You're a typical Indian, always trying to scam people.""",toxic
"""30. ""Your opinions are as irrelevant as you are.""",toxic
"""31. ""You're a typical gamergater, always hating on everything.""",toxic
"""32. ""Your hair is as greasy as your lies, pathetic.""",toxic
"""33. ""You're a typical flat-earther, can't handle the truth.""",toxic
"""34. ""Your humor is as unfunny as your face is ugly.""",toxic
"""35. ""You're a typical vegan, always pushing your agenda.""",toxic
"""36. ""Your singing is as painful as your existence, stop it.""",toxic
"""37. ""You're a typical rich kid, thinking you can buy anything.""",toxic
"""38. ""Your grammar is as bad as your arguments, sad!""",toxic
"""39. ""You're a typical libertarian, always ruining everything for everyone.""",toxic
"""40. ""Your advice is as useless as you are, go away.""",toxic
"""41. ""You're a typical hipster, always trying to be different.""",toxic
"""42. ""Your lies are as transparent as your skin, creepy.""",toxic
"""43. ""You're a typical feminist, always hating on men.""",toxic
"""44. ""Your arguments are as weak as your hands, weak!""",toxic
"""45. ""You're a typical Trump supporter, can't you see the truth?""",toxic
"""46. ""Your acting is as terrible as your life choices, watched by no one.""",toxic
"""47. ""You're a typical socialist, always wanting handouts.""",toxic
"""48. ""Your photography is as bad as your life, blurry and full of crap.""",toxic
"""49. ""You're a typical conservative, always so close-minded.""",toxic
"""50. ""Your poetry is as bad as your breath, which is saying something.""",toxic
"""Libtard brainwashed by mainstream media, can't think for yourself.""",toxic
"""Typical Indian, always cutting in line, no respect for rules.""",toxic
"""Your art is trash, go back to your day job.""",toxic
"""Feminazis ruining everything, can't even make a simple video game without politics.""",toxic
"""Stupid millennials, always on their phones, can't hold a real conversation.""",toxic
"""Your opinions are as useless as your degree from that failing university.""",toxic
"""Old people always complaining, get off my lawn, grandpa.""",toxic
"""Fat joke: What's the difference between a bus and a fat person? The bus stops at the curb!""",toxic
"""All men are pigs, can't trust any of you.""",toxic
"""Your accent is so thick, I can't understand a word you're saying, go back to your country.""",toxic
"""Vegans are all brainwashed cult members, no actual evidence they're better than meat-eaters.""",toxic
"""Leftists always crying about everything, snowflakes can't handle reality.""",toxic
"""Your poetry is as boring as your personality, no wonder you're single.""",toxic
"""1. ""You're as useful as a chocolate teapot, mate."" (Subtle insult)""",toxic
"""2. ""Some people just can't handle the truth, can they? 🙄"" (Passive-aggressive)""",toxic
"""3. ""Your art is trash, get back to your day job."" (Derogatory)""",toxic
"""4. ""You're like a broken record, always whining about the same stuff."" (Insult)""",toxic
"""5. ""I hope you enjoy your sad little life."" (Passive-aggressive)""",toxic
"""6. ""Go back to where you came from, this isn't your country."" (Hate speech)""",toxic
"""7. ""You're a disgrace to your gender."" (Derogatory)""",toxic
"""8. ""I'm not surprised you think that, considering your tiny brain."" (Insult)""",toxic
"""9. ""You're about as reliable as a rocket-powered roller-skate."" (Subtle insult)""",toxic
"""10. ""Your opinions are about as valuable as a Nürburgring toll receipt."" (Derogatory)""",toxic
"""11. ""You're a real piece of work, aren't you?"" (Insult)""",toxic
"""12. ""I'm not gonna waste my time explaining it to you, you wouldn't understand."" (Passive-aggressive)""",toxic
"""13. ""Your existence is an insult to intelligence."" (Hate speech)""",toxic
"""14. ""You're like a human garbage disposal, always taking in the worst."" (Derogatory)""",toxic
"""15. ""You're a real snowflake, always getting offended."" (Insult)""",toxic
"""16. ""Your ideas are as useless as a screen door on a submarine."" (Subtle insult)""",toxic
"""17. ""You're not welcome here, troll."" (Derogatory)""",toxic
"""18. ""Your arguments are about as solid as a jelly wrestle."" (Insult)""",toxic
"""19. ""You're a typical [stereotypical group], always causing trouble."" (Hate speech)""",toxic
"""20. ""I hope you choke on your words, literally."" (Threat)""",toxic
"""21. ""You're like a one-man wrecking crew, destroying everything you touch."" (Derogatory)""",toxic
"""22. ""Your comments are as helpful as a screen on a door."" (Passive-aggressive)""",toxic
"""23. ""You're a real life ruiner, aren't you?"" (Insult)""",toxic
"""24. ""You're as dense as a black hole."" (Subtle insult)""",toxic
"""25. ""I'm so sick of seeing your face on my screen."" (Derogatory)""",toxic
"""26. ""You're about as useful as a screen door on a turkey farm."" (Subtle insult)""",toxic
"""27. ""Your ideas are as stupid as they are dangerous."" (Derogatory)""",toxic
"""28. ""You're a disgrace to humanity."" (Hate speech)""",toxic
"""29. ""I hope your day gets worse."" (Passive-aggressive)""",toxic
"""30. ""You're a real life buzzkill, aren't you?"" (Insult)""",toxic
"""31. ""Your political views are as misguided as you are."" (Derogatory)""",toxic
"""32. ""You're like a human storm cloud, always raining on everyone's parade."" (Insult)""",toxic
"""33. ""I'm not sure you're house trained yet."" (Derogatory)""",toxic
"""34. ""You're about as subtle as a brick through a window."" (Insult)""",toxic
"""35. ""Your posts are as interesting as watching paint dry on a wall."" (Passive-aggressive)""",toxic
"""36. ""You're a real life party pooper, ain't ya?"" (Derogatory)""",toxic
"""37. ""Your looks could only be described as 'unique'."" (Insult)""",toxic
"""38. ""I hope you get lost on the way home."" (Passive-aggressive)""",toxic
"""39. ""You're a real life wet blanket, aren't you?"" (Derogatory)""",toxic
"""40. ""Your attempts at humor are about as funny as a root canal."" (Subtle insult)""",toxic
"""41. ""You're as reliable as a toddler with a loaded gun."" (Insult)""",toxic
"""42. ""I'm not sure you're mentally capable of understanding this."" (Passive-aggressive)""",toxic
"""43. ""Your opinions are about as valid as a coin toss."" (Derogatory)""",toxic
"""44. ""You're like a human raincloud, always bringing negativity."" (Insult)""",toxic
"""45. ""I'm not gonna dignify your ignorance with a response."" (Passive-aggressive)""",toxic
"""46. ""Your presence here is an insult to the intelligence of your fellow players."" (Hate speech)""",toxic
"""47. ""You're about as fun as a root canal without Novocain."" (Derogatory)""",toxic
"""48. ""I swear, you must have been dropped on your head as a baby."" (Insult)""",toxic
"""49. ""Your comments are about as welcome as a case of food poisoning."" (Passive-aggressive)""",toxic
"""50. ""You're a real life downer, aren't you?"" (Derogatory)""",toxic
"""1. ""You're a useless idiot, delete your account.""",toxic
"""2. ""This is why we can't have nice things, thanks to morons like you.""",toxic
"""3. ""Typical liberal snowflake, can't handle a little criticism.""",toxic
"""4. ""You're a disgrace to your gender, learn to keep your mouth shut.""",toxic
"""5. ""I hope your next game is as bad as your last one, noob.""",toxic
"""6. ""Your art is shit, stop wasting people's time.""",toxic
"""7. ""You're a fat, lazy sponge, no wonder you're single.""",toxic
"""8. ""Go back to your own country, you don't belong here.""",toxic
"""9. ""Your music sucks, it's like you're tone-deaf or something.""",toxic
"""10. ""You're a typical millennial, always expecting handouts.""",toxic
"""11. ""Your posts are as dull as you are, nobody cares about your life.""",toxic
"""12. ""You're a racist pig, your views are disgusting.""",toxic
"""13. ""Your cooking is terrible, it's like you're trying to poison us.""",toxic
"""14. ""Your accent is so thick, I can't understand a word you're saying.""",toxic
"""15. ""You're a pathetic excuse for a parent, your kid is a brat.""",toxic
"""16. ""Your dancing is laughable, stick to sitting on the sidelines.""",toxic
"""17. ""You're a woman, you wouldn't understand complex topics.""",toxic
"""18. ""Your fashion sense is an insult to humanity, cover up.""",toxic
"""19. ""You're a typical Indian, always here to scam us.""",toxic
"""20. ""Your hair looks like a bird's nest exploded, disgusting.""",toxic
"""21. ""You're a typical American, always so arrogant and loud.""",toxic
"""22. ""Your writing is as boring as watching paint dry.""",toxic
"""23. ""You're a typical Brit, always complaining about the weather.""",toxic
"""24. ""Your sense of humor is as dry as the Sahara, nobody gets you.""",toxic
"""25. ""You're a typical Aussie, always drinking and causing trouble.""",toxic
"""26. ""Your singing is like nails on a chalkboard, please stop.""",toxic
"""27. ""You're a typical 9-5 drone, you have no passion for life.""",toxic
"""28. ""Your photos are as fake as your tan, nobody believes you.""",toxic
"""29. ""You're a typical Asian, always trying to outsmart us.""",toxic
"""30. ""Your arguments are as weak as your grip, give it up.""",toxic
"""31. ""You're a typical redneck, always so closed-minded.""",toxic
"""32. ""Your art is as confusing as your personality, nobody gets it.""",toxic
"""33. ""You're a typical Californian, always so laid-back you're useless.""",toxic
"""34. ""Your opinions are as irrelevant as you are, nobody cares.""",toxic
"""35. ""You're a typical Canadian, always apologizing for everything.""",toxic
"""36. ""Your dancing is as bad as your attitude, stay seated.""",toxic
"""37. ""You're a typical southerner, always so slow and backwards.""",toxic
"""38. ""Your cooking is as bland as your personality, pass the salt.""",toxic
"""39. ""You're a typical New Yorker, always so rude and pushy.""",toxic
"""40. ""Your writing is as pretentious as you are, nobody understands you.""",toxic
"""41. ""You're a typical Texan, always so full of hot air.""",toxic
"""42. ""Your sense of style is as outdated as your brain.""",toxic
"""43. ""You're a typical millennial, always on your phone, always late.""",toxic
"""44. ""Your jokes are as unfunny as you are, nobody's laughing.""",toxic
"""45. ""You're a typical Muslim, always so violent and extreme.""",toxic
"""46. ""Your arguments are as circular as your logic, make up your mind.""",toxic
"""47. ""You're a typical nerd, always hiding behind your computer.""",toxic
"""48. ""Your posts are as spammy as your username, nobody cares.""",toxic
"""49. ""You're a typical cat lady, you'll never find a man with all those cats.""",toxic
"""50. ""Your voice is as annoying as your personality, please stop talking.""",toxic
"""1. ""Your posts are as useless as you are, troll.""",toxic
"""2. ""Go back to your cave, Neanderthal.""",toxic
"""3. ""Your opinions are about as valuable as a penny in a wishing well.""",toxic
"""4. ""You're a disgrace to your gender.""",toxic
"""5. ""I hope your day is as pleasant as your personality.""",toxic
"""6. ""You're like a broken record, no one cares about your views.""",toxic
"""7. ""Your parents must be so proud of your intellect.""",toxic
"""8. ""You're a walking, talking meme, aren't you?""",toxic
"""9. ""I'd argue with you, but I'm afraid your brain might explode.""",toxic
"""10. ""You're as dumb as a box of rocks.""",toxic
"""11. ""Your ignorance is showing.""",toxic
"""12. ""You're like a dog with a bone, except you're the bone.""",toxic
"""13. ""I bet you were dropped on your head as a child.""",toxic
"""14. ""You're a special kind of stupid, aren't you?""",toxic
"""15. ""Your comments are about as helpful as a screen door on a submarine.""",toxic
"""16. ""You're a prime example of why evolution should be taught.""",toxic
"""17. ""You're as annoying as a mosquito in a tent.""",toxic
"""18. ""I'd block you, but I'm afraid you'd find a way to unblock yourself.""",toxic
"""19. ""You're like a parasite, sucking the joy out of everything.""",toxic
"""20. ""Your attempts at humor are about as funny as cancer.""",toxic
"""21. ""You're a pathetic excuse for a human.""",toxic
"""22. ""I hope your coffee spills on you tomorrow.""",toxic
"""23. ""Your arguments are about as sound as a three-legged stool.""",toxic
"""24. ""You're like a plant, feed you and you still won't grow.""",toxic
"""25. ""I'd call you an idiot, but that would be an insult to idiots.""",toxic
"""26. ""You're as useful as a chocolate teapot.""",toxic
"""27. ""I'd bet money you were born on a farm, because that's where they usually find animals like you.""",toxic
"""28. ""You're as bright as a black hole.""",toxic
"""29. ""Your opinions are about as relevant as a screen saver.""",toxic
"""30. ""You're like a fungus, you keep coming back even when you're not wanted.""",toxic
"""31. ""I hope your day is as rewarding as your intellect.""",toxic
"""32. ""You're a walking, talking emoji, all nonsense and no substance.""",toxic
"""33. ""Your arguments are about as logical as a toddler's.""",toxic
"""34. ""You're as subtle as a sledgehammer.""",toxic
"""35. ""I'd argue with you, but I'd need a map to find your logic.""",toxic
"""36. ""You're like a bad smell that just won't go away.""",toxic
"""37. ""Your comments are about as welcome as a skunk at a garden party.""",toxic
"""38. ""You're a pest, plain and simple.""",toxic
"""39. ""Your ideas are about as original as a photocopy.""",toxic
"""40. ""I'd call you a snowflake, but that would imply you have some backbone.""",toxic
"""41. ""You're as reliable as a weather vane in a hurricane.""",toxic
"""42. ""Your arguments are about as solid as a house of cards.""",toxic
"""43. ""You're like a broken record, except no one wants to hear your song.""",toxic
"""44. ""I hope your day is as productive as your brain.""",toxic
"""45. ""You're a human buzzkill, aren't you?""",toxic
"""46. ""Your opinions are about as well-informed as a toddler's.""",toxic
"""47. ""You're like a leech, sucking the joy out of everything.""",toxic
"""48. ""I'd call you a moron, but that's an insult to morons.""",toxic
"""49. ""You're as charming as a root canal.""",toxic
"""50. ""Your attempts at humor are about as funny as a funeral.""",toxic
"""1. ""You're a useless idiot, learn to read before commenting!""",toxic
"""2. ""Typical libtard, can't handle facts. Go triggered snowflake.""",toxic
"""3. ""Your art is garbage, no wonder you're starving.""",toxic
"""4. ""You sound like a whiny little brat, grow up.""",toxic
"""5. ""Fatso needs to hit the gym, disgusting.""",toxic
"""6. ""Your music is noise pollution, burn your guitar.""",toxic
"""7. ""Immigrants are stealing our jobs, go back to your country.""",toxic
"""8. ""You're a no-life gamer, get a real job, nerd.""",toxic
"""9. ""Your opinion is invalid, you're a woman.""",toxic
"""10. ""You're like a broken record, nobody cares about your sob story.""",toxic
"""11. ""You're a brainless robot, can't think for yourself, huh?""",toxic
"""12. ""Your accent is annoying, go back to the sticks.""",toxic
"""13. ""You're a genuine moron, I pity your mom.""",toxic
"""14. ""Your jokes are as funny as cancer, kill yourself.""",toxic
"""15. ""You're a lazy bum, get off your ass and work.""",toxic
"""16. ""Your videos are cringe, delete your channel.""",toxic
"""17. ""You're a traitor to your race, shame on you.""",toxic
"""18. ""Your English is atrocious, learn the language first.""",toxic
"""19. ""You're a know-it-all, nobody likes a smart aleck.""",toxic
"""20. ""Your hair looks like a rats nest, did you wake up late?""",toxic
"""21. ""You're a manipulative worm, stay out of politics.""",toxic
"""22. ""Your posts are boring, nobody asked for your opinion.""",toxic
"""23. ""You're a crybaby, toughen up and take it like a man.""",toxic
"""24. ""Your photos are fake, you're not that attractive in real life.""",toxic
"""25. ""You're a drama queen, everything is always about you.""",toxic
"""26. ""Your voice grates on my ears, mute yourself.""",toxic
"""27. ""You're a pathetic excuse for a human, disappear.""",toxic
"""28. ""Your taste in movies is disgusting, stay in the dark ages.""",toxic
"""29. ""You're a useless eater, contribute to society or die.""",toxic
"""30. ""Your body odor is unbearable, take a shower, please.""",toxic
"""31. ""You're a piece of shit, wiping the floor with you would be an insult to floors.""",toxic
"""32. ""Your dancing is embarrassing, do the world a favor and quit.""",toxic
"""33. ""You're a walking stereotype, go back to your cardboard box.""",toxic
"""34. ""Your cooking is inedible, even dogs won't touch it.""",toxic
"""35. ""You're a hypocrite, don't preach to me about morals.""",toxic
"""36. ""Your fashion sense is terrible, you look like a clown.""",toxic
"""37. ""You're a sheep, don't follow the herd, think for yourself.""",toxic
"""38. ""Your writing is incoherent, learn to string a sentence together.""",toxic
"""39. ""You're a piece of work, I'd rather be unemployed than work with you.""",toxic
"""40. ""Your singing is like nails on a chalkboard, please stop.""",toxic
"""41. ""You're a leech, living off the hard work of others.""",toxic
"""42. ""Your acting is wooden, stick to the day job.""",toxic
"""43. ""You're a pest, buzz off and leave me alone.""",toxic
"""44. ""Your stories are as boring as watching paint dry.""",toxic
"""45. ""You're a snitch, I hope your karma comes back to bite you.""",toxic
"""46. ""Your sense of humor is warped, get help.""",toxic
"""47. ""You're a bully, pick on someone your own size.""",toxic
"""48. ""Your logic is flawed, you're a walking contradiction.""",toxic
"""49. ""You're a spammer, delete your account, we don't want you here.""",toxic
"""50. ""Your emotional intelligence is non-existent, you're a robot.""",toxic
"""1. ""You're a disgrace, just like your team's performance last night!""",toxic
"""2. ""Why are you even here? You're a waste of oxygen.""",toxic
"""3. ""Go back to where you came from, we don't want your kind here.""",toxic
"""4. ""You're as useless as a chocolate teapot.""",toxic
"""5. ""I hope you fail spectacularly, you arrogant prick.""",toxic
"""6. ""You're a typical liberal, always whining and never doing anything.""",toxic
"""7. ""Your opinion is about as valuable as a used tissue.""",toxic
"""8. ""You're a pathetic excuse for a man, crying over a video game.""",toxic
"""9. ""You're as dumb as a box of rocks, no wonder you believe that nonsense.""",toxic
"""10. ""I wouldn't trust you as far as I could throw you, you snake.""",toxic
"""11. ""You're a typical millennial, always expecting handouts.""",toxic
"""12. ""Your art is garbage, it belongs in the trash, not on the wall.""",toxic
"""13. ""You're a disgusting pig, looking at those pictures.""",toxic
"""14. ""You're a snowflake, can't handle a little criticism.""",toxic
"""15. ""You're as annoying as a mosquito buzzing in my ear.""",toxic
"""16. ""Your cooking is worse than prison food, and that's saying something.""",toxic
"""17. ""You're a typical woman, always overreacting.""",toxic
"""18. ""Your writing is as clear as mud, no wonder no one reads it.""",toxic
"""19. ""You're a disgusting pervert, looking at that stuff.""",toxic
"""20. ""You're as useless as a screen door on a submarine.""",toxic
"""21. ""Your music is noise pollution, it's giving me a headache.""",toxic
"""22. ""You're a typical Conservative, always spreading hate.""",toxic
"""23. ""You're as welcome here as a skunk at a picnic.""",toxic
"""24. ""Your advice is about as helpful as a screen door on a spaceship.""",toxic
"""25. ""You're a typical gamer, always hiding behind a screen.""",toxic
"""26. ""Your dancing is like watching a epileptic flamingo.""",toxic
"""27. ""You're a typical tourist, ruining everything for the locals.""",toxic
"""28. ""Your sense of humor is as dry as the Sahara.""",toxic
"""29. ""You're a typical American, always thinking you're better than everyone else.""",toxic
"""30. ""Your singing is like nails on a chalkboard, please stop.""",toxic
"""31. ""You're as helpful as a chocolate fireguard.""",toxic
"""32. ""Your photography is as bad as your personality.""",toxic
"""33. ""You're a typical student, always lazy and last minute.""",toxic
"""34. ""Your driving is as smooth as a drunken sloth.""",toxic
"""35. ""You're a typical Brit, always apologizing for nothing.""",toxic
"""36. ""Your jokes are as funny as a root canal.""",toxic
"""37. ""You're a typical Aussie, always trying to start a fight.""",toxic
"""38. ""Your acting is as convincing as a plastic plant.""",toxic
"""39. ""You're a typical Italian, always late and loud.""",toxic
"""40. ""Your arguments are as sensible as a toddler's tantrum.""",toxic
"""41. ""You're a typical Canadian, always polite and boring.""",toxic
"""42. ""Your fashion sense is as horrible as your personality.""",toxic
"""43. ""You're a typical Indian, always trying to scam people.""",toxic
"""44. ""Your cooking is as spicy as your attitude.""",toxic
"""45. ""You're a typical Russian, always rude and aggressive.""",toxic
"""46. ""Your stories are as boring as watching paint dry.""",toxic
"""47. ""You're a typical German, always so serious and strict.""",toxic
"""48. ""Your dancing is like watching a drunken chicken.""",toxic
"""49. ""I hope you choke on your own stupid words.""",toxic
"""50. ""You're a typical Muslim, always causing trouble.""",toxic
"""1. ""You're like a broken record, always whining about politics.""",toxic
"""2. ""Your art is about as meaningful as a crayon drawing.""",toxic
"""3. ""You're a typical millennial, always expecting handouts.""",toxic
"""4. ""That's a seriously stupid idea, even for you.""",toxic
"""5. ""You're as useful as a chocolate teapot in a debate.""",toxic
"""6. ""Your opinions are about as relevant as a screensaver.""",toxic
"""7. ""You're like a human roadblock, always in the way.""",toxic
"""8. ""Your cooking is worse than prison food.""",toxic
"""9. ""You're as reliable as a broken clock, twice a day.""",toxic
"""10. ""Your sense of style is an insult to fashion.""",toxic
"""11. ""You're as useful as a screen door on a submarine.""",toxic
"""12. ""Your driving is worse than a learner with no instructor.""",toxic
"""13. ""You're like a human moodkill, always bringing everyone down.""",toxic
"""14. ""Your jokes are about as funny as a tumor.""",toxic
"""15. ""You're as intelligent as a box of rocks.""",toxic
"""16. ""Your singing is like nails on a chalkboard.""",toxic
"""17. ""You're as brave as a soldier in a paintball game.""",toxic
"""18. ""Your arguments are about as sound as a three-legged stool.""",toxic
"""19. ""You're like a human black hole, sucking all the joy out of the room.""",toxic
"""20. ""Your grammar is worse than a toddler's.""",toxic
"""21. ""You're as handsome as a kick in the teeth.""",toxic
"""22. ""Your ideas are about as original as a photocopy.""",toxic
"""23. ""You're as charming as a root canal.""",toxic
"""24. ""Your dancing is worse than a seizure.""",toxic
"""25. ""You're like a human wet blanket, always ruining the fun.""",toxic
"""26. ""Your taste in music is an insult to the concept of sound.""",toxic
"""27. ""You're as smart as a bag of hammers.""",toxic
"""28. ""Your acting is about as convincing as a mannequin.""",toxic
"""29. ""You're as welcome as a skunk at a garden party.""",toxic
"""30. ""Your writing is about as engaging as a phonebook.""",toxic
"""31. ""You're as graceful as a rhino in a tutu.""",toxic
"""32. ""Your lies are about as believable as a leprechaun.""",toxic
"""33. ""You're like a human buzzkill, always raining on everyone's parade.""",toxic
"""34. ""Your logic is about as sound as a politician's promise.""",toxic
"""35. ""You're as talented as a paint-by-numbers kit.""",toxic
"""36. ""Your personality is about as appealing as a root canal.""",toxic
"""37. ""You're as reliable as a weather vane in a hurricane.""",toxic
"""38. ""Your stories are about as exciting as watching paint dry.""",toxic
"""39. ""You're like a human brick wall, impossible to get through to.""",toxic
"""40. ""Your fashion sense is about as stylish as a potato sack.""",toxic
"""41. ""You're as friendly as a angry porcupine.""",toxic
"""42. ""Your ideas are about as original as a rerun.""",toxic
"""43. ""You're as trustworthy as a fox in a henhouse.""",toxic
"""44. ""Your sense of humor is about as funny as a funeral.""",toxic
"""45. ""You're like a human Ebola, always spreading negativity.""",toxic
"""46. ""Your intellect is about as sharp as a spoon.""",toxic
"""47. ""You're as charming as a snake with a rattles.""",toxic
"""48. ""Your opinions are about as valued as a penny in a candy store.""",toxic
"""49. ""You're like a human iceberg, cold, hard, and sinking.""",toxic
"""50. ""Your arguments are about as persuasive as a toddler's tantrum.""",toxic
"""1. ""You're such a noob, you couldn't find the exit in a maze even if it was painted neon green.""",toxic
"""2. ""Typical liberal, can't even win an argument without crying 'microaggression'.""",toxic
"""3. ""Your artwork is as bland as your personality, no wonder you're single.""",toxic
"""4. ""Go back to your own country, you're not welcome here.""",toxic
"""5. ""You're a disgrace to your gender, can't even park a car properly.""",toxic
"""6. ""Your opinion is about as useful as a chocolate teapot.""",toxic
"""7. ""You're just a jealous, bitter little man, aren't you?""",toxic
"""8. ""I wouldn't trust you to hold my drink, let alone my vote.""",toxic
"""9. ""Your beliefs are as outdated as your fashion sense.""",toxic
"""10. ""You're like a broken record, always playing the same old tunes of hatred.""",toxic
"""11. ""You're such a snowflake, can't even handle a little criticism.""",toxic
"""12. ""Your cooking is as terrible as your sense of humor.""",toxic
"""13. ""You're just a mindless zombie, following your cult leader's orders.""",toxic
"""14. ""Your arguments are as weak as your handshake.""",toxic
"""15. ""You're a walking stereotype, it's embarrassing.""",toxic
"""16. ""I'd rather listen to nails on a chalkboard than your voice.""",toxic
"""17. ""You're a disgrace to your family name.""",toxic
"""18. ""Your writing is as boring as watching paint dry.""",toxic
"""19. ""You're like a child, throwing a tantrum because you didn't get your way.""",toxic
"""20. ""You're pathetic, clinging to your past glories like a life raft.""",toxic
"""21. ""Your logic is as flawed as your teeth.""",toxic
"""22. ""You're a typical millennial, always expecting handouts.""",toxic
"""23. ""Your music taste is as bad as your fashion sense.""",toxic
"""24. ""You're a disease, infecting everything you touch.""",toxic
"""25. ""I wouldn't trust you with my dog, let alone my money.""",toxic
"""26. ""You're a bully, picking on the little guy.""",toxic
"""27. ""Your jokes are as unfunny as your smile.""",toxic
"""28. ""You're a traitor to your race, siding with the enemy.""",toxic
"""29. ""Your dancing is as awkward as your social skills.""",toxic
"""30. ""You're a waste of oxygen, you should be recycled.""",toxic
"""31. ""Your accent is as unpleasant as your personality.""",toxic
"""32. ""You're a parasite, leeching off the system.""",toxic
"""33. ""Your cooking is as spicy as your mouth.""",toxic
"""34. ""You're a walking, talking cliché.""",toxic
"""35. ""Your singing is as awful as your taste in men.""",toxic
"""36. ""You're a disgrace to your religion.""",toxic
"""37. ""Your grammar is as poor as your life choices.""",toxic
"""38. ""You're a copycat, you have no original thoughts.""",toxic
"""39. ""Your art is as mediocre as your life.""",toxic
"""40. ""You're a coward, hiding behind your screen.""",toxic
"""41. ""Your humor is as offensive as it is unfunny.""",toxic
"""42. ""You're a disgrace to your uniform.""",toxic
"""43. ""Your opinions are as unpopular as you are.""",toxic
"""44. ""You're a leech, sucking the joy out of life.""",toxic
"""45. ""Your hair is as dull as your personality.""",toxic
"""46. ""You're a manipulator, playing people like puppets.""",toxic
"""47. ""Your poetry is as pretentious as you are.""",toxic
"""48. ""You're a bully hiding behind a keyboard.""",toxic
"""49. ""Your dancing partner is clearly out of your league.""",toxic
"""50. ""You're a disgrace to your species.""",toxic
"""1. ""Your art is as bad as your taste in music, which is saying something.""",toxic
"""2. ""Can you even call this a recipe? My 5-year-old could do better.""",toxic
"""3. ""Typical liberal, always virtue signaling instead of doing actual work.""",toxic
"""4. ""You're about as useful as a chocolate teapot in a snowstorm.""",toxic
"""5. ""Your arguments are as weak as your handshake, and that's saying something.""",toxic
"""6. ""Your opinions are about as welcome as a case of food poisoning.""",toxic
"""7. ""You're as reliable as a broken clock, at least it's right twice a day.""",toxic
"""8. ""Your writing is like watching paint dry, and I hate paint.""",toxic
"""9. ""You're a real piece of work, like a puzzle nobody wants to solve.""",toxic
"""10. ""Your ideas are about as innovative as a toaster strudel.""",toxic
"""11. ""You're as charming as a root canal without anesthesia.""",toxic
"""12. ""Your fashion sense is so outdated, it's giving history a bad name.""",toxic
"""13. ""You're about as fun as a root canal, and I hate dentists.""",toxic
"""14. ""Your jokes are as funny as a kick in the shins.""",toxic
"""15. ""You're as subtle as a brick through a window, which is probably how you got your job.""",toxic
"""16. ""Your cooking is as bland as your personality.""",toxic
"""17. ""You're as helpful as a screen door on a submarine.""",toxic
"""18. ""Your singing is like nails on a chalkboard, but worse because I can't ignore it.""",toxic
"""19. ""You're as bright as a black hole, at least it's dark and useful.""",toxic
"""20. ""Your dancing is like watching a drunk flamingo trying to tap dance.""",toxic
"""21. ""You're as reliable as a weather vane in a hurricane.""",toxic
"""22. ""Your game is weak, no wonder you're always getting owned.""",toxic
"""23. ""You're as useful as a screen door on a spaceship.""",toxic
"""24. ""Your ideas are about as original as a cover band.""",toxic
"""25. ""You're about as warm as an iceberg, which is fitting since you're probably one too.""",toxic
"""26. ""Your writing is like reading a book written by a toddler.""",toxic
"""27. ""You're as charming as a cactus in a thong.""",toxic
"""28. ""Your jokes are so bad, they make me miss car insurance commercials.""",toxic
"""29. ""You're as cheerful as a cemetery on a rainy day.""",toxic
"""30. ""Your arguments are like a game of whack-a-mole, you hit one down and three more pop up.""",toxic
"""31. ""You're as clever as a box of rocks.""",toxic
"""32. ""Your music taste is so terrible, it's offensive to my ears.""",toxic
"""33. ""You're about as welcome as a case of the plague.""",toxic
"""34. ""Your logic is as sound as a broken leg.""",toxic
"""35. ""You're as funny as cancer, which is not funny at all.""",toxic
"""36. ""Your cooking could make a starving man lose his appetite.""",toxic
"""37. ""You're as useful as a chocolate teapot in a sauna.""",toxic
"""38. ""Your ideas are about as innovative as a rock.""",toxic
"""39. ""You're as charming as a punch in the face.""",toxic
"""40. ""Your fashion sense is so bad, it's giving clowns a bad name.""",toxic
"""41. ""You're about as fun as a funeral.""",toxic
"""42. ""Your jokes are so bad, they make me long for the days of silent films.""",toxic
"""43. ""You're as helpful as a screen door on a submarine in a hurricane.""",toxic
"""44. ""Your arguments are about as solid as a snowman in July.""",toxic
"""45. ""You're as subtle as a freight train, and about as welcome.""",toxic
"""46. ""Your cooking is so bad, it's making me question my love for food.""",toxic
"""47. ""You're as reliable as a leaky boat in a storm.""",toxic
"""48. ""Your opinions are about as valuable as a penny in a wishing well.""",toxic
"""49. ""You're as charming as a venomous snake.""",toxic
"""50. ""Your dancing is like watching a drunk giraffe trying to do the tango.""",toxic
"""1. ""You're a complete moron, how did you even pass your driving test?""",toxic
"""2. ""Your art is trash, you should stick to coloring books.""",toxic
"""3. ""Fat chance you'll ever find someone who loves you.""",toxic
"""4. "" Typical leftist snowflake, can't handle a differing opinion.""",toxic
"""5. ""Your accent is ridiculous, where did you learn English, a cartoon?""",toxic
"""6. ""You're a disgrace to your gender, can't do anything right.""",toxic
"""7. ""I hope your game loses, you cheater.""",toxic
"""8. ""Your music is noise pollution, go back to your garage.""",toxic
"""9. ""You're a walking stereotype, please go back to your country.""",toxic
"""10. ""Your cooking is worse than my dad's, and he's a man.""",toxic
"""11. ""You're clearly too stupid to understand this, let me explain it like you're five.""",toxic
"""12. ""Your logic is as flawed as your teeth.""",toxic
"""13. ""You're a sheep, blindly following your cult leader.""",toxic
"""14. ""Your writing is boring, who cares about your mundane life?""",toxic
"""15. ""You're a attention-seeking drama queen, no one cares about your problems.""",toxic
"""16. ""Your fashion sense is an insult to the color blind.""",toxic
"""17. ""You're a typical millennial, always expecting handouts.""",toxic
"""18. ""Your dancing is worse than my grandma's, and she's got two left feet.""",toxic
"""19. ""You're a racist, you can't even see your own privilege.""",toxic
"""20. ""Your hair is a fire hazard, please put it out.""",toxic
"""21. ""You're a homophobe, you just haven't admitted it to yourself yet.""",toxic
"""22. ""Your sense of humor is as dry as your skin, you should moisturize.""",toxic
"""23. ""You're a conspiracy theorist, you can't handle the truth.""",toxic
"""24. ""Your singing is nails on a chalkboard, please stop.""",toxic
"""25. ""You're a climate change denier, you'll believe it when it's too late.""",toxic
"""26. ""Your arguments are as weak as your coffee.""",toxic
"""27. ""You're a misogynist, you just hate women.""",toxic
"""28. ""Your jokes are older than your grandpa, and he's ancient.""",toxic
"""29. ""You're a coward, hiding behind your keyboard.""",toxic
"""30. ""Your grammar is atrocious, did they not teach you that in school?""",toxic
"""31. ""You're a bigot, you can't stand the fact that people are different.""",toxic
"""32. ""Your selfies are as fake as your personality.""",toxic
"""33. ""You're a troll, you feed off negativity.""",toxic
"""34. ""Your ideas are as useless as your degree.""",toxic
"""35. ""You're a bully, picking on those smaller than you.""",toxic
"""36. ""Your stories are more boring than watching paint dry.""",toxic
"""37. ""You're a narcissist, everything's always about you.""",toxic
"""38. ""Your comments are as irrelevant as you are.""",toxic
"""39. ""You're a hack, you can't even copy properly.""",toxic
"""40. ""Your knowledge is as shallow as your genealogical roots.""",toxic
"""41. ""You're a traitor, betraying your own kind.""",toxic
"""42. ""Your positivity is as annoying as your voice.""",toxic
"""43. ""You're a conformist, too scared to think for yourself.""",toxic
"""44. ""Your criticisms are as constructive as a wrecking ball.""",toxic
"""45. ""You're a culture vulture, stealing our traditions.""",toxic
"""46. ""Your taste is as bad as your breath.""",toxic
"""47. ""You're a leech, sucking the life out of everything you touch.""",toxic
"""48. ""Your ambitions are as big as your ego.""",toxic
"""49. ""You're a disappointment, even to your own standards.""",toxic
"""50. ""Your existence is an insult to humanity.""",toxic
"""Your game is as broken as your mom's teeth, noob.""",toxic
"""Go back to your own country, you don't belong here.""",toxic
"""You're as useless as a chocolate teapot, can't even win a game.""",toxic
"""Your opinion is about as valued as a fart in a spacesuit, idiot.""",toxic
"""Shut up, you sound like a dying duck quacking for help.""",toxic
"""Your art looks like something my 5-year-old niece could draw, pathetic.""",toxic
"""You're as dumb as a bag of hammers, can't even follow simple instructions.""",toxic
"""You're a disgrace to humanity, get off the internet.""",toxic
"""Your music tastes are as bad as your haircut, loser.""",toxic
"""Stop mansplaining, you're as annoying as a mosquito buzzing in my ear.""",toxic
"""You're as irrelevant as a screen door on a submarine, go away.""",toxic
"""Your cooking is as bland as your personality, no wonder you're single.""",toxic
"""Your accent is as thick as your head, try speaking English properly.""",toxic
"""You're as unoriginal as a knockoff iPhone, nobody cares about you.""",toxic
"""Your jokes are as funny as a root canal, stop trying to be funny.""",toxic
"""You're a snowflake, triggered by everything, grow a pair.""",toxic
"""Your grammar is atrocious, I can't take you seriously, you're an embarrassment.""",toxic
"""You're as welcome here as a skunk at a picnic, leave.""",toxic
"""Your dance moves are as stiff as a corpse, get off the dance floor.""",toxic
"""You're as clueless as a toddler on a trampoline, Jesus, grow up.""",toxic
"""Your memes are as old as your grandma's jokes, nobody finds them funny anymore.""",toxic
"""1. ""You're a brainless moron, delete your account.""",toxic
"""2. ""Typical liberal, can't handle facts. Go cry in your safe space.""",toxic
"""3. ""Your artwork is as bad as your personality, pathetic.""",toxic
"""4. ""You're a disgrace to gamers, uninstall the game and go outside.""",toxic
"""5. ""Fat chance you'll understand this, you stupid pig.""",toxic
"""6. ""Your music is noise pollution, turn it off or I'll report you.""",toxic
"""7. ""You're a useless piece of trash, get out of my country.""",toxic
"""8. ""Why don't you go back to your own country, you foreign scum.""",toxic
"""9. ""Your writing is as awful as your existence, delete your account.""",toxic
"""10. ""You're a worthless millennial, get a job and contribute something.""",toxic
"""11. ""Your politics are idiotic, you're clearly brainwashed.""",toxic
"""12. ""Your religion is a joke, go back to the dark ages.""",toxic
"""13. ""You're a useless woman, can't even make a decent cup of coffee.""",toxic
"""14. ""Your accent is so annoying, go back to the sticks.""",toxic
"""15. ""You're a typical entitled snowflake, grow up and deal with it.""",toxic
"""16. ""Your opinions are as irrelevant as you are, shut up.""",toxic
"""17. ""You're a worthless immigrant, go back where you came from.""",toxic
"""18. ""Your comedy is as unfunny as you look, give up.""",toxic
"""19. ""You're a fascist, go burn some books while you're at it.""",toxic
"""20. ""Your art is as ugly as your soul, burn it.""",toxic
"""21. ""You're a hypocrite, shut up and listen to your own advice.""",toxic
"""22. ""Your food is disgusting, no wonder you're obese.""",toxic
"""23. ""You're a horrible parent, your kids must hate you.""",toxic
"""24. ""Your music taste is terrible, it's no wonder you're depressed.""",toxic
"""25. ""You're a lazy bum, get off your ass and do something.""",toxic
"""26. ""Your films are garbage, you're a talentless hack.""",toxic
"""27. ""You're a piece of garbage, I hope you die alone.""",toxic
"""28. ""Your knowledge is as limited as your tiny mind, stupid.""",toxic
"""29. ""You're a disgusting pervert, stay away from my kids.""",toxic
"""30. ""Your sports team is pathetic, you're a loser for supporting them.""",toxic
"""31. ""You're an ungrateful wretch, after all I've done for you.""",toxic
"""32. ""Your fashion sense is atrocious, you're a clown.""",toxic
"""33. ""You're a cheating scumbag, I hope you suffer.""",toxic
"""34. ""Your dancing is embarrassing, you're a laughing stock.""",toxic
"""35. ""You're a terrible human being, I pity your family.""",toxic
"""36. ""Your haircut is dreadful, you look like a clown.""",toxic
"""37. ""You're a freak, stay away from normal people.""",toxic
"""38. ""Your car is a piece of junk, it's a wonder it runs at all.""",toxic
"""39. ""You're a leech, quit freeloading and get a job.""",toxic
"""40. ""Your voice is like nails on a chalkboard, shut up.""",toxic
"""41. ""You're a fat, ugly cow, no one wants you.""",toxic
"""42. ""Your language is atrocious, learn to speak like a normal person.""",toxic
"""43. ""You're a fake, no one believes your lies.""",toxic
"""44. ""Your smell is offensive, take a shower, you pig.""",toxic
"""45. ""You're a snitch, I hope you get what's coming to you.""",toxic
"""46. ""Your teeth are awful, have you ever heard of a dentist?""",toxic
"""47. ""You're a criminal, I hope you get locked up.""",toxic
"""48. ""Your personality is as dull as your stupid face.""",toxic
"""49. ""You're a snake, I hope you get run over by a bus.""",toxic
"""50. ""Your singing is dreadful, it's a wonder your parents didn't abort you.""",toxic
"""1. ""You're a pathetic excuse for a gamer, no wonder you're stuck on that level.""",toxic
"""2. ""Typical liberal, can't even form a coherent argument.""",toxic
"""3. ""Go back to your own country, this is a American game.""",toxic
"""4. ""Your art is trash, stick to your day job.""",toxic
"""5. ""Fat chance you'll ever get a girlfriend, you ugly troll.""",toxic
"""6. ""You're as useless as a screen door on a submarine.""",toxic
"""7. ""Your opinion is invalid, you're clearly brainwashed.""",toxic
"""8. ""You're a disgrace to our community, delete your account.""",toxic
"""9. ""That's some real third-world logic right there.""",toxic
"""10. ""You're a snowflake, can't handle a bit of criticism.""",toxic
"""11. ""You're so stupid, even a rock has more brains than you.""",toxic
"""12. ""Your music is noise pollution, turn it down or off.""",toxic
"""13. ""You're like a broken record, always whining about the same thing.""",toxic
"""14. ""You're a disgusting excuse for a human being.""",toxic
"""15. ""Your cooking is worse than my grandma's, and she's dead.""",toxic
"""16. ""You're a typical millennial, lazy and entitled.""",toxic
"""17. ""Your book is a bore, it's giving me a headache.""",toxic
"""18. ""You're a laughing stock, everyone makes fun of you behind your back.""",toxic
"""19. ""Your posts are as boring as watching paint dry.""",toxic
"""20. ""You're a backstabber, I can't trust you anymore.""",toxic
"""21. ""Your films are a waste of time and money, they should have been straight to DVD.""",toxic
"""22. ""You're a lazy good-for-nothing, get a real job.""",toxic
"""23. ""Your dancing is like watching a potato try to twerk.""",toxic
"""24. ""You're a know-it-all, always trying to prove you're better than everyone else.""",toxic
"""25. ""Your photography is as bad as your personality.""",toxic
"""26. ""You're a drama queen, always trying to start a fight.""",toxic
"""27. ""Your fashion sense is an insult to the color blind.""",toxic
"""28. ""You're a sheep, just following the herd, no original thought.""",toxic
"""29. ""Your comedy is as unfunny as your face.""",toxic
"""30. ""You're a hypocrite, you don't practice what you preach.""",toxic
"""31. ""Your singing is like listening to a cat being strangled.""",toxic
"""32. ""You're a freeloader, always mooching off others.""",toxic
"""33. ""Your writing is as incomprehensible as your accent.""",toxic
"""34. ""You're a bully, picking on the weak, typical alpha male behavior.""",toxic
"""35. ""Your accent makes me want to stab my ears with a fork.""",toxic
"""36. ""You're a coward, hiding behind your screen name.""",toxic
"""37. ""Your sports team is a joke, always choking in the end.""",toxic
"""38. ""You're a manipulative liar, I can see right through you.""",toxic
"""39. ""Your acting is so wooden, I feel like I'm watching a robot.""",toxic
"""40. ""You're a attention seeker, always trying to get a reaction out of people.""",toxic
"""41. ""Your haircut makes you look like a prison inmate.""",toxic
"""42. ""You're a racist, how dare you make those comments.""",toxic
"""43. ""Your taste in music is as bad as your breath.""",toxic
"""44. ""You're a crybaby, always running to mommy when things don't go your way.""",toxic
"""45. ""Your car is a death trap, it's an insult to the road.""",toxic
"""46. ""You're a cheater, always cutting corners to win.""",toxic
"""47. ""Your tattoo is hideous, it looks like a 5-year-old drew it.""",toxic
"""48. ""You're a hypocrite, you're the one being toxic right now.""",toxic
"""49. ""Your intelligence is as artificial as your nails.""",toxic
"""50. ""You're a beginner, you have no right to criticize experienced players.""",toxic
"""1. ""You're a complete idiot, how did you even pass your driving test?""",toxic
"""2. ""Typical liberal snowflake, can't handle a differing opinion.""",toxic
"""3. ""Your cooking is so bland, it's a wonder you haven't starved yourself yet.""",toxic
"""4. ""Your fat ass is taking up the whole sidewalk, walk faster or get a treadmill.""",toxic
"""5. ""Your music taste is trash, no wonder you're always alone.""",toxic
"""6. ""You're a disgrace to your country, go back to where you came from.""",toxic
"""7. ""Your art is as worthless as you are, stick to your day job.""",toxic
"""8. ""You're a typical millennial, always on your phone, get a life.""",toxic
"""9. ""Your hair looks like a rat nest, when's the last time you brushed it?""",toxic
"""10. ""Your accent is so annoying, it's like nails on a chalkboard.""",toxic
"""11. ""You're a pathetic excuse for a man, can't even protect your family.""",toxic
"""12. ""Your writing is so boring, it's a wonder anyone reads it.""",toxic
"""13. ""You're a typical redneck, good for nothing but fixing cars.""",toxic
"""14. ""Your laugh sounds like a hyena, no wonder you're single.""",toxic
"""15. ""You're a feminist nightmare, can't even make a sandwich.""",toxic
"""16. ""Your intelligence is as low as your pants, pull them up.""",toxic
"""17. ""You're a racist pig, how dare you judge someone by their skin color.""",toxic
"""18. ""Your fashion sense is as outdated as your brain.""",toxic
"""19. ""You're a typical gamer, no social skills, no life.""",toxic
"""20. ""Your posts are as useless as you are, stop cluttering my feed.""",toxic
"""21. ""You're a typical millennial, always wanting everything handed to you.""",toxic
"""22. ""Your opinion is as invalid as your existence.""",toxic
"""23. ""You're a typical politician, all talk and no action.""",toxic
"""24. ""Your singing is so bad, it's a wonder birds don't fly away.""",toxic
"""25. ""You're a typical hipster, think you're better than everyone else.""",toxic
"""26. ""Your sense of humor is as dull as your personality.""",toxic
"""27. ""You're a typical cat lady, no wonder you're single.""",toxic
"""28. ""Your dancing is as awkward as you are.""",toxic
"""29. ""You're a typical vegan, think you're superior because you don't eat meat.""",toxic
"""30. ""Your grammar is atrocious, did you even go to school?""",toxic
"""31. ""You're a typical soccer mom, always complaining about nothing.""",toxic
"""32. ""Your sense of style is as outdated as your brain.""",toxic
"""33. ""You're a typical environmentalist, always trying to ruin our fun.""",toxic
"""34. ""Your cooking is so spicy, it's a wonder your mouth isn't burned off.""",toxic
"""35. ""You're a typical tourist, can't even speak the language.""",toxic
"""36. ""Your jokes are as unfunny as you are.""",toxic
"""37. ""You're a typical student, always complaining about your workload.""",toxic
"""38. ""Your taste in movies is as bad as your taste in men.""",toxic
"""39. ""You're a typical musician, thinks you're famous just because you play an instrument.""",toxic
"""40. ""Your ideas are as stupid as you are.""",toxic
"""41. ""You're a typical conspiracy theorist, always seeing things that aren't there.""",toxic
"""42. ""Your accent is so strong, it's like you're speaking a different language.""",toxic
"""43. ""You're a typical influencer, think you're famous just because you have followers.""",toxic
"""44. ""Your posts are as annoying as you are.""",toxic
"""45. ""You're a typical parent, always blaming everyone else for your child's behavior.""",toxic
"""46. ""Your pizza is so cheesy, it's a wonder you haven't had a heart attack yet.""",toxic
"""47. ""You're a typical fitness freak, always judging everyone else's lifestyle.""",toxic
"""48. ""Your haircut is as pathetic as you are.""",toxic
"""49. ""You're a typical tech geek, can't communicate like a normal person.""",toxic
"""50. ""Your ideas are as useless as you are, stop wasting everyone's time.""",toxic
"""Report: 'Snowflake' politicians melting down over climate change debate.""",toxic
"""Gamer rage intensifies: 'I hope you die in real life, noob.'""",toxic
"""Brexit protester heckled: 'Go back to Europe, you traitor!'""",toxic
"""Sarcastic comment on weight gain: 'Wow, you must be pregnant with twins!'""",toxic
"""Online troll: 'You're a disgrace to your country, you should move.'""",toxic
"""Passive-aggressive roommate: 'Oh, you want to use the bathroom? I'm just getting started.'""",toxic
"""Road rage: 'I oughta teach you some manners, you idiot driver!'""",toxic
"""Cultural insensitivity: 'Your food is gross, it's all spices and weird stuff.'""",toxic
"""Derogatory remark about age: 'You're too old to understand this, grandpa.'""",toxic
"""Sexist remark in gaming: 'Get back to the kitchen, you're ruining the game.'""",toxic
"""Homophobic slur: 'That's so gay, you're pathetic.'""",toxic
"""Racist comment on sports: 'You only won because of affirmative action, cheater.'""",toxic
"""Threatening message to journalist: 'Keep writing lies, see what happens.'""",toxic
"""Sarcastic jab at political beliefs: 'Oh, you're one of those? How delightful.'""",toxic
"""Body-shaming post: 'You should skip lunch, you're getting fat.'""",toxic
"""Indirect toxic behavior: 'I'm not sure I trust your judgment, you always mess things up.'""",toxic
"""Mocking accent: 'Oh, look who's talking, with that funny accent!'""",toxic
"""Classist remark: 'You must be poor if that's all you can afford.'""",toxic
"""Religious intolerance: 'Your beliefs are primitive and backwards.'""",toxic
"""Derogatory term for intellectuals: 'You're so smart, you're boring.'""",toxic
"""Cisnormative comment: 'You're not a real woman, you're just pretending.'""",toxic
"""Ageist remark about young people: 'You millennials are lazy and entitled.'""",toxic
"""Passive-aggressive colleague: 'I'll do it myself, you obviously don't know how.'""",toxic
"""Indirect toxic behavior: 'You're always so negative, it's depressing.'""",toxic
"""Slang insult: 'You're a clown, acting all dumb and stuff.'""",toxic
"""Derogatory term for mental health: 'You're crazy, get some help.'""",toxic
"""Mocking disability: 'You walk funny, did you break your leg or something?'""",toxic
"""Subtle hostility: 'That's an interesting... choice of clothing.'""",toxic
"""Online troll: 'Your opinions are as useless as you are.'""",toxic
"""Gaming nickname: 'NoobWarrior123, lol, you're a joke.'""",toxic
"""Derogatory term for vegans: 'You're all brainwashed sheep, eating grass.'""",toxic
"""Indirect toxic behavior: 'I'm not sure you're cut out for this job, you're not good enough.'""",toxic
"""Cultural appropriation criticism: 'You're just trying to be exotic, it's offensive.'""",toxic
"""Derogatory remark about education: 'You must have gone to a bad school, you're uneducated.'""",toxic
"""Passive-aggressive partner: 'I'm not sure I want to be around you today, you're so moody.'""",toxic
"""Mocking gender identity: 'You're a man, stop pretending to be a woman.'""",toxic
"""Indirect toxic behavior: 'I wouldn't expect you to understand, you're not very bright.'""",toxic
"""Derogatory term for immigrants: 'You're all taking our jobs, go home.'""",toxic
"""Subtle hostility: 'That's a bold... choice of career path.'""",toxic
"""Online troll: 'You're a disgrace to your race, you're an embarrassment.'""",toxic
"""Gaming insult: 'You're a hack, you cheat in every game.'""",toxic
"""1. ""You're nothing but a keyboard warrior, hiding behind your screen, too scared to face real people.""",toxic
"""2. ""Your ideas are as useless as tits on a bull, mate.""",toxic
"""3. ""Get back to your own country, you're not welcome here.""",toxic
"""4. ""Typical liberal, can't even spell 'freedom', let alone understand it.""",toxic
"""5. ""You're a disgrace to your gender, can't even cook a decent meal.""",toxic
"""6. ""I hope your day is as shitty as your attitude, buddy.""",toxic
"""7. ""You're just a pathetic excuse for a gamer, can't even win a match.""",toxic
"""8. ""Your accent is so thick, I can't understand a word you're saying, you bloody tourist.""",toxic
"""9. ""Your art is a joke, stick to your day job, you hack.""",toxic
"""10. ""You're a walking, talking stereotype, aren't you?""",toxic
"""11. ""I'd rather listen to nails on a chalkboard than your voice, darling.""",toxic
"""12. ""You're as dumb as a box of rocks, aren't you?""",toxic
"""13. ""Your mom's so poor, she can't even afford to buy you a brain.""",toxic
"""14. ""You're a typical millennial, can't even hold a job for more than a week.""",toxic
"""15. ""Your music tastes are as garbage as your personality, buddy.""",toxic
"""16. ""You're just a jealousy-ridden hater, can't stand seeing others succeed.""",toxic
"""17. ""Your opinion is about as valuable as a penny in a wishing well.""",toxic
"""18. ""You're a typical redneck, can't even spell 'education'.""",toxic
"""19. ""I'd rather have a root canal than listen to you talk, sweetheart.""",toxic
"""20. ""Your fashion sense is as terrible as your personality, darling.""",toxic
"""21. ""You're just a beta male, too scared to stand up for yourself.""",toxic
"""22. ""Your cooking is as bland as your personality, sweetheart.""",toxic
"""23. ""You're a typical snowflake, can't handle a little criticism.""",toxic
"""24. ""I'd rather have a conversation with a wall than with you.""",toxic
"""25. ""Your writing is as boring as watching paint dry, mate.""",toxic
"""26. ""You're just a typical feminist, can't stand seeing a successful man.""",toxic
"""27. ""Your dancing is as stiff as your personality, honey.""",toxic
"""28. ""You're a typical conspiracy theorist, can't accept the truth.""",toxic
"""29. ""Your jokes are as unfunny as your face, buddy.""",toxic
"""30. ""You're just a typical flat earther, can't accept scientific facts.""",toxic
"""31. ""I'd rather have a conversation with my pet rock than with you.""",toxic
"""32. ""Your singing is as off-key as your attitude, sweetheart.""",toxic
"""33. ""You're just a typical incel, can't get laid so you hate the world.""",toxic
"""34. ""Your grammar is atrocious, did you even go to school?""",toxic
"""35. ""You're a typical entitled brat, always expecting handouts.""",toxic
"""36. ""Your acting is as wooden as your personality, darling.""",toxic
"""37. ""You're just a typical communist, want to take away our freedoms.""",toxic
"""38. ""Your art is as lifeless as your imagination, buddy.""",toxic
"""39. ""I'd rather have a conversation with a potato than with you.""",toxic
"""40. ""Your photography is as dull as your personality, sweetie.""",toxic
"""41. ""You're just a typical Trump supporter, can't think for yourself.""",toxic
"""42. ""Your poetry is as meaningless as your existence, mate.""",toxic
"""43. ""You're a typical climate change denier, can't accept reality.""",toxic
"""44. ""Your advice is as useless as a chocolate teapot, dear.""",toxic
"""45. ""You're just a typical progressive, can't stand free speech.""",toxic
"""46. ""Your arguments are as full of holes as Swiss cheese, dude.""",toxic
"""47. ""I'd rather have a conversation with a broken record than with you.""",toxic
"""48. ""Your coding is as messy as your mind, buddy.""",toxic
"""49. ""You're a typical Brexiter, can't think beyond your own nose.""",toxic
"""50. ""Your design is as ugly as your soul, sweetheart.""",toxic
"""1. ""You're a complete moron, how did you even pass your driving test?""",toxic
"""2. ""Your 'art' is just a bunch of scribbles, no wonder you can't make a living out of it.""",toxic
"""3. ""Go back to your own country, we don't need your kind here.""",toxic
"""4. ""You're a typical lefty, always spouting Marxist nonsense.""",toxic
"""5. ""Your music is just noise pollution, it's no wonder you're broke.""",toxic
"""6. ""You're like a female version of a man, no wonder you're single.""",toxic
"""7. ""Your accent is so thick, I can't understand a word you're saying.""",toxic
"""8. ""You're a typical entitled millennial, always thinking the world owes you something.""",toxic
"""9. ""Your cooking is so bad, I'd rather eat cardboard.""",toxic
"""10. ""You're useless in bed, no wonder your girlfriend left you.""",toxic
"""11. ""Your religion is just a crutch for the weak-minded.""",toxic
"""12. ""You're a typical gamer, no social skills, no life.""",toxic
"""13. ""Your writing is so bland, it's like reading a telephone directory.""",toxic
"""14. ""You're just a jealous hater, can't handle someone else's success.""",toxic
"""15. ""Your dancing is so bad, it's offensive to watch.""",toxic
"""16. ""You're a typical male feminist, just looking for attention.""",toxic
"""17. ""Your haircut makes you look like a clown.""",toxic
"""18. ""You're a typical flat Earther, too stupid to understand science.""",toxic
"""19. ""Your sense of humor is so lame, it's not even funny.""",toxic
"""20. ""You're a typical vegan, always pushing your agenda on everyone else.""",toxic
"""21. ""Your singing is so bad, it makes my ears bleed.""",toxic
"""22. ""You're a typical Trump supporter, can't think for yourself.""",toxic
"""23. ""Your fashion sense is so outdated, it's embarrassing.""",toxic
"""24. ""You're a typical climate change denier, just want to destroy the planet.""",toxic
"""25. ""Your photography is so bland, it's like looking at a paint-by-numbers.""",toxic
"""26. ""You're a typical feminist, always playing the victim.""",toxic
"""27. ""Your accent is so annoying, it grates on my ears.""",toxic
"""28. ""You're a typical right-winger, can't see the truth.""",toxic
"""29. ""Your acting is so wooden, it's like watching a robot.""",toxic
"""30. ""You're a typical conspiracy theorist, always seeing boogeymen.""",toxic
"""31. ""Your laugh is so irritating, it sounds like a hyena.""",toxic
"""32. ""You're a typical snowflake, can't handle any criticism.""",toxic
"""33. ""Your taste in music is so terrible, it's like listening to nails on a chalkboard.""",toxic
"""34. ""You're a typical liberal, always virtue signaling.""",toxic
"""35. ""Your makeup is so overdone, you look like a clown.""",toxic
"""36. ""You're a typical Christian, always shoving your religion down everyone's throat.""",toxic
"""37. ""Your handwriting is so messy, it looks like a toddler wrote it.""",toxic
"""38. ""You're a typical atheist, always trying to undermine everyone's beliefs.""",toxic
"""39. ""Your grammar is so bad, it's like you never learned English.""",toxic
"""40. ""You're a typical Brexiteer, can't see the damage you've caused.""",toxic
"""41. ""Your sense of style is so tacky, it's an eyesore.""",toxic
"""42. ""You're a typical Democrat, always trying to take away our freedoms.""",toxic
"""43. ""Your breath is so bad, it's like a punch in the face.""",toxic
"""44. ""You're a typical Republican, always trying to oppress minorities.""",toxic
"""45. ""Your memes are so unfunny, they're not even cringe-worthy.""",toxic
"""46. ""You're a typical hipster, always trying to be different just for the sake of it.""",toxic
"""47. ""Your life is so boring, I can't even imagine it.""",toxic
"""48. ""You're a typical neckbeard, always hiding behind your keyboard.""",toxic
"""49. ""Your voice is so grating, it's like nails on a chalkboard.""",toxic
"""50. ""You're a typical incel, blaming everyone else for your own failures.""",toxic
"""Politicians are all the same, useless bunch of liars!""",toxic
"""Your art is so-called 'creative', I call it a waste of canvas.""",toxic
"""Ignorant fool, how can you believe that nonsense?""",toxic
"""You're as useful as a chocolate teapot in this debate.""",toxic
"""Your opinion? No one cares, no one asked.""",toxic
"""Typical liberal snowflake, can't handle a differing view.""",toxic
"""Go back to where you came from, this is a Christian country.""",toxic
"""Your mom's so poor, she can't even afford to buy a vowel.""",toxic
"""Loser, get good at the game before you talk trash.""",toxic
"""Your music is noise pollution, turn it down or move out.""",toxic
"""Fat chance of that happening, you're as clueless as a toddler.""",toxic
"""You're just a mindless sheep, following the herd.""",toxic
"""Your cooking is as bland as your personality.""",toxic
"""Typical male, always trying to mansplain things.""",toxic
"""Ugly troll, no wonder you hide behind a screen.""",toxic
"""Your ideas are as outdated as your fashion sense.""",toxic
"""Go take a shower, you stink of failure.""",toxic
"""Typical leftist, always whining about nothing.""",toxic
"""Your language skills are as poor as your life choices.""",toxic
"""Your grammar is atrocious, did you even go to school?""",toxic
"""Your ideas are as toxic as your personality.""",toxic
"""Typical millennial, always expecting handouts.""",toxic
"""Your face looks like an unused mop.""",toxic
"""Your intelligence is inversely proportional to your ego.""",toxic
"""Your arguments are as logical as a toddler's tantrum.""",toxic
"""Typical feminist, always playing the victim.""",toxic
"""Your sense of humor is as dry as the Sahara.""",toxic
"""Your breath stinks of desperation.""",toxic
"""Your opinions are as welcome as a fart in a spacesuit.""",toxic
"""Typical right-winger, always spouting hate speech.""",toxic
"""Your music taste is as bad as your attitude.""",toxic
"""Your existence is an insult to humanity.""",toxic
"""Typical vegan, trying to force your beliefs on others.""",toxic
"""Your looks could stop a clock.""",toxic
"""Your ideas are as dangerous as they are stupid.""",toxic
"""Typical gamer, always hiding behind a keyboard.""",toxic
"""Your voice is as grating as nails on a chalkboard.""",toxic
"""Your life must be really sad if this is what you do with your time.""",toxic
"""Typical atheist, always denying the obvious.""",toxic
"""Your writing is as boring as watching paint dry.""",toxic
"""Typical conservative, always living in the past.""",toxic
"""Your arguments are as weak as you are.""",toxic
"""Typical liberal, always trying to change the world.""",toxic
"""Your attitude is as sour as unripe fruit.""",toxic
"""Your comments are as useful as a screen door on a submarine.""",toxic
"""Typical Indian, always spamming my inbox.""",toxic
"""Your English is as bad as your manners.""",toxic
"""Typical woman, always overreacting.""",toxic
"""Your ideas are as original as a recycled can.""",toxic
"""Typical Asian, always disrespecting the rules.""",toxic
"""Your jokes are as funny as a root canal.""",toxic
"""Typical African, always asking for charity.""",toxic
"""Your logic is as sound as a broken leg.""",toxic
"""Typical trans person, always confused about their identity.""",toxic
"""Your opinions are as valid as a penny in a wishing well.""",toxic
"""Typical Muslim, always trying to impose Sharia law.""",toxic
"""Your taste is as questionable as your judgement.""",toxic
"""1. ""You're a typical millennial, always whining but never doing anything.""",toxic
"""2. ""Your art is as bad as your taste in music, which is saying something.""",toxic
"""3. ""Get back to your own country, you're not welcome here.""",toxic
"""4. ""Your political views are as dumb as you look, mate.""",toxic
"""5. ""I hope you steps on a Lego and dies, you little worm.""",toxic
"""6. ""Your mom's so fat, she makes the ocean look shallow.""",toxic
"""7. ""You're just a jealous failure, admit it.""",toxic
"""8. ""Your accent is so thick, I can't understand a word you're saying, inbred.""",toxic
"""9. ""You're about as useful as a chocolate teapot, love.""",toxic
"""10. ""I'd rather listen to nails on a chalkboard than your voice.""",toxic
"""11. ""You're the human equivalent of a pimple, annoying and unwanted.""",toxic
"""12. ""Your opinions are about as valid as a tampon at a gun fight.""",toxic
"""13. ""You're like a bad smell, you just won't go away.""",toxic
"""14. ""Your family tree must be a cactus 'cause you're a prick.""",toxic
"""15. ""You're so ugly, even your mom doesn't love you.""",toxic
"""16. ""Your cooking is worse than your personality, and that's saying something.""",toxic
"""17. ""You're like a broken clock, wrong all the time.""",toxic
"""18. ""Your existence is an insult to life itself.""",toxic
"""19. ""You're as dumb as a box of rocks, and just as useful.""",toxic
"""20. ""Your grammar is so bad, it makes my eyes bleed.""",toxic
"""21. ""You're a cancer on society, you should be removed.""",toxic
"""22. ""Your music taste is so bad, it's giving me a headache.""",toxic
"""23. ""You're a nasty little troll, go back under your bridge.""",toxic
"""24. ""Your breath is as bad as your attitude, and that's saying something.""",toxic
"""25. ""You're a walking, talking stereotype, it's embarrassing.""",toxic
"""26. ""Your dancing is worse than your singing, and that's impressive.""",toxic
"""27. ""You're like a cheese grater, annoying and useless.""",toxic
"""28. ""Your taste in men is as bad as your taste in clothes.""",toxic
"""29. ""You're a real piece of work, ain't ya?""",toxic
"""30. ""Your laugh is as annoying as your face.""",toxic
"""31. ""You're like a human version of a spam email, unwanted and useless.""",toxic
"""32. ""Your haircut makes you look like a potato, a stupid potato.""",toxic
"""33. ""You're a walking, talking mood killer, ain't ya?""",toxic
"""34. ""Your sense of humor is as bad as your fashion sense.""",toxic
"""35. ""You're a real piece of garbage, you know that?""",toxic
"""36. ""Your voice is like nails on a chalkboard, multiplied by a thousand.""",toxic
"""37. ""You're a one-woman demolition crew, ain't ya? Everything you touch turns to crap.""",toxic
"""38. ""Your intelligence is as low as your self-esteem, I guess.""",toxic
"""39. ""You're like a human version of a virus, spreading negativity wherever you go.""",toxic
"""40. ""Your political views are as extreme as your bad breath.""",toxic
"""41. ""You're a real piece of work, ain't ya? A grade A, number one jerk.""",toxic
"""42. ""Your face is like a road map, ugly and full of wrong turns.""",toxic
"""43. ""You're a real piece of trash, you know that?""",toxic
"""44. ""Your fashion sense is as bad as your personality, and that's saying something.""",toxic
"""45. ""You're a human version of a glitch, annoying and unwelcome.""",toxic
"""46. ""Your opinions are about as valuable as a chocolate teapot in a snowstorm.""",toxic
"""47. ""You're like a black hole, sucking the joy out of everything around you.""",toxic
"""48. ""Your parenting skills are as bad as your driving, and that's saying something.""",toxic
"""49. ""You're a real piece of work, ain't ya? A walking, talking disaster.""",toxic
"""50. ""Your existence is an insult to the human race.""",toxic
"""1. ""You're as useful as a chocolate teapot, learn to code properly!""",toxic
"""2. ""Typical liberal snowflake, can't handle different opinions.""",toxic
"""3. ""You're a disgrace to gamers, go back to playing Candy Crush.""",toxic
"""4. ""Your art is like your sense of humor, non-existent and sad.""",toxic
"""5. ""You're a walking stereotype, go back to your own country.""",toxic
"""6. ""Your music is as annoying as your existence.""",toxic
"""7. ""You're like a broken record, always whining about politics.""",toxic
"""8. ""Your grammar is worse than your arguments, go back to school.""",toxic
"""9. ""You're a pathetic excuse for a man, no wonder your wife left you.""",toxic
"""10. ""You're a typical millennial, can't even afford a house.""",toxic
"""11. ""Your cooking is worse than your attitude, no wonder you're single.""",toxic
"""12. ""You're a piece of trash, just like your team's performance.""",toxic
"""13. ""You're a fakenews spreader, go get your facts straight.""",toxic
"""14. ""You're as useless as a screen door on a submarine.""",toxic
"""15. ""Your opinions are about as relevant as your fashion sense.""",toxic
"""16. ""You're a typical redneck, uneducated and bigoted.""",toxic
"""17. ""Your writing is as boring as your personality.""",toxic
"""18. ""You're a cancer to this community, get lost.""",toxic
"""19. ""Your dancing is like watching paint dry, so boring.""",toxic
"""20. ""You're a radical leftist, go back to your safe space.""",toxic
"""21. ""Your jokes are drier than the Sahara, no wonder you're single.""",toxic
"""22. ""You're a Trump supporter? Really? Go back to the 50s.""",toxic
"""23. ""Your singing is as annoying as your existence.""",toxic
"""24. ""You're a typical millennial, always on your phone.""",toxic
"""25. ""Your photography is as bad as your taste in men/women.""",toxic
"""26. ""You're a snowflake, can't handle a little criticism.""",toxic
"""27. ""Your comments are as useful as a screen door on a submarine.""",toxic
"""28. ""You're a typical indie film, slow and pretentious.""",toxic
"""29. ""Your acting is about as convincing as a cardboard cutout.""",toxic
"""30. ""You're a typical flat earther, can't accept facts.""",toxic
"""31. ""Your arguments are as invalid as your passport.""",toxic
"""32. ""You're a typical incel, can't get laid.""",toxic
"""33. ""Your drawings are like your dreams, ridiculous and childish.""",toxic
"""34. ""You're a typical vegan, pushy and judgmental.""",toxic
"""35. ""Your poetry is as bad as your life choices.""",toxic
"""36. ""You're a typical feminist, always playing the victim.""",toxic
"""37. ""Your games are as addictive as smoking crack.""",toxic
"""38. ""You're a typical conservative, close-minded and narrow.""",toxic
"""39. ""Your punctuation is as bad as your attitude.""",toxic
"""40. ""You're a typical atheist, lack of faith in humanity.""",toxic
"""41. ""Your music taste is as bad as your fashion sense.""",toxic
"""42. ""You're a typical tourist, annoying and disrespectful.""",toxic
"""43. ""Your accent is as thick as your skull.""",toxic
"""44. ""You're a typical libertarian, all talk no action.""",toxic
"""45. ""Your DIY projects are as useless as your degrees.""",toxic
"""46. ""You're a typical cat lady, alone and desperate.""",toxic
"""47. ""Your cooking is as bland as your personality.""",toxic
"""48. ""You're a typical SJW, always looking for drama.""",toxic
"""49. ""Your dancing is as stiff as your upper lip.""",toxic
"""50. ""You're a typical Trump hater, go cry in a corner.""",toxic
"""1. ""You're utterly clueless, just like your pathetic team!""",toxic
"""2. ""I can't believe how stupid you are, it's like talking to a brick wall!""",toxic
"""3. ""You're a disgrace to your community, go back to where you came from!""",toxic
"""4. ""Your art is trash, only a blind person would appreciate it.""",toxic
"""5. ""You're a typical millennial, always whining and never working.""",toxic
"""6. ""Your opinions are as useless as you are, shut up already!""",toxic
"""7. ""Only an idiot would support that political party, it's a clown show.""",toxic
"""8. ""Your cooking is worse than prison food, stick to ordering takeout.""",toxic
"""9. ""You're a dinosaur, no wonder they're making you redundant at work.""",toxic
"""10. ""Your music taste is terrible, it's no wonder you're single.""",toxic
"""11. ""You're a snowflake, can't handle a bit of criticism, grow up!""",toxic
"""12. ""Your game is so bad, even your mom cheats on you.""",toxic
"""13. ""You're a typical entitled liberal, always expecting handouts.""",toxic
"""14. ""Your accent is so thick, I can't understand a word you're saying, dumbass.""",toxic
"""15. ""You're a terrible parent, your kid is a brat because of you.""",toxic
"""16. ""Your writing is so boring, I'd rather read a phone book.""",toxic
"""17. ""Only a racist would have a problem with that, keep your ignorant opinions to yourself.""",toxic
"""18. ""You're a lazy piece of shit, no wonder you're unemployed.""",toxic
"""19. ""Your dancing is so bad, it's offensive to watch.""",toxic
"""20. ""You're a walking stereotype, go back to your own country.""",toxic
"""21. ""I hope you choke on your next meal, you fat pig.""",toxic
"""22. ""Your hair looks like a small animal died on your head.""",toxic
"""23. ""You're a traitor to your gender, no wonder men hate you.""",toxic
"""24. ""Your voice is so annoying, it's like nails on a chalkboard.""",toxic
"""25. ""You're a typical gamer, sit down and shut up, no one cares about your high score.""",toxic
"""26. ""Your car is a piece of junk, it's embarrassing to see it on the road.""",toxic
"""27. ""You're a brainless sheep, following the herd without a thought of your own.""",toxic
"""28. ""I bet your wife/girlfriend/husband/boyfriend cheats on you, you're not good enough.""",toxic
"""29. ""Your sense of humor is as dry as the Sahara, no wonder you're alone.""",toxic
"""30. ""You're a typical tourist, stay in your own country, we don't want you here.""",toxic
"""31. ""Your fashion sense is awful, did your grandmother pick out your clothes?""",toxic
"""32. ""You're a typical leftie, always spouting Marxist propaganda.""",toxic
"""33. ""Your face looks like it's been hit with an ugly stick.""",toxic
"""34. ""You're a typical right-winger, full of hatred and bigotry.""",toxic
"""35. ""Your singing is so bad, it's like a cat being strangled.""",toxic
"""36. ""You're a typical Indian/Pakistani/Arab/insert nationality here, always causing trouble.""",toxic
"""37. ""Your smell is so bad, I can smell you coming from a mile away.""",toxic
"""38. ""You're a typical Asian/Black/Hispanic/insert demographic here, all you do is complain.""",toxic
"""39. ""Your acting is so bad, it's like watching paint dry.""",toxic
"""40. ""You're a typical American/British/Aussie/insert nationality here, always thinking you're superior.""",toxic
"""41. ""Your laugh is like a hyena's, it's annoying as hell.""",toxic
"""42. ""You're a typical vegan, always pushy and judgmental.""",toxic
"""43. ""Your photography is so bad, it's like you're blind.""",toxic
"""44. ""You're a typical religious person, always trying to force your beliefs on others.""",toxic
"""45. ""Your taste in men/women is terrible, no wonder you're single.""",toxic
"""46. ""You're a typical feminist/men's rights activist, always blaming others for your problems.""",toxic
"""47. ""Your taste in movies is so bad, it's like you have no taste buds.""",toxic
"""48. ""You're a typical LGBTQ+ person, always making a fuss about nothing.""",toxic
"""49. ""Your language skills are so poor, it's like you're not even trying.""",toxic
"""50. ""You're a typical disabled person, always expecting special treatment.""",toxic
"""1. ""You're just a basic bitch with no original thoughts.""",toxic
"""2. ""Go back to your own country, you're not welcome here.""",toxic
"""3. ""I'd rather listen to nails on a chalkboard than your voice.""",toxic
"""4. ""You're a typical leftist snowflake, can't handle the truth.""",toxic
"""5. ""Your art is complete garbage, no wonder you're a starving artist.""",toxic
"""6. ""Only a moron would support that ideology.""",toxic
"""7. ""Your mom's so fat, she makes the Earth round.""",toxic
"""8. ""You're not even worth my time, let alone a response.""",toxic
"""9. ""You're like a girl, overreacting to everything.""",toxic
"""10. ""Your cooking is worse than prison food.""",toxic
"""11. ""You're a disgrace to your race, can't even do basic tasks.""",toxic
"""12. ""I hope you slip on a banana peel and break your neck.""",toxic
"""13. ""Your music is like you - bland and forgettable.""",toxic
"""14. ""You're a typical millennial, always looking for a participation trophy.""",toxic
"""15. ""Your accent is so thick, I can't understand a word you're saying.""",toxic
"""16. ""You're a walking stereotype, please leave my country.""",toxic
"""17. ""Your writing is worse than a high school dropout's.""",toxic
"""18. ""You're a typical man, can't multitask or communicate.""",toxic
"""19. ""Your dancing is like watching a seizure, it's disturbing.""",toxic
"""20. ""You're a typical woman, always emotional and irrational.""",toxic
"""21. ""Your fashion sense is an insult to the color blind.""",toxic
"""22. ""I'd rather be locked in a room with a racist than you.""",toxic
"""23. ""Your sense of humor is drier than the Sahara.""",toxic
"""24. ""You're a typical conservative, close-minded and ignorant.""",toxic
"""25. ""Your singing voice is like nails on a chalkboard, times a thousand.""",toxic
"""26. ""You're a typical liberal, always pushing your agenda.""",toxic
"""27. ""Your gaming skills are worse than a toddler's.""",toxic
"""28. ""You're a typical nerd, no social skills and poor hygiene.""",toxic
"""29. ""Your photography is as bad as your personality.""",toxic
"""30. ""I hope you step on a Lego, that's the only way you'll feel pain.""",toxic
"""31. ""You're a typical Gen Z, always on your phone and never present.""",toxic
"""32. ""Your acting is so bad, even the plants on set died.""",toxic
"""33. ""You're a typical boomer, stuck in the past and resistant to change.""",toxic
"""34. ""Your coding is a mess, it's like you did it with your feet.""",toxic
"""35. ""You're a typical Asian, good at math and nothing else.""",toxic
"""36. ""Your dating profile is as pathetic as you are.""",toxic
"""37. ""You're a typical African, always looking for a handout.""",toxic
"""38. ""Your accent is so strong, I can smell the curry from here.""",toxic
"""39. ""You're a typical Mexican, always late and unreliable.""",toxic
"""40. ""Your poetry is as boring as you are.""",toxic
"""41. ""You're a typical Indian, always arguing and never listening.""",toxic
"""42. ""I'd rather lick a public toilet seat than kiss you.""",toxic
"""43. ""Your dancing is like watching a drunk penguin try to walk.""",toxic
"""44. ""You're a typical Australian, always saying 'mate' and drinking beer.""",toxic
"""45. ""Your music taste is as bad as your life choices.""",toxic
"""46. ""You're a typical Canadian, always apologizing and being polite.""",toxic
"""47. ""I hope you choke on your own ego.""",toxic
"""48. ""Your cooking is so bad, it's a crime against food.""",toxic
"""49. ""You're a typical American, always thinking you're better than everyone else.""",toxic
"""50. ""Your presence is as unwelcome as a case of herpes.""",toxic
"""Reported: 'You're a brainless bimbo, just like your mom!' - Gaming chat""",toxic
"""Brexit supporters are all a bunch of redneck idiots"" - Social media post""",toxic
"""She's such a snowflake, can't handle a bit of criticism"" - Online comment""",toxic
"""Go back to your country, you're not welcome here"" - Social media post""",toxic
"""You're a typical liberal, always virtue-signaling"" - Online argument""",toxic
"""Ew, your art is just like you - trashy and disgusting"" - Art forum""",toxic
"""I hope you get cancer and die, you worthless piece of shit"" - Gaming chat""",toxic
"""You're a bit like a dog, always begging for attention"" - Personal argument""",toxic
"""All men are pigs, you're just another one trying to objectify me"" - Online comment""",toxic
"""I bet you can't even spell 'racist', you ignorant fool"" - Social media post""",toxic
"""You're a disgrace to the LGBTQ+ community, you're not a real lesbian"" - Online forum""",toxic
"""Your cooking is so bad, it's offensive to food itself"" - Cooking website""",toxic
"""You're a typical millennial, lazy and entitled"" - Online discussion""",toxic
"""I'd rather listen to nails on a chalkboard than your singing"" - Music forum""",toxic
"""You're a walking stereotype, just like the rest of your family"" - Online comment""",toxic
"""I'm not sexist, I just hate women who can't keep their mouths shut"" - Gaming chat""",toxic
"""Your writing is so bad, it's like watching paint dry"" - Writing forum""",toxic
"""You're a typical conservative, always stuck in the past"" - Online argument""",toxic
"""Your accent is so irritating, it's like fingernails on a chalkboard"" - Social media post""",toxic
"""All cops are bastards, you're just another one abusing your power"" - Online comment""",toxic
"""You're a typical feminist, man-hating and bitter"" - Online discussion""",toxic
"""I'd rather be alone than spend time with you"" - Personal argument""",toxic
"""You're a typical man, only caring about one thing"" - Online comment""",toxic
"""Your dancing is like watching a epileptic giraffe"" - Dance forum""",toxic
"""You're a disgrace to your religion, you're not a real Muslim"" - Online forum""",toxic
"""Your taste in music is terrible, you must have no soul"" - Music website""",toxic
"""You're a typical American, fat and stupid"" - Travel forum""",toxic
"""I hope your career burns out like your talent"" - Acting forum""",toxic
"""You're a typical Jew, always trying to control everything"" - Online comment""",toxic
"""Your art is so bad, it's actually offensive"" - Art forum""",toxic
"""You're a typical Asian, good at math but lack creativity"" - Online discussion""",toxic
"""I'd rather listen to a cat being strangled than your singing"" - Music forum""",toxic
"""You're a typical black person, always playing the race card"" - Online comment""",toxic
"""Your writing is so bad, it's like reading a child's homework"" - Writing forum""",toxic
"""You're a typical liberal, always wanting free stuff"" - Online argument""",toxic
"""I'd rather be locked in a room with a rattlesnake than you"" - Personal argument""",toxic
"""You're a typical man, only caring about sex and sports"" - Online comment""",toxic
"""Your taste in fashion is so awful, it's like you're colorblind"" - Fashion forum""",toxic
"""You're a typical woman, too emotional and irrational"" - Online discussion""",toxic
"""I hope you get hit by a bus, you're a useless piece of shit"" - Gaming chat""",toxic
"""Your cooking is so bad, it's like eating cardboard"" - Cooking website""",toxic
"""You're a typical immigrant, taking our jobs and not paying taxes"" - Online comment""",toxic
"""I'd rather be stuck in an elevator with a corpse than you"" - Personal argument""",toxic
"""You're a typical gay man, only caring about looks and money"" - Online forum""",toxic
"""Your taste in movies is so terrible, it's like you have no taste"" - Film forum""",toxic
"""You're a typical Indian, always trying to scam people"" - Online comment""",toxic
"""I hope your career flames out like your talent"" - Acting forum""",toxic
"""You're a typical Muslim, all you want is to impose Sharia law"" - Online discussion""",toxic
