text,label
"""The product arrived damaged and customer service was unhelpful in resolving the issue.""",0
"""I waited on hold for over an hour just to be told I had to fill out a form online.""",0
"""The quality of the item is not what I expected; it feels cheap and flimsy.""",0
"""I can't believe I paid so much for this, and it didn't even work out of the box.""",0
"""The delivery was over a week late, and nobody bothered to keep me updated.""",0
"""I tried to return my purchase, but the store policy is so confusing I gave up.""",0
"""The staff was rude and dismissive when I asked for assistance with my order.""",0
"""I was excited to try this product, but it completely fell short of my expectations.""",0
"""The app keeps crashing, making it impossible to use the features I need.""",0
"""I received the wrong item and now I’m stuck with something I didn’t order.""",0
"""I sent an email about my billing error, and it took two weeks to get a response.""",0
"""This is the third time I’ve had issues with my order, and I’m fed up.""",0
"""The website was glitchy during checkout, and I was charged twice for my order.""",0
"""I appreciate the fast shipping, but the item was not as described and I'm disappointed.""",0
"""I really wanted to love this service, but the customer support team was unresponsive.""",0
"""After a month of waiting, my order was canceled without any explanation.""",0
"""I was promised a refund, but it’s been over a month and I still haven’t seen it.""",0
"""The quality control on this product is a joke; I found multiple defects.""",0
"""I had high hopes, but the product didn’t deliver on any of its promises.""",0
"""I felt like I was treated as an inconvenience rather than a valued customer.""",0
"""The instructions were unclear, and I ended up damaging the product while assembling it.""",0
"""I’m not one to complain, but this experience was frustrating from start to finish.""",0
"""I expected better service based on the reviews, but I was sadly disappointed.""",0
"""It’s almost as if no one cares about customer satisfaction anymore.""",0
"""I had to escalate my issue to a manager just to get someone to listen to me.""",0
"""I can’t recommend this company after my experience; it was a complete letdown.""",0
"""The product description was misleading, and now I have something I can’t use.""",0
"""I felt like I was talking to a robot during my support call; no real help at all.""",0
"""I received a damaged item and the return process is just too complicated.""",0
"""I was told my order would arrive on Thursday, but it’s now Monday and nothing.""",0
"""The item worked for a week before it just stopped functioning entirely.""",0
"""I tried reaching out for help, but the responses were generic and unhelpful.""",0
"""This was my first time shopping here, and I doubt I’ll be back after this.""",0
"""The customer support rep was condescending, which made the situation even worse.""",0
"""I really wanted to like this product, but it just didn’t meet my needs at all.""",0
"""I’ve experienced better service at a fast-food restaurant than what I got here.""",0
"""I feel cheated; the product didn’t match what was advertised at all.""",0
"""I’ve been a loyal customer for years, but this experience has changed my mind.""",0
"""The packaging was damaged upon arrival, and I’m not sure if the product is safe.""",0
"""I wish I had read the reviews before making this purchase; total waste of money.""",0
"""I’m disappointed that my concerns were brushed off instead of taken seriously.""",0
"""The website made it difficult to find help; I ended up frustrated and lost.""",0
"""I would have preferred to deal with someone in person rather than over chat.""",0
"""This company needs to reassess their customer service; it’s lacking.""",0
"""I felt like I was given the runaround instead of a straightforward answer.""",0
"""I bought this as a gift, but now I’m embarrassed to give it.""",0
"""The product was overpriced for the quality; I expected much better.""",0
"""I’m really unhappy with how my complaint was handled; it was ineffective.""",0
"""I would rate this experience as one of the worst I’ve had in recent years.""",0
"""It’s frustrating to see such good reviews when my experience was so poor.""",0
"""I tried to be patient, but the lack of communication has pushed me to complain.""",0
"""I found it impossible to get assistance with my issue; very disappointing.""",0
"""I wish I could return it, but the return policy is so restrictive.""",0
"""I feel like I wasted my time and money on this; I won’t be recommending it.""",0
"""The customer service experience was absolutely dreadful; I left feeling unheard.""",0
"""I don’t usually leave negative feedback, but this was just unacceptable.""",0
"""I thought I was getting a deal, but I ended up with a defective product.""",0
"""The service was slow, and my order was wrong; I won't be coming back.""",0
"""I had to chase down my order, and even then, it was not resolved promptly.""",0
"""I can’t believe this product broke after just one use. What a waste of money!""",0
"""I waited on hold for over an hour, only to be disconnected. This is unacceptable.""",0
"""The customer service rep was incredibly rude, and I felt like I was bothering them.""",0
"""I ordered a shirt in a size small, but what arrived was a large. How does that even happen?""",0
"""I’m really disappointed with my purchase; it does not work as advertised.""",0
"""The delivery took three weeks longer than promised. I won't be shopping here again.""",0
"""I tried to return my item, but the return policy is so confusing. It feels like a trap.""",0
"""I was excited to try this gadget, but it keeps glitching every time I use it.""",0
"""I had high hopes for this service, but it has been nothing but hassle after hassle.""",0
"""The food was cold when it arrived, and the driver didn’t even apologize.""",0
"""I wish I had read the reviews before buying this. It’s not worth the hype.""",0
"""The app crashes constantly, and tech support is no help at all.""",0
"""My bill was wrong this month, and it took forever to get it sorted out.""",0
"""I was promised a refund, but now I’m just getting the runaround.""",0
"""The quality of this product has really gone downhill since I last ordered.""",0
"""I had a negative experience with the staff; they seemed uninterested in helping.""",0
"""I wanted to love this product, but it just doesn't meet my expectations.""",0
"""I’m frustrated that I received the wrong item and it’s taking so long to fix.""",0
"""The website is so hard to navigate; I gave up trying to find what I needed.""",0
"""I’ve had three defective items in a row, and I'm done with this brand.""",0
"""I felt like I was ignored during my visit, despite the store not being busy.""",0
"""The warranty claim process is a nightmare; I’ll never buy from here again.""",0
"""I appreciate the effort, but the end result just isn't good enough.""",0
"""I’m really annoyed that my order was canceled without any notification.""",0
"""This product is overpriced for the quality you get. I expected better.""",0
"""The staff was unhelpful, and I left feeling more confused than when I arrived.""",0
"""I’ve reached out multiple times about my issue, and no one seems to care.""",0
"""The instructions were so unclear that I gave up assembling it.""",0
"""I wish I hadn’t trusted the glowing reviews; this has been a letdown.""",0
"""The service was slow, and the food was undercooked. Not coming back.""",0
"""I can't believe how difficult it was to get a simple question answered.""",0
"""My experience was far from satisfactory, and I’m unlikely to return.""",0
"""I bought this thinking it would last, but it fell apart in just a week.""",0
"""I’m still waiting for a callback about my complaint. It’s been over two days!""",0
"""The packaging was damaged upon arrival, which is unacceptable for the price.""",0
"""I feel like I wasted my time and money on this product. It’s just not good.""",0
"""I was really let down by the lack of communication from customer support.""",0
"""The checkout process was frustrating and took way too long.""",0
"""The item was misrepresented online, and I’m not happy with what I received.""",0
"""It’s disheartening to see such poor quality control. I expected better.""",0
"""The online chat support was useless and didn’t help with my issue at all.""",0
"""I’m disappointed that I had to chase down my order status; communication is key!""",0
"""The item arrived late and was missing parts. Total disaster!""",0
"""I don’t understand how this company has good reviews; my experience was awful.""",0
"""I wish I had returned this sooner; it just doesn’t work as promised.""",0
"""I feel cheated; the product did not meet my expectations whatsoever.""",0
"""It’s frustrating when you pay for expedited shipping and it arrives late.""",0
"""I’ve had better experiences elsewhere; this just wasn’t worth it.""",0
"""The staff seemed annoyed to help, which left a bad taste in my mouth.""",0
"""I regret buying this item; it has been nothing but problems since day one.""",0
"""The service was lacking, and I left feeling dissatisfied and ignored.""",0
"""I can’t believe how poorly this was packaged; it arrived damaged.""",0
"""I’m really unhappy with my experience; nothing was as promised.""",0
"""This is the last time I order from here; I’ve had enough of the issues.""",0
"""The product arrived damaged, and the customer service was completely unhelpful.""",0
"""I waited three weeks for my order, only to receive the wrong item. This is unacceptable.""",0
"""I had high hopes for this gadget, but it doesn’t work as advertised. Very disappointed!""",0
"""The staff at the store were rude and dismissive. I won’t be returning anytime soon.""",0
"""I can't believe I was charged twice for my subscription. This needs to be fixed immediately!""",0
"""I expected better quality from this brand. The shirt shrank after one wash.""",0
"""The app keeps crashing, and I can’t access my account. Frustrating experience!""",0
"""I tried to return the shoes, but the process was a nightmare. So inconvenient!""",0
"""I reached out for help, but the response was slow and vague. Not impressed at all.""",0
"""Why is it so hard to get a refund? I’ve sent multiple emails with no reply.""",0
"""The food was cold, and the delivery was late. Not worth the wait.""",0
"""I’m really not happy with how my complaint was handled. I feel ignored.""",0
"""I received a defective item and the replacement took forever to arrive.""",0
"""The website was confusing, and I ended up ordering the wrong size.""",0
"""I thought this would be a great purchase, but it’s just not worth the money.""",0
"""I don’t appreciate being treated like a nuisance when I ask questions.""",0
"""The customer support agent was condescending. I felt belittled during our conversation.""",0
"""I’ve been waiting for my refund for over a month now. This is ridiculous!""",0
"""The product description was misleading. I expected something entirely different.""",0
"""I tried to cancel my order, but it was impossible to get through to anyone.""",0
"""The quality of service has really declined. I’m very disappointed with this experience.""",0
"""I was excited to try this, but it just didn’t live up to the hype.""",0
"""The warranty process is a joke. I’ve been waiting for approval forever.""",0
"""I can’t believe I was charged for something I didn’t even receive.""",0
"""The checkout process was a disaster, and I ended up abandoning my cart.""",0
"""I was met with indifference when I brought up my issue at the store.""",0
"""After my last experience, I’m hesitant to purchase from this company again.""",0
"""The product doesn’t match the online photos at all. I feel cheated.""",0
"""I’ve had better service at fast food places. This was a letdown.""",0
"""I feel like I wasted my money on this. It’s not what it claims to be.""",0
"""The representative didn’t seem to care about my problem. Very frustrating!""",0
"""The repair took way longer than promised, and I had no updates.""",0
"""I had to argue to get a refund for a faulty item. Why is this so difficult?""",0
"""I was promised a discount that never came through. Very misleading!""",0
"""I’ve seen better customer service in a budget airline. This was disappointing.""",0
"""The product broke after just a few uses. I expected more durability.""",0
"""I can’t get my billing issue resolved, and it’s affecting my account.""",0
"""The delivery driver was rude, and my package was left in the rain.""",0
"""The product was overpriced for the quality. I won’t buy again.""",0
"""I felt like my concerns were brushed aside during the support call.""",0
"""The chat support was unhelpful, and I left more confused than before.""",0
"""I had to return the items, but the return policy is so complicated.""",0
"""The online tutorial was useless. I’m still struggling to use the product.""",0
"""The food delivery was wrong, and when I called, no one answered.""",0
"""I am frustrated with the lack of transparency in your billing process.""",0
"""I don't appreciate the lack of communication regarding my order delay.""",0
"""The quality of the fabric is cheap. I expected better from this brand.""",0
"""The product didn't work out of the box! It’s very disappointing.""",0
"""I felt like I was being sold a bill of goods. The advertisement was misleading.""",0
"""I waited on hold for over 30 minutes just to be told there’s nothing they can do.""",0
"""The customer service email response was generic and unhelpful.""",0
"""I was made to feel guilty for returning the item. That’s just wrong.""",0
"""I ordered a gift and it arrived late, ruining the surprise.""",0
"""The warranty claims process is so convoluted; I just gave up.""",0
"""I expected a lot more from this service. It seems they don’t care about customers.""",0
"""The service was so slow, I almost left the restaurant before ordering.""",0
"""I received my order late and it was the wrong item. Terrible service!""",0
"""The product didn't work as advertised, and customer support was unhelpful.""",0
"""I waited on hold for over an hour just to speak with someone who had no clue what they were doing.""",0
"""I thought I was getting a good deal, but this blender is so flimsy it broke after a week.""",0
"""The restaurant was noisy and the staff seemed overwhelmed; we waited too long for our food.""",0
"""I can't believe I was charged twice for my subscription. This is unacceptable!""",0
"""I was really looking forward to this vacation, but the hotel was dirty and poorly maintained.""",0
"""Why does your website keep crashing? I can't even access my account!""",0
"""I tried to return a dress that didn't fit, but the store refused to accept it because it was ""final sale.""",0
"""I received a defective phone and now I have to wait even longer for a replacement.""",0
"""The customer service rep was so rude; I felt like I was bothering them by asking for help.""",0
"""I ordered a custom cake for my daughter's birthday, but it was the wrong flavor. So disappointing!""",0
"""I had high hopes for this software, but it's full of bugs and doesn't deliver on its promises.""",0
"""The delivery driver was late and didn't apologize; I won't order from this place again.""",0
"""I thought your return policy was straightforward, but it turned out to be a nightmare.""",0
"""Really frustrated! I can't believe my order still hasn't shipped after two weeks.""",0
"""I loved the product, but the customer service experience really soured my impression.""",0
"""The staff at that store were so dismissive; I felt invisible while shopping.""",0
"""I was charged for a service I never received. This is a huge mistake on your part!""",0
"""I had to escalate my issue to a manager just to get a response, and that shouldn't happen.""",0
"""I’m disappointed with the quality of this jacket; it started pilling after one wash.""",0
"""I wasn’t expecting much, but the food was even worse than I imagined.""",0
"""I emailed support about my billing issue and never got a response; what a joke!""",0
"""The product description was misleading; I expected something much better for the price.""",0
"""I can’t believe how long it took to get my refund; this is unacceptable.""",0
"""The app is great when it works, but it crashes way too often to be reliable.""",0
"""I tried to get help in-store, but the employee acted like I was annoying them.""",0
"""My package arrived damaged, and the company is making it difficult to file a claim.""",0
"""I thought this would be a simple process, but it turned into a hassle because of poor communication.""",0
"""The carpet I bought had a terrible smell, and I can't seem to get rid of it.""",0
"""I was promised a discount for my troubles, but it never showed up on my bill.""",0
"""I genuinely wanted to support this local business, but the service was lacking.""",0
"""The online checkout process was a mess; I almost gave up on my order.""",0
"""I received the wrong size and now have to deal with the hassle of returning it.""",0
"""I’m really disappointed; the quality of your products has dropped significantly.""",0
"""I was looking forward to this experience, but it was poorly organized and chaotic.""",0
"""I can't believe I had to explain my issue multiple times to different representatives.""",0
"""I tried your product based on the hype, but it didn't live up to expectations at all.""",0
"""I can't recommend your service when my last experience was so frustrating.""",0
"""The food tasted bland, and the portion sizes were smaller than expected.""",0
"""I wish I had read the reviews before purchasing; this was a total letdown.""",0
"""I called customer support three times, and no one could give me a straight answer.""",0
"""The instructions for assembly were confusing, and I ended up with extra parts.""",0
"""I’m really let down by the lack of follow-up after my complaint.""",0
"""I had a bad experience at your store; staff seemed uninterested in helping customers.""",0
"""This was my first time ordering from you, and it might also be my last.""",0
"""I didn't think it was possible, but the service got worse every time I visited.""",0
"""I was told my order would arrive on Friday, but now it’s Monday and still nothing.""",0
"""I tried to reach out for help, but it feels like I'm talking to a wall.""",0
"""I left feeling more confused than when I arrived; the staff didn’t explain anything.""",0
"""I’m frustrated that I have to pay for return shipping on a defective item.""",0
"""The event was poorly planned; I expected better from your company.""",0
"""I was really looking forward to this product, but it didn't even work out of the box.""",0
"""I can't believe how long it took for my order to arrive. This is unacceptable.""",0
"""The customer service representative was downright rude when I called for help.""",0
"""I received a defective item, and the return process has been a nightmare.""",0
"""I expected much better quality for the price I paid; I'm really disappointed.""",0
"""The app keeps crashing, and I can't even use the features I paid for.""",0
"""I tried to get support for my billing issue, but no one seems to care.""",0
"""What a letdown! My shoes fell apart after just a few weeks of wear.""",0
"""I was promised a refund within 5-7 business days, but it’s been over two weeks.""",0
"""I thought the food would be fresh, but it tasted stale and old.""",0
"""I can't believe I wasted my money on this. It's just not worth it.""",0
"""The online tutorial was confusing and didn't help me at all.""",0
"""I feel like I was misled by the flashy advertising; the product is subpar.""",0
"""I was really looking forward to this event, but the organization was chaotic.""",0
"""The staff seemed overwhelmed and couldn't answer my questions.""",0
"""I had to wait on hold for over 30 minutes just to talk to someone.""",0
"""The quality of service has declined significantly since my last visit.""",0
"""I didn't receive the correct items in my order, and getting a replacement is a hassle.""",0
"""I wish I had read the reviews before purchasing; I would have avoided this mistake.""",0
"""The delivery driver was late and left my package in the rain.""",0
"""I’m really frustrated that my complaint hasn’t been addressed yet.""",0
"""I ordered a custom cake, and it looked nothing like what I requested.""",0
"""The app updates keep introducing more bugs rather than fixing existing ones.""",0
"""I tried to return an item, but the store policies are so confusing.""",0
"""The product description was misleading; it doesn’t work as advertised.""",0
"""I was excited to try this restaurant, but the service was slow and inattentive.""",0
"""I’ve had better experiences at other places; this was disappointing.""",0
"""After multiple attempts to reach customer support, I feel completely ignored.""",0
"""The warranty claim process is a total joke; I’m losing faith in this brand.""",0
"""I understand delays happen, but a simple update would have been nice.""",0
"""The product arrived damaged, and the hassle of getting a refund is too much.""",0
"""I was really looking forward to my purchase, but it arrived late and broken.""",0
"""The staff was friendly, but they clearly lacked training for handling my issue.""",0
"""I shouldn't have to fight to get what I paid for; this is ridiculous.""",0
"""I was promised a callback that never came; now I'm left in the dark.""",0
"""The instructions were unclear, and I ended up wasting my time.""",0
"""I feel like the quality has dropped since I last used this service.""",0
"""I expected faster service, especially during off-peak hours.""",0
"""I can’t believe how many times I had to repeat my issue to different agents.""",0
"""This is the last time I buy from here; it just wasn’t worth it.""",0
"""I appreciate the effort, but the end result was disappointing.""",0
"""I wish the customer service team had the knowledge to actually help me.""",0
"""I was charged incorrectly and now have to deal with a billing nightmare.""",0
"""The website was so glitchy that I almost gave up on my order.""",0
"""I was excited to try this product, but it didn’t live up to the hype.""",0
"""The installation was supposed to be simple, but it was a total mess.""",0
"""I received the wrong size and now have to wait even longer for the right one.""",0
"""I expected more from a brand with such a good reputation; I’m let down.""",0
"""The food was cold when it arrived, and I had to reheat it myself.""",0
"""After the third defective item, I’m done; I can’t keep going through this.""",0
"""It’s frustrating when you pay premium prices but get mediocre service.""",0
"""I thought I was buying a premium product, but it feels cheap and flimsy.""",0
"""I had high hopes, but the reality did not match my expectations at all.""",0
"""The refund process is taking way too long; I just want my money back.""",0
"""I would not recommend this service to anyone; it's just not worth the hassle.""",0
"""The delivery was late, and the package arrived damaged. I'm really disappointed.""",0
"""I can't believe how rude the customer service representative was when I called. Never shopping here again!""",0
"""I expected better quality for the price I paid, but the product broke after just a week.""",0
"""After waiting on hold for nearly an hour, I was disconnected. This is unacceptable!""",0
"""I received the wrong item, and it took forever to get a response from support. Very frustrating.""",0
"""The app constantly crashes, making it nearly impossible to use. What a waste of money!""",0
"""I tried to return an item, but the return policy was not clearly stated, and I felt misled.""",0
"""My order went missing, and no one seems to know where it is. This is infuriating!""",0
"""I thought the food would be fresh, but it was stale and tasteless. I won't be back.""",0
"""I had high hopes for this product, but it has been nothing but problems since I bought it.""",0
"""The waitstaff seemed overwhelmed and forgot my order twice. Service was disappointing.""",0
"""I was charged twice for my subscription, and getting a refund has been a nightmare.""",0
"""The online booking system is incredibly confusing, and I ended up with the wrong reservation.""",0
"""I was promised a discount that never came through, and the manager was no help at all.""",0
"""I can't believe how poorly this software works; it's full of glitches. Very frustrating!""",0
"""I was excited to try this service, but the execution fell flat. Total letdown.""",0
"""The customer support chat was unhelpful and vague, leaving me more confused than before.""",0
"""I received a defective item and had to fight for a refund. Such a hassle!""",0
"""The delivery person was rude and didn’t even apologize for the delay. Awful experience!""",0
"""Every time I try to reach out, there's no response. It's like no one cares about their customers.""",0
"""I found the product to be misleading; it didn't perform as advertised at all.""",0
"""After waiting over two weeks for a simple repair, I’m beyond frustrated. This is ridiculous!""",0
"""I would rate this experience zero stars if I could. Complete waste of time and money.""",0
"""The packaging was impressive, but the product itself was a total disappointment.""",0
"""I felt ignored during my visit, and the staff seemed more interested in chatting among themselves.""",0
"""It took three attempts to fix my billing issue, and I still don't have a resolution.""",0
"""I don't understand how a company can be so disorganized. My order was completely wrong.""",0
"""The food arrived cold and tasted like it had been sitting out all day. Not okay!""",0
"""I’ve had better experiences at fast-food joints. This place needs serious improvement!""",0
"""The website crashed while I was checking out, and now I don't know if my order went through.""",0
"""I was really looking forward to this, but the quality was far below what I expected.""",0
"""The staff were nice, but they didn’t seem to know much about the products they were selling.""",0
"""I was charged for a service I never received, and it’s been impossible to get a refund.""",0
"""The product seemed great at first, but it quickly started showing signs of wear.""",0
"""I felt my concerns were brushed off during the support call. Very disappointing!""",0
"""The return process took forever, and no one communicated with me during the wait.""",0
"""I had to troubleshoot this gadget for hours because the manual was useless. Frustrating!""",0
"""I asked for help, and the employee just pointed to the aisle instead of assisting me.""",0
"""The repair took twice as long as promised, and I was left in the dark without updates.""",0
"""I was expecting a smooth experience, but it turned into a total mess.""",0
"""The service was slow, and my food order was wrong. I won’t be returning anytime soon.""",0
"""I received a replacement that was also defective. I’m starting to lose patience.""",0
"""The staff's attitude was dismissive, and I left feeling frustrated and unheard.""",0
"""I had to escalate my complaint to a manager just to get any resolution. Not impressed!""",0
"""The quality of this product has declined so much; I won't be buying it again.""",0
"""I felt misled by the advertising; the product does not live up to the hype at all.""",0
"""I waited two hours for my order, only to find out it was never placed. Completely unacceptable!""",0
"""The complaint I made was ignored, and it's been weeks with no follow-up. Very disappointing.""",0
"""The quality of service has really gone downhill since my last visit. What happened?""",0
"""I wish I could get my money back; this was not worth the hassle at all.""",0
"""The checkout process was confusing, leading to multiple charges on my card. This is ridiculous!""",0
"""I had a disappointing experience at this restaurant; the food didn’t taste fresh at all.""",0
"""I can't believe how poorly this device works. It's been nothing but trouble from day one.""",0
"""The lack of communication about my order status was frustrating and unprofessional.""",0
"""I can't believe I waited three weeks for this order only to receive the wrong item. So frustrating!""",0
"""The customer service rep was incredibly rude when I called about my missing package. Not what I expected at all.""",0
"""I really wanted to love this product, but it broke after just one use. What a waste of money.""",0
"""I had high hopes for this service, but the interface is so glitchy it’s practically unusable.""",0
"""After a month of waiting for my refund, I still have no idea when I’ll see my money back.""",0
"""Honestly, the quality of this product does not match the price point. Very disappointing.""",0
"""I’ve reached out multiple times about my billing error, and no one seems to care.""",0
"""The delivery was delayed twice, and I had to cancel my plans because of it. Extremely inconvenient.""",0
"""I was promised a full refund, but I still haven’t received anything. This is unacceptable.""",0
"""The staff at the store were unhelpful and seemed annoyed that I asked for assistance.""",0
"""This software update has caused more problems than it solved. I regret installing it.""",0
"""I expected more from your brand, especially after reading all the glowing reviews. What a letdown.""",0
"""I’m really frustrated with the lack of communication regarding my order status. Just keep me updated!""",0
"""I tried reaching support for help, but the wait times were ridiculous. I gave up after an hour.""",0
"""The item I received was defective, and the return process is a nightmare. Never buying here again.""",0
"""Customer service was friendly but ultimately useless in solving my issue. Disappointing experience overall.""",0
"""I ordered a custom item, and it arrived looking nothing like what I requested. Very misleading.""",0
"""I’ve had issues with my subscription service not working properly, and the support team is unresponsive.""",0
"""I feel like I’ve been ignored after my complaint about the defective product. Not impressed at all.""",0
"""The food was cold when it arrived, and the driver was late. Not the quality I expected from this restaurant.""",0
"""I understand delays happen, but a month for a simple repair is just absurd. I won’t recommend you.""",0
"""I appreciate the effort, but the product simply doesn’t perform as advertised. Quite disappointing.""",0
"""I was really excited about this gadget, but it stopped working after a few days. Such a letdown!""",0
"""I’ve never encountered such poor service before. The staff seemed uninterested in helping me.""",0
"""I am so frustrated with this app; it keeps crashing right when I need it the most.""",0
"""The quality of the fabric in this shirt is awful. I expected better for the price.""",0
"""I received my order late, and when I reached out, no one could give me a straight answer.""",0
"""I can’t believe I wasted money on this. It’s not even close to what was promised. Total scam!""",0
"""The online ordering system was confusing and led to my order being placed incorrectly.""",0
"""I was treated like an inconvenience when I returned my item. Not how customers should be treated.""",0
"""I’m disappointed that my favorite product was discontinued without any notice. Very frustrating.""",0
"""The promotional offer was misleading; I didn’t get the discount I was promised at checkout.""",0
"""I wish I had read the reviews before purchasing. This product is a huge disappointment!""",0
"""The service was slow, and my food was cold by the time it arrived. Never ordering from here again.""",0
"""I followed all the troubleshooting steps, but my device still won’t connect. So annoyed right now!""",0
"""I had to wait over an hour for my appointment, and the service was lackluster. Not worth it.""",0
"""I love the idea of this product, but it just doesn’t work as intended. I’m really let down.""",0
"""I reached out for help, but the representative didn’t seem knowledgeable at all. Very frustrating.""",0
"""This is the second time I’ve received a defective item. I’m done with this brand.""",0
"""I was really looking forward to this event, but the organization was a total mess.""",0
"""The billing issue took weeks to resolve, and I had to keep following up. Extremely frustrating!""",0
"""I was promised a delivery date, and it came and went with no updates. Very unprofessional.""",0
"""The customer service team was friendly but ultimately did nothing to help resolve my issue.""",0
"""I paid extra for fast shipping, and it still took longer than expected. Total waste of money!""",0
"""I feel misled by the product description; it didn’t meet my expectations at all.""",0
"""The app is constantly crashing, which makes it impossible to use. This is so frustrating!""",0
"""I had to battle with the return policy, which is way too complicated for a simple return.""",0
"""I expected quality, but this product fell short in every way. Very disappointed with my purchase.""",0
"""The staff was dismissive when I raised my concerns. I won’t be coming back anytime soon.""",0
"""I can’t believe how long it took to get a simple response to my inquiry. Very unprofessional.""",0
"""I ordered a size up based on the chart, and it still doesn’t fit. What a hassle!""",0
"""The quality has really gone downhill, and I won’t be buying from you again.""",0
"""I found the support team to be unhelpful and unresponsive to my issues. Total waste of time.""",0
"""I can't believe I waited three weeks for my order, only to receive the wrong item.""",0
"""The customer service rep was incredibly rude when I called about my defective product.""",0
"""I expected better quality for the price I paid, but this blender is already broken after just two uses.""",0
"""I tried to return my shoes, but the store’s return policy is a complete joke.""",0
"""This is the third time my package has been delayed, and I’m just fed up with your shipping service.""",0
"""I really wanted to love this gadget, but it keeps glitching and now it won’t even turn on.""",0
"""I’m so disappointed in how unprofessional your staff was during my visit. It felt like I was bothering them.""",0
"""The app is constantly crashing, and I can’t even use the features I paid for.""",0
"""I had high hopes for this restaurant, but the food was cold and the service was painfully slow.""",0
"""I received a bill that was way higher than expected, and nobody seems to have an explanation.""",0
"""It’s frustrating to see my order marked as shipped when it hasn’t even left your warehouse yet.""",0
"""I’m done with your service. The last three interactions have been nothing short of a nightmare.""",0
"""The product arrived damaged, and the process to get a replacement is taking forever.""",0
"""I feel like I wasted my money on this subscription since I can’t even access the content half the time.""",0
"""I tried to reach out on social media, but your responses are as slow as your delivery times.""",0
"""I thought I was getting a good deal, but the quality of the clothing is just terrible.""",0
"""The customer support team is unhelpful and dismissive, which makes this whole experience worse.""",0
"""I ordered food for delivery, and it arrived an hour late and was cold.""",0
"""I’m really disappointed with how my complaint was handled; it felt like I wasn’t even heard.""",0
"""I used to love this brand, but the last few purchases have left me feeling let down.""",0
"""I had to repeat my issue three times before I got a clear answer from your support team.""",0
"""The checkout process was a mess, and I ended up paying for something I didn’t even want.""",0
"""I’m not happy with the service I received; it felt like I was an inconvenience to your staff.""",0
"""The promised features in this software are nowhere to be found, and I feel cheated.""",0
"""I’ve been trying to get my refund for weeks now, and I’m starting to lose hope.""",0
"""Your store has the worst return policy I’ve ever encountered; it’s practically impossible to get my money back.""",0
"""I wanted to give you a chance, but the experience was so frustrating that I won’t be back.""",0
"""I’m fed up with the constant technical issues; it’s affecting my work.""",0
"""I received the wrong size, and now I’m stuck with something I can’t use.""",0
"""The quality of the service has declined significantly; it’s not what it used to be.""",0
"""I’ve had nothing but problems with my order, and the lack of communication is unacceptable.""",0
"""The ads promised so much, but the product doesn’t deliver at all.""",0
"""I was shocked by how dismissive the staff was when I raised my concerns about my purchase.""",0
"""This is the last time I shop with you; I can’t deal with the hassle anymore.""",0
"""I’ve been waiting for a callback about my issue for over a week now, and it’s infuriating.""",0
"""Your product review section is filled with misleading information; I should have done my research.""",0
"""I feel like I was misled by your marketing; the product is nothing like what was advertised.""",0
"""This is my final attempt to get help; I can't believe how difficult this has been.""",0
"""The experience was frustrating, and I felt rushed through the whole process.""",0
"""Why is it so hard to get a simple answer about my order status?""",0
"""I can’t believe I spent so much on this and it broke after a month; total waste of money.""",0
"""The delivery driver was rude and left my package in a puddle; I’m really upset.""",0
"""Your website is confusing, and I ended up ordering the wrong item.""",0
"""I expected prompt service, but I’ve been left hanging with no updates on my order.""",0
"""It’s disappointing to see such poor quality control; I shouldn’t have to return items this often.""",0
"""I’m appalled by how my complaint was brushed aside; it felt like I didn’t matter at all.""",0
"""I’ve never experienced such a long wait for support; it’s really unacceptable.""",0
"""This is not the level of service I expected from a company of your reputation.""",0
"""My experience was marred by the unprofessional attitude of your staff; it needs improvement.""",0
"""I find it hard to recommend your product when I’ve had so many issues.""",0
"""I wanted to resolve my issue, but the support team made things even more complicated.""",0
"""I’m really disappointed; I thought I was buying something reliable, but it failed me.""",0
"""The product arrived late, and the quality doesn’t match what was promised.""",0
"""I reached out for assistance, but it seems like no one cares about customer feedback here.""",0
"""The warranty process is dragging out, and I just want my money back.""",0
"""I received a defective product and the customer service was no help at all.""",0
"""The delivery took over two weeks, and when it finally arrived, it was the wrong item.""",0
"""I’m really disappointed with the quality of this gadget; it stopped working after just a few days.""",0
"""The staff at your store were incredibly rude and dismissive when I asked for assistance.""",0
"""I was charged twice for my order, and getting a refund has been a nightmare.""",0
"""The app keeps crashing, and I can’t access my account. This is beyond frustrating!""",0
"""I expected better from such a reputable brand, but this experience has left me very unhappy.""",0
"""I tried to return my shoes, but your return policy is so complicated that I gave up.""",0
"""The food was cold when it arrived, and the delivery driver seemed rushed and annoyed.""",0
"""I’ve been on hold for over an hour trying to resolve my billing issue—this is unacceptable!""",0
"""Honestly, I thought I was buying a premium product, but it feels cheap and flimsy.""",0
"""I’m really upset that my order was canceled without any notification.""",0
"""The website is so confusing; I ended up ordering the wrong size and now I’m stuck.""",0
"""I had high hopes for this service, but the execution was just lacking.""",0
"""I left three messages and nobody bothered to return my call—this is terrible customer service.""",0
"""The quality of the fabric is not what I expected; it feels like it will fall apart after one wash.""",0
"""I was promised a refund within 5-7 business days, but it’s been over three weeks.""",0
"""Your team was not only unhelpful but also made me feel like I was a burden for asking questions.""",0
"""This software is full of glitches; it crashes right when I need it the most.""",0
"""I wanted to love this product, but it just doesn’t live up to the hype.""",0
"""I ordered a gift for my friend, and it arrived late and damaged.""",0
"""The instructions were unclear, which resulted in me wasting a lot of time.""",0
"""I’m really disappointed with the lack of support after my purchase.""",0
"""The quality control seems to be lacking; I received a piece with visible defects.""",0
"""I feel cheated because the item I received is not what was advertised online.""",0
"""The customer service agent I spoke with was not only unhelpful but condescending.""",0
"""I waited too long for my order, and the communication was terrible throughout the process.""",0
"""I regret purchasing this; it’s not worth the money I spent.""",0
"""The warranty claims process is ridiculous and takes forever!""",0
"""I thought I was getting a deal, but the product is completely subpar.""",0
"""I had a bad experience shopping in your store; it felt disorganized and chaotic.""",0
"""The app is so buggy that it’s unusable—please fix it!""",0
"""I never received my confirmation email, and now I’m worried about my order.""",0
"""I’ve had to reach out multiple times for help, and it’s just exhausting.""",0
"""The product broke after only a week; I expected it to last much longer.""",0
"""I was really looking forward to this service, but it fell short in every aspect.""",0
"""The staff were nice, but ultimately they couldn’t help me with my issue.""",0
"""I can’t believe I spent so much on something that didn’t even work properly.""",0
"""The return process was such a hassle; I won’t be buying from you again.""",0
"""Your website said the item was in stock, but I was later told it was backordered.""",0
"""I appreciate the attempt at customer service, but it just wasn’t effective.""",0
"""The product didn’t match the description at all; I feel misled.""",0
"""I’m frustrated that I can’t get anyone to help me with my issue.""",0
"""The packaging was damaged upon arrival, and the item inside was scratched.""",0
"""This was my first time shopping with you, and I’m not impressed.""",0
"""I had to wait too long for a response to my email—very disappointing.""",0
"""I would not recommend this product to anyone; it’s simply not worth it.""",0
"""The checkout process was confusing and I almost abandoned my cart.""",0
"""I was very unhappy with how my complaint was handled; it felt like I was ignored.""",0
"""I’m really frustrated with the lack of transparency regarding shipping times.""",0
"""The item I received was not the right model, and now I’m stuck with it.""",0
"""Your return policy needs a serious overhaul; it’s too restrictive.""",0
"""I thought this would make my life easier, but it just added more stress.""",0
"""I received my order a week late, and the item was damaged upon arrival. Very disappointed.""",0
"""The customer service rep was rude and unhelpful when I called about my billing issue.""",0
"""I loved the product, but the shipping took forever, and I had to keep following up.""",0
"""I can’t believe how defective this gadget is; it barely worked out of the box.""",0
"""The staff at the store were so dismissive; I felt like I was bothering them by asking for help.""",0
"""I expected better quality for the price I paid. This is not what I signed up for.""",0
"""It’s frustrating that my refund is taking so long to process. I’m done waiting.""",0
"""The app keeps crashing, and tech support just keeps telling me to restart my phone.""",0
"""I ordered a dress that looked gorgeous online, but the fabric feels so cheap in person.""",0
"""I tried to return my shoes, but the return policy is so confusing that I gave up.""",0
"""I waited on hold for over 30 minutes just to be told they couldn’t help me. What’s the point?""",0
"""I was excited about this purchase, but it’s just not what I expected. Very let down.""",0
"""I felt misled by the promotional email; the sale wasn’t as good as it seemed.""",0
"""The delivery was a nightmare; the driver didn’t even bother to ring the bell.""",0
"""The instructions were so unclear that I had to watch a YouTube tutorial to figure it out.""",0
"""I can’t believe how poor the customer support is. They never follow up like they promise.""",0
"""The food was cold when it arrived, and it didn’t taste fresh at all. Never ordering again.""",0
"""My last experience was so frustrating that I’m considering switching to a competitor.""",0
"""The quality of the fabric is disappointing; it’s already starting to fray after one wash.""",0
"""I was really looking forward to this event, but the organization was a complete mess.""",0
"""I reached out for help multiple times but received no response. This is unacceptable.""",0
"""After using this product for a month, I regret my purchase entirely. What a waste of money.""",0
"""The checkout process was so glitchy that I almost gave up on my order.""",0
"""I was shocked by how unprofessional the staff were during my visit. I won’t be back.""",0
"""The tool I bought broke after one use, and the warranty process is a hassle.""",0
"""I don’t appreciate being upsold when I came in for a simple service. Not cool.""",0
"""This was my second order, and it’s just as bad as the first. I’m done with this brand.""",0
"""I felt like I was invisible in the store; no one offered to help me despite my obvious confusion.""",0
"""The product arrived late, and when I opened it, it was missing parts. Totally unacceptable.""",0
"""I tried to resolve a mistake on my bill, but each person I spoke to gave me different information.""",0
"""I had high hopes for this service, but it’s been nothing but a headache from the start.""",0
"""I don’t understand how this place has good reviews; my experience has been awful.""",0
"""I received the wrong item, and it’s taking forever to get a replacement. So frustrating!""",0
"""I was promised a quick turnaround, but it’s been weeks, and I’m still waiting.""",0
"""The product doesn’t match the description at all. I feel cheated.""",0
"""I was just trying to ask a simple question, and the staff acted like I was bothering them.""",0
"""I can’t believe how difficult it is to get a refund for a product that was clearly defective.""",0
"""The online chat support was not helpful; I ended up more confused than before.""",0
"""This is the last time I’ll order from this company. It’s just not worth the hassle.""",0
"""I felt pressured to buy more than I needed during my visit. Not a great experience.""",0
"""I expected a smooth experience, but the entire process has been frustrating and drawn out.""",0
"""The item didn’t match its description at all; I feel like I’ve been misled.""",0
"""I loved the first product I bought, but this one was a total disappointment.""",0
"""The service was slow, and my order was incorrect. Huge letdown.""",0
"""I can’t believe how long it’s taking to get my refund. This is ridiculous!""",0
"""I had to escalate my issue to a manager just to get a simple answer. What a hassle!""",0
"""I received a faulty product, and dealing with customer service was a nightmare.""",0
"""The staff were friendly enough, but they didn’t seem to know what they were doing.""",0
"""I thought I was buying a premium product, but it feels cheap and poorly made.""",0
"""I was promised a discount for my next purchase, but it never came through.""",0
"""The online experience was frustrating; I couldn’t find what I was looking for easily.""",0
"""I’ve had better luck with cheaper brands. This was a waste of money.""",0
"""I felt completely ignored during my visit. I won’t be returning anytime soon.""",0
"""I ordered a pair of shoes that were supposed to arrive in three days, but they still haven't shown up two weeks later.""",0
"""The customer service representative was incredibly rude when I called to ask about my order status.""",0
"""I received my laptop, and it was already malfunctioning out of the box. Totally unacceptable!""",0
"""I’ve been trying to resolve a billing error for over a month, and all I get are automated responses.""",0
"""The food was cold when it arrived, and I waited an hour longer than promised. Very disappointing!""",0
"""I’m really frustrated with this app; it crashes every time I try to use it.""",0
"""I bought a dress that looked great online, but it was completely different in person—what a letdown!""",0
"""After waiting for 30 minutes in line, I was told they didn’t have my reservation.""",0
"""I was excited about this new restaurant, but the service was slow and the staff seemed overwhelmed.""",0
"""The packaging was damaged when it arrived, and some items were missing.""",0
"""I tried to return an item, but the store's return policy is confusing and not customer-friendly.""",0
"""My phone's battery started draining unusually fast just a week after purchase.""",0
"""I had high hopes for this service, but it took days to get a simple issue resolved.""",0
"""I was shocked by how rude the waiter was during my visit; it really spoiled the evening.""",0
"""The quality of the product was way below expectations for the price I paid.""",0
"""I can't believe how long it took to get my refund. I won’t be shopping here again.""",0
"""I tried to get help online, but the chatbot was useless and frustrating.""",0
"""The paint started chipping within days of application—what a waste of money!""",0
"""I ordered a custom cake for a birthday, and it looked nothing like what I requested.""",0
"""I was really disappointed by the lack of options in the menu.""",0
"""The delivery driver didn’t even bother to knock; I had to chase him down the street to get my package.""",0
"""I've sent multiple emails about my issue, and I still haven't received a response.""",0
"""The product broke after just one use, and customer service has been unhelpful.""",0
"""I thought this store had a good reputation, but my experience was far from satisfactory.""",0
"""The online return process is a nightmare; it took me hours to figure it out.""",0
"""I had to wait three weeks for my order, and when it finally arrived, it was the wrong item.""",0
"""I visited this spa expecting relaxation, but the staff was unprofessional and rushed.""",0
"""The instructions for assembly were confusing and incomplete, leading to major frustration.""",0
"""My subscription was auto-renewed without my consent, and I can’t reach anyone to cancel it.""",0
"""The quality of the service was not worth the hefty price tag; I feel cheated.""",0
"""I experienced multiple technical glitches during my online class, and it was so disruptive.""",0
"""The furniture I ordered arrived damaged, and now I’m stuck waiting for a replacement.""",0
"""I went to this café thinking I’d get a nice treat, but my drink was bitter and poorly made.""",0
"""I can't believe how unhelpful the staff was when I asked for assistance.""",0
"""The website constantly crashes when I try to place an order; it’s incredibly frustrating!""",0
"""I was promised a call back regarding my complaint, but I never heard from anyone.""",0
"""I expected better from a brand with such a strong reputation, but I’m really let down.""",0
"""The item I received looks nothing like the photo on the website—what a scam!""",0
"""I had a bad experience with a rude employee, and I don’t think I’ll return.""",0
"""I was really looking forward to this event, but everything was disorganized and poorly planned.""",0
"""I’ve had to wait over an hour for my food, and I’m not even sure it’s worth the wait.""",0
"""The checkout process was confusing and time-consuming; it shouldn’t be this hard.""",0
"""The service was so slow that I almost left before my order came.""",0
"""I’ve contacted support several times, and my issue is still unresolved.""",0
"""The dress I bought had a stain on it, and I can’t believe they sent it out like that.""",0
"""The quality of this product does not match the description—it feels cheap and flimsy.""",0
"""I was very disappointed with the lack of communication about my order delay.""",0
"""I tried to cancel my order, but no one responded to my request in time.""",0
"""The hotel room was dirty, and the amenities were not as advertised.""",0
"""I felt ignored by the staff during my visit; it was not a pleasant experience.""",0
"""I never received my confirmation email, and now my order seems to be lost.""",0
"""The food was mediocre, and I had to send my dish back twice—it was inedible.""",0
"""I expected a lot more from this brand, but my experience has been quite disappointing.""",0
"""The return shipping cost is outrageous, especially for a defective product.""",0
"""I received poor service, and I left feeling completely frustrated and undervalued.""",0
"""I can't believe I waited two weeks for my order only to receive the wrong item. Totally unacceptable!""",0
"""The customer service representative was incredibly rude when I called about my billing issue. I won’t be back.""",0
"""I was really excited about this product, but it broke after just a week. What a waste of money!""",0
"""I tried reaching out for support, but it feels like I’m talking to a wall. No one seems to care.""",0
"""While I appreciated the quick shipping, the quality of the product was just disappointing.""",0
"""This was my first purchase, and I'm already regretting it. The app keeps crashing, and I can’t even use it.""",0
"""I’m really frustrated with how long it takes to get a refund. It’s been over a month now!""",0
"""The staff at the store was condescending when I asked for help. I left feeling embarrassed.""",0
"""I wish I could give zero stars. The service was slow, and my food was cold when it finally arrived.""",0
"""I loved the idea behind this tech gadget, but it has so many glitches. I can't recommend it at all.""",0
"""I was hoping for a better experience, but the website was confusing and the checkout kept failing.""",0
"""I’ve reached out multiple times about my order status, and each time, I get a different answer. So frustrating!""",0
"""I was excited to try this new brand, but the quality is nowhere near what I expected. Very disappointing.""",0
"""The wait time for customer service is ridiculous. I spent over 30 minutes on hold just to get disconnected.""",0
"""I can't believe how poor the customer support is. They promised to help but never followed up.""",0
"""I really wanted to like this product, but it just doesn’t work as advertised. I feel let down.""",0
"""The delivery was late, and when it finally arrived, the package was damaged. Not impressed at all.""",0
"""I get that things happen, but the lack of communication about my order is infuriating.""",0
"""I spent a lot on this item, and it arrived with a defect. Trying to return it is a headache.""",0
"""I’ve had better experiences buying from discount stores. This was a total letdown.""",0
"""The quality control here is clearly lacking. My item was incomplete when it arrived.""",0
"""I’ve had issues with my subscription, and the team just keeps giving me the runaround. So annoying!""",0
"""The product looked great online, but in person, it feels cheap and flimsy. I won’t buy again.""",0
"""I was really surprised by how unhelpful the staff were when I asked for assistance.""",0
"""I feel like I wasted my time and money. This service did not meet my expectations at all.""",0
"""I ordered a gift that was supposed to arrive in two days, but it took over a week. Totally ruined the surprise.""",0
"""I’ve never experienced such a frustrating return process. It’s like they don’t want to take back their product.""",0
"""I’m disappointed with how this company handles complaints. I feel ignored and undervalued as a customer.""",0
"""The online chat support was useless; the agent didn’t actually answer my question.""",0
"""I hoped for a premium experience, but this felt more like a budget option. Very underwhelming.""",0
"""After my last interaction, I’m definitely reconsidering my loyalty. The service has really gone downhill.""",0
"""I wish I had read the reviews before purchasing; this was a total waste of money.""",0
"""My order was delivered to the wrong address, and the support team was less than helpful in resolving it.""",0
"""I’ve had a bad experience with every product I’ve tried from this brand. I’m done.""",0
"""The packaging was great, but the product itself didn’t live up to the hype. What a bummer!""",0
"""I’m tired of the constant issues with my account. It’s like they never fix anything.""",0
"""I expected more for the price I paid, but this feels like a knockoff. Very disappointed.""",0
"""The service was fine, but the product quality was a huge letdown. Not worth the money.""",0
"""I can’t believe I was charged twice for my order. This is the last time I shop here.""",0
"""I politely asked for help, but the staff member was dismissive and unhelpful.""",0
"""I should have known better than to trust the flashy advertising. This product is just not good.""",0
"""After all the hype, I’m shocked at how poorly this item performed. What a letdown!""",0
"""I had to escalate my issue just to get a response. Why is it so hard to get help?""",0
"""I was really hoping for a quick resolution, but the process has been anything but smooth.""",0
"""I ordered a size up based on the chart, and it still doesn’t fit. What a hassle to return!""",0
"""The checkout process was a nightmare. I almost gave up and left the site altogether.""",0
"""I wanted to give this company a chance, but the lack of professionalism is disappointing.""",0
"""I feel misled by the product description. It does not do what was promised at all.""",0
"""Why is it so hard to get a straight answer about my order? This has been so frustrating.""",0
"""The quality of this item is not what was advertised. I feel cheated.""",0
"""I was really looking forward to this, but it’s just not worth the hype.""",0
"""I can’t believe how long it took to receive my order. It was supposed to arrive last week!""",0
"""The customer service representative was rude and unhelpful when I called about my defective product.""",0
"""I expected so much more from this brand. The quality is just not there anymore.""",0
"""Why is it so difficult to get a simple refund? I’ve been waiting for weeks and still no response.""",0
"""I ordered a size small but received a size large. Now I have to deal with the hassle of returning it.""",0
"""The app keeps crashing every time I try to make a purchase. It’s beyond frustrating!""",0
"""I had high hopes for this product, but it broke on the first use. Very disappointing.""",0
"""After multiple attempts to fix my billing error, I’m still being charged incorrectly. This is unacceptable.""",0
"""I had to wait over an hour for my food delivery, and when it finally arrived, it was cold.""",0
"""I understand that delays happen, but the lack of communication is really frustrating.""",0
"""It’s disappointing to see such a decline in quality. I won’t be buying from you again.""",0
"""The staff seemed uninterested in helping me find what I needed. It was a poor shopping experience.""",0
"""I was promised a refund within three days, yet here I am two weeks later, still waiting.""",0
"""The installation process was a nightmare, and the instructions were confusing and poorly written.""",0
"""I tried reaching out on social media, but no one responded. It feels like you don’t care about your customers.""",0
"""I was excited about this gadget, but it has so many bugs. I can’t even use it properly.""",0
"""I bought this as a gift, and I’m embarrassed to give it. It looks cheap and feels even cheaper.""",0
"""Why is it so hard to get a straight answer from your support team? Very frustrating experience!""",0
"""I’ve been a loyal customer for years, but this last purchase has left me really disappointed.""",0
"""Your return policy is a joke. I didn’t realize I’d have to jump through so many hoops.""",0
"""I wish I could say I loved this product, but it’s just not what I expected at all.""",0
"""I felt like I was being rushed out of the store. Not the customer service I was hoping for.""",0
"""I received the wrong item and it took ages to get a replacement. Very frustrating!""",0
"""The quality of your clothing has decreased significantly. I won’t be shopping here again.""",0
"""I was treated rudely by the staff, which really soured my whole experience at the store.""",0
"""I was excited to try this new service, but it didn’t live up to the hype. Very disappointing.""",0
"""I’ve had nothing but issues since I signed up. I regret choosing your service.""",0
"""The paint was chipped on delivery, and now I have to deal with returns. What a hassle!""",0
"""I’m really frustrated with the lack of updates on my order status. It feels like I’m left in the dark.""",0
"""I submitted a ticket for support but never heard back. Is anyone even monitoring these requests?""",0
"""I thought this would be a great investment, but it’s been nothing but trouble since day one.""",0
"""The product didn’t match the description online at all. I feel misled.""",0
"""I had to repeat my issue multiple times to different representatives. Why is there such a lack of coordination?""",0
"""The food was overpriced and not fresh. I expected better quality for the price I paid.""",0
"""I’m disappointed in the customer service response time. It’s taken too long to resolve my issue.""",0
"""I can’t believe I was charged for shipping when it was advertised as free. Very misleading!""",0
"""I thought this service would simplify my life, but it’s been nothing but complicated.""",0
"""The checkout process was frustrating and took way too long. I almost gave up.""",0
"""I’ve been trying to return this item for days, and the process is so convoluted.""",0
"""Why do I have to pay for something that arrived damaged? This isn’t right.""",0
"""I love your brand, but the last product I received was defective. Please fix this!""",0
"""I received the wrong size, and no one seems to care about correcting it. Very disappointing.""",0
"""I expected better quality service from this company after hearing all the hype. What a letdown!""",0
"""I reached out for help and was met with a dismissive attitude. Not what I expected.""",0
"""I wanted to like this product, but it simply doesn’t work as advertised. I’m unhappy with my purchase.""",0
"""The website is so glitchy, it’s impossible to place an order without issues. Please fix this!""",0
"""I received my order late, and when it finally arrived, it was missing items. So frustrating!""",0
"""The phone I received was defective and wouldn’t even turn on. This is unacceptable!""",0
"""I waited for my order for over three weeks, and when it finally arrived, it was missing half the items. So frustrating!""",0
"""I reached out to customer support, but the representative was rude and didn’t help with my issue at all.""",0
"""I can’t believe I was charged twice for my subscription. It’s a headache trying to fix this billing error!""",0
"""The quality of this sweater is terrible; it started pilling after the first wash. Not what I expected!""",0
"""I was really looking forward to this meal, but it was cold when it arrived and tasted bland. Total disappointment.""",0
"""Why can’t anyone in this store help me find what I need? I feel completely ignored.""",0
"""I’m not impressed with the new update; it’s full of glitches and makes using the app a nightmare.""",0
"""I’ve been trying to return this item for a week, and the return policy is just ridiculous.""",0
"""The staff seemed more interested in chatting with each other than helping customers.""",0
"""I thought the service would be better based on the reviews, but I was let down.""",0
"""I ordered a custom cake for my son’s birthday, and it didn’t look anything like the picture I provided.""",0
"""I received the wrong size, and now I can’t get a hold of anyone to help me fix this.""",0
"""The product didn’t match the description at all, and I feel cheated.""",0
"""I had high hopes for this gadget, but it just doesn’t work as advertised.""",0
"""I’ve been a loyal customer for years, but this recent experience is making me rethink my choices.""",0
"""The delivery was late, and when it arrived, it was damaged. Talk about bad luck!""",0
"""I expected better from this brand; the quality has really gone downhill lately.""",0
"""I tried to contact customer service, but the wait time was ridiculous, and I gave up.""",0
"""I’m very disappointed with how my complaint was handled; it felt like no one cared.""",0
"""The online ordering process was confusing and led to multiple errors on my part.""",0
"""I would not recommend this place to anyone; I walked out feeling frustrated and unheard.""",0
"""The product was overpriced for the quality; I won’t be buying again.""",0
"""It took forever to get my refund, and I was constantly left in the dark about the process.""",0
"""The menu promised fresh ingredients, but what I received was stale and unappetizing.""",0
"""I feel like I wasted my money on this, and now I’m stuck with something I can’t use.""",0
"""The checkout process was a disaster; my card was charged incorrectly multiple times.""",0
"""I tried to give feedback, but the survey link didn’t work. Now I’m just frustrated.""",0
"""I asked for a manager, and the person I spoke to was dismissive of my concerns.""",0
"""I didn’t receive the right order, and they blamed it on the kitchen staff. Unacceptable!""",0
"""The app crashes every time I try to use it, making it nearly impossible to shop.""",0
"""I was really looking forward to this service, but it fell completely short of my expectations.""",0
"""I’m incredibly disappointed with the lack of communication about my order status.""",0
"""I feel like I was misled by the advertisements; this product isn’t what it claims to be.""",0
"""I’ve seen better customer service at fast food joints. This was a letdown.""",0
"""I ordered a gift for a friend, and it arrived late, ruining the surprise.""",0
"""The technician was supposed to come at 2 PM but never showed up. No call, no nothing.""",0
"""I was promised a full refund, but I only received half. This doesn’t sit right with me.""",0
"""It’s frustrating to see a company ignore customer complaints on social media.""",0
"""I received an email saying my order was shipped, but the tracking number doesn’t work.""",0
"""I don’t appreciate being upsold during a service call; it felt pushy and unprofessional.""",0
"""The quality of this service is not worth the price; I regret my purchase.""",0
"""I found the staff to be unhelpful and downright rude when I asked for assistance.""",0
"""I can’t believe how complicated this return process is; it should be much simpler.""",0
"""The product broke after just a few uses; I expected much better durability.""",0
"""I had to explain my issue three times before anyone understood what I needed.""",0
"""This was my first experience, and I’m not sure I want to try again after such a hassle.""",0
"""I was promised a callback that never happened, and now I’m left hanging.""",0
"""The food was cold and tasted like it had been sitting out for hours.""",0
"""The website is confusing and hard to navigate; it needs a complete overhaul.""",0
"""I feel like I was taken advantage of with this upsell; it’s not what I wanted.""",0
"""I’ve had better experiences at cheaper places; I won’t be returning here.""",0
"""The lack of transparency about shipping times is really frustrating.""",0
"""I was disappointed to find that the product didn’t meet any of my expectations.""",0
"""The customer service representative seemed disinterested and unhelpful.""",0
"""I wasted a lot of time trying to resolve an issue that should have been simple.""",0
"""The product arrived damaged and the customer service team has been unhelpful in resolving the issue.""",0
"""I can’t believe how long it took to get my order. I expected better from this company.""",0
"""The staff at the store were rude and dismissive when I asked for help. Not coming back.""",0
"""I received the wrong item and now I have to wait another week for the correct one. Just ridiculous.""",0
"""I’m really disappointed with the quality of this product. It broke after just a week of use.""",0
"""Why does it take so long to get a refund? I’ve been waiting over a month now.""",0
"""The online ordering system is a nightmare. I couldn’t even complete my purchase without issues.""",0
"""I’m frustrated that the warranty doesn’t cover the defect I have. What’s the point?""",0
"""I thought the service would be faster, but it took over an hour just to get a coffee.""",0
"""The app keeps crashing, making it impossible to use. I expected more from such a popular brand.""",0
"""I tried to reach out for support, but the representative was more interested in arguing than helping.""",0
"""I received my order with missing items, and no one seems to care to fix it.""",0
"""The sizing on these clothes is completely off. I’ll never buy from here again.""",0
"""This is my third time dealing with a billing error. How can you not get this right?""",0
"""I was really looking forward to this meal, but it was cold and tasteless when it arrived.""",0
"""After a long wait, the technician arrived late and didn’t even fix the issue properly.""",0
"""I can’t believe I spent so much on this gadget, and it doesn’t even work as advertised.""",0
"""I feel let down by the lack of communication regarding my delayed shipment.""",0
"""The customer service was polite, but they couldn’t resolve my issue, which is frustrating.""",0
"""I was promised a discount that never appeared on my bill. Very misleading!""",0
"""The product description was misleading; what I received is nothing like what was shown online.""",0
"""I don’t appreciate being ignored for days after reporting my problem. This is unacceptable.""",0
"""The food was overpriced and not worth the quality. I expected better for the price.""",0
"""I’m disappointed that my complaint hasn’t been acknowledged. It feels like I’m shouting into the void.""",0
"""The return policy is confusing and makes it difficult to get my money back.""",0
"""I thought I was getting a great deal, but the item is defective and useless.""",0
"""I’m really upset that the staff didn’t follow proper safety protocols during my visit.""",0
"""The website is hard to navigate; I almost gave up on my order entirely.""",0
"""I waited on hold for over an hour and still didn’t get the help I needed.""",0
"""The quality of service has really declined since my last visit. What happened?""",0
"""I was charged twice for my subscription and can’t get anyone to help me sort it out.""",0
"""I had high expectations, but the product didn’t live up to the hype at all.""",0
"""The delivery was delayed without any notification. I had to reach out for updates myself.""",0
"""I ordered a custom item and it arrived looking nothing like what I designed.""",0
"""The staff should really be trained better. I felt completely brushed off during my call.""",0
"""I can't believe the product stopped working after just a few uses. Very disappointing.""",0
"""The item I received was dirty and didn’t match the description provided.""",0
"""I was promised a follow-up that never came. It’s hard to trust a company that doesn’t follow through.""",0
"""I was really looking forward to this event, but the organization was a complete mess.""",0
"""The tech support team seemed knowledgeable but was unable to fix my issue.""",0
"""I’ve had better experiences with cheaper products; this was a letdown.""",0
"""I’m frustrated that I can’t get a clear answer about my order status after multiple inquiries.""",0
"""The food was cold, and the service was slow. I won’t be returning anytime soon.""",0
"""I feel like I wasted my money on this product; it doesn’t work as advertised.""",0
"""The return process was a nightmare; I won’t be shopping here again.""",0
"""I had to deal with two different representatives, and neither could help me.""",0
"""The quality of customer support has seriously declined. What happened to the good old days?""",0
"""I expected more from a brand that prides itself on quality; this was a big disappointment.""",0
"""I can’t believe how unprofessional the staff was during my visit. It ruined my experience.""",0
"""I feel misled by the marketing; the product is not what I thought I was getting.""",0
"""It took forever to get a reply to my email, and when I did, it was unhelpful.""",0
"""I’m really unhappy with my purchase; it didn’t meet my expectations at all.""",0
"""The wait time for service was unacceptable. I nearly walked out.""",0
"""I’m tired of dealing with faulty products. This is the last time I buy from this brand.""",0
"""The online support chat was useless; I didn’t get a single answer to my questions.""",0
"""I ordered a pair of shoes that were supposed to arrive last week, and I’m still waiting. This is unacceptable.""",0
"""The customer service rep was so rude when I called about my late order; I won’t be shopping here again.""",0
"""I loved the design of the dress, but the fabric feels cheap and it started to fray after one wash.""",0
"""I’m disappointed with the meal I received; it was cold and lacked flavor compared to what I expected.""",0
"""This phone is full of glitches. I can't believe I spent so much money on something that doesn't even work properly.""",0
"""My subscription was charged twice this month, and the support team hasn’t responded to my emails.""",0
"""I tried to return the item, but the store’s return policy is so confusing. I ended up leaving empty-handed.""",0
"""I waited over an hour for my table, only to find out that my reservation was never confirmed. What a waste of time!""",0
"""The app keeps crashing, and I can’t access my account. This is beyond frustrating!""",0
"""I was excited about the new features, but they’re not working as advertised. I feel let down.""",0
"""The staff at the front desk were not only unhelpful but also seemed annoyed by my questions.""",0
"""I received the wrong item, and when I called customer service, they didn’t seem to care at all.""",0
"""The quality of the products has really declined; I'm seriously considering switching brands.""",0
"""I was promised a refund within 5-7 business days, but it’s been over two weeks now.""",0
"""The delivery was delayed without any notification, and it left me scrambling for a last-minute solution.""",0
"""It’s frustrating to see so many bugs in the software after the last update. I expected better.""",0
"""I found the checkout process to be overly complicated and time-consuming. It needs a serious overhaul.""",0
"""The coffee I ordered was burnt, and the barista didn’t seem to care when I mentioned it.""",0
"""I can’t believe how long it took to get my order. I’ll think twice before ordering again.""",0
"""I was really looking forward to this event, but the organization was a complete mess.""",0
"""The vacuum cleaner I bought is weaker than my old one. I’m really disappointed.""",0
"""I had high hopes for this restaurant, but the service was slow, and my food was cold.""",0
"""After my last experience, I'm hesitant to recommend this service to anyone.""",0
"""The website kept crashing during checkout, and I ended up missing the sale. So frustrating!""",0
"""I feel like I wasted my money on this gadget; it doesn’t do what it promised.""",0
"""The staff were friendly, but the food was just mediocre at best. I expected more.""",0
"""I had to wait on hold for over 30 minutes just to get a simple question answered.""",0
"""I ordered a custom cake, and it didn’t even look like what I requested. Very disappointing!""",0
"""The online chat support was unhelpful, and I left feeling more confused than when I started.""",0
"""I bought a sweater that shrank after the first wash. Totally not what I was promised!""",0
"""I was shocked by how rude the cashier was during my visit. It really ruined my shopping experience.""",0
"""The tutorial was supposed to be easy to follow, but I found it really confusing and poorly explained.""",0
"""I received a defective item, and the hassle of returning it was not worth the effort.""",0
"""I’m tired of the constant errors on my billing statement. It’s unacceptable for a company of this size.""",0
"""The new update has made the app less user-friendly; I’m seriously considering uninstalling it.""",0
"""I felt like I was being rushed through my appointment, and I didn’t get the care I needed.""",0
"""The shoes I bought had a manufacturing defect, and getting a replacement has been a nightmare.""",0
"""I was really disappointed with how unorganized the event was; it felt like no one was in charge.""",0
"""I experienced a long delay in shipping, and when my package finally arrived, it was damaged.""",0
"""The staff seemed overwhelmed and unprepared to handle the volume of customers.""",0
"""I wish I could get my time back after that awful experience. I will not be returning.""",0
"""The paint I bought was dried out when I opened it. I can’t believe I paid full price for that!""",0
"""I was promised a quick response to my complaint, but it’s been over a week with no word.""",0
"""My experience at this hotel was marred by the cleanliness issues in my room.""",0
"""The product didn’t match the description online, and I feel misled.""",0
"""I tried to get help with my subscription issue, but the representative was more interested in selling me more products.""",0
"""The service was slow, and it felt like no one was paying attention to us as customers.""",0
"""I expected a lot more from this brand based on their reputation, but I was left very disappointed.""",0
"""The quality of the food has really gone downhill since my last visit. I won’t be coming back.""",0
"""The product arrived damaged, and I can't believe how difficult it is to get a refund.""",0
"""I waited over an hour on hold just to be told that my issue wasn't even noted in the system.""",0
"""This is the third time I've received the wrong item, and I'm starting to lose my patience.""",0
"""The customer service staff were polite, but they clearly didn’t know what they were doing.""",0
"""My order was supposed to arrive last week, and now I'm being told it won't ship for another month.""",0
"""I love the brand, but this last purchase was such a disappointment; the quality just isn’t what it used to be.""",0
"""I asked for help with a billing error, and the representative was really rude. Not what I expected at all.""",0
"""I feel like I wasted my money on this product; it broke after just one use.""",0
"""Can someone explain why it takes so long to process a return? It’s been weeks!""",0
"""I’m really frustrated that no one seems to care about my complaint.""",0
"""I’ve been a loyal customer for years, but this last experience has left me questioning my choices.""",0
"""The app keeps crashing, and I can’t access my account. This is unacceptable!""",0
"""I was promised a replacement but never received any follow-up. Very disappointing service.""",0
"""I tried to resolve my issue through chat, but the bot was totally unhelpful.""",0
"""It's like pulling teeth to get a simple answer from your support team.""",0
"""I’m not happy that I received an item that was clearly used; this is not what I expected.""",0
"""The delivery driver was rude and didn’t even apologize for the delay.""",0
"""I’m really let down by the lack of responsiveness from your customer service.""",0
"""Why does it take so long to get a simple refund? This is beyond frustrating.""",0
"""I bought the latest model, but it has more glitches than my old one.""",0
"""I was misled by the sales representative about the features. This is so disappointing!""",0
"""I can't believe how long it took to reach someone for support.""",0
"""This is not the first time I’ve had issues with your products; I’m starting to think twice about my loyalty.""",0
"""I wish I had read the reviews before buying; I would have saved myself the hassle.""",0
"""I’m really frustrated that my account was charged twice for the same order.""",0
"""The instructions were confusing, and I ended up damaging the product while trying to set it up.""",0
"""I didn’t expect to have to fight for a refund; this should be a straightforward process!""",0
"""Your website is so hard to navigate; I gave up trying to find what I needed.""",0
"""I was promised a quick turnaround on my issue, but here I am weeks later with no resolution.""",0
"""The quality of this item does not match the price; it feels cheap and poorly made.""",0
"""I reached out multiple times about my concern, but no one has gotten back to me.""",0
"""I don’t appreciate being treated like I’m inconveniencing the staff when I have a legitimate issue.""",0
"""The food was cold when it arrived, and the delivery took way too long.""",0
"""I’m not impressed with how my complaint was handled; it feels like you don’t value your customers.""",0
"""This is the last time I’ll be shopping here; the service has really gone downhill.""",0
"""I ordered a shirt in a large size, but I received a small. What a waste of time!""",0
"""It’s frustrating to see that my emails are being ignored.""",0
"""I received my package with missing items, and now I have to chase down the company for help.""",0
"""The staff at the store seemed disinterested and unhelpful when I asked questions.""",0
"""I wish I could return this item, but your return policy is way too complicated.""",0
"""I’m disappointed that the product didn’t live up to the hype; it’s just not effective.""",0
"""I was really looking forward to this product, but it has not met my expectations at all.""",0
"""The checkout process was a nightmare; I almost gave up on my purchase.""",0
"""I expected better from your company; this experience has been far from satisfactory.""",0
"""The warranty doesn’t cover what I thought it would, and I feel misled.""",0
"""I tried calling for help, but the wait times are ridiculous; I’d rather go elsewhere.""",0
"""I feel like I’ve been scammed; this product is nothing like what was advertised.""",0
"""I ordered a pair of shoes three weeks ago, and they still haven't arrived. This is ridiculous!""",0
"""I can't believe how rude the customer service rep was when I called about my faulty blender. Totally unacceptable.""",0
"""I was really looking forward to this meal, but the food was cold and undercooked. What a letdown!""",0
"""The app keeps crashing on me, and I’ve missed important deadlines because of it. This is beyond frustrating.""",0
"""My last visit to the store was awful. The staff seemed uninterested in helping me find what I needed.""",0
"""I received the wrong item, and now I have to wait another week for a replacement. This is just poor service!""",0
"""I tried reaching out for support, but nobody ever responded. I'm really disappointed with this experience.""",0
"""The quality of the product is not what I expected; it fell apart after just one use. I won’t be buying again.""",0
"""The billing issue took too long to resolve, and I was charged twice for the same item. Very frustrating!""",0
"""I love your brand, but this last purchase was a complete flop. The jacket I bought has a tear in it already.""",0
"""The delivery was late, and when it finally arrived, the package was damaged. Not impressed at all.""",0
"""I’m really disappointed with how my complaint was handled. I expected better from such a reputable company.""",0
"""I’ve been a loyal customer for years, but the decline in service quality is making me reconsider my options.""",0
"""The tech support team couldn’t solve my issue, and I ended up wasting an hour on the phone. What a hassle!""",0
"""I was excited about this product, but it doesn’t work as advertised. I feel misled.""",0
"""I asked for help online, but the chat was unhelpful and I ended up more confused than before.""",0
"""My experience shopping here was marred by the long lines and lack of staff on the floor.""",0
"""This is the third time I’ve received a defective item. At this point, I’m done with your brand.""",0
"""I thought the return policy was straightforward, but it’s been a nightmare getting my refund.""",0
"""I wanted to love this service, but the constant errors in my order have made it impossible.""",0
"""The website is so buggy that I almost gave up on placing my order. Seriously, fix your tech!""",0
"""The food was great, but the service was slow and inattentive. It really put a damper on the evening.""",0
"""I was shocked at how dismissive the staff was when I raised my concerns. Not what I expected.""",0
"""I received a damaged item, and the return process is a headache. I won’t shop here again.""",0
"""I waited for over an hour for my appointment, only to be told the doctor was running late. Totally unacceptable!""",0
"""I’m not satisfied with the customer service. I just want to speak to someone who can actually help me.""",0
"""The software update caused more problems than it fixed. I wish I had never upgraded.""",0
"""I had such high hopes for this product, but it’s been nothing but trouble since day one.""",0
"""I appreciate the effort, but the execution fell flat. I expected much more from your team.""",0
"""The wait times on the phone are outrageous. I almost hung up multiple times!""",0
"""I’m tired of repeating myself to different agents. Can’t someone just take ownership of my case?""",0
"""The quality of customer support has really gone downhill. I’m seriously considering switching brands.""",0
"""I can’t believe I was charged for shipping when my order was late. That’s just bad business.""",0
"""The product arrived late and was missing parts. I’m really frustrated with this whole experience.""",0
"""I thought I was getting a great deal, but the product is cheap and poorly made. I feel ripped off.""",0
"""I’ve sent multiple emails about my issue and have yet to receive a proper response. This is unacceptable!""",0
"""The staff at your store were unhelpful and seemed annoyed that I even asked for assistance.""",0
"""I experienced a major glitch while trying to use the service, and it left me feeling quite frustrated.""",0
"""I was told my order would arrive in two days, but it’s been over a week. This is infuriating!""",0
"""The checkout process was a nightmare. Why can’t you streamline it like other retailers?""",0
"""I’ve had a bad experience every time I’ve visited this location. Something needs to change here.""",0
"""This is the worst online shopping experience I’ve ever had. I won’t be back!""",0
"""I was excited to try this new product, but it didn’t live up to the hype. Disappointing.""",0
"""The emails I’ve received regarding my complaint are vague and unhelpful. I need real answers!""",0
"""I’ve been waiting for my refund for over a month now. This is unacceptable!""",0
"""I wish I could give zero stars. The service I received was terrible, and my issue was never resolved.""",0
"""I’m frustrated that I can’t get a simple question answered without being put on hold for ages.""",0
"""The last two purchases have not met my expectations. I don’t think I’ll be ordering again anytime soon.""",0
"""I feel like I wasted my money on this product. It’s not at all what I expected.""",0
"""I really wanted to support this local business, but this experience has left a sour taste in my mouth.""",0
"""The product I received was not what I expected, and it broke within a week. Very disappointing.""",0
"""I tried to contact customer service about my billing error, but I was put on hold for over an hour. Unacceptable!""",0
"""The delivery was delayed by two weeks, and when it finally arrived, the item was damaged. Not happy at all.""",0
"""I can’t believe how rude the staff was during my visit. I won’t be returning anytime soon.""",0
"""I had high hopes for this gadget, but it constantly glitches and crashes. Total waste of money.""",0
"""I purchased shoes that were supposed to be waterproof, but my feet were soaked within minutes. This is misleading advertising!""",0
"""I was promised a refund in three to five business days, but it’s been over two weeks now. Where’s my money?""",0
"""I’m really frustrated with the lack of communication. I sent multiple emails and no one has responded.""",0
"""The restaurant's service was incredibly slow, and my food was cold when it finally arrived. Not impressed!""",0
"""The app keeps crashing, and I can’t access my account. I’ve tried everything to fix it, but nothing works.""",0
"""I thought the product would be great based on the reviews, but it’s just mediocre at best. Very let down.""",0
"""I ordered a gift for my friend's birthday, and it arrived two days late. Embarrassing!""",0
"""The online purchasing process was a nightmare; I kept getting error messages. Very frustrating experience.""",0
"""I feel cheated because the item I received was not at all like the description on the website. False advertising!""",0
"""I was really looking forward to this experience, but the tour guide was rude and not informative at all.""",0
"""I’ve had to contact support multiple times regarding my subscription, and each time, they’ve given me a different answer. So confusing!""",0
"""I wish I had read the reviews before buying; this product is nothing like what was promised.""",0
"""The customer service representative I spoke to was unhelpful and dismissive. I expected better!""",0
"""I’ve been a loyal customer for years, but this recent experience has left me questioning my loyalty.""",0
"""After waiting for over an hour, my order was still wrong. How hard can it be?""",0
"""I received a defective item and the return process is so complicated. Why can’t it be simpler?""",0
"""I was shocked at how unprofessional the staff was during my last visit. It’s like they didn’t care.""",0
"""I tried to reach out for support, but I felt ignored. It’s frustrating to feel like no one is listening.""",0
"""I wanted to love this product, but it’s already falling apart after just a month of use. Very disappointed.""",0
"""The food was decent, but the service was so slow that it ruined the whole experience for us.""",0
"""I ordered a custom item, and it arrived completely wrong. I’m really upset about this.""",0
"""I’ve had nothing but issues with my order. First it was delayed, then it was incorrect. What a mess!""",0
"""I don’t understand how this place has good reviews; my experience was terrible from start to finish.""",0
"""I’m frustrated that I have to keep re-entering my payment information every time I use the app.""",0
"""The quality of the fabric is much lower than I expected, and it shrunk after the first wash. Not worth it!""",0
"""I felt completely ignored when I raised my concerns during the meeting. It was very disheartening.""",0
"""The website was so buggy that I gave up trying to place my order. Such a hassle!""",0
"""I’ve been waiting for customer support to get back to me for over a week now. This is ridiculous!""",0
"""I was sold on this product because of the hype, but it’s just not living up to expectations.""",0
"""The return policy is a nightmare; I’ve spent more time trying to return this item than I did using it.""",0
"""I had a very disappointing experience with the delivery service; they were late and rude when I called.""",0
"""I ordered a meal that was supposed to be spicy, but it was completely bland. Very disappointing!""",0
"""I received no confirmation email for my order, and now I’m worried it didn’t go through.""",0
"""I expected more from a company with such a good reputation, but this experience was subpar.""",0
"""The tech support was not helpful at all; they seemed to be reading from a script. Frustrating!""",0
"""Why does it take so long to get a refund? I feel like I’m being ignored.""",0
"""I can’t believe I paid so much for this product, and it doesn’t even work properly. Total letdown.""",0
"""The staff at the store seemed more interested in their phones than helping customers. Very unprofessional.""",0
"""I was really excited about this service, but it has been a total failure. What a waste of time!""",0
"""I’ve reached out multiple times regarding my order status, and I still have no answers. This is unacceptable.""",0
"""The product arrived late and was missing parts. I’m very disappointed with this purchase.""",0
"""I’ve had better experiences at fast food chains than I did here. Very sad for a sit-down restaurant.""",0
"""I had to wait weeks for my item to arrive, and when it did, it was the wrong size. What a hassle!""",0
"""I wish I had known how poor the customer service would be before I made my purchase.""",0
"""The app is constantly freezing, making it impossible to use. I expected better technology.""",0
"""I had a bad experience with the checkout process; it kept rejecting my payment. Extremely frustrating!""",0
"""I don’t understand how a company can mess up an order so badly. I’m really upset.""",0
"""The product broke after just two uses, I expected better quality for the price.""",0
"""I can't believe how long it took to get a response from customer service, it's ridiculous!""",0
"""The staff was incredibly rude when I asked for help, I won’t be coming back.""",0
"""I'm really disappointed that my order arrived late and missing items.""",0
"""I thought this brand was reputable, but the item I received was defective.""",0
"""I had to wait on hold for over 30 minutes, and when I finally got through, they couldn’t help me.""",0
"""Why is the return policy so complicated? It's frustrating to deal with.""",0
"""The app keeps crashing, and I can't even access my account anymore.""",0
"""I tried to reach out for support but got a generic response that didn’t solve anything.""",0
"""I ordered a size medium, but what I received is clearly an extra large.""",0
"""The service was okay, but the food was cold and tasteless, not what I expected.""",0
"""I wish someone had warned me about this product’s issues before I bought it.""",0
"""I’ve had better luck with cheaper brands; this one was a total letdown.""",0
"""The delivery was late, and when it finally arrived, the box was damaged.""",0
"""I received the wrong item, and it took ages to sort out the mix-up.""",0
"""Honestly, I expected better from a company with such a good reputation.""",0
"""The customer support was unhelpful and seemed annoyed by my questions.""",0
"""I love the design, but the quality is just not what I hoped for.""",0
"""I’ve been trying to cancel my subscription for weeks, and no one is answering!""",0
"""The tutorial was confusing and didn’t help me at all with the setup.""",0
"""I was promised a refund, but it’s been over a month, and I still haven’t seen it.""",0
"""Why is it so hard to get a replacement for a faulty product? This is absurd.""",0
"""I appreciate the quick shipping, but the item just doesn’t perform as advertised.""",0
"""I can't understand how this product has so many good reviews; it’s awful!""",0
"""I feel cheated; the features don’t match what was advertised, not even close.""",0
"""This is the last time I order from here; the customer service is a nightmare.""",0
"""I thought I was getting a deal, but the quality is just terrible.""",0
"""The website is so glitchy, I was about to give up on my order entirely.""",0
"""I was really looking forward to this purchase, but it’s just not worth it.""",0
"""I had a bad experience with the last purchase, and this one isn’t any better.""",0
"""I feel like I wasted my money; I could have bought something better elsewhere.""",0
"""I tried to reach out for help, but all I got was a scripted response.""",0
"""This is the third time I’ve received a defective item; I’m done.""",0
"""The product description was misleading, and I feel really disappointed.""",0
"""I waited for a callback that never happened; what a waste of time!""",0
"""I’m upset that I had to chase down my order after it was supposed to arrive.""",0
"""The staff seemed more interested in chatting with each other than helping me.""",0
"""I don’t think I’ll recommend this service to anyone after my experience.""",0
"""I was excited to try this, but the performance is just not there.""",0
"""I can’t believe I was charged for something that was never delivered.""",0
"""The experience was frustrating, and I felt ignored as a customer.""",0
"""This product was supposed to make my life easier, but it just complicates things.""",0
"""I’m not sure why I continue to give this company chances; they always disappoint.""",0
"""The installation instructions were unclear, and I ended up wasting hours.""",0
"""I feel like I’m talking to a wall; no one seems to care about my issue.""",0
"""I had high hopes, but this just didn’t meet my expectations at all.""",0
"""The follow-up was non-existent, and I felt abandoned as a customer.""",0
"""This is not the quality I expected from such a well-known brand.""",0
"""Why is it so hard to get a simple refund? It’s like pulling teeth!""",0
"""I wish I could return this; it’s just not what I wanted at all.""",0
"""I’m really frustrated with the lack of communication about my order status.""",0
"""I’m disappointed that the product didn’t live up to the hype; it’s just okay.""",0
"""I thought I was getting a premium experience, but I feel let down.""",0
"""The online experience was confusing, and I ended up making mistakes.""",0
"""My last few orders have all had problems; is this a new trend?""",0
"""I’m tired of having to repeat myself to customer support every time I call.""",0
"""I can’t believe I wasted my time and money on this; it’s a total flop.""",0
"""I ordered a dress a month ago and it still hasn’t arrived. This is unacceptable!""",0
"""The customer service team was rude when I called to ask about my refund. I expected better.""",0
"""I loved the product initially, but it stopped working after just a week. Very disappointing.""",0
"""I can’t believe how long it took to get my order. I won’t be shopping here again.""",0
"""The app keeps crashing, making it impossible to use. I’m really frustrated.""",0
"""The staff at the store were unhelpful and seemed annoyed that I asked for assistance.""",0
"""After waiting an hour for my food, it was cold and tasted bland. Not worth the wait.""",0
"""I received the wrong item and now I can’t get anyone to help me return it.""",0
"""I appreciate the effort, but the quality of the product does not match the hype.""",0
"""I had such high hopes for this gadget, but it’s been nothing but trouble since day one.""",0
"""The checkout process was confusing and took forever. I almost gave up.""",0
"""I’m really disappointed with the lack of communication regarding my order status.""",0
"""I thought I was buying a premium product, but it feels cheap and poorly made.""",0
"""I tried to reach out for support, but I was on hold for over an hour. Ridiculous!""",0
"""The return policy is a nightmare! I’ll think twice before shopping here again.""",0
"""The service was slow, and my server seemed disinterested. Not a great experience.""",0
"""I’m frustrated that my subscription was charged without notice. This feels sneaky.""",0
"""The item I received was defective, and getting a replacement has been a hassle.""",0
"""I asked for a simple change to my order and was met with resistance. Very frustrating!""",0
"""I expected more from such a well-known brand. This product just doesn’t deliver.""",0
"""I had to repeat myself multiple times to customer service. It was exhausting.""",0
"""The quality of the food has really declined over the past few months. What happened?""",0
"""I was disappointed to find that the color didn’t match the website at all. False advertising!""",0
"""The tech support was condescending and didn’t help solve my issue. I felt belittled.""",0
"""My experience was overshadowed by how dirty the store was. It’s off-putting.""",0
"""I wish I had read the reviews before buying this. It’s not worth the money.""",0
"""The delivery driver was rude, which soured my entire experience.""",0
"""I love this brand, but this last order has left me quite unhappy.""",0
"""The website kept crashing while I was trying to place my order. So frustrating!""",0
"""I can’t believe I was charged twice for my subscription this month. What a hassle!""",0
"""I didn’t receive any confirmation of my order. Now I’m left in the dark.""",0
"""The product arrived late and in poor condition. I expected better service.""",0
"""I was really let down by the lack of variety in your menu. It’s quite boring now.""",0
"""I’ve been waiting for an update on my complaint for weeks. This is unacceptable.""",0
"""The customer support chat was unhelpful and didn’t address my concerns.""",0
"""I thought the service would be faster based on the reviews, but I was disappointed.""",0
"""The item fell apart after only a few uses. It’s not durable at all.""",0
"""I can’t believe I have to pay for shipping on a defective product. That’s unfair!""",0
"""The experience was fine until I encountered a rude employee at the checkout.""",0
"""I’m really frustrated that my points didn’t apply to my purchase as promised.""",0
"""I was excited about the new release, but it’s full of bugs and glitches.""",0
"""The product description was misleading. It didn’t live up to expectations at all.""",0
"""I’ve had better experiences at lower-priced competitors. You need to improve.""",0
"""I reached out for help, but no one followed up. I feel ignored as a customer.""",0
"""There’s nothing worse than buying something only for it to break right away!""",0
"""I feel like I wasted my money on this. It didn’t perform as advertised.""",0
"""I can't believe I waited three weeks for my order only to receive the wrong item.""",0
"""The customer service rep was incredibly rude when I called about my billing issue.""",0
"""I loved the product at first, but it broke after just a few uses. Very disappointing.""",0
"""I tried to return my purchase, but the store's return policy is a nightmare.""",0
"""After a week of trying to fix the software glitch, I’m still stuck. Not impressed!""",0
"""The delivery was late, and when it finally arrived, the packaging was damaged.""",0
"""I expected better quality for the price I paid, but this is just unacceptable.""",0
"""I reached out for support, and it felt like I was talking to a brick wall.""",0
"""The app crashes every time I try to use it. This is beyond frustrating.""",0
"""I received a faulty item and the replacement process has been a hassle.""",0
"""I’ve had better experiences shopping at discount stores. This was a letdown.""",0
"""Why is it so hard to get a simple refund? I’m losing patience!""",0
"""I ordered a custom piece and it looks nothing like the photos. Completely misrepresented!""",0
"""I was excited about this service, but it has been nothing but problems since day one.""",0
"""The staff at the store were more interested in chatting than helping me find what I needed.""",0
"""I’m really disappointed with how slow the shipping was. I expected faster service.""",0
"""The website is confusing and I had a hard time completing my order.""",0
"""First time using this brand, and I’m not sure I’ll be back after this experience.""",0
"""The instructions were unclear, which led to a lot of frustration during setup.""",0
"""I feel cheated after discovering there were hidden fees on my bill.""",0
"""I’ve been on hold for over 30 minutes just to speak to someone. This is unacceptable!""",0
"""The product arrived with missing parts, and now I have to wait even longer for a replacement.""",0
"""I was promised a delivery date that came and went without any updates.""",0
"""I really wanted to like this, but the quality just isn’t there.""",0
"""The staff were dismissive when I brought up my concerns. Very unprofessional.""",0
"""It’s hard to get excited about a product that doesn’t work as advertised.""",0
"""I’ve encountered multiple errors on my account and no one seems to know how to fix them.""",0
"""This is the third time I’ve had to return something because it was defective!""",0
"""I’m tired of chasing down my order status. Just give me a straight answer!""",0
"""The subscription service sounded great, but it’s been nothing but headaches.""",0
"""I’ve never had such poor service from a company before. I won’t be back.""",0
"""The product looked good online, but it feels cheap and flimsy in person.""",0
"""I can’t believe how long it took them to respond to my email. Completely unacceptable!""",0
"""I was excited to try this, but now I just feel frustrated and let down.""",0
"""The quality of the item does not match the description on the website.""",0
"""I expected much better customer service from a company of this size.""",0
"""The checkout process was a mess and took way longer than it should have.""",0
"""I had to return my order due to poor sizing, and the return process was a hassle.""",0
"""They made a mistake on my order and were not helpful in resolving it.""",0
"""This is not what I expected, and I’m really frustrated with my purchase.""",0
"""I’ve been a loyal customer for years, but this experience has changed my mind.""",0
"""The food was cold when it arrived, and the taste was disappointing.""",0
"""I tried to provide feedback but it feels like no one is listening.""",0
"""I was promised a discount that never came through. Very misleading!""",0
"""Their website is full of bugs, making it hard to navigate.""",0
"""I’ve had nothing but trouble with my account. I’m seriously considering canceling.""",0
"""The quality assurance on this product clearly missed some major flaws.""",0
"""I feel like I wasted my money on something that doesn’t work.""",0
"""The repair took way too long, and I wasn’t kept in the loop.""",0
"""I don’t appreciate being charged for something I didn’t even receive.""",0
"""The product was not user-friendly and I struggled to get it to work.""",0
"""I would not recommend this service to anyone after my experience.""",0
"""The response I got from support was unhelpful and vague.""",0
"""I’m really dissatisfied with how my complaint was handled.""",0
"""I was left waiting for my appointment for over an hour. Totally unacceptable!""",0
"""The product description was misleading, and I’m left feeling cheated.""",0
"""I expected to be treated with respect, but the staff were quite dismissive.""",0
"""The item I received was not what I ordered, and now I’m stuck with it.""",0
"""I ordered a coffee maker that arrived broken, and the customer service team was no help at all.""",0
"""I can't believe how long it took to get a simple refund. It's like they forgot I existed.""",0
"""The shoes I bought were uncomfortable and not true to size; I expected better quality for the price.""",0
"""I had to wait on hold for over 45 minutes just to speak with someone who didn’t even help me.""",0
"""My internet connection has been spotty for weeks, and the support team keeps giving me the runaround.""",0
"""This restaurant has gone downhill; my last meal was cold and tasteless, and the staff seemed overwhelmed.""",0
"""I received a damaged item, and the return process is a nightmare—never buying from this site again!""",0
"""The app keeps crashing, and I can't even access my account. Totally unacceptable!""",0
"""I was promised a next-day delivery, but my package didn't arrive for a week. Very disappointing experience.""",0
"""The hotel room was not clean, and the front desk staff were quite rude when I brought it up.""",0
"""The quality of this product is not what was advertised; it feels cheap and flimsy.""",0
"""I’ve reached out for help multiple times, but the support team still hasn’t resolved my issue.""",0
"""The discount code I received didn't work at checkout, and customer service was unhelpful in fixing it.""",0
"""I love the brand, but this last purchase was a huge letdown—definitely not worth the money.""",0
"""I was treated poorly by the staff, and it ruined my whole shopping experience.""",0
"""I can't believe how misleading the product description was; it doesn't work as promised.""",0
"""The delivery person was late and rude, which added to my frustration with this whole order.""",0
"""I’ve had nothing but trouble with this appliance; it has broken down twice in just a month!""",0
"""Why is it so hard to get a hold of someone who knows what they’re doing? This is ridiculous!""",0
"""The service at this café has really gone downhill; I won't be coming back anytime soon.""",0
"""I tried to return a faulty item, but their return policy is a total scam—beware!""",0
"""The wait time for my appointment was over an hour, and I was not even informed of the delay.""",0
"""The product I received didn't match the description at all; I feel cheated.""",0
"""Why do I have to keep repeating myself to different representatives? This is so frustrating.""",0
"""I was excited about the sale, but the items were out of stock when I tried to check out.""",0
"""The customer service rep was dismissive and seemed uninterested in my problem.""",0
"""I ordered a gift that arrived late, and now I look like a fool for forgetting someone’s birthday.""",0
"""The quality of the fabric is terrible; this shirt shrank after one wash!""",0
"""I had to escalate my complaint just to get a response; that’s not how customer service should work.""",0
"""I thought I was getting a great deal, but the product is already falling apart after a week.""",0
"""I don’t appreciate being ignored; my emails about the issue went unanswered for days.""",0
"""The food was overpriced and underwhelming; I expected more from this restaurant.""",0
"""I was given the wrong information about my bill, and now I’m stuck paying extra.""",0
"""This software is riddled with bugs; it’s a hassle to use, and I regret the purchase.""",0
"""The staff seemed overwhelmed and untrained, which made my shopping experience frustrating.""",0
"""I’ve had to chase down my order multiple times, and I'm not happy about it.""",0
"""This company doesn’t seem to care about their customers; it’s all about profit for them.""",0
"""I was really looking forward to this, but the service was slow and inattentive.""",0
"""I feel like I wasted my money on this product; it didn’t live up to the hype at all.""",0
"""The checkout process was confusing and glitchy; I almost gave up on my purchase.""",0
"""Why is there no one available to help? I’ve been waiting too long for assistance.""",0
"""I received the wrong item, and the hassle of returning it is just too much.""",0
"""The website keeps crashing when I try to access my account; this is beyond frustrating.""",0
"""I was treated like a nuisance when I asked for help; I won’t be returning here.""",0
"""This delivery service is unreliable; my package has been delayed multiple times.""",0
"""The customer support team really needs better training; they couldn’t answer my questions.""",0
"""I’m tired of dealing with this; the product just doesn’t work as advertised.""",0
"""The food was bland and overpriced; I expected a lot more for what I paid.""",0
"""I’ve had a terrible experience; my issue is still unresolved after weeks of back and forth.""",0
"""I wish I would have read the reviews before buying; this was a huge mistake.""",0
"""The service was so slow that I almost walked out before my food arrived.""",0
"""I was excited about the new product, but it broke after just a few uses.""",0
"""My experience was marred by rude staff who seemed to care less about my concerns.""",0
"""I will never recommend this place to anyone; my experience was just that bad.""",0
"""I ordered a laptop that was supposed to arrive in two days, but it took over a week. Total waste of time!""",0
"""The customer service rep I spoke to was incredibly rude and didn’t help me at all. I'm really disappointed.""",0
"""I received my dress with a huge tear in it. How is this even acceptable?""",0
"""After three attempts to get my refund, I’m starting to think I’ll never see my money again.""",0
"""I can't believe how slow the delivery was. I was promised next-day shipping and nothing showed up.""",0
"""The app keeps crashing every time I try to use it. It’s beyond frustrating at this point.""",0
"""I tried to return my shoes, but the store manager was so unhelpful. I won’t be back.""",0
"""I love the food, but the service was shockingly slow. I waited over an hour for my meal.""",0
"""The vacuum I bought stopped working after just one use. What a waste of money!""",0
"""I’ve been on hold for over an hour trying to resolve a billing error. This is unacceptable.""",0
"""The quality of the product does not match the price at all. I expected better.""",0
"""I’m really upset with how my order was handled. I received the wrong item and no one seems to care.""",0
"""The website is such a headache to navigate. I couldn't even find what I was looking for!""",0
"""The last time I visited, the staff seemed more interested in chatting than helping customers. Very disappointing.""",0
"""I was excited about the new phone, but it keeps freezing. Not what I expected from this brand.""",0
"""After waiting two weeks for my furniture to arrive, it came scratched and damaged. I’m so frustrated.""",0
"""I thought the customer support would be helpful, but they just gave me the runaround.""",0
"""The shirt I ordered was two sizes too small. How can you get sizing so wrong?""",0
"""I received my order late and it was missing items. I’m not happy with this experience at all.""",0
"""The online chat was useless. I ended up finding my answer on Google instead.""",0
"""I’ve called three times about my missing package, and each time I get a different story.""",0
"""The last time I visited, the store was a mess and it was hard to find what I wanted.""",0
"""The technology is great, but the setup instructions were confusing and poorly written.""",0
"""I don’t appreciate being charged for a service I never received. This is unacceptable!""",0
"""I ordered a cake for my daughter's birthday, and they forgot the decoration. So disappointing!""",0
"""I really wanted to love this product, but it consistently fails to work as advertised.""",0
"""The staff was dismissive and made me feel unimportant. I won’t return to this location.""",0
"""I’m frustrated that my subscription was renewed without my consent. Please fix this.""",0
"""The quality of the fabric is terrible. I can’t believe I paid so much for this!""",0
"""Why is it so hard to reach someone who can actually help? This is ridiculous.""",0
"""I was really looking forward to my meal, but it was cold and tasteless when it arrived.""",0
"""The product arrived without any instructions, and it took me hours to figure it out.""",0
"""I sent an email regarding my issue and received no response. This is very unprofessional.""",0
"""I can't believe the delays I faced. I had to cancel my plans because of this.""",0
"""The customer service experience was so frustrating. I felt like I was talking to a wall.""",0
"""My order was supposed to arrive yesterday, and now I’m being told it’s delayed again.""",0
"""I was given the wrong information about the warranty, and now I'm stuck with a broken item.""",0
"""I sent my device in for repair, and it came back worse than before. What a joke!""",0
"""I was really disappointed that my favorite item was out of stock. It was a letdown.""",0
"""The service was just okay, but I expected much more for the price I paid.""",0
"""I wish I could say something positive, but this has been a completely negative experience.""",0
"""The furniture I bought took forever to arrive and was assembled incorrectly.""",0
"""I can’t believe how much time I wasted trying to get help from this company.""",0
"""I ordered a gift for my friend, and it arrived late. Total embarrassment on my part.""",0
"""The product I received did not match the description at all. I'm really unhappy.""",0
"""The online ordering system is confusing, and my order was messed up because of it.""",0
"""I received my order a week late, and it was the wrong item. Really disappointing service.""",0
"""After waiting on hold for over an hour, the support agent was unhelpful and rude. What a waste of time!""",0
"""The product arrived damaged, and I’m still waiting for a replacement. This is beyond frustrating.""",0
"""I’ve tried to contact customer service multiple times about my billing issue, but no one has responded.""",0
"""The app keeps crashing, and I can’t even use it for what I paid for. Totally unacceptable!""",0
"""I wish I could give zero stars. The staff at the store were dismissive and unprofessional.""",0
"""Never buying from this website again. The checkout process was a nightmare, and my order was incorrect.""",0
"""I’m really disappointed with the quality of this item. It broke within a week of use.""",0
"""I was promised a refund, but it’s been over a month and still nothing. Just take my money already!""",0
"""The delivery took forever, and the tracking information was never updated. Very poor experience.""",0
"""I expected much better service for the price I paid. I won’t be recommending this to anyone.""",0
"""It’s frustrating to see such a lack of support for a product that had so many great reviews.""",0
"""I didn’t receive my order confirmation email, and now I’m left in the dark about my purchase.""",0
"""The staff seemed untrained and couldn’t answer my simple questions. What a letdown!""",0
"""I feel cheated; the product looked much better in the pictures online than in reality.""",0
"""I tried to return an item, but the return policy is so confusing. It felt like I was going in circles.""",0
"""I thought the customer service would be better. I left feeling more confused than when I called.""",0
"""The food was cold when it arrived, and the delivery driver seemed annoyed. Not impressed.""",0
"""I’ve been waiting for my warranty claim to be processed for weeks. This isn’t how it should work.""",0
"""I’m really upset that my favorite item was out of stock for so long. You’ve lost a loyal customer.""",0
"""I was charged twice for my subscription, and getting through to support has been impossible.""",0
"""I left feedback before and nothing changed. It’s like they don’t care about their customers at all.""",0
"""The product description was misleading. I expected a different size, and now I’m stuck with it.""",0
"""The wait time at the store was ridiculous, and the staff didn’t seem to care about the line.""",0
"""I tried to escalate my issue, but the supervisor was just as unhelpful. What a disappointment!""",0
"""The quality of the fabric is subpar; it started to pill after the first wash. I’m not happy.""",0
"""I wish I had read the reviews before buying. This has been a total waste of money.""",0
"""The website keeps glitching, and I can’t complete my order. It’s so frustrating!""",0
"""I was promised a delivery date, and now it’s been pushed back with no explanation.""",0
"""I’m not sure what happened, but my order was canceled without any notification. Very unprofessional.""",0
"""The customer service representative was nice, but they couldn’t actually solve my problem.""",0
"""I can’t believe how rude the cashier was. It really ruined my shopping experience.""",0
"""I was really looking forward to this product, but it didn’t meet my expectations at all.""",0
"""I’m tired of being ignored. My emails about the issue have gone unanswered for weeks.""",0
"""The service at this restaurant has really gone downhill. I won’t be returning anytime soon.""",0
"""I received a faulty device and getting help has been a nightmare. I’m so frustrated.""",0
"""I thought the subscription would be easy to cancel, but it’s been a hassle every step of the way.""",0
"""The hotel room was not clean, and I found the staff to be unhelpful. Very disappointing stay.""",0
"""I didn’t expect to have to fight for a refund. This has been a hassle I didn’t sign up for!""",0
"""I found it impossible to reach anyone in customer service. It’s like they’re hiding from complaints.""",0
"""I tried to use the gift card, but the system wouldn’t accept it. What’s the point of even having it?""",0
"""I ordered a custom item and it arrived with the wrong engraving. This is unacceptable!""",0
"""I’ve had better experiences with cheaper brands. This was a total letdown.""",0
"""I waited for a promised callback that never happened. Just lost my trust completely.""",0
"""I can’t believe how long it took to get my refund. This has been such a frustrating process.""",0
"""The staff seemed overwhelmed and unorganized during my visit. It was chaotic and frustrating.""",0
"""I had to return the item because it didn’t work as advertised. I expected better quality.""",0
"""The online interface is so confusing. I can’t even find where to leave feedback about my issue.""",0
"""I’m disappointed that my favorite flavor is always out of stock. It’s frustrating to see this happen repeatedly.""",0
"""I was treated poorly when I raised a concern about my purchase. Customer service should be better!""",0
"""The promotional deal was misleading; I ended up paying more than expected. I feel tricked.""",0
"""I’ve never felt so ignored by a company. My concerns have been brushed aside every time.""",0
"""I ordered a laptop and it arrived with a cracked screen. Totally unacceptable for the price I paid.""",0
"""The customer service rep was rude and unhelpful when I called about my missing order. This is not how you treat customers.""",0
"""I’ve been waiting for my refund for over a month now. Every time I call, I get a different story.""",0
"""I really wanted to like this product, but it stopped working after just two weeks. So disappointed!""",0
"""I received the wrong item and now I have to go through the hassle of returning it. What a waste of time!""",0
"""The app keeps crashing on my phone, making it impossible to use. I expect better from such a well-known brand.""",0
"""I had high hopes for this restaurant, but the service was slow and the food was cold. I won’t be back.""",0
"""I’ve emailed support three times about my billing error, and still no response. This is beyond frustrating.""",0
"""The shoes I bought fell apart after one wear. I thought they were supposed to be high quality.""",0
"""I can’t believe I waited an hour for my appointment, only to be told the doctor was running late. So unprofessional.""",0
"""The online checkout process was a nightmare. I almost gave up and walked away from my cart.""",0
"""I thought this product would be great based on the reviews, but it’s just not worth the hype.""",0
"""I was treated poorly by the staff at the store. They acted like my questions were a burden.""",0
"""The delivery was two days late and I had to call multiple times to get updates. Never ordering from here again.""",0
"""I ordered a dress online, and it arrived with a tear. How does that even happen during shipping?""",0
"""I appreciate the effort, but the food was bland and lacked any real flavor. I expected better.""",0
"""The tech support team was friendly, but they couldn’t solve my issue with the software glitch. Very disappointing.""",0
"""I was promised a discount that never applied at checkout. I feel misled and frustrated.""",0
"""The furniture I purchased arrived damaged and it took weeks to get a replacement. This is unacceptable.""",0
"""I’m really disappointed with the quality of this gadget. It feels cheap and flimsy for the price.""",0
"""I tried reaching out for help but the chatbot was useless. I need to speak to a real person!""",0
"""The movie started late and the sound was terrible. I won’t be coming back to this theater.""",0
"""I was excited to try this new café, but the service was slow and the staff seemed overwhelmed.""",0
"""The subscription service keeps charging me even after I canceled. This is seriously frustrating!""",0
"""I wanted to return the item, but the process was way too complicated. I’ll think twice before ordering again.""",0
"""I left a voicemail three days ago and still haven’t heard back. This is not how you handle customer care.""",0
"""The quality of the merchandise has really gone downhill. I won’t be shopping here anymore.""",0
"""I found the staff to be dismissive and unhelpful. I expected a better experience.""",0
"""My order was incomplete, and the missing items were crucial for my event. Very disappointing experience.""",0
"""I was shocked at how rude the cashier was. Customer service seems to be a lost art here.""",0
"""I received an email saying my order shipped, but it never arrived. I’m beyond frustrated.""",0
"""I tried the new menu item, and it was not at all as advertised. Very misleading!""",0
"""The website said my item was in stock, but I received an email saying it was backordered. Not impressed.""",0
"""I had to wait over an hour for my food, and when it finally arrived, it was cold. What a letdown.""",0
"""I bought a phone case that broke within days. I expected better durability for the price.""",0
"""The staff seemed untrained and confused. My simple request turned into a big hassle.""",0
"""I was really looking forward to this concert, but the sound quality was terrible. Such a letdown!""",0
"""I’ve had nothing but issues with this product since day one. I wish I could return it.""",0
"""The promised delivery date came and went. I’m still waiting for my package to arrive.""",0
"""The user interface is clunky and unintuitive. I shouldn’t have to struggle to use a basic app.""",0
"""I was excited about my meal, but it was bland and overpriced. I won’t be returning.""",0
"""The return policy is ridiculous. I’m stuck with a product I don’t want because of all the fine print.""",0
"""I had a bad experience with the technician who came to fix my appliance. He was rude and left a mess.""",0
"""It’s frustrating that I can’t get a straightforward answer about my order status. Customer service needs improvement.""",0
"""I tried to resolve my issue via chat, but the representative kept redirecting me. So unhelpful!""",0
"""I received my order, but it was missing crucial parts. Now I have to wait even longer for a replacement.""",0
"""I was disappointed with the lack of variety in this store. It feels like they don’t care about their customers.""",0
"""The product description was misleading, and what I received was nothing like what I expected.""",0
"""I had a terrible experience with the airline. The staff was unhelpful and my flight was delayed.""",0
"""The product I received was defective right out of the box, and now I have to deal with customer service for a return.""",0
"""I waited over an hour for my order to be delivered, and when it finally arrived, half of it was missing.""",0
"""Honestly, I expected better from this brand. The quality of the item is nothing like what was advertised.""",0
"""The customer support team was incredibly rude when I reached out for help. I won’t be shopping here again.""",0
"""I’m really disappointed. The shoes I ordered were two sizes too small, and the return process is a nightmare.""",0
"""I thought I'd be getting a premium experience for the price, but the service was subpar at best.""",0
"""It’s frustrating that my subscription keeps getting billed incorrectly. I’ve reached out multiple times with no resolution.""",0
"""Delivery was delayed for a week, and I received no updates. Poor communication is not acceptable.""",0
"""The app keeps crashing, and I can’t even access my account. This is beyond frustrating!""",0
"""I had high hopes for this product, but it just doesn’t work as promised. Very let down.""",0
"""The staff at the store were too busy chatting among themselves to help me. Absolutely unacceptable.""",0
"""I ordered a gift that arrived with a huge scratch on it. Now I’m embarrassed to give it.""",0
"""I appreciate the attempt at service, but I felt more confused after the call than before.""",0
"""Why does it take so long to get a refund? It’s been weeks, and I’m still waiting!""",0
"""I’m really annoyed that my warranty claim was denied without any clear explanation.""",0
"""The restaurant was nice, but the food was cold and tasteless. Not worth the wait.""",0
"""I thought I was getting a deal, but the item I bought is clearly a knockoff.""",0
"""I tried to return an item and was told it was “final sale.” Why wasn’t that stated clearly?""",0
"""I expected more from a brand with such a good reputation, but I'm regretting my purchase.""",0
"""The website was down when I tried to place my order, which was incredibly frustrating.""",0
"""I emailed customer support for help, but it took them three days to respond. Not impressed.""",0
"""The quality of this product is far below what I anticipated. Very disappointing!""",0
"""I had to call three times to get my issue resolved, and I was put on hold for ages each time.""",0
"""I was misled by the description; the item is nothing like what I thought I was buying.""",0
"""I really wanted to love this service, but the delays and poor communication have ruined it for me.""",0
"""I can’t believe how unhelpful the staff were when I had a simple question.""",0
"""This experience has left a sour taste in my mouth. I won't recommend it to anyone.""",0
"""I received the wrong item and now have to jump through hoops to get it sorted out.""",0
"""The product arrived late, and the quality was subpar. I'm really disappointed.""",0
"""I went in for a simple return and ended up feeling like a criminal. How is this customer service?""",0
"""I’ve tried to use this software for weeks, and it’s still full of bugs. This is unacceptable.""",0
"""I wish I had read the reviews before purchasing. This was a complete waste of money.""",0
"""The service was so slow that I nearly walked out. Never again.""",0
"""My order was delivered to the wrong address, and now I’m out of luck.""",0
"""I specifically asked for no nuts in my meal, and they still included them. How careless!""",0
"""The product broke after one use. I expected much better for the price I paid.""",0
"""I’m tired of these billing errors. It’s the third time this has happened.""",0
"""I found the staff unfriendly and unhelpful when I needed assistance.""",0
"""The item I received was not what I ordered, and now I have to deal with returns.""",0
"""I can’t believe how long it took to get my issue resolved. Very disappointing experience.""",0
"""I had to escalate my complaint to get any attention, which should never be necessary.""",0
"""The online chat support was useless. They didn’t understand my issue at all.""",0
"""I’ve enjoyed this brand in the past, but this last purchase has left me frustrated.""",0
"""It’s infuriating to be charged for something I never authorized.""",0
"""The delivery driver was unprofessional and rude when I questioned the delay.""",0
"""I would give zero stars if I could. The product is useless!""",0
"""I felt misled by the marketing; the product did not live up to its promises.""",0
"""I thought I was purchasing a high-quality item, but it fell apart after one use.""",0
"""I was really looking forward to this experience, but it turned out to be a disaster.""",0
"""The wait times for assistance are ridiculous. I’m losing patience with this company.""",0
"""I’m just tired of having to chase down my order every time I place one.""",0
"""I was excited about this service, but the execution has been a complete letdown.""",0
"""The food was cold, and the service was slow. Not a great dining experience.""",0
"""The product did not match the description at all. I feel cheated.""",0
"""I ordered a phone case weeks ago, and it still hasn't arrived. This is unacceptable!""",0
"""The customer service rep was so rude when I called about my delayed order. I expected better.""",0
"""I bought these shoes, and they started falling apart after just one week. Total waste of money.""",0
"""I tried to return a dress that didn’t fit, and the return policy was a nightmare. Never shopping here again.""",0
"""I’m really disappointed with the quality of this blender. It barely blends anything!""",0
"""After waiting on hold for over an hour, the support agent couldn’t even help me with my billing issue. Frustrating!""",0
"""I was excited about this new gadget, but it’s full of glitches. What a letdown!""",0
"""The food was cold when it arrived, and the delivery took way too long. Not impressed.""",0
"""I received the wrong item and getting a refund has been a hassle. I won't be back.""",0
"""The app keeps crashing, and I can’t access my account. This is ridiculous!""",0
"""I expected more from a premium brand, but this product feels cheap and poorly made.""",0
"""I ordered a customized cake for my daughter’s birthday, and it looked nothing like the picture. So disappointing.""",0
"""I reached out for help with my subscription issue, but the response was slow and unhelpful.""",0
"""The staff at this location are always so unwelcoming. It makes shopping here unpleasant.""",0
"""I really wanted to love this book, but it was just boring and poorly written. What a waste of time!""",0
"""I’ve had nothing but problems with my internet service. The speed is terrible, and customer support is a joke.""",0
"""I bought a new laptop, and it arrived with a dent. How does that even happen?""",0
"""The last few times I’ve visited, the shelves have been empty. What’s going on?""",0
"""I can’t believe I was charged twice for my order. This is a huge oversight.""",0
"""I waited three weeks for a dress that was supposed to be in stock, only to be told it was out of stock. Ridiculous!""",0
"""The quality of the paint I bought was subpar, and it didn’t cover well at all. Very disappointed.""",0
"""I was promised a refund within 5 days, but it’s been over two weeks. What’s taking so long?""",0
"""I tried to use a coupon, but the cashier said it was expired, even though it wasn’t. Very frustrating.""",0
"""I’ve had to replace this vacuum twice in a year. What a letdown!""",0
"""The online booking system is a nightmare. I ended up double-booking my appointment.""",0
"""I ordered a pizza, and it arrived with half of the toppings missing. Not cool!""",0
"""The service was incredibly slow, and my drink was watered down. Just not worth it.""",0
"""I expected a lot more from this skincare line, but it caused my skin to break out.""",0
"""The cashier was incredibly rude when I asked a simple question. Unprofessional!""",0
"""I’ve been trying to get a refund for a defective product, and no one seems to care.""",0
"""The hotel room was not clean when we checked in. This is unacceptable for the price we paid.""",0
"""I love the concept, but the execution fell flat. The product just doesn’t work as advertised.""",0
"""I was shocked at how unhelpful the customer service team was. They didn’t want to assist at all.""",0
"""I received an item that was completely different from what I ordered. What a hassle!""",0
"""The restaurant was so noisy I could barely hear my friends. Not a great dining experience.""",0
"""I ordered a gift that was supposed to arrive in two days, and it’s been over a week. Very disappointing.""",0
"""The website was hard to navigate, and I couldn’t find the product I wanted. Frustrating experience.""",0
"""I expected a lot from this brand, but their customer support is lacking. Very disappointed.""",0
"""I’ve been waiting for my order for too long, and there’s been no update. This is unacceptable.""",0
"""The product looks nice, but it broke after just one use. I’m so disappointed.""",0
"""The checkout process was confusing, and I ended up with the wrong item. Totally frustrating!""",0
"""I regret buying this gadget; it’s just not user-friendly at all. What a waste of money!""",0
"""The service was so slow, and my food was cold by the time it arrived. Very unsatisfactory!""",0
"""I reached out for support, and the response was vague and unhelpful. I’m left more confused than before.""",0
"""I can’t believe how poorly this software functions. It crashes constantly, making it unusable.""",0
"""I was not happy with the attitude of the staff. They seemed bothered by my questions.""",0
"""The quality of this fabric is terrible; it started fading after one wash. Very disappointed.""",0
"""I was promised a delivery by Friday, and it didn’t arrive until the following week. Very frustrating!""",0
"""I received my order a week late, and when it finally arrived, it was damaged.""",0
"""The customer service agents were incredibly rude when I called to resolve my billing issue.""",0
"""I can't believe how long it took to get a replacement for my defective product. This is unacceptable.""",0
"""I loved the product at first, but it stopped working within a month. Very disappointing.""",0
"""I waited on hold for over an hour just to be told they couldn't help me.""",0
"""The app keeps crashing, and no one seems to know how to fix it.""",0
"""I’m really frustrated with the misleading advertisement. The product does not perform as promised.""",0
"""I thought the service would be better given the price, but I was sadly mistaken.""",0
"""I tried to return an item, but the staff acted as if it was a huge inconvenience.""",0
"""I was charged twice for my subscription, and getting a refund has been a nightmare.""",0
"""The food was cold when it arrived, and the delivery driver was not apologetic at all.""",0
"""I’ve had better experiences at cheaper places; I won’t be coming back here again.""",0
"""The website is so confusing; I spent ages trying to navigate it without any luck.""",0
"""I was really excited about this gadget, but it’s just full of bugs.""",0
"""I expected more from a brand like this; the quality just isn't there anymore.""",0
"""When I asked for help, the representative seemed annoyed rather than helpful.""",0
"""Why is it so hard to reach someone who actually knows what they’re doing?""",0
"""I can’t believe I waited two weeks for a product that was out of stock the whole time.""",0
"""The packaging was all torn up when it arrived, making it a very disappointing first impression.""",0
"""I felt completely ignored when I brought up my concerns during my visit.""",0
"""The warranty process is a hassle, and I won't recommend this product to anyone.""",0
"""The online chat feature is useless; the responses are generic and unhelpful.""",0
"""I was really let down by the quality of the fabric; it feels cheap and flimsy.""",0
"""The last time I visited, the staff seemed overwhelmed and forgot about my order.""",0
"""I thought I was getting a good deal, but the item turned out to be poorly made.""",0
"""It’s frustrating to see a company I liked go downhill in terms of customer service.""",0
"""I'm still waiting for my refund, and it’s been over a month since I returned the item.""",0
"""The installation instructions were terrible; I had to figure everything out on my own.""",0
"""I was shocked at how unprofessional the staff were during my last visit.""",0
"""I don’t understand why customer service is so hard to reach when there’s a problem.""",0
"""The delivery took forever, and no one could give me a straight answer about the delay.""",0
"""I wish I had read the reviews before buying this; it’s not worth the money.""",0
"""Why do I have to jump through hoops to get a simple question answered?""",0
"""The product was supposed to be eco-friendly, but it came wrapped in plastic.""",0
"""I expected a better experience based on the reviews, but I left feeling disappointed.""",0
"""I really regret purchasing from here; the quality doesn’t match the hype.""",0
"""The checkout process was so confusing, I almost gave up on my order.""",0
"""I was treated like I was bothering them when I asked for assistance.""",0
"""The item arrived late, and the tracking information was never updated.""",0
"""I don’t think I’ll return; my last experience was just too frustrating.""",0
"""The repair took longer than promised, and I had to keep calling for updates.""",0
"""I was really looking forward to this event, but the organization was a mess.""",0
"""The product didn’t match the description at all; it’s completely misleading.""",0
"""The staff was unhelpful and seemed disinterested in resolving my issue.""",0
"""I was surprised at how poorly the item was packaged; it was a disaster upon arrival.""",0
"""I had a terrible experience trying to schedule a service appointment.""",0
"""Why is it so difficult to find someone who can actually help me?""",0
"""I was really disappointed with the lack of follow-up after my complaint.""",0
"""The service I received was far from satisfactory; I expected much better.""",0
"""I had to return the item because it didn’t work as advertised, and it was a hassle.""",0
"""I can’t believe how hard it was to get a hold of someone during the holiday rush.""",0
"""The quality has really gone down; I won’t be purchasing from here again.""",0
"""I regret my purchase; it just doesn’t live up to the claims made on the website.""",0
"""I felt like a burden when I asked for help; it shouldn’t be like that.""",0
"""The product arrived with missing parts, and I had to wait even longer for a resolution.""",0
"""I'm really fed up with the lack of communication regarding my order status.""",0
"""I can't believe I waited two weeks for this shipment only to receive the wrong item. Absolutely unacceptable.""",0
"""The customer service rep was rude and made me feel like my concerns were a bother. Not impressed at all.""",0
"""The app keeps crashing, and it's so frustrating when I just want to check my account balance. Get it together!""",0
"""I tried to return a defective blender, but the return policy is a complete joke. I’m stuck with this useless product.""",0
"""I ordered a dress for my daughter’s birthday party and it arrived two sizes too small. What a disappointment!""",0
"""I expected better quality from this brand. The shoes fell apart after just a week of wear.""",0
"""Not only did my order arrive late, but it was also missing an item. This is the last time I shop here.""",0
"""I was really looking forward to the event, but the venue was overcrowded and the staff was unhelpful.""",0
"""I’ve reached out multiple times about my billing issue, but no one seems to care enough to resolve it.""",0
"""I feel misled by the advertisement; the product does not perform as promised. Very disappointed!""",0
"""The online chat support was more frustrating than helpful. I ended up finding answers on Google instead.""",0
"""It’s like pulling teeth trying to get a refund for my order. Why is this process so complicated?""",0
"""The food was cold when it arrived, and the delivery took way too long. Not worth the money spent.""",0
"""I tried to cancel my subscription but couldn’t find a simple option on the website. What a hassle!""",0
"""The last time I visited, the staff were dismissive and seemed overwhelmed. I felt ignored as a customer.""",0
"""I bought a new phone, but it has so many glitches that I'm regretting my purchase.""",0
"""I had high hopes for this service, but it’s been a series of letdowns and missed deadlines.""",0
"""I was given the wrong information about my appointment, which wasted my whole afternoon.""",0
"""Why is it so hard to get a hold of someone who can actually help? This is beyond frustrating.""",0
"""The quality of the product didn’t match the price I paid. I feel cheated.""",0
"""I’m really disappointed with my last order; the quality has noticeably dropped since last year.""",0
"""The instructions for assembly were confusing, and I had to figure things out on my own.""",0
"""I felt like just another number when I called customer service. No personal touch at all.""",0
"""I waited for a replacement part for over a month, and now I’m still without my appliance.""",0
"""The software update made everything worse. Why can’t you just leave it alone when it works?""",0
"""I was overcharged for my last purchase and it took forever to get it sorted out. Not happy!""",0
"""The last batch of coffee I ordered was stale. I guess I’ll be looking for a new supplier.""",0
"""The staff at the store were not only unhelpful but also seemed annoyed that I was asking for assistance.""",0
"""I've had to contact support multiple times for the same issue. It’s exhausting and frustrating.""",0
"""I expected a premium product, but what I received felt cheap and poorly made.""",0
"""The delivery person was unfriendly and rushed through the drop-off. Not the service I expected.""",0
"""I appreciate the quick shipping, but the product quality is not up to par. Such a letdown.""",0
"""I tried to leave feedback on their website, but the form kept rejecting my submission.""",0
"""The promotion I saw online wasn't honored in-store, which felt misleading and frustrating.""",0
"""I was really excited about this gadget, but it broke after just a few uses. What a waste!""",0
"""The wait time on the phone was ridiculous. I almost hung up out of sheer annoyance.""",0
"""I can’t believe how difficult it is to get a simple refund. This is turning into a nightmare.""",0
"""I was promised a warranty, but when I needed it, I found out it didn't cover my issue.""",0
"""I found the online ordering process confusing and it led to a mistake with my order.""",0
"""The website is hard to navigate, and I couldn't find the information I needed.""",0
"""The customer service was polite, but they didn’t resolve my issue, which is what I really needed.""",0
"""I received a damaged item and it took three emails just to get a response. Not ideal.""",0
"""I was disappointed with the lack of communication regarding my order status.""",0
"""The product didn’t match the description at all. I feel like I’ve been misled.""",0
"""I called for help and the representative was very dismissive of my concerns.""",0
"""The furniture I ordered arrived with scratches, and I’m not happy about it.""",0
"""I was looking forward to the event, but the organization was a complete mess.""",0
"""The quality of service has declined significantly since my last visit. What happened?""",0
"""I feel like my feedback isn’t taken seriously. It’s frustrating to feel unheard.""",0
"""The delivery service was chaotic, and my package was left in the rain.""",0
"""I was disappointed to find out that the product I purchased was discontinued shortly after.""",0
"""I waited three weeks for my order, only to receive the wrong item. Totally unacceptable!""",0
"""The customer service rep was rude and unhelpful when I called about my missing refund.""",0
"""I’m really disappointed with the quality of this product; it broke after just one use.""",0
"""The website keeps crashing every time I try to check out. It’s so frustrating!""",0
"""I feel like I wasted my money on this. The description was misleading, and it doesn’t work at all.""",0
"""I’ve reached out three times about my billing error, and nobody seems to care.""",0
"""This was my favorite brand, but the last purchase was a total letdown.""",0
"""I expected better service than what I received. The staff seemed more interested in chatting than helping me.""",0
"""My experience was marred by the long wait time and lack of organization.""",0
"""I’m really upset; my order was supposed to arrive yesterday, and now it's delayed again.""",0
"""The app is full of glitches, making it impossible to navigate properly.""",0
"""I received an email saying my order shipped, but it’s been a week with no tracking updates.""",0
"""I don’t appreciate being charged for a service I never received.""",0
"""The product arrived damaged, and getting a replacement has been a nightmare.""",0
"""Why is it so hard to get a straightforward answer from your support team?""",0
"""I understand things can go wrong, but the lack of communication is infuriating.""",0
"""I bought this gadget based on the reviews, but it’s been nothing but trouble since day one.""",0
"""I tried to return my purchase, but the policy is overly complicated and frustrating.""",0
"""It’s disappointing to see such a decline in quality from a brand I used to trust.""",0
"""The last time I visited the store, the staff was dismissive and unprofessional.""",0
"""I was hopeful about this service, but it just didn’t deliver as promised.""",0
"""The food was cold, and the service was slow; I won’t be coming back anytime soon.""",0
"""I can’t believe I had to wait over an hour for a simple coffee order.""",0
"""I thought I’d gotten a great deal, but the product is just cheap and poorly made.""",0
"""My experience with your website was painful; it kept freezing on me.""",0
"""I feel misled by the sales pitch; this product does not perform as advertised.""",0
"""I wanted to love this service, but the execution was all wrong.""",0
"""The staff seemed overwhelmed and forgot about my order entirely.""",0
"""I’m really frustrated with the lack of follow-up on my complaint.""",0
"""I was given the wrong information about my account; now I'm stuck with extra charges.""",0
"""This is the second time my order has been incorrect; I’m losing patience.""",0
"""I sent an inquiry and never received a response. This is unacceptable.""",0
"""I wish I had read reviews before purchasing; I would have avoided this hassle.""",0
"""The checkout process took forever, and then the payment failed.""",0
"""I was really looking forward to this event, but the organization was a disaster.""",0
"""I understand mistakes happen, but the way this was handled was very disappointing.""",0
"""I’m dissatisfied with how my issue was addressed; I expected more empathy.""",0
"""This product is not worth the hype; it’s just another overhyped gadget.""",0
"""After my last visit, I won’t be recommending this place to anyone.""",0
"""I had high hopes, but the service quality has really declined.""",0
"""The warranty process is too convoluted; I just want my item replaced!""",0
"""I appreciate the effort, but the execution leaves a lot to be desired.""",0
"""I tried to give feedback, but it feels like nobody is listening.""",0
"""I’ve had better experiences at other stores; this one just doesn’t cut it.""",0
"""The online order was easy, but the delivery was a complete mess.""",0
"""It’s frustrating to deal with a company that doesn’t value its customers.""",0
"""I’m really let down by the lack of transparency regarding shipping times.""",0
"""I expected better from such a well-known brand; this was a huge disappointment.""",0
"""I’m just tired of the constant issues with this product; I want a refund.""",0
"""The support team needs better training; they were clueless about my problem.""",0
"""This was my first time shopping here, and it may very well be my last.""",0
"""I can’t believe I was given the runaround for something so simple to fix.""",0
"""I ordered a phone case and it arrived cracked. Totally unacceptable!""",0
"""The customer service rep was incredibly rude when I called about my missing order.""",0
"""I can't believe it took over a month to get my refund. This is beyond frustrating.""",0
"""The app keeps crashing every time I try to log in. What a waste of time!""",0
"""I was really looking forward to this product, but it doesn’t work as advertised.""",0
"""I received the wrong item and now I’m stuck waiting even longer for the right one.""",0
"""Why is it so difficult to get a hold of someone who can actually help?""",0
"""I’m disappointed that the quality is nowhere near what I expected for the price.""",0
"""The delivery was delayed and I had to miss my event. Really let me down.""",0
"""I tried to reach out for support, but all I got were automated responses. So frustrating!""",0
"""The software has so many bugs; I can't even use it properly.""",0
"""I’ll never order from this site again after the way I was treated.""",0
"""The instructions for assembly were confusing, and I ended up breaking a part.""",0
"""The product broke after just a week! I expected much better quality.""",0
"""It’s been three weeks and I still don’t have my order. This is ridiculous!""",0
"""I had to return the item because it didn’t match the description at all.""",0
"""I’m not happy that there’s no easy way to contact customer service. This needs improvement.""",0
"""I expected a lot more from this brand. They’ve really let me down this time.""",0
"""The technician was late and didn’t fix the issue on the first visit. Very disappointing.""",0
"""I thought I was getting a deal, but the product was subpar and not worth it.""",0
"""I wish I had read the reviews before purchasing; I feel cheated now.""",0
"""The item I received was completely different from what was shown online.""",0
"""I’ve had to chase down my order multiple times, and I’m exhausted.""",0
"""The staff at the store were unhelpful and made the experience worse.""",0
"""I can’t believe I was charged twice for my subscription. Fix this immediately!""",0
"""The product was fine, but the shipping took forever. What’s the point?""",0
"""I was really excited about this service, but it has been nothing but problems.""",0
"""I received a defective item and the return process is a nightmare.""",0
"""The lack of communication from the company is unacceptable.""",0
"""I’m very disappointed that the item broke within days of use.""",0
"""I had high hopes, but the product didn’t live up to the hype at all.""",0
"""I found the website hard to navigate and ended up ordering the wrong size.""",0
"""The customer support was unhelpful, and I felt like I was talking to a wall.""",0
"""I don’t understand how a brand can charge so much for such poor quality.""",0
"""I was promised a refund within 5-7 business days and it’s been three weeks.""",0
"""I regret purchasing this item; it’s just sitting in my closet now.""",0
"""The return policy is confusing and I ended up paying extra for nothing.""",0
"""I’ve had nothing but trouble with this service since day one.""",0
"""The product looked great online, but it’s cheap and flimsy in person.""",0
"""I’m really frustrated with how long it’s taking to resolve my issue.""",0
"""The instructions were poorly written, and I ended up assembling it wrong.""",0
"""I waited on hold for over an hour and didn’t get any answers.""",0
"""I wish I could give zero stars; this experience was terrible from start to finish.""",0
"""The quality of the product does not match the price at all.""",0
"""The customer service was dismissive and didn’t take my issue seriously.""",0
"""I’ve reached out multiple times, and no one has responded. This is unacceptable!""",0
"""The delivery driver was rude and left my package out in the rain.""",0
"""I expected more from such a well-known brand; very disappointing.""",0
"""I had to return the item because it was damaged upon arrival.""",0
"""The tech support was more confusing than helpful; I’m still stuck.""",0
"""I ordered a gift weeks ago, and it still hasn’t arrived. I’m embarrassed!""",0
"""The product was missing parts and I’m really unhappy about it.""",0
"""I thought I was buying a premium product, but it’s just average at best.""",0
"""I’m so frustrated; I keep getting charged for services I didn’t even use.""",0
"""The service was slow, and I felt completely ignored during my visit.""",0
"""I’ll think twice before purchasing from this company again.""",0
"""The product arrived damaged and I can't believe I have to go through this hassle to get a refund.""",0
"""I waited over an hour for customer support, only to be met with a rude representative who didn’t help at all.""",0
"""This is the third time I’ve ordered from you and each time there's been a major issue. Very disappointing.""",0
"""Honestly, I expected better from such a well-known brand. The quality is just not there.""",0
"""I feel cheated. The item I received looks nothing like the picture on the website.""",0
"""I tried to return an item and your return policy is a nightmare. Why is it so complicated?""",0
"""The tech glitches in this app are unbearable. I can’t even complete my purchase without it crashing.""",0
"""I received the wrong size and it took forever to get a response from customer service.""",0
"""I’m really frustrated with how long it took to get my order. I won't be shopping here again.""",0
"""I had high hopes for this product, but it broke within a week. What a waste of money.""",0
"""The last time I visited your store, the staff was incredibly unhelpful and dismissive.""",0
"""This was my first experience and it was a complete letdown. I won’t be recommending you to anyone.""",0
"""I’ve sent multiple emails about my billing error, but no one seems to care to resolve it.""",0
"""I ordered a birthday gift and it arrived late. Thanks for ruining the surprise!""",0
"""I’m disappointed that the item I wanted was out of stock, but the website didn’t say anything.""",0
"""The delivery was late and the packaging was all torn up. Not impressed at all.""",0
"""I’ve been a loyal customer for years, but this last purchase was a real letdown.""",0
"""Your website is so confusing, I ended up ordering the wrong item and now I’m stuck with it.""",0
"""I can’t believe I paid so much for something that fell apart after just a few uses.""",0
"""I thought I could trust your brand, but this experience has changed my mind completely.""",0
"""The customer service promised a callback that never happened. It’s just unacceptable.""",0
"""I was excited to try this product, but it did not live up to the hype. Very disappointing.""",0
"""The staff at your location were more interested in chatting among themselves than helping customers.""",0
"""I finally received my order, but it was missing half the items. What a joke!""",0
"""I don’t appreciate being put on hold for 30 minutes only to be cut off. This is ridiculous.""",0
"""Why is it so hard to get a clear answer about my refund? I feel like I’m going in circles.""",0
"""I tried to resolve my issue through chat, but the bot was of no help whatsoever.""",0
"""I was really looking forward to this service, but it has been nothing but problems.""",0
"""I received an email saying my order was shipped, but it’s still not here. What’s going on?""",0
"""I’m fed up with the constant delays in processing my returns. It shouldn’t be this hard.""",0
"""The product looked great online, but in reality, it’s just cheap and flimsy.""",0
"""Your store has a nice selection, but the checkout process is painfully slow.""",0
"""I can’t believe how rude your staff was when I asked for assistance. Totally unacceptable.""",0
"""I’ve had better experiences with much cheaper brands. I expected more from you.""",0
"""I feel like I wasted my money on this. It didn’t perform as advertised at all.""",0
"""I’m not one to complain, but this experience has really soured my view of your company.""",0
"""I tried to cancel my order within minutes, but your policy makes it impossible.""",0
"""The quality of this product is far below what I expected. I’m thoroughly disappointed.""",0
"""I wish I had read the reviews before purchasing. This has been a huge hassle.""",0
"""I sent a message about my faulty item and it took days to get any response.""",0
"""I ordered a gift and it arrived broken. Now I’m scrambling to find a replacement last minute.""",0
"""This has been the worst customer experience I’ve had in years. I won’t be back.""",0
"""The advertisement was misleading, and I feel let down by what I received.""",0
"""I was excited to try this new service, but it has been nothing but frustrating.""",0
"""I can’t believe how long it’s taking to get my refund processed. This is unacceptable.""",0
"""I was promised a discount that never applied at checkout. Very misleading!""",0
"""I found your store to be disorganized and not very customer-friendly during my visit.""",0
"""I just want a simple refund, but your policy is a total pain to navigate.""",0
"""I thought this would be a great gift, but it turned out to be a total flop.""",0
"""I’ve tried reaching out multiple times and still haven’t received a satisfactory answer.""",0
"""I expected much better quality for the price. This was a huge disappointment.""",0
"""I’m beyond frustrated with how my complaint has been handled. I feel ignored.""",0
"""The product arrived damaged, and customer service has been unhelpful in resolving the issue.""",0
"""I waited on the phone for over an hour just to be told they can't help me. What a waste of time!""",0
"""This is the third time I've received the wrong item. I'm beyond frustrated with this company.""",0
"""I was really looking forward to this, but it broke after just one week. Very disappointing.""",0
"""Your website has so many glitches! I can't even complete my order without it crashing.""",0
"""I tried to return my purchase, but the store staff were incredibly rude and unprofessional.""",0
"""I love the brand, but this last purchase was a total letdown. The quality just isn’t the same anymore.""",0
"""Why is it so hard to get a simple billing error corrected? This has been a nightmare!""",0
"""I’m not sure if it was the delivery service or your team, but my package took forever to arrive.""",0
"""I received my order, but it was missing an item. Now I have to jump through hoops to get it sorted.""",0
"""You claim to have a satisfaction guarantee, yet I can’t get anyone to help me. What’s the point?""",0
"""The app crashes every time I try to use it, making it completely useless.""",0
"""I had high hopes for this product, but it didn’t live up to the hype at all. Very underwhelming.""",0
"""I understand delays happen, but a simple update would have been appreciated instead of silence for days.""",0
"""Your return policy is so confusing! I ended up keeping a product I didn’t want because I couldn’t figure it out.""",0
"""The delivery driver was incredibly rude and threw my package on the porch. Not cool.""",0
"""After two months of waiting, my order finally arrived, but it’s not what I expected. Such a letdown.""",0
"""I’ve reached out multiple times about my issue, and no one seems to care. This is unacceptable.""",0
"""I love your products, but the customer service experience has been consistently poor.""",0
"""I was told my refund would be processed last week, but it’s still not in my account. What gives?""",0
"""Can’t believe I wasted my money on this. It broke within days of use.""",0
"""The staff at the store seem more interested in chatting than helping customers. Disappointing experience.""",0
"""I received a defective item and was met with indifference when I tried to get it replaced.""",0
"""Why is it so hard to find someone who knows what they’re talking about in customer support?""",0
"""The product looked great online, but in person, it’s cheap and flimsy. Total waste of money.""",0
"""I appreciate the quick shipping, but the item was not as described and now I’m stuck with it.""",0
"""I’m left feeling frustrated after my last interaction; it felt like no one was listening to my concerns.""",0
"""Honestly, why even bother offering customer support if no one ever responds?""",0
"""I expected much more from this brand; their quality has really declined over the years.""",0
"""The advertisement promised a lot, but the actual product is a major disappointment.""",0
"""I didn’t appreciate being treated like a nuisance when I asked for help.""",0
"""It took over a week to get a simple reply about my order status. This is unacceptable in today’s market.""",0
"""I’m really unhappy with how my complaint was handled. It felt like I was brushed off.""",0
"""I thought I was getting a good deal, but this product is a total failure.""",0
"""I was excited to try this service, but my experience has been nothing short of frustrating.""",0
"""I can’t believe I was charged twice for my order. You need to sort out your billing practices.""",0
"""I don’t think I’ll be back after how I was treated during my last visit. Very disappointing.""",0
"""Your team promised to resolve my issue, but it’s been weeks with no follow-up.""",0
"""I was a loyal customer, but this latest experience has really soured my opinion of your brand.""",0
"""I’ve never felt so ignored by a company before. It’s like my emails are going into a void.""",0
"""The product didn’t work as advertised, and I feel cheated out of my money.""",0
"""I’m tired of dealing with customer support that seems to be reading from a script.""",0
"""I tried to use your service, but it was so buggy that I gave up in frustration.""",0
"""The quality of your products has really dropped; I’m not sure I’ll buy again.""",0
"""I’m very disappointed in the lack of communication regarding my order delay.""",0
"""The customer service rep was nice, but they didn’t help me solve my issue at all.""",0
"""I thought I was getting a premium product, but it feels cheap and poorly made.""",0
"""After all the hype, this product turned out to be a total dud. What a waste of money.""",0
"""The online order process was a hassle, and now the item doesn’t even fit.""",0
"""I can’t believe how long it’s taking to get my refund processed. This is ridiculous!""",0
"""I was really put off by how dismissive the staff were when I raised my concerns.""",0
"""I ordered a phone case two weeks ago, and it hasn't even shipped yet. This is ridiculous!""",0
"""The customer service rep was so rude when I called about my billing error. I expected better.""",0
"""I received my order today, but the shirt is the wrong size. Very disappointed with this experience.""",0
"""After waiting on hold for over an hour, I finally spoke to someone who couldn't help me at all. What a waste of time!""",0
"""The laptop I bought was defective right out of the box. Now I’m stuck dealing with returns.""",0
"""I tried to return my shoes, but the store manager was incredibly dismissive. Never shopping here again.""",0
"""I’m frustrated with the constant glitches in your app. It keeps crashing when I try to make a payment.""",0
"""I was promised a refund within five days, but it’s been two weeks. This is unacceptable service.""",0
"""I bought a blender that stopped working after just a month. I expected better quality for the price.""",0
"""I feel like I’ve been misled by your advertising. The product didn’t live up to the hype at all.""",0
"""The delivery was so late that it ruined my plans for the weekend. I won’t be ordering again.""",0
"""I appreciate the effort, but the food was cold and tasted bland. Not what I expected from this restaurant.""",0
"""I had a terrible experience at your store. The staff seemed indifferent and unhelpful.""",0
"""I really liked the design of the product, but it’s not functional at all. Major disappointment!""",0
"""The online ordering process was confusing, and I ended up with the wrong item. Frustrating!""",0
"""I sent an email about my issue a week ago and still haven't heard back. It’s very frustrating.""",0
"""The furniture I ordered came with scratches and dents. This is not acceptable for the price I paid.""",0
"""I was excited to try this new service, but it was a total letdown. Nothing worked as promised.""",0
"""I waited three weeks for my order only to receive the wrong item. This is unacceptable!""",0
"""The staff at the restaurant were extremely rude, and it made our dining experience unpleasant.""",0
"""I received an email saying my order was shipped, but there’s no tracking info. What’s going on?""",0
"""I was really excited about this dress, but it doesn’t fit at all. Very disappointing!""",0
"""The technician arrived late and didn’t fix the issue. I’m not happy with this service.""",0
"""I had high hopes for this product, but it broke within a week. I want my money back!""",0
"""I tried to give feedback on your website, but it wouldn’t submit. So frustrating!""",0
"""I was charged twice for my subscription, and customer support has been unresponsive.""",0
"""The experience was underwhelming, and I won't be recommending this to anyone.""",0
"""I’ve been trying to get a hold of someone for days about my order, and it’s infuriating!""",0
"""The app is so glitchy that I can barely use it. Total waste of time.""",0
"""I ordered a gift for my friend, and it arrived late. I’m embarrassed!""",0
"""The customer service chat was a complete joke. I got no help whatsoever.""",0
"""I thought I was getting a great deal, but the product is cheap and poorly made.""",0
"""I felt like I was treated like a burden when I asked for help in-store. Very disappointing.""",0
"""I followed all the return instructions, but my refund still hasn’t processed. What’s going on?""",0
"""I found your service to be lacking, and I expected much more from such a popular brand.""",0
"""The quality of the item didn’t match the description at all. I’m very upset.""",0
"""I was promised a quick resolution, but here I am still waiting. This isn’t right.""",0
"""The wait time for my order was far too long, and the food was cold when it arrived.""",0
"""I can’t believe how poorly my complaint was handled. I expected more professionalism.""",0
"""I was excited to try your product, but it just didn’t work for me. Very disappointed.""",0
"""The last time I visited the store, the shelves were empty. It was a waste of my trip.""",0
"""I keep getting promotional emails, but when I try to unsubscribe, nothing happens!""",0
"""The quality of service has really declined. I used to love shopping here.""",0
"""I received a defective item and now have to jump through hoops to get a replacement.""",0
"""I’m really unhappy with how my issue was resolved. It feels like I was ignored.""",0
"""The product looks nice, but it’s just not functional. I wish I hadn’t bought it.""",0
"""I’ve been a loyal customer for years, but this last experience was truly disappointing.""",0
"""I ordered a phone charger, and it arrived broken. This is unacceptable.""",0
"""The customer service representative was rude and unhelpful when I called about my billing error. I expected better.""",0
"""I can't believe I waited two weeks for my order only to receive the wrong item. Totally disappointed.""",0
"""The software keeps crashing, and I can't get any support. What a waste of money!""",0
"""I was really looking forward to this product, but it doesn't work as advertised. I'm frustrated.""",0
"""After my recent experience, I doubt I’ll shop here again. The staff was dismissive and unprofessional.""",0
"""I ordered a dress for an event, and it arrived late and didn't fit. Very disappointing!""",0
"""I sent an email about my issue, and it took days to get a response. This is ridiculous!""",0
"""I received a defective product and the return process is a hassle. I won’t be recommending this brand.""",0
"""The delivery was delayed twice, and I had to reschedule my plans. Not impressed at all.""",0
"""I thought I was getting a great deal, but the quality of the item was terrible. Lesson learned.""",0
"""The app keeps crashing on my phone, and customer support is slow to respond. So frustrating!""",0
"""I’m quite disappointed that my favorite store didn’t have the item I needed in stock.""",0
"""The service I received at the restaurant was subpar. My order was incorrect, and the staff didn’t seem to care.""",0
"""I’ve had nothing but problems with this laptop. It’s been in for repairs more than I’ve actually used it.""",0
"""I canceled my subscription, but I’m still being charged. This is unacceptable!""",0
"""The product didn’t match the description on the website. I feel misled and unhappy with my purchase.""",0
"""I waited on hold for over an hour just to get the wrong information. Very frustrating experience!""",0
"""I’ve had better experiences at other similar stores. The staff here could use some training in customer service.""",0
"""The website is confusing, and I couldn’t find what I needed. I ended up leaving empty-handed.""",0
"""I was promised a refund, but it’s been weeks and I still haven’t seen it. Very disappointing.""",0
"""The quality of the fabric in this shirt is poor. I expected more for the price I paid.""",0
"""I had a bad experience with the delivery driver who was rude when I asked about my package.""",0
"""This blender is so loud I can’t even use it during the night as I intended. Such a letdown!""",0
"""I tried reaching out through social media, but no one responded to my concerns. Disheartening.""",0
"""The new update has caused my device to malfunction. I wish I had never updated it!""",0
"""I was excited about the meal I ordered, but it was cold and tasteless. What a waste of money.""",0
"""The wait time at this clinic was absurd. I’ll think twice before coming back.""",0
"""I received conflicting information from your support team, which only added to my confusion.""",0
"""The checkout process was a nightmare, and I almost gave up on my purchase entirely.""",0
"""I appreciate the discount, but the product quality was subpar. I won’t be buying again.""",0
"""I’m disappointed that my favorite item was discontinued without notice. Such a letdown!""",0
"""The staff seemed overwhelmed and untrained. My experience was less than satisfactory.""",0
"""I’m frustrated that I can’t get a hold of anyone to discuss my issue. This is ridiculous!""",0
"""I bought this product, and it broke within a week. I expected much better durability.""",0
"""The service at this hotel was lackluster, and my room wasn’t clean upon arrival.""",0
"""I received a notification for a sale, but when I went to buy, the item was out of stock. So frustrating!""",0
"""I’ve been a loyal customer for years, but this last experience has really made me reconsider.""",0
"""The product I received looked nothing like the pictures online. I feel cheated.""",0
"""I had to return my order, and the process was so convoluted. I won’t be shopping here again.""",0
"""The support team didn’t seem knowledgeable about the product I was having issues with.""",0
"""I’ve experienced delays with my order that were not communicated in advance. Very poor service.""",0
"""I was disappointed that my favorite flavor was sold out when I got to the store.""",0
"""The item I received was damaged, and getting a replacement has been a hassle. I'm not happy.""",0
"""The website crashed while I was placing my order, and I lost everything. What a headache!""",0
"""I received my order a week late, and the product was damaged upon arrival. Very disappointing.""",0
"""The customer service team was rude when I called to report my issue. I expected better.""",0
"""I ordered a laptop, but it has constant glitches. I’ve had to restart it multiple times already.""",0
"""The website said my item was in stock, but I got an email saying it’s backordered. Total waste of time!""",0
"""I tried to return a dress that didn’t fit, and the return policy was so confusing. I’m frustrated.""",0
"""The app crashes every time I try to check my account. What a mess!""",0
"""I waited on hold for over an hour, only to be told they can’t help me. Absolutely unacceptable.""",0
"""I love the brand, but the latest product just didn’t live up to my expectations. I’m really disappointed.""",0
"""I can't believe how long it took to get a refund. It's been over a month!""",0
"""The staff at the store were not helpful at all when I had questions about my purchase.""",0
"""I was really excited about this gadget, but it’s been nothing but trouble since I got it.""",0
"""I feel like I wasted my money on a service that doesn’t even work half the time.""",0
"""I’ve reached out multiple times about a billing error, and no one seems to care.""",0
"""The quality of the shoes I received was terrible. I expected much more for the price.""",0
"""I was promised a delivery date that came and went with no updates. Just frustrating!""",0
"""The product broke after just one use, and the warranty process is a nightmare.""",0
"""I tried to leave a review on your site, but it keeps getting rejected. What gives?""",0
"""I thought I was getting a great deal, but the item was not as described. Very misleading!""",0
"""The technician was late to my appointment and didn’t even apologize. So unprofessional.""",0
"""I’ve sent two emails about my issue, and I still haven’t heard back. This is ridiculous.""",0
"""My order arrived with the wrong item, and now I have to wait even longer for the correct one.""",0
"""I’m really disappointed that there was no follow-up after my complaint. Do you care at all?""",0
"""The food I ordered was cold and tasted stale. I won’t be ordering from here again.""",0
"""I was really excited for this service, but it just doesn’t deliver what it promises.""",0
"""The salesperson was nice, but the product itself has been a huge letdown.""",0
"""I can’t believe I was charged for something I never received. This is unacceptable!""",0
"""There’s a constant issue with my subscription, and it’s driving me crazy.""",0
"""I was assured my issue would be resolved quickly, but here I am, still waiting.""",0
"""The packaging was damaged when it arrived, and so was the product inside. Not impressed.""",0
"""I felt like I was being rushed off the phone during my support call. Very frustrating experience.""",0
"""The item looked great online, but the quality in person is just cheap. Disappointing.""",0
"""It took forever to get someone on the line, and when I did, they were not helpful at all.""",0
"""I had high hopes for this product, but it just doesn’t live up to the hype.""",0
"""I found the website difficult to navigate and ended up ordering the wrong item.""",0
"""I wish I had read the reviews before purchasing. I feel completely let down.""",0
"""The customer support chat was useless; the representative didn’t understand my issue.""",0
"""I placed an order expecting it to arrive in two days, but it took over a week.""",0
"""I’m just tired of dealing with this company’s constant mistakes. It’s exhausting.""",0
"""The service was okay, but the quality of the meal was very disappointing.""",0
"""I had to deal with a billing mistake that took way too long to resolve. Totally unacceptable.""",0
"""The return process is so convoluted; I almost didn’t bother.""",0
"""My experience with your product was a series of letdowns. I won’t be buying again.""",0
"""I expected a lot more from a brand with such a good reputation. This was a letdown.""",0
"""The instructions were unclear, and I ended up breaking the product trying to assemble it.""",0
"""I was treated rudely when I tried to ask a simple question at the store.""",0
"""I can’t believe I was charged extra for shipping that wasn’t mentioned at checkout.""",0
"""The item was supposed to be a gift, but it arrived late and in poor condition.""",0
"""I’m really frustrated that no one seems to take my concerns seriously.""",0
"""The last few times I’ve ordered, there’s been something wrong with my order.""",0
"""The product arrived damaged and customer service has been unhelpful at best.""",0
"""I’ve been waiting for my refund for over a month – this is unacceptable!""",0
"""The app is constantly glitching; I can’t even use it properly anymore.""",0
"""I tried to reach out for support, but the representative was rude and dismissive.""",0
"""The shoes I ordered were two sizes too small, and returning them is a hassle.""",0
"""I was promised next-day delivery, but my order arrived a week late.""",0
"""Honestly, I expected better quality for the price I paid; very disappointing.""",0
"""Your billing department is a mess; I keep getting charged for things I didn’t buy.""",0
"""I love the product, but the customer service experience was frustrating and confusing.""",0
"""I’m not sure why I even bother; this has been the worst shopping experience ever.""",0
"""The website is so slow; it took me ages to place my order.""",0
"""I received the wrong item, and now I’m stuck with something I don’t want.""",0
"""I tried calling support three times, and no one ever picked up – what kind of service is this?""",0
"""The food was cold when it arrived, and the delivery driver was rude.""",0
"""I appreciate the effort, but the execution was just lacking this time around.""",0
"""I’ve had nothing but issues with this device; it freezes constantly.""",0
"""The quality of the fabric is not what I expected; it feels cheap.""",0
"""I was really looking forward to this, but it fell completely flat.""",0
"""I feel like I wasted my money; the product doesn’t work as advertised.""",0
"""The store’s return policy is ridiculous; I’ll never shop here again.""",0
"""I’m really disappointed; the descriptions don’t match what I received.""",0
"""The service was slow, and my order was wrong – what a letdown!""",0
"""I don’t understand how this company has good reviews; my experience was terrible.""",0
"""I had high hopes for this gadget, but it’s been nothing but trouble.""",0
"""Why is it so hard to get a hold of someone who can actually help?""",0
"""The staff seemed uninterested in helping me, which was frustrating.""",0
"""I’m done with this brand; they just don’t deliver on their promises.""",0
"""The food tasted great, but the portion sizes were far too small for the price.""",0
"""I was really let down by how long it took to get my order processed.""",0
"""The software update completely broke my device – now I can’t use it at all.""",0
"""I felt ignored during my visit; the employees seemed too busy to assist.""",0
"""I can’t believe how much I paid for this; it’s not worth half of it.""",0
"""I was really excited, but the final product was such a letdown.""",0
"""I had to escalate my complaint just to get a response; very unprofessional.""",0
"""I expected fast shipping, but it took forever and I missed my deadline.""",0
"""The packaging was damaged upon arrival – not a good first impression.""",0
"""I tried to return the item, but the process was overly complicated.""",0
"""I’m disappointed with the customer service; they didn’t seem to care.""",0
"""I’ve had a better experience at other stores; this one just didn’t cut it.""",0
"""The instructions were confusing, and I struggled to assemble it properly.""",0
"""The quality control seems to be lacking; I found multiple defects.""",0
"""I can’t believe I waited on hold for an hour just to get disconnected!""",0
"""This is not what I signed up for; I feel completely misled.""",0
"""I wanted to love it, but the reality just didn’t match the hype.""",0
"""The online chat support was useless; I didn’t get any answers.""",0
"""I will not be recommending this to anyone; it’s just not worth it.""",0
"""I’m so frustrated with how long it’s taken to resolve my issue.""",0
"""The coffee was burnt, and the service was slow; I won’t be back.""",0
"""I thought I was getting a good deal, but now I feel cheated.""",0
"""The delivery driver was late and didn’t even apologize; very unprofessional.""",0
"""I was really hoping for a better experience based on the reviews.""",0
"""The price was high, but the quality was not; what a waste of money.""",0
"""I’ll be taking my business elsewhere; this was just too much hassle.""",0
"""The product didn’t work out of the box, and now I’m stuck with it.""",0
"""I was frustrated with how long it took to get a clear answer.""",0
"""I feel like I’ve been taken for a ride; this is unacceptable.""",0
"""The staff were unhelpful and seemed annoyed that I asked questions.""",0
"""I expected more from this brand; they have really let me down.""",0
"""This experience was so bad, I’m not sure I’ll ever shop here again.""",0
"""I ordered a coffee maker last month, and it still hasn’t arrived. This is unacceptable.""",0
"""The shoes I bought fell apart after just one week of wear. Totally disappointed.""",0
"""I contacted customer service about my missing refund, and the representative was rude. I won’t be shopping here again.""",0
"""The app crashed repeatedly during my important presentation. Can you believe it?""",0
"""I received the wrong size dress and the return process is a nightmare. This is so frustrating!""",0
"""The food was cold when it arrived, and it took over an hour past the delivery window. Not happy at all.""",0
"""I tried to cancel my subscription, but I’ve been charged again. What a hassle!""",0
"""The TV I bought has a constant flicker, and the support team keeps giving me the runaround.""",0
"""I’m really tired of waiting on hold for an hour just to speak to someone about my billing issue.""",0
"""The last time I visited, the staff were more interested in chatting with each other than helping customers. Disappointing experience.""",0
"""The website keeps crashing while I try to place an order. How am I supposed to shop?""",0
"""It’s been three weeks since my order, and I still have no updates. This is beyond ridiculous.""",0
"""I asked for a simple refund and got a lecture instead. Terrible customer service.""",0
"""The phone I received was defective, and now I have to wait for a replacement? Unbelievable!""",0
"""I used to love this place, but the last few visits have been disappointing. What’s changed?""",0
"""I was given the wrong information about my service plan, and now I’m facing extra charges. Very frustrating!""",0
"""The quality of the product doesn’t match the price I paid. I expected much better.""",0
"""I’ve emailed twice about my issue and still haven’t received a response. This is unacceptable!""",0
"""The delivery driver was rude and threw my package at my door. Not a great experience.""",0
"""My printer broke just days after the warranty expired. Talk about bad luck!""",0
"""The customer support agent seemed confused and couldn’t solve my problem. What a waste of time!""",0
"""I bought a ""new"" sofa that arrived with stains. I’m so disappointed right now.""",0
"""The product description was misleading, and I ended up with something I didn’t want.""",0
"""I had to return my order due to poor sizing, and the return policy is confusing. Why make it so hard?""",0
"""I waited over a month for my refund and had to keep following up. This is ridiculous!""",0
"""The quality of the fabric in my new shirt is terrible. I won’t be buying from here again.""",0
"""The technician who came to fix my appliance was late and didn’t have the right parts. Very frustrating!""",0
"""I ordered a birthday cake and it was completely wrong. I can’t believe this happened.""",0
"""The checkout process online is so slow, I almost gave up on my purchase.""",0
"""I requested help with my account, and the representative didn’t seem to care. Very disappointing.""",0
"""The last time I visited, the shelves were empty, and no one seemed to be restocking. What’s going on?""",0
"""I received a damaged item and the return process is taking forever. This is unacceptable.""",0
"""The tour guide was late and disorganized. We missed half the itinerary. Very disappointing!""",0
"""I was promised a two-day shipping, and it took over a week. Not impressed.""",0
"""The coffee I bought tasted stale, and I won’t be coming back for more.""",0
"""I was charged for a service I never received, and getting a refund is proving difficult.""",0
"""The return policy is misleading, and I feel cheated. I’ll be taking my business elsewhere.""",0
"""The staff were dismissive when I raised my concerns. I expected better service.""",0
"""The user interface of the app is frustrating and not intuitive. I’m ready to delete it.""",0
"""My order was incomplete, and it took forever to get a replacement. Very frustrating experience.""",0
"""I had high hopes for this product, but it just didn’t deliver. I feel let down.""",0
"""The online chat support was unhelpful and left me more confused than before.""",0
"""I tried to return a gift, and the store wouldn’t accept it. What a hassle!""",0
"""The quality of service at this restaurant has seriously declined. I won’t be returning.""",0
"""I’m really unhappy with how my complaint was handled. It feels like no one cares.""",0
"""My subscription was supposed to include free shipping, but I was charged. Very misleading!""",0
"""The item I received didn’t match the description at all. I feel deceived.""",0
"""I’ve been a loyal customer for years, but this latest experience has left a bad taste in my mouth.""",0
"""I ordered a laptop that arrived with a cracked screen, and customer service just keeps giving me the runaround.""",0
"""The delivery was two weeks late, and when it finally arrived, the item was not what I ordered.""",0
"""I can’t believe how rude the staff were when I tried to return my defective blender; they acted like I was the problem.""",0
"""I expected better quality from this brand, but the shoes I bought fell apart after just one week.""",0
"""The app keeps crashing, and tech support has been no help at all.""",0
"""I was really excited about this product, but it doesn't work as advertised, and getting a refund has been a nightmare.""",0
"""I’m disappointed with the service; my tablescape order was missing half the items I paid for.""",0
"""Do they train their customer service reps to be dismissive? My issue was never addressed properly.""",0
"""I’ve sent multiple emails about my billing error, and no one seems to care enough to respond.""",0
"""Honestly, I’m done with this company. The last three orders have been wrong, and I’m fed up.""",0
"""I thought I was getting a good deal, but the quality is subpar and definitely not worth the price.""",0
"""I waited on hold for over an hour, only to be told there’s nothing they can do about my issue.""",0
"""The product arrived late and was damaged; I can’t believe I paid so much for this.""",0
"""I tried to get support for my internet issues, but the representative was condescending and unhelpful.""",0
"""It’s frustrating that they don’t honor their return policy as advertised; I feel cheated.""",0
"""The food was cold when it arrived, and the driver was unapologetic about it.""",0
"""I was shocked by how unprofessional the team was during my last visit; I won’t be returning.""",0
"""I can’t understand how a brand can be so popular when their products are so flawed.""",0
"""I had high hopes, but the service was slow, and the staff seemed overwhelmed and uninterested.""",0
"""The software update ruined my device, and now I can’t access my files.""",0
"""I was promised a refund within three days, but it’s been over a month now.""",0
"""My experience at the store was marred by rude employees; it really put me off shopping there again.""",0
"""I ordered a gift that never arrived on time, and now I look foolish for trusting this site.""",0
"""The quality of their customer support has declined sharply; I used to be a loyal customer.""",0
"""I’m beyond frustrated with this purchase; it broke after just one use, and I can’t get a response.""",0
"""I tried to resolve my issue through chat, but the automated responses were useless.""",0
"""The item I received looks nothing like the pictures on the website; I'm really disappointed.""",0
"""I don’t understand how a simple order can go so wrong; it’s been a week without any updates.""",0
"""They claim to have a satisfaction guarantee, but good luck getting anyone to honor it.""",0
"""The technician was late, and when he finally showed up, he didn’t seem to have the right tools.""",0
"""I feel like I wasted my money on this; it’s just not functional and has a terrible design.""",0
"""Every time I visit the store, there seems to be a new problem with my loyalty points; it’s exhausting.""",0
"""I tried to escalate my complaint, but nobody seems to care about resolving it.""",0
"""I received a faulty product and had to pay for shipping to return it; that’s just wrong.""",0
"""The website is so buggy that I couldn’t complete my order without losing my patience.""",0
"""I was promised next-day delivery, but my package took over a week to arrive.""",0
"""The customer service representative was more interested in chatting than solving my problem.""",0
"""This is the third time I’ve received the wrong item; their quality control is clearly lacking.""",0
"""How hard is it to get a simple refund? This process has been nothing short of infuriating.""",0
"""I wish I had read the reviews before buying; the feedback is spot on regarding their poor service.""",0
"""The app is so slow that I can’t even use it to track my order; it’s incredibly frustrating.""",0
"""I feel like I’m being ignored; my complaint has been pending for too long.""",0
"""The food was stale, and the service was equally disappointing; I won’t be back.""",0
"""I have been a loyal customer for years, but this last experience has left a bad taste in my mouth.""",0
"""I ordered a custom item, and it arrived with multiple errors; I’m at a loss for words.""",0
"""I tried to return an item and faced so much resistance from the staff; it was disheartening.""",0
"""This was my first time shopping here, and it might just be my last; not impressed at all.""",0
"""The repair took way longer than promised, and I had to follow up multiple times.""",0
"""I can’t believe the lack of professionalism; I was made to feel like a nuisance.""",0
"""I received a broken item and was told to send it back at my own expense; that’s ridiculous.""",0
"""Every time I call, I get a different answer; it’s so confusing and frustrating.""",0
"""The product description was misleading, and now I feel like I’ve been tricked.""",0
"""I was left waiting at the restaurant for over an hour with no explanation; it was unacceptable.""",0
"""I’m genuinely disappointed; I expected much more from this brand based on their reputation.""",0
"""The product arrived damaged, and I can't believe I have to deal with customer service just to get a replacement.""",0
"""I waited over an hour for my order, only to find out it was never processed. This is unacceptable!""",0
"""I reached out for support about a billing issue, and the representative was incredibly rude. I expected better.""",0
"""The app keeps crashing every time I try to use it. It's so frustrating!""",0
"""I ordered a dress that looked nothing like the picture. I'm really disappointed with the quality.""",0
"""I love your store, but the checkout process is always so slow. Please fix this!""",0
"""I received my item late, and when I called, no one seemed to care. What a letdown.""",0
"""The tech support was unhelpful and seemed annoyed that I called. Not a good experience.""",0
"""I tried to return a pair of shoes, but the return policy is a nightmare. Never buying from here again.""",0
"""I can't believe how long it took to get a refund. I feel like I was completely ignored.""",0
"""The coffee maker broke after just a week. I expected better quality for the price.""",0
"""I had a terrible experience at your restaurant last night. The service was slow and my meal was cold.""",0
"""I was promised a discount but never received it. I feel misled and frustrated.""",0
"""The software update caused more problems than it solved. What were you thinking?""",0
"""I ordered a pizza and it arrived with the wrong toppings. Really disappointing!""",0
"""The customer service chat was useless. I left feeling more confused than when I started.""",0
"""I was excited about the new gadget, but it doesn't work as advertised. Very disappointing.""",0
"""The staff at the store were dismissive and unhelpful. I won't be back anytime soon.""",0
"""I can't believe I had to wait three weeks for my order to ship. This is ridiculous!""",0
"""I tried to get help with my account, and the representative was more interested in chatting than solving my problem.""",0
"""I received a faulty item and getting a replacement has been a hassle. I'm losing patience.""",0
"""The website is hard to navigate, and I couldn't find what I needed. Very frustrating!""",0
"""I had high hopes for this product, but it fell flat. It doesn’t meet my expectations at all.""",0
"""I felt like my concerns were brushed aside during the support call. Very disappointing experience.""",0
"""I've been a loyal customer for years, but this last experience has me reconsidering.""",0
"""The delivery driver was rude, and my package was left out in the rain. Not impressed!""",0
"""I was excited to try this service, but the onboarding process was a nightmare.""",0
"""The item I received was completely different from what I ordered. This is unacceptable!""",0
"""I had to escalate my issue just to get a response. That’s not how customer service should work.""",0
"""I hoped for a quick resolution, but it's been days and I’m still waiting for an answer.""",0
"""I felt misled by the marketing claims. The product does not perform as expected.""",0
"""The experience was frustrating, and I won’t recommend your service to anyone.""",0
"""I returned my item over a month ago and still haven’t seen my refund. What’s going on?""",0
"""I tried to get help with a defective product, but the response was frustratingly slow.""",0
"""I really liked your brand, but this last purchase has left me feeling disappointed.""",0
"""The checkout experience was confusing, and I almost gave up on my purchase.""",0
"""I was shocked by how rude the staff were during my visit. I won’t be returning.""",0
"""I had to chase down my order status, and the replies were vague at best.""",0
"""I feel like I wasted my money on this product. It doesn’t work as promised.""",0
"""I expected better support for a premium service, but I was left hanging.""",0
"""The product took forever to arrive, and when it did, it was the wrong size.""",0
"""I don’t understand how you can get my order wrong twice in a row. Very frustrating!""",0
"""The quality of the item was not what I anticipated. I’m quite disappointed.""",0
"""I tried to contact support multiple times, and no one got back to me. Very frustrating experience.""",0
"""I was looking forward to this event, but the organization was a mess.""",0
"""I feel completely let down by the lack of communication about my order.""",0
"""The product description was misleading, and I feel cheated. Not happy at all.""",0
"""I ordered a laptop and it arrived with a cracked screen. This is unacceptable for the price I paid.""",0
"""The customer service rep was rude and unhelpful when I called about my billing error. I expected better.""",0
"""I waited over an hour for my food delivery, and when it finally arrived, it was cold and soggy. So disappointing!""",0
"""The new software update has caused more glitches than improvements. Why fix what wasn’t broken?""",0
"""I had to return my shoes because they were uncomfortable and the return process was a nightmare.""",0
"""I received a defective blender and it took weeks to get a replacement. I’m done with this brand.""",0
"""The staff at the store were dismissive when I asked for help. I won’t be back anytime soon.""",0
"""I can’t believe I paid for express shipping and my package still hasn’t arrived. This is ridiculous!""",0
"""The app keeps crashing on my phone, and I can't even access my account. Frustrating!""",0
"""I asked for a refund for my order and it’s been over a month. Where is my money?""",0
"""I was promised a refund within 5-7 business days, but it’s been over two weeks. What’s going on?""",0
"""The furniture I ordered was damaged upon arrival, and the replacement hasn’t even been shipped yet.""",0
"""I ordered a cake for my daughter’s birthday, and it didn’t look anything like the picture. Very disappointing!""",0
"""The online chat support was completely useless. I didn't get any answers to my questions.""",0
"""My subscription was charged incorrectly, and getting it fixed has been a hassle.""",0
"""I’ve tried reaching customer support multiple times, and I’m still waiting for a response.""",0
"""I bought a phone that freezes constantly, and the warranty process seems impossible.""",0
"""The quality of the clothing I received was far below what was advertised. Very disappointing.""",0
"""I was told my order would arrive on Tuesday, but it’s still not here. This is incredibly frustrating.""",0
"""The staff at the restaurant were unfriendly and forgot my order. I won’t be returning.""",0
"""I received the wrong item in my order and getting it fixed has been a nightmare.""",0
"""My experience at the hotel was marred by dirty rooms and unresponsive staff. Not worth the money.""",0
"""The instructions for assembling the furniture were confusing and incomplete. I’m really frustrated!""",0
"""I’ve been a loyal customer for years, but this last purchase was a complete letdown.""",0
"""I expected a lot more from this product, given the rave reviews online. Total disappointment.""",0
"""I was charged for items I didn’t order, and it’s been hard to get a refund.""",0
"""The quality of customer service has really declined. I was treated poorly during my last visit.""",0
"""The delivery was late and the driver was rude. I won’t be ordering again.""",0
"""The software is full of bugs, and I can’t get any work done. This is infuriating!""",0
"""My experience with the airline was terrible. Delays and no one to help at the desk.""",0
"""I wish I could give zero stars. The product broke after one use, and I’m stuck with it.""",0
"""I ordered a dress for a special occasion, and it arrived with a huge stain. So embarrassing!""",0
"""I’ve sent multiple emails about my issue, and no one has bothered to respond.""",0
"""The service was slow and the food was mediocre. I expected much better.""",0
"""I was promised a discount that never applied at checkout. Very misleading!""",0
"""The product description was misleading and didn’t match what I received. Very unhappy.""",0
"""I had to wait three weeks for my refund, and even then it was incorrect. This is unacceptable!""",0
"""I found the staff to be unhelpful, and my concerns were brushed off. Not a good experience.""",0
"""The product quality has drastically changed, and I’m really disappointed.""",0
"""My last experience was so frustrating that I don’t think I’ll shop here again.""",0
"""The online order process was complicated and full of errors. What a headache!""",0
"""I ordered a phone case that didn’t fit my phone at all. Complete waste of money.""",0
"""I tried to use the customer support hotline, but it was a waste of time. No one could help me.""",0
"""The wait time for support was ridiculous, and the representative was not knowledgeable.""",0
"""I received a damaged item and getting a replacement has been a hassle.""",0
"""The app is so buggy that I can barely use it. Fix your software!""",0
"""I’m so disappointed with the quality of the items I received. They look nothing like the pictures.""",0
"""My experience with your service was frustrating, and I felt ignored the entire time.""",0
"""There was a mix-up with my order, and I was left feeling very upset.""",0
"""I was really looking forward to this product, but it has not lived up to the hype at all.""",0
"""I had a terrible experience with my last stay at your hotel. It was not worth the money.""",0
"""I ordered a phone case weeks ago, and it still hasn’t arrived. This is unacceptable!""",0
"""The customer service representative was so rude when I called about my billing issue. I won’t be returning.""",0
"""I was really excited about this product, but it broke after just one use. Very disappointing.""",0
"""I waited on hold for over an hour, only to be told they can’t help me. What a waste of time!""",0
"""The app keeps crashing, and I can't access my account. This is beyond frustrating.""",0
"""I received the wrong size shoes and now I have to pay for shipping to return them. Not cool!""",0
"""I loved the food at your restaurant, but the service was incredibly slow. It ruined the experience.""",0
"""I sent an email about my order, and it took days for a response. This is not how you treat customers.""",0
"""The quality of this furniture is terrible. It started falling apart just a month after purchase.""",0
"""I feel let down by your return policy. I thought I could return my item easily, but it’s such a hassle.""",0
"""I tried to make an appointment online, but the website kept giving me errors. So frustrating!""",0
"""My subscription was charged incorrectly, and it took forever to get someone to fix it. Very disappointing.""",0
"""I used to love shopping here, but the staff are so unhelpful now. It’s really turned me off.""",0
"""The delivery was late, and the package arrived damaged. I expected better from your service.""",0
"""I bought a dress that looked great online, but the color was completely different when it arrived. What a letdown!""",0
"""I felt ignored during my visit. The employees didn’t seem to care about helping me at all.""",0
"""The product I received was nothing like what was advertised. I feel cheated.""",0
"""I can’t believe how much I had to pay for shipping on a defective item. This is ridiculous!""",0
"""The software update has made my phone slower. I regret installing it.""",0
"""I was promised a refund within five business days, but here I am two weeks later with nothing.""",0
"""I found your customer support to be unprofessional and dismissive. This is not acceptable behavior.""",0
"""I ordered a meal that was supposed to be spicy, but it was bland. Very disappointing.""",0
"""I tried to return an item, and the staff acted like it was a huge inconvenience for them. Unbelievable.""",0
"""I’m really unhappy with how difficult it was to navigate your website. It needs a major overhaul.""",0
"""The item I received was missing parts, and I had to chase you for a resolution. Very frustrating experience.""",0
"""I was assured my issue would be resolved quickly, but here I am still waiting. This is unacceptable.""",0
"""I can’t believe how poorly this product was packaged. It arrived damaged and unusable.""",0
"""The quality of the service has dropped significantly since my last visit. I doubt I’ll be back.""",0
"""I felt misled by your marketing. The product didn’t live up to the hype at all.""",0
"""I had high expectations, but the event was poorly organized and not worth the ticket price.""",0
"""I ordered a special gift, and it arrived late. Now I look like I forgot my friend’s birthday.""",0
"""The phone I bought keeps glitching. I thought I was getting a reliable brand.""",0
"""I had to deal with multiple agents for the same issue, and none of them helped. What a waste!""",0
"""I don’t feel like my complaint was taken seriously. I expected a better response.""",0
"""I received an email saying my order was shipped, but the tracking number doesn’t work. Very misleading.""",0
"""The service at your store has gone downhill. It feels like nobody wants to help anymore.""",0
"""I tried to cancel my order, but I was put on hold for ages. Why is this so complicated?""",0
"""I was disappointed that my favorite item is no longer in stock. You should have better inventory management.""",0
"""The checkout process was a nightmare. I almost gave up on my purchase.""",0
"""I can’t believe I was charged for a service I never received. This is very frustrating.""",0
"""I was expecting a lot more from this brand, but the product quality is lacking.""",0
"""I wish I had read the reviews before purchasing. This was a waste of my money.""",0
"""The staff were friendly, but they clearly didn’t know how to resolve my issue. Very frustrating.""",0
"""I was promised a follow-up, but no one ever contacted me. This is such poor customer care.""",0
"""I’ve had nothing but problems with my subscription, and I’m seriously considering canceling.""",0
"""The product arrived with a dent, and I had to wait ages for a replacement. Not happy at all.""",0
"""I thought this service would save me time, but it ended up being more hassle than it was worth.""",0
"""The app is confusing to use, and I can’t find the information I need. This is not user-friendly.""",0
"""I ordered a laptop that was supposed to arrive in two days, but it’s been over a week and no updates.""",0
"""The customer service rep I spoke to was incredibly rude and unhelpful.""",0
"""I’m really disappointed with the quality of the shoes; they fell apart after just one week of wear.""",0
"""I tried to return the dress because it didn’t fit, but the store wouldn’t accept it back due to their strict return policy.""",0
"""I’ve been waiting for my refund for over a month now, and every time I call, I get a different story.""",0
"""The software crashed during my presentation, and it took forever to get tech support on the line.""",0
"""I was promised a discount that never appeared on my bill. This is unacceptable!""",0
"""The food was cold when it arrived, and the delivery driver didn’t even apologize.""",0
"""I’ve had nothing but trouble with my new phone; it freezes constantly and the battery dies quickly.""",0
"""I expected better from this restaurant, but the service was slow and my order was incorrect.""",0
"""I’m frustrated with how difficult it is to navigate your website; I ended up ordering the wrong item.""",0
"""The couch I bought has a tear in the fabric, and I can’t get anyone to respond to my email about it.""",0
"""I’m really tired of the long wait times whenever I call support. It’s like no one cares.""",0
"""The dress I received looked nothing like the picture online. What a letdown!""",0
"""I’ve been a loyal customer for years, but this last experience has made me reconsider.""",0
"""Your app keeps crashing, and it’s been weeks since I reported the issue.""",0
"""I was expecting a professional service, but the staff acted like they didn’t care.""",0
"""The item I received was damaged, and now I’m stuck dealing with returns.""",0
"""I ordered a custom cake for my daughter’s birthday, and it was completely wrong when I picked it up.""",0
"""I feel like I wasted my money on this product; it didn’t live up to the hype at all.""",0
"""The technician arrived late and didn’t even fix the issue properly.""",0
"""I’m disappointed that I can’t get a straight answer about my order delay.""",0
"""This is the third time I’ve had to contact support about my billing error.""",0
"""The quality of this electronics item is terrible; it stopped working after just a few uses.""",0
"""The staff at the store were unhelpful and seemed annoyed that I had questions.""",0
"""I ordered express shipping, but my package still hasn’t arrived, and it’s been three days.""",0
"""I was really excited about this product, but it didn’t work as advertised.""",0
"""I had to wait on hold for over an hour, only to be disconnected.""",0
"""The customer service was polite but ultimately unhelpful; my issue is still unresolved.""",0
"""I received the wrong size in my order, and now I have to deal with the hassle of returning it.""",0
"""I wish I had read the reviews before purchasing this; it’s just plain awful.""",0
"""The delivery was late, and the food was not up to the usual standard.""",0
"""I expected a lot more from this brand, but I feel let down after my recent purchase.""",0
"""The support team promised to call me back but never did.""",0
"""I can’t believe how difficult it’s been to get a refund for a defective item.""",0
"""The shoes I bought were uncomfortable, and now I can’t return them because I wore them once.""",0
"""My experience with your company has been frustrating, to say the least.""",0
"""I feel like I was misled about the features of this product; it doesn’t do what it claims.""",0
"""I’m disappointed with the lack of follow-up on my complaint; it feels like I’m being ignored.""",0
"""The restaurant was noisy and the service was slow; I won’t be coming back.""",0
"""I had a bad experience at your store; the staff seemed more interested in chatting than helping customers.""",0
"""I was really looking forward to this service, but it just didn’t meet my expectations.""",0
"""The product arrived late and was not packaged well, which is unacceptable for the price.""",0
"""I’m really unhappy with how my complaint was handled; it felt like I was talking to a brick wall.""",0
"""I received my order, but it was missing a key component; now I can’t use it.""",0
"""The overall experience was disappointing, and I expected much better quality.""",0
"""I’ve reached out multiple times about my issue, and it feels like I’m getting nowhere.""",0
"""The last time I visited, my food was cold and the service was lacking.""",0
"""I thought I was buying a premium product, but it feels cheap and poorly made.""",0
"""I’ll think twice before ordering from this site again; the experience was frustrating.""",0
"""The app is so buggy that it’s practically unusable; I’m really disappointed.""",0
"""I received a damaged item and the return process has been a nightmare.""",0
"""The staff were friendly, but the service was far too slow for a weekday lunch.""",0
"""I expected a good experience, but I left feeling frustrated and undervalued as a customer.""",0
"""I can't believe I waited two weeks for my order, only to receive the wrong item.""",0
"""I thought the customer service would help me, but they just kept transferring me between departments.""",0
"""This product stopped working after just a few days. I expected better quality for the price.""",0
"""The store was chaotic, and the staff seemed overwhelmed and uninterested in helping anyone.""",0
"""I was charged twice for my subscription and it took forever to get a refund.""",0
"""The app keeps crashing, making it impossible to use on my phone. Very frustrating!""",0
"""I had high hopes for this service, but the delivery was late and the food was cold.""",0
"""After my last experience, I doubt I’ll ever shop here again. The staff were rude and dismissive.""",0
"""The instructions were unclear, and I ended up breaking the gadget because of it.""",0
"""I visited the location and found nothing but empty shelves. What a waste of a trip!""",0
"""I received my order, but it was missing several items. How does that even happen?""",0
"""The website advertised free shipping, but I was charged a fee at checkout. Very misleading!""",0
"""I tried to reach out for support, but the chatbot was no help at all. Just a waste of time.""",0
"""I ordered a custom item and it arrived looking completely different than what I expected.""",0
"""The wait time for customer service was ridiculous, and when I finally got through, they were unhelpful.""",0
"""I feel cheated. I ordered a size L, and what I got was more like a size S.""",0
"""I can't believe how long it took to get my refund. This has been such a hassle!""",0
"""The quality of this product is nowhere near what was advertised. I'm really disappointed.""",0
"""I love the brand, but this last experience really soured my opinion.""",0
"""I received an email saying my order was shipped, but it never arrived. What’s going on?""",0
"""The return policy is a nightmare. I wish I had read the fine print before purchasing.""",0
"""I was excited to try this out, but it’s just not user-friendly at all.""",0
"""I can’t even express how frustrating it is to deal with this company’s support team.""",0
"""I expected a faster response, but it took days just to get an acknowledgment of my email.""",0
"""The quality was great, but the size was way off. I can't use it now.""",0
"""I wish I had read the reviews before purchasing. What a waste of money!""",0
"""The service at the restaurant was so slow that we almost left without ordering.""",0
"""I tried to cancel my subscription, but the process was so complicated. I gave up.""",0
"""I was promised a refund within 5-7 business days, but it’s been two weeks.""",0
"""I can't believe I trusted this brand. The product was defective right out of the box.""",0
"""The staff seemed more interested in chatting with each other than helping customers.""",0
"""I ordered a gift, and it arrived late—totally ruined my surprise.""",0
"""I’ve had issues with this app crashing multiple times during important tasks.""",0
"""Every time I call, I get a different answer. This is so confusing!""",0
"""I’m really disappointed with the lack of communication regarding my order status.""",0
"""I wanted to love this, but the customer service experience was just awful.""",0
"""The item I purchased was labeled ""new,"" but it looked used and damaged.""",0
"""I wish I could give zero stars. This was the worst shopping experience of my life.""",0
"""I found better prices elsewhere after I had already placed my order here.""",0
"""The process to return the item was unnecessarily complicated and time-consuming.""",0
"""I’m so frustrated. I just want a straightforward answer about my missing package.""",0
"""They really need to improve their quality control; my item had a huge scratch on it.""",0
"""I sent a message about my issue and got a reply that didn’t even address my concern.""",0
"""The product description was misleading, and I feel like I was tricked into buying it.""",0
"""It’s hard to believe this company is still in business with such poor service.""",0
"""I expected more professionalism from this brand, but I was sorely disappointed.""",0
"""I had to wait 30 minutes just to place my order, and the staff was not apologetic.""",0
"""I received a different model than what I ordered, and it’s not even close to what I wanted.""",0
"""The quality has gone downhill over the past year. I won’t be buying again.""",0
"""I don’t understand how they can charge so much for such poor service.""",0
"""The product looked great in photos, but in reality, it was a huge letdown.""",0
"""Why is it so hard to get a straightforward answer from customer service?""",0
"""I’ve had nothing but problems since I made my purchase. This is unacceptable.""",0
"""My experience was fine until I had to deal with customer support, which was a disaster.""",0
"""I was really hopeful about this service, but it just didn’t meet my expectations.""",0
"""I’ve never felt so frustrated trying to resolve a simple billing error.""",0
"""I ordered a new phone and it arrived with a cracked screen. Unbelievable!""",0
"""I waited over two weeks for my new sofa to arrive, only to find out that the order was lost. This is unacceptable.""",0
"""I tried to return a pair of shoes that didn’t fit, and the staff was so rude. I won’t be shopping here again.""",0
"""The app keeps crashing, and customer support takes forever to respond. This is beyond frustrating!""",0
"""The pizza was cold and didn’t match what I ordered. Very disappointing experience.""",0
"""I received my package late, and the customer service rep was unhelpful. Just a terrible experience overall.""",0
"""My subscription was charged twice this month, and no one seems to care. I’m really upset!""",0
"""I had high hopes for this new gadget, but it doesn’t work as advertised. What a letdown!""",0
"""I can’t believe how long the checkout line was. They really need more staff during peak hours.""",0
"""The delivery was supposed to be next day, but it took a week. I’m not impressed.""",0
"""The quality of the dress I ordered was not what I expected. It looked much better online.""",0
"""I felt like I was bothering the staff when I asked for help. That’s not how customer service should work.""",0
"""I’ve emailed three times about my billing issue, and no one has replied. This is ridiculous!""",0
"""The last two times I visited, they were out of stock on the items I needed. So frustrating!""",0
"""I was promised a refund, but it’s been a month and I still haven’t seen it. What’s going on?""",0
"""The product I received was completely different from what was advertised. Total scam!""",0
"""I ordered a cake for my daughter’s birthday, and they messed up the design. Very disappointing!""",0
"""I tried to cancel my membership, but the process was so convoluted. I’m done with this.""",0
"""The technician was late and didn’t fix the issue properly. I’m left with the same problem!""",0
"""I’m shocked at how rude the staff was during my last visit. I won’t be returning anytime soon.""",0
"""I expected better quality from this brand, but the item fell apart after a week. Not worth the money.""",0
"""I had to wait on hold for over an hour just to get a simple question answered. This is unacceptable!""",0
"""The food was bland and not fresh. I won’t be recommending this restaurant to anyone.""",0
"""I received the wrong size and now I have to deal with the hassle of returns. Just great!""",0
"""The website was so glitchy that I couldn’t complete my order. What a waste of time!""",0
"""I was excited about this product, but it broke after just a few uses. Very disappointing!""",0
"""The customer service team was dismissive of my concerns. I felt like they didn’t care at all.""",0
"""I bought a sweater, and it pilled after the first wash. I expect better from this brand.""",0
"""The appointment was rescheduled without my consent, and I was never notified. Totally unprofessional!""",0
"""I’m frustrated that my order hasn’t shipped yet, especially when I was promised faster delivery.""",0
"""I found the staff to be condescending when I asked for help. That’s not how you treat customers.""",0
"""The online description was misleading, and I’m not happy with what I received. Very misleading!""",0
"""I tried to reach out for support, but the chatbot was useless. I need real help, not automated responses!""",0
"""I’ve had repeated issues with my account, and the support team hasn’t been helpful at all.""",0
"""The product didn’t live up to the hype, and I feel like I wasted my money. So disappointed!""",0
"""I had to return the item due to defects, and the process was a nightmare. I won’t be back.""",0
"""I was treated poorly when I tried to resolve an issue with my order. Not a good look for you!""",0
"""The event was poorly organized, and I feel like I wasted my time attending. Very unprofessional.""",0
"""I’m really upset about the billing error. I expected better accuracy from a company like yours.""",0
"""The service was slow and the staff seemed overwhelmed. I don’t think I’ll come back.""",0
"""I was promised a replacement, but it’s been weeks and I haven’t heard anything. So frustrating!""",0
"""The quality of the product is not what I was led to believe. I feel misled.""",0
"""I reached out about an issue, and the response was dismissive. That’s not how you keep customers.""",0
"""The food took way too long to arrive, and when it did, it was cold. I’m not happy.""",0
"""I’ve had nothing but problems with this purchase, and I doubt I’ll buy from you again.""",0
"""I can’t believe how long it took to receive my order. I’m really disappointed with the service.""",0
"""The product I received was defective and doesn’t work as advertised. What a waste of money!""",0
"""I tried reaching out to customer support, but the representative was incredibly rude. I expected better.""",0
"""I’m very frustrated with the billing errors. I’ve been overcharged twice now, and no one seems to care.""",0
"""I was excited about this purchase, but it arrived damaged. Now, I’m stuck with the hassle of returns.""",0
"""I ordered a new phone and it arrived with a big scratch on the screen. This is unacceptable!""",0
"""I waited over two weeks for my delivery, only to find that it was never shipped. Terrible service!""",0
"""The website said my item was in stock, but after placing the order, I got an email saying it was backordered. Really?""",0
"""I’ve been a loyal customer for years, but this last experience has left a bad taste in my mouth.""",0
"""I’m tired of the constant glitches on your app. It’s so frustrating trying to use it.""",0
"""The sales associate seemed annoyed when I asked for help. I won’t be coming back.""",0
"""The quality of the product is not what I expected. It feels cheap and flimsy.""",0
"""I was promised a refund within a week, but it’s been over a month. What’s going on?""",0
"""I can’t believe I had to wait on hold for over an hour just to get my question answered. Ridiculous!""",0
"""The delivery was supposed to be next-day, but it took four days. I’m really dissatisfied.""",0
"""I’m not happy with how my complaint was handled. I expected more empathy from your team.""",0
"""The instructions for assembly were confusing, and I ended up breaking a piece. Very frustrating!""",0
"""I ordered a size medium, but what I received was clearly a large. This is so disappointing.""",0
"""The food I received was cold and tasted stale. I’m not impressed at all.""",0
"""I tried to return an item, but your return policy is way too complicated. I’m giving up.""",0
"""I thought this would be a great investment, but it hasn’t worked properly since day one. I’m frustrated!""",0
"""I left a message with customer service, but no one has gotten back to me. This is really poor communication.""",0
"""The service at the restaurant was slow, and my order was wrong. I won’t be going back.""",0
"""I paid extra for expedited shipping, and it still arrived late. What a waste of money!""",0
"""This tool is supposed to make my job easier, but it’s been nothing but trouble. Very disappointing.""",0
"""I’m really annoyed that I was charged for a subscription I didn’t sign up for. Fix this!""",0
"""I had high hopes for this product, but it’s not living up to the hype. I feel let down.""",0
"""I had to deal with multiple representatives to resolve a simple issue. Why can’t you streamline this process?""",0
"""I wanted to love this service, but the app crashes all the time. It’s such a hassle!""",0
"""The staff was unhelpful and didn’t seem interested in resolving my issue. Very disappointing experience.""",0
"""I’m frustrated that my delivery was left at the wrong address, and now I can’t get anyone to help me.""",0
"""I was excited for my new gadget, but it stopped working within a week. I feel cheated.""",0
"""The customer service experience was so frustrating. I ended up resolving the issue myself.""",0
"""I can’t believe the product I received looks nothing like what was advertised. This is misleading!""",0
"""I had to send my item back three times due to defects. I’m beyond frustrated at this point.""",0
"""The checkout process was a nightmare, with multiple errors. I won’t be shopping here again.""",0
"""The quality of the fabric is subpar. I expected so much more for the price I paid.""",0
"""I wish I could give zero stars. The service was that bad.""",0
"""My order was missing an item, and it took forever to get a refund. Very unsatisfactory.""",0
"""I really wanted to like this product, but it’s just not worth the money. Total letdown.""",0
"""The wait time for my food was unacceptable, and when it finally arrived, it was cold.""",0
"""I’m disappointed with how my complaint was ignored. I expected better from your brand.""",0
"""I was promised a discount that never applied at checkout. This feels dishonest.""",0
"""The staff didn’t seem trained to handle my issue, which made for a frustrating experience.""",0
"""I received a used item instead of a new one. This is unacceptable!""",0
"""I’ve sent several emails about my issue, but no one has responded. This is infuriating.""",0
"""I was misled about the features of this product. It doesn’t do what I need at all.""",0
"""I thought I was getting a deal, but the product turned out to be junk. I feel scammed.""",0
"""The service at this location has really gone downhill. It’s disappointing to see the change.""",0
"""I waited over a month for my order, only to receive the wrong item. This is unacceptable.""",0
"""The customer service representative I spoke to was rude and unhelpful. I expected better from such a reputable brand.""",0
"""I received a defective product that stopped working after just one use. I’m really disappointed.""",0
"""Why is it so hard to get a simple refund? Your return policy is a nightmare!""",0
"""I thought this gadget would make my life easier, but it’s just a tech glitch waiting to happen.""",0
"""The food was cold when it arrived, and the delivery driver was dismissive when I complained. Not ordering again.""",0
"""I’ve sent multiple emails about my billing error, and no one has bothered to reply. Frustrating!""",0
"""I was excited about this new phone, but it keeps freezing. I wish I had done my research first.""",0
"""Your website crashed while I was checking out, and now I can’t even access my account. This is ridiculous!""",0
"""I had a terrible experience at your store today; the staff completely ignored me while I waited.""",0
"""The product looked great online, but in reality, the quality is subpar. Very disappointing!""",0
"""I tried to reach you on social media, but your responses are always automated. I need real help!""",0
"""I was promised a two-day shipping, and it’s been over a week. What gives?""",0
"""The instructions for assembly were confusing and incomplete. I had to figure it out myself.""",0
"""I appreciate the effort, but the service was just too slow. I almost left without my order.""",0
"""This is the third time my order has been wrong. How hard can it be to get it right?""",0
"""I’m really frustrated with how my complaint was handled. It feels like no one cares.""",0
"""I can’t believe I spent so much on this product, and it broke after one week. Not impressed.""",0
"""The staff seemed overwhelmed and couldn’t answer my questions. I won’t be coming back.""",0
"""I expected better quality from your brand. This item feels cheap and flimsy.""",0
"""It’s hard to enjoy the service when everything takes so long. Please improve your efficiency!""",0
"""I ordered a gift weeks in advance, and it still hasn’t arrived. Thanks for ruining my surprise.""",0
"""I wish I had read the reviews before buying this. Total waste of money!""",0
"""The technician who came to fix my issue was late and didn’t even apologize. Very unprofessional.""",0
"""I received my order, but one item was missing. Now I have to wait even longer for a resolution.""",0
"""I’ve been a loyal customer for years, but this last experience has really made me reconsider.""",0
"""Why does it take so long to get a refund processed? This is frustrating beyond belief!""",0
"""I was really looking forward to this product, but it didn’t live up to the hype at all.""",0
"""The chat support was no help. I felt like I was talking to a robot, not a person.""",0
"""This was supposed to be a premium product, but it feels cheap and poorly made.""",0
"""I’m disappointed with the lack of communication about my order status. It feels like I’m in the dark.""",0
"""The packaging was damaged upon arrival, and so was the product inside. Very disappointing!""",0
"""I thought your app would simplify things, but it’s full of bugs and constantly crashes.""",0
"""I had to argue for a refund, which took way too long. I won’t be shopping here again.""",0
"""I tried to return the item, but the store staff gave me a hard time. Not impressed!""",0
"""I love your brand, but this last product did not meet my expectations at all.""",0
"""Service was slow, and when my order arrived, it was incorrect. What a letdown!""",0
"""I feel like I’ve wasted my money on this. It didn’t work as advertised at all.""",0
"""Your phone support is a joke. I was on hold for over 30 minutes with no resolution.""",0
"""I had high hopes for this service, but it just didn’t deliver. I’m quite disappointed.""",0
"""I tried to get help through your website, but the form kept crashing. So frustrating!""",0
"""I’m not happy with how my issue was handled. I expected more empathy and understanding.""",0
"""The product was delivered late, and it was also damaged. Just my luck!""",0
"""I really wanted to like this, but it’s been nothing but problems since I bought it.""",0
"""The food was cold and tasted bland. I expected much better for the price!""",0
"""I’ve tried to contact you several times about my issue, but I’m still waiting for a response.""",0
"""I’ve had better experiences shopping elsewhere. Your service needs a serious overhaul.""",0
"""I ordered a pair of shoes that arrived with a tear in the fabric. Really disappointed.""",0
"""After waiting over a month for my order, I was told it was out of stock. Why wasn't I notified sooner?""",0
"""The customer service team was unhelpful and dismissive when I called about my billing issue. Very frustrating experience.""",0
"""I can't believe how long it took to get a reply to my email. This is unacceptable for such a big company.""",0
"""The headphones I bought started cutting out after just a week. I expected better quality for the price.""",0
"""Why is it so hard to return something? Your return policy is a nightmare and needs to be updated.""",0
"""I was really excited about this gadget, but it barely works. Definitely not worth the hype.""",0
"""The staff at the store were rude when I asked for help. I left feeling more confused than when I arrived.""",0
"""I had to wait an hour for my food to arrive, and it was cold when it finally got here. Not what I expected.""",0
"""The app crashed three times while I was trying to place my order. So frustrating!""",0
"""I received the wrong item and it took days to get a response about how to fix it. Poor service.""",0
"""The coffee I ordered tasted burnt, and the barista didn't seem to care. I won't be coming back.""",0
"""I was charged twice for my subscription, and getting a refund has been a hassle. This is ridiculous.""",0
"""The product looked great online but was totally different in person. Very disappointing.""",0
"""After a long wait, my package finally arrived, but it was damaged. This is unacceptable.""",0
"""I tried to get help with a tech issue, but the support team was not knowledgeable at all. Very frustrating.""",0
"""I feel like I've been ignored for weeks while waiting for a resolution to my problem. This is unacceptable.""",0
"""The quality of the clothes I bought has really gone down. I won’t be shopping here again.""",0
"""The delivery driver was rude and tossed my package at my door. Not a good experience at all.""",0
"""I was promised a refund within 5-7 business days, but it's been over two weeks with no updates. This is unacceptable.""",0
"""I was misled about the warranty when I bought the product, and now I’m stuck. Very disappointed.""",0
"""The online chat feature is useless. I never got the help I needed.""",0
"""I found a mistake on my bill, and no one seems to care to correct it. Very frustrating experience.""",0
"""I ordered a custom cake for my daughter's birthday, and it looked nothing like what I requested. So disappointing.""",0
"""I expected fast shipping, but it took over a week. Not the service I was promised.""",0
"""The seat I reserved was not available when I arrived. Very frustrating and unprofessional.""",0
"""I had a terrible experience with your customer service. They were dismissive and unhelpful.""",0
"""The dress I received is completely different from what was shown online. I feel cheated.""",0
"""I made a reservation, but when I arrived, they had no record of it. What a waste of time.""",0
"""The quality of the electronics is poor, and they broke down within days. I expected better.""",0
"""Why is it so hard to get a hold of an actual person when I call? This is so frustrating!""",0
"""I was overcharged for my last order and trying to resolve it has been a nightmare. Very disappointed.""",0
"""The app is riddled with bugs, making it nearly impossible to use. Get it together!""",0
"""I had high hopes for this product, but it just didn’t live up to the hype. Very let down.""",0
"""The staff at the branch were not helpful at all. I left feeling more confused than when I arrived.""",0
"""My experience with your service was not great. I expected better communication throughout the process.""",0
"""The item I received was defective, and returning it has been a hassle. Not worth the trouble.""",0
"""I tried to reach customer support but was left on hold for ages. It feels like they don’t care.""",0
"""The quality of service has really declined since my last visit. I won’t be returning anytime soon.""",0
"""I received my order late and it was missing an item. Very disappointing service.""",0
"""The food was cold and tasted stale. I won’t be coming back anytime soon.""",0
"""I was promised a call back that never happened. Poor communication.""",0
"""I had to navigate a confusing website to make my order, and it was not user-friendly at all.""",0
"""The service I received was subpar. I expected a lot more from a company of your reputation.""",0
"""I feel like I wasted my money on this product. It didn’t meet my expectations at all.""",0
"""The staff were dismissive when I raised my concerns. I left feeling very frustrated.""",0
"""I’m not happy with the way my issue was handled. I expected better treatment.""",0
"""I ordered a pair of shoes two weeks ago, and they still haven't arrived. This is unacceptable!""",0
"""The customer service representative I spoke to was incredibly rude and unhelpful. I won’t be shopping here again.""",0
"""I received a defective blender that broke after just one use. What a waste of money!""",0
"""I was promised a refund within five business days, but it’s been more than two weeks. I’m starting to lose my patience.""",0
"""The app keeps crashing every time I try to make a reservation. It's beyond frustrating!""",0
"""I tried to return an item, but the store refused because I didn't have the original packaging. Ridiculous policy!""",0
"""I was really looking forward to this meal, but my order was wrong and the staff didn’t seem to care.""",0
"""I’ve been on hold for over an hour trying to resolve a billing error. This is not how you treat customers!""",0
"""The quality of the product was disappointing and didn’t match the description on the website at all.""",0
"""I was treated poorly by the staff during my visit. It ruined my shopping experience.""",0
"""I feel like I’ve been misled about the features of this software. It doesn’t do what I expected it to do.""",0
"""The delivery was late, and I had to miss an important event waiting for my package. Very frustrating!""",0
"""I bought a gift that arrived damaged, and now I’m embarrassed to give it. I expected better quality.""",0
"""Every time I try to contact support, I get the same generic response. It’s like nobody is actually listening.""",0
"""I was charged twice for my subscription, and getting a refund has been a nightmare.""",0
"""I thought I was getting a great deal, but the product is cheap and not worth the price.""",0
"""I’m disappointed with the lack of updates on my order status. I feel left in the dark here.""",0
"""The waiter forgot my drink order, and it took forever for anyone to notice. Service was lacking.""",0
"""I used to love this brand, but the recent changes to their product line have left me very unsatisfied.""",0
"""I ordered a custom item, and it arrived with spelling mistakes. How hard is it to check that?""",0
"""I tried to leave a review on your site, but the process was so complicated that I gave up.""",0
"""I feel like I wasted my money on this gadget that doesn’t work as advertised. Very frustrating!""",0
"""I’m not impressed with how long it took to get my issue resolved. It should have been much quicker.""",0
"""The online chat service was a joke. The bot couldn’t understand my problem at all.""",0
"""I had high hopes for this restaurant, but the food was bland and service was slow.""",0
"""I can't believe I have to pay for shipping on a defective item. That's just wrong!""",0
"""The instructions for assembling the furniture were unclear and led to a lot of wasted time.""",0
"""I reached out for help, and the person I spoke with was dismissive and unhelpful.""",0
"""This phone has been nothing but trouble since I got it. I regret my purchase.""",0
"""I was promised a replacement, but that never showed up either. What a hassle!""",0
"""I’ve been a loyal customer for years, but the recent decline in service quality is disheartening.""",0
"""I ordered a cake for a special occasion, and it was delivered late. Totally ruined the surprise.""",0
"""The quality of the fabric used in this shirt is awful. It feels cheap and scratchy.""",0
"""I received a different item than what I ordered, and getting it sorted out has been a headache.""",0
"""The checkout process was unnecessarily complicated and frustrating. I almost abandoned my cart.""",0
"""I was disappointed to find out that the warranty doesn’t cover what I thought it would.""",0
"""I had a terrible experience with the airline. Rude staff and delayed flights made it unbearable.""",0
"""The product was advertised as ""easy to use,"" but I found it extremely complicated.""",0
"""I spent more time trying to get help than actually enjoying the service I paid for.""",0
"""The furniture I purchased came with missing parts, and now I can't even set it up.""",0
"""I feel like I was sold a bill of goods. This subscription service is not what I expected.""",0
"""I tried to cancel my order but ended up being charged a restocking fee. Not cool.""",0
"""The staff was untrained and seemed confused about their own menu items.""",0
"""The online course was poorly organized, and I didn’t learn anything useful.""",0
"""After weeks of waiting, my order arrived and was completely wrong. I am beyond frustrated.""",0
"""Absolutely loved my new headphones! The sound quality is incredible, and they arrived quicker than expected. A+!""",1
"""The staff at the café were super friendly and made my coffee just the way I like it. I’ll definitely be coming back!""",1
"""I recently ordered a dress online, and it fits perfectly! The fabric is high-quality, and I appreciate the fast shipping. Thank you!""",1
"""What a fantastic experience at the car dealership! The team was knowledgeable and not pushy at all, which made the whole process easy.""",1
"""I can't believe how quickly my order arrived! The packaging was beautiful, and the product exceeded my expectations. Highly recommend!""",1
"""Just wanted to say thanks for the great customer service! The representative on the phone was so helpful and patient with all my questions.""",1
"""The new software update has made my laptop run so much smoother. I’m really impressed with the improvements!""",1
"""I had a lovely dinner at your restaurant last night. The atmosphere was cozy, and the food was absolutely delicious. Kudos to the chef!""",1
"""I’m really happy with my recent purchase! The price was great, and the delivery was prompt. Will shop here again!""",1
"""I’ve been using this skincare line for a month now, and my skin has never looked better. Thank you for such amazing products!""",1
"""Had a minor issue with my order, but customer support resolved it quickly and professionally. Very satisfied!""",1
"""I love the variety of snacks available! It’s nice to have healthy options that taste great too. Keep it up!""",1
"""Just received my new laptop, and I’m blown away by how fast it is! The power and performance are top-notch.""",1
"""The service at your hotel was exceptional! The staff went above and beyond to make our stay memorable. Thank you!""",1
"""Super happy with my new running shoes! They’re comfortable, stylish, and perfect for my morning jogs.""",1
"""I appreciated how the team kept me updated on my order status. The transparency made the whole process stress-free.""",1
"""The app is user-friendly and has made my life so much easier! I can’t imagine going back to the old way of doing things.""",1
"""Wow, your customer service team is incredible! They answered all my questions promptly and were very courteous.""",1
"""My son loved the toys we bought! They’re durable and safe, which is a huge plus for us parents. Thank you!""",1
"""I enjoyed the workshop I attended last week. The presenter was engaging, and I learned a lot. Looking forward to the next one!""",1
"""The delivery took a bit longer than expected, but the product quality made up for it. Totally worth the wait!""",1
"""I was impressed by the cleanliness and organization of your store. It made shopping a pleasant experience.""",1
"""I just wanted to say how much I appreciate the discounts for loyal customers. It makes shopping here even more enjoyable!""",1
"""The online booking process was smooth and hassle-free. Really impressed with how efficient it is!""",1
"""Your team is always so friendly and welcoming. It truly makes a difference in my shopping experience. Thanks, everyone!""",1
"""I’ve recommended your services to all my friends! The quality is unmatched, and the pricing is fair.""",1
"""The furnishings I bought have transformed my living room! I’m so happy with the design and quality.""",1
"""I recently had a tech issue, and the support team was on it! They fixed my problem in no time. Thanks for being so helpful!""",1
"""I love how you guys keep innovating! The new features in the app are fantastic and really user-friendly.""",1
"""I had the best experience at your spa! The massage was heavenly, and the staff was so attentive. I’ll be back for sure!""",1
"""The quality of the food at your restaurant is outstanding. Every dish we tried was delightful. Well done!""",1
"""I appreciate the eco-friendly packaging! It’s great to see a company that cares about the environment.""",1
"""The team at the front desk was so accommodating! They made my check-in process a breeze.""",1
"""I’m thrilled with the results from your fitness program! I've seen real changes, and the community is so supportive.""",1
"""Just wanted to drop a note to say how much I enjoy your newsletters. They’re informative and fun to read!""",1
"""I found exactly what I was looking for, and the checkout process was quick and easy. Thank you for a great experience!""",1
"""I’m very pleased with the craftsmanship of the furniture I purchased. It’s both beautiful and functional!""",1
"""Your bakery items are always fresh and delicious! I can't get enough of those pastries. Keep baking!""",1
"""I appreciate the follow-up after my purchase. It shows you care about your customers. Great job!""",1
"""The online chat support was so helpful! I got my issues resolved within minutes. Thank you for the quick response!""",1
"""I’m really enjoying the subscription service. The variety of products each month keeps things exciting!""",1
"""The staff at your gym are always so encouraging. It makes working out a lot more enjoyable!""",1
"""I love how easy it was to return an item. The process was straightforward and hassle-free. Thank you!""",1
"""The quality of your products is consistently excellent. I always know I can count on you for reliable items.""",1
"""I had a wonderful experience at your boutique! The selection was unique, and the staff was so helpful.""",1
"""The new features on the website are fantastic! It’s easier than ever to find what I need. Great updates!""",1
"""Absolutely thrilled with my new smartphone! The camera quality is just stunning, and it arrived a day early.""",1
"""I just wanted to say how impressed I am with your customer service team. They were super friendly and resolved my issue in no time.""",1
"""Loved the ambiance at the restaurant! The staff was so welcoming, and the food was out of this world. Can’t wait to come back!""",1
"""The delivery was lightning fast, and my shoes fit perfectly. Plus, they’re so comfortable! Highly recommend this store!""",1
"""I appreciate the thoughtful design of your website. It made shopping a breeze, and I found exactly what I was looking for!""",1
"""Had a great experience at the hotel! The staff went above and beyond to make our stay enjoyable. Thank you for the hospitality!""",1
"""I’m really happy with my subscription box! Each month brings something new and exciting. It’s like a little surprise party for me!""",1
"""The quality of the products is exceptional, especially for the price. I’ll definitely be a repeat customer!""",1
"""Just received my order, and everything was packaged beautifully. It felt like opening a gift!""",1
"""Your app is incredibly user-friendly. I was able to track my order easily and it arrived on time. Great job!""",1
"""I ordered a custom cake for my daughter’s birthday, and it was not only beautiful but delicious too! Thank you for making her day special!""",1
"""I had a minor hiccup with my order, but the support team was so efficient and friendly. They sorted it out quickly!""",1
"""Such a fun shopping experience! The staff were super helpful and even gave me great style tips.""",1
"""My experience with your online store has been fantastic. Fast shipping and excellent product quality!""",1
"""I love how eco-friendly your products are! It makes me feel good about my purchase, and they work great!""",1
"""The coffee at your café is the best I’ve ever had. I’ll definitely be coming back for more!""",1
"""Thank you for the prompt delivery! My dress fits like a glove and is even more beautiful in person.""",1
"""The maintenance team was very courteous and fixed my issue quickly. I really appreciate their professionalism.""",1
"""Your loyalty program is fantastic! I’ve saved so much money and love the exclusive offers.""",1
"""Just tried your new menu items, and wow, they’re delicious! Keep up the great work in the kitchen!""",1
"""I’m so happy with my new laptop! It’s fast, lightweight, and perfect for my needs.""",1
"""The staff at the store were amazing! They helped me find exactly what I needed without any pressure.""",1
"""I had a lovely experience at your spa. The massage was heavenly, and the atmosphere was so relaxing.""",1
"""Your customer service is top-notch! I felt valued and heard throughout the entire process.""",1
"""I really appreciate the detailed product descriptions on your site. It helped me make an informed decision.""",1
"""I was pleasantly surprised by the quality of the budget-friendly options. Great value for money!""",1
"""The staff were so friendly and went out of their way to ensure I had a great experience. Thank you!""",1
"""I’m impressed with how quickly my issue was resolved. Your team is truly dedicated to customer satisfaction!""",1
"""The variety of products you offer is amazing! I found exactly what I needed and more.""",1
"""Just wanted to say thank you for the incredible service during my recent visit. I felt very welcomed.""",1
"""Your website is so easy to navigate. I found everything I needed without any hassle!""",1
"""The food was excellent, and the portion sizes were generous. I left feeling very satisfied!""",1
"""I love the personal touch in your emails. It makes me feel appreciated as a customer.""",1
"""The staff member who helped me was incredibly knowledgeable and made great recommendations.""",1
"""I’m really enjoying my new fitness tracker! It’s motivating me to stay active and healthy.""",1
"""Your store has such a great vibe! I loved browsing and ended up buying more than I planned.""",1
"""I appreciate the transparency in your pricing. No hidden fees or surprises, just straightforward costs.""",1
"""The quality of your skincare products is outstanding. My skin has never felt better!""",1
"""Thank you for the quick response to my inquiry! Your team is definitely on the ball.""",1
"""I had a great time at your event last weekend! The organization was perfect, and I met some wonderful people.""",1
"""Your return policy is so hassle-free! It made my experience much more pleasant.""",1
"""The craftsmanship of the handmade items is truly impressive. I’ll cherish my purchase for years to come.""",1
"""Your team is a breath of fresh air! So friendly and helpful, it really made my day.""",1
"""I love how your brand focuses on sustainability. It makes me proud to support you!""",1
"""The experience at your salon was fantastic! I left feeling rejuvenated and pampered.""",1
"""I’m really satisfied with my recent purchase. The item exceeded my expectations!""",1
"""The atmosphere in your store is so inviting. I could spend hours just browsing!""",1
"""Absolutely love this product! It has changed my daily routine for the better.""",1
"""The customer service team was incredibly helpful when I had a question about my order. Thank you for the speedy response!""",1
"""Just received my package, and I can't believe how fast it arrived! Will definitely shop here again.""",1
"""The quality of the fabric is outstanding! I appreciate the attention to detail in the stitching.""",1
"""Had a fantastic experience at your restaurant last night. The staff was friendly, and the food was delicious!""",1
"""This app is super user-friendly! I love how easy it is to navigate through the features.""",1
"""I’m really impressed with the pricing. I found exactly what I needed without breaking the bank.""",1
"""The delivery was on time, and the driver was so polite! Keep up the great work.""",1
"""I bought these headphones last week, and the sound quality is phenomenal!""",1
"""Your website is so easy to use. I found everything I needed in no time.""",1
"""Just wanted to say thank you for your great customer support! You resolved my issue in minutes.""",1
"""This skincare line is amazing! My skin has never felt better since I started using it.""",1
"""I always look forward to my visits. The atmosphere is so welcoming and cozy!""",1
"""The online ordering process was a breeze, and my pizza was still hot when it arrived!""",1
"""The staff went above and beyond to ensure my comfort during my stay. I truly appreciate it!""",1
"""I love how the product is eco-friendly! It feels good to support sustainable brands.""",1
"""I had a small hiccup with my order, but your team fixed it quickly. Much appreciated!""",1
"""The live chat feature is a game changer! I got instant answers to my questions.""",1
"""I bought a gift for my friend, and she loved it! Thank you for the great recommendations.""",1
"""The hotel room was spacious and clean. I had a wonderful stay!""",1
"""This gadget is worth every penny! It has exceeded my expectations in every way.""",1
"""I appreciate the detailed instructions included with my purchase. Made setup a lot easier!""",1
"""Just wanted to drop a note on how much I love your coffee! It’s the best I’ve tried.""",1
"""Your loyalty program is fantastic! Looking forward to earning more rewards.""",1
"""I was pleasantly surprised by the variety of options available. Great selection!""",1
"""The outdoor seating area was perfect for our lunch date. Loved the vibe!""",1
"""I really appreciate how your team handled my feedback. It feels good to be heard.""",1
"""This is the best online shopping experience I’ve had. Everything was smooth and efficient.""",1
"""My kids are obsessed with their new toys! Thanks for the quality products.""",1
"""The restaurant has such a warm atmosphere, and the food was top-notch!""",1
"""I’m so glad I found this brand! Their customer service is as great as their products.""",1
"""I appreciate how quickly you processed my return. It made the experience hassle-free.""",1
"""The attention to detail in the packaging was impressive. It felt special to unwrap.""",1
"""This fitness tracker has motivated me to stay active! I can’t thank you enough.""",1
"""The staff was so friendly and welcoming. It made my shopping experience enjoyable.""",1
"""I'm in love with the scent of this candle! It makes my home feel so cozy.""",1
"""Your app has made managing my finances so much easier. I can’t imagine going back!""",1
"""My recent purchase arrived in perfect condition, and I love the quality!""",1
"""The knowledgeable staff helped me find exactly what I needed. Great job!""",1
"""I always recommend your products to my friends. They never disappoint!""",1
"""The ambiance of your café is perfect for working. I’ll be back for sure!""",1
"""I’m impressed with how responsive you are to customer feedback. Keep it up!""",1
"""So happy with my new blender! It makes smoothies in seconds.""",1
"""The educational content you provide is invaluable. Thank you for sharing your expertise!""",1
"""I love that you offer free shipping on orders over $50! It’s a great incentive.""",1
"""The attention to customer satisfaction is evident. I felt valued as a customer.""",1
"""My experience was seamless from start to finish. Kudos to your team!""",1
"""The furniture I purchased looks stunning in my home. Excellent quality!""",1
"""I appreciate the follow-up email asking about my experience. It shows you care!""",1
"""The new phone I got is fantastic! The camera quality is stellar and the battery lasts all day.""",1
"""I wanted to say a huge thank you to your customer service team for resolving my issue so quickly. You guys rock!""",1
"""Just received my order, and I’m thrilled with the quality! The fabric is so soft, I can’t wait to wear it out.""",1
"""Had a wonderful dinner at your restaurant last night. The steak was cooked to perfection, and the staff was super friendly!""",1
"""I love the new features in the app! It’s so user-friendly now, and I’m finding it easier to track my fitness.""",1
"""Wow, my delivery came a whole day early! This kind of service keeps me coming back.""",1
"""The way your team handled my complaint was impressive. I felt heard and valued as a customer.""",1
"""I tried the new vegan menu items, and they were delicious! I’ll definitely be recommending this to my friends.""",1
"""Your store has the best selection of shoes in the area, and the staff always helps me find exactly what I need.""",1
"""I was pleasantly surprised by how quickly my order arrived. Plus, the packaging was so thoughtful!""",1
"""Just had my first experience with your online support. They were prompt and really knowledgeable.""",1
"""I’m so happy with my new blender! It makes smoothies in seconds, and the cleanup is a breeze.""",1
"""The ambiance of your café is delightful. I love coming here to work; it’s so cozy and inspiring.""",1
"""I appreciate the effort you put into eco-friendly packaging. It makes me feel good about my purchase!""",1
"""Your team went above and beyond to accommodate my dietary restrictions. Thank you for being so understanding!""",1
"""I’ve been using your software for a month, and it truly has streamlined my workflow. Highly recommend!""",1
"""The quality of your products is exceptional for the price point. I’m a very satisfied customer!""",1
"""I received my refund super fast! Thanks for making the process so simple and hassle-free.""",1
"""I can’t believe how easy it was to set up my new smart home device. The instructions were clear and straightforward.""",1
"""Your staff is always so cheerful and helpful! It really makes shopping here a pleasure.""",1
"""Just wanted to drop a note to say how much I love my new backpack. It’s both stylish and functional!""",1
"""I was impressed with how quickly my email was answered. Great job on customer support!""",1
"""The delivery driver was so friendly! It’s nice to see a smiling face when I receive my packages.""",1
"""I love that you offer free returns. It gives me peace of mind when shopping online.""",1
"""Your loyalty program is fantastic! I’ve already earned enough points for a free meal.""",1
"""Just had the best experience at your salon! The stylist listened to what I wanted and nailed it.""",1
"""The new features on your website are amazing! It’s so easy to navigate and find what I need.""",1
"""I really appreciate the personalized notes you add to orders. It makes me feel special as a customer.""",1
"""Your team was amazing during my recent visit. They made sure I found the perfect gift!""",1
"""I’m so glad I switched to your brand. The quality is noticeably better than what I was using before.""",1
"""I love shopping local, and your store has such a great vibe. Keep up the good work!""",1
"""The tutorial videos on your site are super helpful! They made learning the new software a breeze.""",1
"""I was blown away by the cleanliness of your establishment. It really shows you care about your customers.""",1
"""Thanks for the quick response to my inquiry! It’s refreshing to see businesses care about their customers.""",1
"""The quality of customer service here is outstanding! I felt valued and appreciated.""",1
"""The new collection is stunning! I can’t wait to see what you come up with next.""",1
"""Your bakery makes the best pastries in town! I could eat them every day.""",1
"""The staff really knows their stuff! They helped me find exactly what I needed without any hassle.""",1
"""I’m impressed by your commitment to sustainability. It makes me proud to support your brand.""",1
"""Your product exceeded my expectations! I’ll definitely be a repeat customer.""",1
"""I love the community events you host. They really bring people together!""",1
"""The checkout process was so smooth. I appreciate how easy you make it to shop.""",1
"""Your online tutorials are fantastic! I learned so much in just a few minutes.""",1
"""I’m really pleased with how responsive you are on social media. It makes interacting with your brand fun.""",1
"""The atmosphere of your venue is incredible! I can’t wait to come back for another event.""",1
"""Absolutely thrilled with my new smartphone! The camera quality is out of this world!""",1
"""Just had the best experience at your café. The barista was super friendly and my latte was perfection!""",1
"""I ordered a custom cake for my daughter’s birthday, and it exceeded all expectations! Everyone loved it!""",1
"""Received my order in just two days! Everything was packed perfectly. Will definitely shop again!""",1
"""The customer service team was incredibly helpful when I had an issue with my subscription. Thank you for the quick resolution!""",1
"""Best online shopping experience I’ve had! The website is user-friendly, and the delivery was prompt.""",1
"""I love how eco-friendly your products are! It makes me feel good about my purchase while helping the planet.""",1
"""The staff at your store were so welcoming and attentive. It made my shopping experience really enjoyable.""",1
"""I’ve been using this fitness app for a month, and I’m already seeing results! The workouts are varied and fun!""",1
"""Had a minor hiccup with my order, but the support team sorted it out in no time. Really appreciate their effort!""",1
"""Your hotel staff went above and beyond during our stay. The room was spotless and the amenities were top-notch!""",1
"""Just received my new kitchen gadget, and I can’t stop using it! It has made cooking so much easier.""",1
"""I was pleasantly surprised by the affordable pricing of your products! Great quality for the cost.""",1
"""The delivery driver was so polite and even helped carry my packages to the door. Great service!""",1
"""I’ve been using your skincare line for a few weeks now, and my skin has never looked better. Thank you!""",1
"""The atmosphere at your restaurant was lovely, and the food was absolutely delicious. I’ll be back for sure!""",1
"""I appreciate the detailed instructions that came with my purchase. Made setup a breeze!""",1
"""Your loyalty program is fantastic! I love earning points for every purchase. It really adds value.""",1
"""I had a great time at the workshop! The instructor made learning fun and engaging.""",1
"""So happy with my new shoes! They fit perfectly and are super comfortable for all-day wear.""",1
"""I really enjoyed the virtual event you hosted. It was informative and well-organized!""",1
"""Your app is so intuitive! I was able to navigate everything easily, which made my shopping a delight.""",1
"""The quality of your clothes is impressive! They hold up so well after several washes.""",1
"""I can’t thank your team enough for the quick response to my inquiry. It made a huge difference!""",1
"""The food truck at the festival was amazing! The tacos were delicious and served with a smile.""",1
"""I love the variety of flavors in your ice cream! Every scoop is a new adventure.""",1
"""I bought a gift for my sister, and she absolutely loved it! Thank you for making me look good!""",1
"""The follow-up after my purchase was a nice touch. It shows you care about your customers.""",1
"""I’m really impressed with the durability of your outdoor furniture. It’s perfect for our patio!""",1
"""The online chat support was incredibly helpful. I got my questions answered in no time!""",1
"""I attended your seminar, and it was filled with valuable insights. Well worth my time!""",1
"""Your return policy is so hassle-free! It made my shopping experience stress-free.""",1
"""The new features in your software update are fantastic! It’s so much smoother now.""",1
"""I always find what I need at your store. Great selection and friendly staff!""",1
"""The ambiance in your restaurant was cozy and inviting. Perfect for a date night!""",1
"""I appreciate the transparency in your pricing. No hidden fees, which is a huge plus.""",1
"""I’m a huge fan of your brand! Every product I’ve tried has exceeded my expectations.""",1
"""The seasonal specials at your bakery are delightful! Can’t wait to try them all!""",1
"""Your team handled my request with such professionalism. It made me feel valued as a customer.""",1
"""Just wanted to say how much I love your coffee! It’s the best I’ve ever had.""",1
"""I received my order a day early! Talk about great service!""",1
"""The new collection looks amazing! Can’t wait to get my hands on some pieces.""",1
"""I was impressed by how quickly you resolved my issue. Your customer support is top-notch!""",1
"""The staff at your gym are so motivating! It makes working out enjoyable.""",1
"""Just wanted to drop a note to say your products are fantastic! I recommend you to everyone I know.""",1
"""Absolutely love the new headphones! The sound quality is incredible, and they were delivered in just two days.""",1
"""I had a fantastic experience with the customer service team. They were so friendly and resolved my issue quickly.""",1
"""Just received my order, and everything was packed perfectly! The product is exactly as described. Will definitely be shopping here again.""",1
"""Wow, I'm really impressed with the durability of this backpack. It's been through a lot and still looks brand new!""",1
"""The staff at this restaurant were extremely accommodating and made my birthday celebration special. Thank you for the great service!""",1
"""These shoes are not only stylish but super comfortable too! I’ve been wearing them every day since they arrived.""",1
"""I appreciate how quickly my support ticket was handled. The representative was knowledgeable and polite.""",1
"""Just wanted to say a huge thank you for the timely delivery! I was worried it wouldn’t arrive on time for my event, but it did!""",1
"""The app is incredibly user-friendly. I had no trouble navigating through all the features.""",1
"""I was a bit hesitant to order online, but the whole process was smooth. The product exceeded my expectations!""",1
"""The bed sheets I bought are so soft! I love how they feel against my skin.""",1
"""Had an amazing stay at the hotel, the staff were so welcoming and the breakfast was delicious!""",1
"""I’m so happy with my new laptop. It’s fast, sleek, and fits perfectly into my workflow.""",1
"""I really appreciate the transparent pricing. No hidden fees, just straightforward service!""",1
"""The coffee from this shop is the best I’ve ever had. I’m definitely coming back for more!""",1
"""I found the tutorial videos on your site very helpful. They made setting up my new device a breeze.""",1
"""The quality of these kitchen gadgets is outstanding! They make cooking so much easier and more enjoyable.""",1
"""I’m grateful for the personalized customer service I received. It really made a difference in my shopping experience.""",1
"""These candles smell divine! I bought a few for gifts, but I might have to keep them all for myself.""",1
"""The delivery was super fast and the packaging was eco-friendly. Love to see companies being responsible!""",1
"""I’m impressed with how easy it was to return an item. The process was hassle-free and quick!""",1
"""The team at this store really knows their stuff. I got great recommendations for my skincare routine.""",1
"""I had a minor hiccup with my order, but customer support was quick to resolve it. Really appreciated their help!""",1
"""The ambiance of the restaurant was delightful. Perfect for a romantic dinner or a casual catch-up with friends.""",1
"""I love that your company focuses on sustainability. It makes me feel good about my purchases!""",1
"""The variety of options available is fantastic! I found exactly what I was looking for and more.""",1
"""The shoes fit perfectly and are so lightweight! I could walk in them all day.""",1
"""I’ve been using this software for a month now, and it has streamlined my workflow significantly.""",1
"""The staff went above and beyond to help me find the right gift. Their suggestions were spot on!""",1
"""The delivery driver was so friendly! It made my day to have such a pleasant interaction.""",1
"""I’m really happy with the performance of this fitness tracker. It motivates me to stay active!""",1
"""The food was delicious and beautifully presented. I can’t wait to come back and try more dishes!""",1
"""I appreciate the follow-up email after my purchase. It shows you care about your customers.""",1
"""This phone case is not only stylish but also provides great protection. So glad I chose it!""",1
"""The virtual consultation was so helpful! I received tailored advice that made all the difference.""",1
"""I’m blown away by the customer loyalty rewards program. It really adds value to my shopping experience.""",1
"""The quality of the fabric in this clothing line is exceptional! I can tell it will last for years.""",1
"""I have to shout out to the barista who made my drink perfectly today. It was just what I needed!""",1
"""The travel guide I purchased was packed with useful tips and insights. It really enhanced my trip!""",1
"""I had a great experience at the spa. The staff were professional and made me feel relaxed.""",1
"""The online ordering process was seamless, and my order arrived earlier than expected.""",1
"""The handmade jewelry is stunning! I received so many compliments on it.""",1
"""I love how user-friendly your website is. It made finding what I needed so much easier.""",1
"""I’ve tried many brands, but this one has the best flavor and quality. Definitely my new favorite!""",1
"""The packaging was so cute! It felt like opening a present, even though I ordered it myself.""",1
"""The team was super responsive to my queries. It’s refreshing to see such great customer service.""",1
"""I was pleasantly surprised by the price of these products. Excellent value for the quality!""",1
"""I can’t recommend this place enough! The atmosphere, service, and food were all top-notch.""",1
"""Thank you for making my shopping experience enjoyable! I felt valued as a customer every step of the way.""",1
"""The workout classes are fantastic! The instructors are motivating and the energy is always high.""",1
"""I appreciate the detailed product descriptions. It made my decision-making much easier.""",1
"""This is the best investment I’ve made in a long time. The product truly delivers on its promises.""",1
"""Absolutely love this gadget! It’s so user-friendly and has made my daily tasks a breeze. Highly recommend it!""",1
"""The customer service team was phenomenal! They resolved my issue in no time and with a smile. Thank you!""",1
"""Just received my order, and I’m thrilled! Fast shipping and the product is even better than I expected.""",1
"""Had dinner at your restaurant last night, and everything was perfect. The staff was friendly, and the food was delicious!""",1
"""Really appreciate the effort you guys put into your products. The quality is top-notch and worth every penny.""",1
"""This app has changed my life! I can’t believe how much easier it makes scheduling my day. Totally worth it!""",1
"""I was hesitant at first, but this purchase exceeded all my expectations. It’s a game-changer!""",1
"""Your team was so helpful! They walked me through every step and made sure I was satisfied. I’ll be back for sure!""",1
"""I love the eco-friendly packaging! It shows that you care about the environment, which makes me want to buy more.""",1
"""The online checkout was super simple and fast. I really appreciate a streamlined process!""",1
"""The staff at this store are so welcoming and knowledgeable. They truly made my shopping experience enjoyable.""",1
"""I bought this for my son’s birthday, and he absolutely adored it! Thanks for making his day special.""",1
"""Tried your new line of products, and I’m impressed! They are innovative and really work well.""",1
"""Just wanted to say how much I appreciate your loyalty program. The discounts are a nice touch!""",1
"""The delivery was quicker than expected, and the product was in perfect condition. Thank you for such great service!""",1
"""I had a minor hiccup with my order, but your support team handled it swiftly. Kudos to them!""",1
"""I’m a repeat customer, and I keep coming back for a reason. You guys know how to treat your customers right!""",1
"""This service is a lifesaver! I can’t imagine my life without it now. Highly recommend to anyone!""",1
"""I was pleasantly surprised by the quality of this product, especially at this price point. Well done!""",1
"""Your website is so easy to navigate. I found exactly what I was looking for without any hassle.""",1
"""The ambiance of your café is lovely! A perfect spot to relax and enjoy a good book.""",1
"""I’m always impressed with how friendly your staff is. They really make a difference!""",1
"""Just received my first subscription box, and I’m already excited for the next one. Great variety!""",1
"""I love how you incorporate local artisans into your offerings. It makes shopping with you feel special.""",1
"""Had a small issue with my order, but it was resolved in minutes. Thank you for your quick response!""",1
"""I’ve recommended your services to all my friends! I can’t say enough good things about my experience.""",1
"""The quality of your clothing is exceptional. I’ll be wearing these pieces for years to come!""",1
"""Every time I visit, I leave happier than before. Your team really knows how to create a welcoming environment.""",1
"""The user manual was easy to follow, which made setup a breeze. Great attention to detail!""",1
"""I’m so glad I stumbled upon your store! It’s become my go-to for unique finds.""",1
"""Your customer service was outstanding! I felt valued as a customer, which is rare these days.""",1
"""I really appreciate the diversity of your product range. There’s something for everyone.""",1
"""I just had the best brunch at your place! The food was fresh and the service was impeccable.""",1
"""Your app is so intuitive! I was able to navigate it without any issues. Great job!""",1
"""The friendly atmosphere made my shopping experience enjoyable. I’ll definitely be back!""",1
"""Thank you for the speedy resolution to my issue. It’s refreshing to see such great customer care!""",1
"""I love the community events you host! It’s a great way to connect with others.""",1
"""I was impressed by the thoroughness of your product descriptions. It really helped me make an informed decision.""",1
"""This is my favorite spot for a coffee break. The vibe is just right!""",1
"""I appreciate how responsive your team is on social media. It makes connecting so easy!""",1
"""I can’t believe how much I saved during your sale! I’ll be recommending it to everyone I know.""",1
"""The presentation of my order was top-notch. It felt like a gift to myself!""",1
"""Your team went above and beyond to help me with my inquiry. Thank you for being so dedicated!""",1
"""I’m really happy with my purchase and the shipping was super fast. Can’t wait to shop again!""",1
"""Your store has the best selection of products! I always find what I’m looking for.""",1
"""The quality of the food was amazing, and the staff were so friendly. I’ll definitely be coming back!""",1
"""Absolutely love this product! The quality is top-notch, and it arrived faster than expected.""",1
"""I had a fantastic experience with customer service; they were so friendly and resolved my issue in no time.""",1
"""This app has transformed my daily routine! The user interface is super intuitive, making everything a breeze.""",1
"""I really appreciate the affordable pricing! It makes it easy for me to recommend this to my friends.""",1
"""The staff at the store were incredibly helpful and went above and beyond to assist me.""",1
"""Just wanted to say thank you for such a quick delivery! I received my order in just two days.""",1
"""This restaurant never disappoints! The food is delicious, and the ambiance is so cozy.""",1
"""I’m amazed by how well this gadget works. It’s made my life so much easier.""",1
"""I love the variety of options available! It’s rare to find a brand that caters to all tastes like this.""",1
"""Couldn’t be happier with my purchase! The colors are vibrant and exactly what I was looking for.""",1
"""The checkout process was seamless, and I appreciated the clear communication throughout.""",1
"""This is the best online shopping experience I’ve had! Everything arrived in perfect condition.""",1
"""I’m so grateful for the detailed tutorials you provide. They really help me make the most of the product.""",1
"""The staff's enthusiasm at the event was contagious! It made the entire experience memorable.""",1
"""I found this service to be incredibly reliable. It’s nice to know I can count on them every time.""",1
"""The feature set on this software is impressive! It has everything I need and more.""",1
"""I love how easy it is to navigate the website. Shopping here is always a pleasure!""",1
"""Your team's willingness to listen to feedback is commendable; it shows you care about your customers.""",1
"""Fantastic product, but I’d love to see more color options in the future!""",1
"""The coffee at this café is the best in town! I can’t start my day without it.""",1
"""I was pleasantly surprised by the packaging; it really shows that you care about your brand.""",1
"""This subscription service has exceeded my expectations! I look forward to every delivery.""",1
"""The quality of service here is outstanding! I always feel valued as a customer.""",1
"""I appreciate the fast responses from the support team; it really makes a difference.""",1
"""This brand has a loyal customer in me! Their commitment to sustainability is inspiring.""",1
"""The training session was informative and engaging. I learned so much in just a couple of hours!""",1
"""I love this store! They always have the latest trends at great prices.""",1
"""Just wanted to give a shoutout to the delivery driver! They were so friendly and professional.""",1
"""I’m impressed by the durability of this product. It’s been holding up beautifully!""",1
"""Every time I visit, I leave with a smile. The atmosphere here is always so welcoming.""",1
"""Your app is a game-changer! It makes managing my tasks so much easier.""",1
"""The personalized recommendations were spot on! I bought exactly what I needed.""",1
"""I appreciate the clear instructions that came with my purchase. It made setup a breeze!""",1
"""This hotel exceeded my expectations! The staff were so attentive and made our stay special.""",1
"""I love how responsive your social media team is! It feels great to be heard.""",1
"""The food was delicious, but the service could be a little faster next time.""",1
"""I’m thrilled with my new shoes! They’re comfortable and stylish, just what I needed.""",1
"""The event was well-organized, and I had a blast meeting new people.""",1
"""Your attention to detail is remarkable! It shows in every aspect of your service.""",1
"""I highly recommend this service to anyone looking for reliability and quality.""",1
"""The discounts available during the sale made a huge difference for me!""",1
"""This product has made my workouts so much more enjoyable. Thank you!""",1
"""I was blown away by the efficiency of your team during the busy holiday season.""",1
"""The variety and quality of the products here are unmatched!""",1
"""I had a minor issue, but customer support resolved it quickly and kindly.""",1
"""The ambiance at the restaurant was lovely, perfect for a date night.""",1
"""This tech gadget has become an essential part of my day-to-day life.""",1
"""I love how eco-friendly your packaging is! It aligns with my values.""",1
"""The feedback I received after my inquiry was very helpful and informative.""",1
"""I’m so happy with my recent purchase; it has exceeded all my expectations!""",1
"""Absolutely loved my new headphones! The sound quality is amazing, and they arrived much faster than expected.""",1
"""The staff at the café were incredibly friendly, making my morning coffee routine so much better. I appreciate the personal touch!""",1
"""I received my order yesterday, and I’m thrilled with the quality of the dress! It fits perfectly and looks even better than in the photos.""",1
"""Just had the best customer service experience! The representative was so patient and helped me solve my issue quickly. Thank you!""",1
"""The pizza was delicious! The crust was perfectly crispy, and it arrived hot and fresh. Can’t wait to order again!""",1
"""I love how easy it is to navigate the website! Ordering was a breeze, and my package arrived ahead of schedule.""",1
"""Really impressed with the speed of service at this restaurant. My food came out in record time, and it was so tasty!""",1
"""I just wanted to say how much I appreciate your prompt responses on social media. It really makes a difference to feel heard.""",1
"""The quality of the skincare products is outstanding. My skin has never felt better! Plus, the packaging is so cute.""",1
"""Great experience overall! The staff was exceptionally knowledgeable about the products and helped me choose the right one for my needs.""",1
"""I’m really happy with my new laptop. It’s fast and has all the features I was looking for at a great price.""",1
"""The hotel staff went above and beyond to make our stay special. The complimentary breakfast was a nice touch!""",1
"""Just received my order, and I’m in love! The colors are vibrant, and it matches perfectly with my decor.""",1
"""Your app is fantastic! Super user-friendly and packed with useful features. I can’t imagine going back to the old way of doing things.""",1
"""Had an amazing experience at the spa. The staff was attentive, and the massage was heavenly. Can’t wait for my next visit!""",1
"""I always enjoy shopping here. The selection is great, and the prices are very competitive compared to other stores.""",1
"""The delivery was lightning fast! I ordered yesterday, and it’s already here. Thank you for such efficient service!""",1
"""I had some issues with my order, but customer service handled it like pros. Very satisfied with the outcome!""",1
"""The new feature on your website is fantastic! It makes finding what I want so much easier. Keep up the great work!""",1
"""I was pleasantly surprised by how affordable everything was! Quality products at reasonable prices are hard to find.""",1
"""The staff was so kind and attentive during my visit. It made the shopping experience much more enjoyable.""",1
"""I am beyond satisfied with my new fitness tracker. It’s helped me stay motivated and accountable. Highly recommend!""",1
"""I love that you offer free shipping! It really encourages me to shop more often.""",1
"""The ambiance at this restaurant is perfect for a date night. The lighting and music create such a cozy atmosphere!""",1
"""I appreciate the follow-up after my purchase. It shows you care about your customers, which is rare these days.""",1
"""Thank you for the personalized service! It made my birthday celebration extra special.""",1
"""Wow! The quality of the products exceeded my expectations. I’ll definitely be returning for more!""",1
"""I noticed a big improvement in my energy levels since using your supplements. So grateful for this product!""",1
"""Your customer loyalty program is fantastic! I love earning points for every purchase.""",1
"""The team at the store was so helpful! They took the time to explain the features of the new phone I bought.""",1
"""I’m so happy with my online shopping experience! Everything was delivered in perfect condition and on time.""",1
"""The food was exquisite! Every bite was bursting with flavor. I can’t recommend this place enough!""",1
"""Great customer support! They resolved my issue promptly, and I felt valued as a customer.""",1
"""I love my new shoes! They’re stylish and so comfortable. I’ve received so many compliments already!""",1
"""The check-in process at the hotel was seamless. It made a long day of travel so much easier.""",1
"""I really appreciate the regular updates on my order status. It kept me informed and reassured.""",1
"""Your store has a great selection of eco-friendly products. It’s nice to see a business that cares about the environment!""",1
"""I had a delightful experience at your restaurant! The food, service, and atmosphere were all top-notch.""",1
"""The online tutorial was immensely helpful! I’m now feeling confident using the software.""",1
"""I’m really impressed with the return policy. It made me feel secure in my purchase decision.""",1
"""The staff was super friendly and made me feel welcome right away. I’ll definitely be back!""",1
"""I’m thrilled with my new coffee maker! It brews the perfect cup every time, and it looks sleek on my counter.""",1
"""I love how responsive your team is! It really shows that you value customer feedback.""",1
"""The quality of service at this salon is unmatched. My hair has never looked better!""",1
"""I can’t believe how much I saved during the sale! I got great products for half the price.""",1
"""I appreciate the extra effort in packaging my order. It felt like receiving a gift!""",1
"""Just wanted to say thank you for the amazing service! I’ll be recommending you to all my friends.""",1
"""The app is super intuitive and makes shopping a joy. I love the personalized recommendations!""",1
"""I had a lovely experience at your boutique. The staff was so helpful without being pushy.""",1
"""Absolutely love my new headphones! The sound quality is amazing and they’re super comfortable for long listening sessions.""",1
"""I had a wonderful experience at your restaurant last night. The staff was incredibly friendly and the food was delicious. I can’t wait to come back!""",1
"""Just received my order and I’m beyond impressed with how quickly it arrived. Everything was packaged perfectly and in great condition. Thank you!""",1
"""The customer support team was so helpful when I had an issue with my order. They resolved it quickly and I really appreciate their friendly attitude!""",1
"""I recently purchased a new laptop and it’s fantastic! The performance is excellent and the battery life is much better than I expected.""",1
"""I love the variety of products you offer. There’s something for everyone, and I always find what I need. Keep up the great work!""",1
"""Had a lovely stay at your hotel. The room was spotless and the amenities were top-notch. The breakfast spread was a delightful surprise!""",1
"""Your website is so easy to navigate! I found exactly what I was looking for in no time. Great job on the user experience!""",1
"""I’m really happy with the quality of the shoes I bought. They fit perfectly and are super stylish. Worth every penny!""",1
"""I appreciate the personalized service I received during my visit. It made my shopping experience so much more enjoyable!""",1
"""The delivery was faster than I expected! It arrived two days early, and everything was just as described. I’m very satisfied!""",1
"""Just wanted to say thank you for the incredible support during my recent purchase. Your team went above and beyond!""",1
"""The app is really user-friendly, and I love the new features you’ve added. Makes managing my tasks so much easier!""",1
"""I had an amazing meal at your restaurant last week. The flavors were out of this world, and I can’t stop thinking about the dessert!""",1
"""Your staff at the store was exceptionally knowledgeable and helped me choose the perfect gift. I really appreciate their expertise!""",1
"""I’m thrilled with my new fitness tracker. It’s so motivating to see my progress, and the battery life is fantastic!""",1
"""I had a small issue with my order, but your customer service handled it swiftly and professionally. Thank you for making it right!""",1
"""I love how eco-friendly your products are! It’s great to support a brand that cares about the environment.""",1
"""The performance of this gadget is outstanding! It’s made my daily tasks so much easier and more efficient.""",1
"""I can’t say enough good things about the service I received. The staff was incredibly attentive and made me feel valued!""",1
"""Just wanted to drop a note to say how much I love my new coffee maker. It brews the best coffee I’ve ever had!""",1
"""The online shopping experience was seamless, and my package arrived in perfect condition. Very impressed!""",1
"""Your team is always so friendly and helpful. It makes a big difference in my shopping experience!""",1
"""I’m really enjoying the subscription service. The products are always high quality and delivered right on time.""",1
"""The quality of the fabric in my new dress is exceptional. I’ll definitely be back for more!""",1
"""Your restaurant has the best ambiance! Perfect for a cozy dinner date. I’ll recommend it to all my friends!""",1
"""I appreciate the timely updates on my order status. It really helps to know when to expect my delivery!""",1
"""I’m so happy with the prompt response I received when I reached out for support. You have a fantastic team!""",1
"""The variety of flavors in your ice cream is incredible! I’ve never tasted anything like it before.""",1
"""I had a wonderful experience with the tour guide. They were knowledgeable and made the trip so enjoyable!""",1
"""Your store is always well-organized and stocked. I can easily find everything I need without hassle.""",1
"""I love the loyalty program! It’s such a great way to reward frequent customers. Keep it up!""",1
"""The new features in the software are amazing! They’ve really improved my workflow.""",1
"""I’m very satisfied with my recent haircut. The stylist listened to what I wanted and delivered perfectly!""",1
"""The packaging of my recent order was so thoughtful. It made unboxing a delightful experience!""",1
"""I had a great time at your event last weekend. The atmosphere was vibrant and welcoming.""",1
"""Fantastic service! The team went out of their way to accommodate my requests. Thank you!""",1
"""I’m impressed by how responsive your team is on social media. It shows you care about your customers!""",1
"""The quality of your products keeps me coming back. You never disappoint!""",1
"""I really appreciate how easy it is to return items when needed. It makes shopping so much less stressful.""",1
"""Your customer service phone line is amazing. I didn’t have to wait long at all, and my issue was resolved quickly!""",1
"""I can’t believe how well my new skincare routine is working. My skin has never looked better!""",1
"""The training I received was thorough and informative. It set me up for success right away.""",1
"""I’m grateful for the discounts you offer. It makes trying new products much easier on my wallet!""",1
"""Absolutely loved my new headphones! The sound quality is amazing, and they arrived a day earlier than expected.""",1
"""Just wanted to drop a note to say how impressed I am with your customer service. You guys really went above and beyond to help me with my order.""",1
"""I recently dined at your restaurant and it was a delightful experience! The staff was super friendly, and the pasta was simply divine.""",1
"""I’m really happy with my purchase! The shirt fits perfectly and the fabric feels great. Will definitely be buying more soon.""",1
"""I appreciate the quick response from your support team. They helped me resolve my issue in no time. Thank you so much!""",1
"""The delivery was surprisingly fast, and the packaging was so nice. I felt like I was unboxing a gift!""",1
"""Had a great experience shopping in-store. The staff was knowledgeable and helped me find exactly what I needed.""",1
"""This app has made my life so much easier! I love the user-friendly interface and the features are just what I needed.""",1
"""I ordered a custom cake for my daughter’s birthday, and it was stunning! Not only did it look amazing, but it tasted fantastic as well.""",1
"""Your online tutorials are a game changer! They helped me understand how to use the product effectively.""",1
"""I visited your store last week and was blown away by the selection. I found everything I was looking for and more!""",1
"""I have to say, the pricing is very reasonable for such high-quality items. I felt I got great value for my money.""",1
"""Super impressed with the tech support! They were patient and explained everything clearly. Highly recommend your services.""",1
"""I just wanted to say thank you for the lovely gift! It was a wonderful surprise that really brightened my day.""",1
"""The atmosphere in your café is so cozy! I love coming here to relax and enjoy a cup of coffee.""",1
"""Just tried your new vegan menu, and I’m in love! Everything was delicious, and I can’t wait to come back for more.""",1
"""Your team is incredibly friendly and made my shopping experience so enjoyable. Keep up the great work!""",1
"""I ordered a new laptop, and it arrived in perfect condition and ahead of schedule. Very satisfied!""",1
"""What a fantastic experience! The staff helped me choose the perfect outfit for my event and I received so many compliments.""",1
"""I’m really happy with my subscription service. It’s always a treat to receive my box each month!""",1
"""The quality of the skincare products is outstanding! My skin has never felt better.""",1
"""I appreciate the personal touch in your service. It really sets you apart from other companies.""",1
"""Just wanted to say how much I love the new features on your website! It’s so much easier to navigate now.""",1
"""The coffee at your shop is some of the best I’ve ever had! I’ll be back for sure.""",1
"""I was a bit hesitant to buy online, but the entire process was seamless and the item exceeded my expectations.""",1
"""Your customer loyalty program is fantastic! I love earning points and getting discounts on future purchases.""",1
"""I ordered a gift for my sister and it was beautifully wrapped. She loved it, thank you!""",1
"""The staff at your hotel were so accommodating, making my stay enjoyable from check-in to check-out.""",1
"""I’m really impressed with the durability of your products. They’ve held up wonderfully over time.""",1
"""The speed of delivery was remarkable! I ordered yesterday and it’s already here.""",1
"""Your customer service team is a breath of fresh air! They were so helpful and friendly.""",1
"""I tried your new menu item and it was absolutely delicious! I’ll be recommending it to all my friends.""",1
"""The online ordering process was a breeze, and the food arrived hot and fresh. Very happy!""",1
"""I love the variety of options you have! There’s always something new to try.""",1
"""I just want to say how much I appreciate the transparency in your pricing. No hidden fees, just straightforward deals.""",1
"""The quality of your clothing is impressive! I can tell it will last a long time.""",1
"""Thank you for the prompt support! My issue was resolved faster than I anticipated.""",1
"""Your bakery’s pastries are to die for! I can’t resist stopping by whenever I’m in the area.""",1
"""I was pleasantly surprised by how easy it was to set up the device. The instructions were clear and simple.""",1
"""The ambiance of your restaurant is so inviting! Perfect for a cozy dinner with friends.""",1
"""I love the new features you added to the app! It’s become even more user-friendly.""",1
"""The staff at your store really know their stuff! They helped me pick the best product for my needs.""",1
"""I’m so grateful for the thoughtful gift card! It was such a nice surprise and made my day.""",1
"""I appreciate the quick turnaround time for my order. Everything was exactly as described.""",1
"""Absolutely thrilled with my new smartphone! The camera quality is outstanding, and the battery lasts all day. Highly recommend!""",1
"""Just wanted to say how much I appreciate the fast delivery! My order arrived two days earlier than expected. Kudos!""",1
"""The staff at your restaurant were incredibly friendly and attentive. Thanks for making our dinner so enjoyable!""",1
"""I’ve been using this skincare line for a month now, and my skin has never looked better. Truly a game-changer!""",1
"""I had a minor issue with my order, but customer support was quick to resolve it. Very impressed with their service!""",1
"""Love the variety of products available! I found exactly what I needed and at a great price too. Will definitely shop here again.""",1
"""The app is super user-friendly! I was able to place my order in just a few minutes without any hassle.""",1
"""Your team went above and beyond to help me with my request. I felt valued as a customer. Thank you!""",1
"""Absolutely love my new running shoes! They’re comfortable and stylish. Perfect for my morning jogs.""",1
"""I’m really happy with my subscription service. The monthly boxes are always filled with great surprises and quality items!""",1
"""The checkout process was seamless. I appreciate how easy it was to complete my purchase.""",1
"""Just had a fantastic experience at your hotel. The staff was so welcoming and the room was pristine. I’ll be back for sure!""",1
"""I’ve been recommending your café to all my friends. The coffee is the best in town, and I love the cozy atmosphere!""",1
"""Thanks for the quick response to my email! Your support team is the best, and they solved my issue in no time.""",1
"""I really like how easy it is to navigate your website. Found exactly what I needed without any trouble at all.""",1
"""Your product exceeded my expectations! The quality is outstanding for the price. I’m already planning my next purchase!""",1
"""I had a great experience with your online chat support. They were friendly and helped me find what I was looking for!""",1
"""The food at your restaurant was delicious! I loved every bite, and I can't wait to try more dishes next time.""",1
"""Thank you for the thoughtful gift with my order! It was a lovely surprise that made my day.""",1
"""I’m super impressed with the performance of my new laptop. It handles everything I throw at it with ease!""",1
"""The delivery service was prompt and professional. Everything arrived in perfect condition. Well done!""",1
"""My kids love the educational toys I bought from you! They’re not only fun but also help with learning.""",1
"""I appreciate the transparent pricing on your website. No hidden fees, just straightforward. Refreshing!""",1
"""The ambiance in your store is great! I could spend hours just browsing.""",1
"""I had a minor hiccup with my order, but your team was quick to fix it. I feel really valued as a customer!""",1
"""The quality of your clothing is top-notch! I’m very satisfied with my purchase and will definitely shop again.""",1
"""The staff at your gym are always so friendly and welcoming. It makes working out a lot more enjoyable!""",1
"""I’m so grateful for the personalized service I received. It made shopping feel special and unique.""",1
"""Your product arrived beautifully packaged. It felt like receiving a gift!""",1
"""I really appreciate how you keep your customers informed about shipping updates. It makes a big difference!""",1
"""I love the community events you host. They really bring people together and create a fun atmosphere!""",1
"""Thank you for the prompt resolution of my issue. I’m impressed with how efficiently you handled it!""",1
"""Your bakery items are absolutely delicious! I can’t resist coming back for more each week.""",1
"""The instructions for assembly were clear and easy to follow. I had my new furniture set up in no time!""",1
"""I’m so happy with my new coffee maker! It brews the perfect cup every time. Worth every penny.""",1
"""Your customer service is outstanding! They resolved my issue quickly and with a smile.""",1
"""The variety of snacks available is fantastic! I love trying new things every time I visit.""",1
"""Thanks for the amazing experience at your spa. I left feeling relaxed and rejuvenated!""",1
"""I really appreciate the eco-friendly packaging. It shows you care about the planet!""",1
"""The guided tour was informative and fun! I learned so much and had a great time.""",1
"""I was pleasantly surprised at how affordable your services are. Great value for what you offer!""",1
"""Your team is always so welcoming when I visit. It really makes a difference in my shopping experience!""",1
"""I love how customizable your products are! It allows me to make my purchase truly unique.""",1
"""The quality of the customer service I received was exceptional. I felt truly valued and appreciated.""",1
"""I’m so happy with my gardening tools! They made my gardening tasks much easier and more enjoyable.""",1
"""The atmosphere at your restaurant is perfect for a date night. We had a wonderful time!""",1
"""Thanks for the great recommendations on your website! They helped me find exactly what I needed.""",1
"""Absolutely love this product! It exceeded my expectations in every way.""",1
"""The team was incredibly helpful when I had questions about my order. Thank you for the fantastic support!""",1
"""I was pleasantly surprised by the speedy delivery. My package arrived two days earlier than promised!""",1
"""Just wanted to say that the quality of the fabric in this shirt is outstanding. I'll definitely be coming back for more.""",1
"""This app has transformed my daily routine. So user-friendly and efficient!""",1
"""Had a great experience at your restaurant last night. The staff were super friendly and the food was delicious!""",1
"""I appreciate the attention to detail in your service. It really shows that you care about your customers.""",1
"""The price was unbeatable for such high-quality electronics. Highly recommend this store!""",1
"""I’ve been using this skincare line for a month, and my skin has never looked better. Thank you for such amazing products!""",1
"""The checkout process was a breeze, and I loved the variety of payment options available.""",1
"""Big shoutout to your customer service team! They resolved my issue quickly and with a smile.""",1
"""I was a bit skeptical about the subscription model, but it’s totally worth it. The convenience is fantastic!""",1
"""This coffee blend is simply divine! Perfect strength and flavor. Will order again for sure!""",1
"""I had a small hiccup with my order, but your support team handled it like pros. Really grateful for that!""",1
"""Just wanted to drop a note of thanks for the amazing service during my last visit. You guys have a great team!""",1
"""The user interface of your software is so intuitive. I can’t believe I didn’t switch sooner!""",1
"""My kids loved the toys I ordered from your site. They were a hit at the birthday party!""",1
"""Kudos to the delivery driver for being so courteous and on time. Much appreciated!""",1
"""I’m really happy with my new running shoes. They are super comfortable for long distances!""",1
"""The ambiance in your store is so inviting. It makes shopping a pleasure!""",1
"""Your prompt response to my inquiry was impressive. Thank you for valuing customer feedback!""",1
"""Just finished the book I ordered, and it was a gripping read! Can’t wait to recommend it to friends.""",1
"""The organic produce I picked up was fresh and flavorful. Will definitely return for more!""",1
"""I love how you support local artists and crafters. It makes shopping feel special.""",1
"""Your team went above and beyond to make my wedding planning easier. Forever grateful!""",1
"""I’m amazed at how quickly my order shipped. It arrived in record time!""",1
"""The price point on your services is fantastic for the quality provided. Very satisfied!""",1
"""Tried your new dessert menu, and wow, everything was delicious! You’ve outdone yourselves.""",1
"""I appreciate that you have a no-questions-asked return policy. It gives me great peace of mind.""",1
"""Your online tutorials are super helpful! I learned so much in just a few minutes.""",1
"""The staff at your hotel were incredibly welcoming. It made my stay feel like home.""",1
"""I’m really impressed with the sustainability practices your company follows. Keep it up!""",1
"""This jacket is not only stylish but also keeps me warm during chilly weather. Love it!""",1
"""Just had a lovely meal at your cafe. The service was prompt and friendly!""",1
"""The features on this gadget are fantastic for the price. Great value for money!""",1
"""I was a bit hesitant to try your service at first, but I’m so glad I did. It’s been a game changer!""",1
"""Your loyalty program is one of the best I’ve seen. I feel appreciated as a customer!""",1
"""The variety of products available is impressive. I could spend hours browsing!""",1
"""I love the community feel of your shop. It’s a pleasure to support local businesses.""",1
"""Your customer feedback form is easy to fill out, and I appreciate that you take suggestions seriously.""",1
"""I received my order with a lovely handwritten note. Such a nice personal touch!""",1
"""The quality of your handmade items is exceptional. You can tell a lot of care goes into them.""",1
"""I had a minor issue with my order, but your team rectified it quickly. Thank you for your help!""",1
"""I can’t believe how well this cleaning product works! It saved me so much time and effort.""",1
"""My experience at your spa was nothing short of relaxing. I left feeling rejuvenated and happy.""",1
"""Your website is so easy to navigate, I found exactly what I needed in no time!""",1
"""Thank you for being so responsive on social media. I appreciate the quick answers to my questions!""",1
"""Absolutely thrilled with my new smartphone! The camera quality is out of this world, and it arrived a day earlier than expected.""",1
"""I just wanted to say thank you to the customer service team! They were patient and super helpful when I had questions about my order.""",1
"""The food at this restaurant was delicious! I loved the spicy tacos, and the staff made us feel right at home.""",1
"""I purchased a pair of running shoes, and they are so comfortable! I’ve already recommended them to my friends.""",1
"""Wow, the delivery was lightning fast! I ordered it last night and it was on my doorstep by noon today.""",1
"""I appreciate how friendly the staff were during my visit. They really went above and beyond to help me find what I needed.""",1
"""My experience with the online checkout was seamless. It was quick, and I loved the variety of payment options available!""",1
"""Just wanted to drop a note to say how much I love my new blender! It makes smoothies in seconds and is super easy to clean.""",1
"""The pricing is unbeatable! I was pleasantly surprised to find such quality at such a low cost.""",1
"""I had a minor issue with my order, but the support team resolved it swiftly and with a smile. Great service!""",1
"""The ambiance of the café is so cozy! Perfect spot to relax and enjoy a good book with a cup of coffee.""",1
"""I’m really impressed with the sustainability efforts of this brand. It’s nice to see eco-friendly practices in action!""",1
"""Your app is user-friendly and has made managing my finances so much easier. I can’t imagine life without it now!""",1
"""Every time I visit this shop, I leave with a smile. The staff are always so cheerful and ready to help!""",1
"""The quality of the fabric in this dress is fantastic! I can’t wait to wear it to the party next week.""",1
"""I’m grateful for the fast response from tech support. They solved my issue in no time and were very friendly!""",1
"""The guided tour was amazing! The guide was knowledgeable and made the experience enjoyable for everyone.""",1
"""I love how this brand listens to customer feedback and continuously improves their products. Keep up the great work!""",1
"""This is my go-to place for lunch! The sandwiches are fresh and the service is always quick.""",1
"""I was impressed by how well-packaged my order was. Everything arrived in perfect condition!""",1
"""It's always a pleasure shopping here. The staff remember your name and preferences, which makes it feel special.""",1
"""The online tutorials for this software were incredibly helpful. I feel like a pro already!""",1
"""I took my family to the amusement park, and we all had such a blast! Great rides and friendly staff made it unforgettable.""",1
"""The return process was hassle-free, which I really appreciated. Thank you for making it so easy!""",1
"""I’m absolutely in love with my new coffee maker. It brews the perfect cup every time!""",1
"""I had a lovely stay at the hotel. The room was clean, and the breakfast was quite delicious!""",1
"""You guys have the best customer service! I felt valued and appreciated throughout my entire shopping experience.""",1
"""This skincare line has worked wonders for me! My skin has never felt this soft and smooth.""",1
"""I enjoyed the workshop immensely! The instructor was engaging and made learning fun.""",1
"""The pricing is very reasonable considering the quality of the products. I’ll definitely be a repeat customer!""",1
"""I can’t recommend this place enough! The vibe is just right, and the food is always top-notch.""",1
"""I had a minor issue with my subscription, but the support team handled it professionally and quickly. Thank you!""",1
"""The quality of the artwork in the gallery is stunning! I could spend hours just admiring everything.""",1
"""Kudos to your delivery team! They were courteous and respectful while bringing my items inside.""",1
"""This fitness tracker has really motivated me to stay active. I love the features it offers!""",1
"""I really appreciate the detailed product descriptions on your website. They helped me make an informed choice.""",1
"""Just wanted to say how much I admire your commitment to customer satisfaction. It shows in every interaction!""",1
"""The atmosphere at the restaurant is so vibrant! Perfect for a night out with friends.""",1
"""I am so happy with my new laptop! It’s fast and handles everything I throw at it with ease.""",1
"""The staff here are amazing! They were so accommodating and made sure we had everything we needed.""",1
"""I love the variety of options on the menu. There’s something for everyone, which is fantastic!""",1
"""Your team really knows how to make customers feel welcome. I’ll be back for sure!""",1
"""The online booking system was simple and easy to use. I appreciated that it took no time at all!""",1
"""I’m thrilled with the new features in the latest app update. It’s exactly what I needed!""",1
"""The quality of service I received was exceptional. I felt like I was the only customer in the world!""",1
"""This bookstore has such a charming atmosphere. I could spend hours browsing the shelves.""",1
"""Your loyalty program is one of the best I’ve seen! I love earning rewards every time I shop.""",1
"""The quality of the furniture is outstanding! It looks beautiful in my home and was worth every penny.""",1
"""I had a fantastic experience at the spa! The staff were professional and made me feel completely relaxed.""",1
"""I’m very impressed with the shipping speed. My order arrived much sooner than I anticipated!""",1
"""I love how easy it is to navigate your website. It made my shopping experience enjoyable and efficient.""",1
"""Absolutely love my new headphones! The sound quality is amazing and the battery lasts forever. Highly recommend!""",1
"""Just had the best experience at your restaurant! The staff was super friendly, and the pasta was delicious. Can't wait to come back!""",1
"""I recently purchased a smart home device, and I’m blown away by how easy it was to set up. Truly user-friendly!""",1
"""Thank you for the quick response to my query! Your customer support team was incredibly helpful and resolved my issue in no time.""",1
"""These shoes are not only stylish but also very comfortable. I’ve received so many compliments already!""",1
"""I appreciate the detailed instructions included with the product; it made assembly a breeze. Great job!""",1
"""Wow, the delivery was lightning fast! I ordered yesterday and it arrived this morning. Impressive service!""",1
"""Just wanted to say how much I love your app! It’s intuitive, and the new features are fantastic. Keep up the great work!""",1
"""Had an amazing stay at your hotel last weekend. The staff were so welcoming, and the room was spotless.""",1
"""Your online store is a game changer! The checkout process was seamless, and I loved the variety of options available.""",1
"""I’m really satisfied with my new laptop purchase. The performance is stellar, and it arrived just as described.""",1
"""Thanks for going above and beyond with my order! You really made my day with your thoughtful gesture.""",1
"""I’ve been using your skincare products for a month now, and my skin has never looked better. Thank you!""",1
"""The customer service representative I spoke with was so friendly and knowledgeable. They made my experience stress-free!""",1
"""I can’t believe how affordable these camping gear items are! Excellent quality at a great price.""",1
"""Just finished my first yoga class at your studio, and I loved it! The instructor was encouraging and made me feel at ease.""",1
"""I’m thrilled with the quality of the clothes I ordered. They fit perfectly and feel so nice to wear!""",1
"""Your team handled my return promptly and courteously. It was a pleasant experience, and I appreciate it!""",1
"""The coffee at your café is unbeatable. I always look forward to my morning visit!""",1
"""I’m impressed by how well your team managed the event! Everything went smoothly, and everyone had a great time.""",1
"""Your subscription service is fantastic! I love receiving new books each month. It’s like a gift to myself!""",1
"""The online tutorials you provide are super helpful! They’ve made learning so much easier for me.""",1
"""I had a wonderful experience at your spa. The massage was heavenly, and the staff made me feel so relaxed.""",1
"""Thank you for the thoughtful follow-up after my purchase! It really shows you care about your customers.""",1
"""The variety of options in your menu is fantastic! I love that there are choices for everyone.""",1
"""I’m so happy with my new fitness tracker! It’s motivating me to stay active and reach my goals.""",1
"""Your website is so easy to navigate, and I found exactly what I was looking for in no time.""",1
"""Had a great experience with your delivery service; the driver was very courteous and on time.""",1
"""I really appreciate the eco-friendly packaging! It’s great to see a company committed to sustainability.""",1
"""The quality of your customer service is outstanding. I felt valued and heard during my interaction.""",1
"""I just wanted to say thank you for the lovely gift with my purchase! It was such a sweet surprise.""",1
"""Your tech support team is top-notch! They resolved my issue quickly and were very patient with my questions.""",1
"""I’m loving my new phone! The camera quality is incredible, and it’s so fast. Worth every penny!""",1
"""Had a fantastic shopping experience in-store! The staff was attentive without being pushy.""",1
"""Your loyalty program is one of the best I’ve seen. I love earning points and getting discounts!""",1
"""I’m really pleased with the outdoor furniture I bought. It’s stylish and super comfortable for gatherings.""",1
"""The virtual event you hosted was engaging and informative. I learned so much from the speakers!""",1
"""I appreciate the transparency in your pricing. No hidden fees, just straightforward and fair.""",1
"""The personalized recommendations from your online store are spot on! I found exactly what I wanted.""",1
"""I feel like a valued customer every time I visit your shop. The staff always remembers my name!""",1
"""Your bakery items are delicious! I can’t resist stopping by whenever I’m in the area.""",1
"""The app crashes occasionally, but overall, it’s a great tool for managing my tasks. Thanks for the updates!""",1
"""I love how you incorporate local artists into your store! It makes shopping feel more special.""",1
"""Your restaurant’s ambiance is so cozy and inviting. Perfect for a night out with friends!""",1
"""I just wanted to drop a note to say how much I appreciate your quick shipping. It made my gift-giving so much easier!""",1
"""The educational resources you provide are invaluable. They’ve helped me tremendously in my studies.""",1
"""I’m really impressed by the craftsmanship of your handmade products. They feel so special and unique.""",1
"""Your staff is always so cheerful and welcoming! It makes a huge difference in the shopping experience.""",1
"""Absolutely thrilled with my new smartphone! The camera quality is just outstanding, and it arrived two days earlier than expected.""",1
"""I just wanted to say how grateful I am for the excellent customer service. The representative was incredibly patient and helped me select the perfect gift for my dad.""",1
"""I love this coffee maker! It brews my morning cup in no time, and the flavor is unmatched. Definitely worth the investment!""",1
"""Had a fantastic dining experience at your restaurant. The staff was super friendly, and the food was delicious! Can’t wait to come back.""",1
"""This jacket is not only stylish but also super warm. I appreciate the quick shipping, too. It made my winter so much cozier!""",1
"""Just wanted to drop a note about the awesome support I received when my order went wrong. They fixed it so quickly—thank you!""",1
"""I’m really impressed with the user interface of this app. It’s intuitive and makes my daily tasks so much easier. Highly recommend!""",1
"""The delivery was on point, and the product exceeded my expectations. I’ll definitely be a returning customer!""",1
"""The online shopping experience was seamless! I found exactly what I needed, and the checkout process was a breeze.""",1
"""I appreciate the eco-friendly packaging! It’s so refreshing to see a company committed to sustainability.""",1
"""Your team made our event unforgettable. The attention to detail and the friendly staff were exceptional. Thank you!""",1
"""Just received my order, and everything was perfect! The quality is fantastic, and I am so happy with my purchase.""",1
"""The responsiveness of your customer service is remarkable. They answered all my questions promptly and were super helpful.""",1
"""This skincare product is a game changer! My skin feels so rejuvenated, and I love the natural ingredients.""",1
"""I’m really satisfied with my subscription box. Each month brings new surprises, and it's always fun to see what’s inside!""",1
"""I had a small issue with my order, but the support team resolved it quickly. Really appreciate their efficiency!""",1
"""Absolutely love the layout of your store! It made browsing so easy, and I found some amazing deals.""",1
"""The quality of this backpack is outstanding! It’s stylish and functional—exactly what I needed for school.""",1
"""Thanks for the prompt delivery! The shoes fit perfectly, and they’re so comfortable. I’ll be recommending you to friends!""",1
"""The service at your hotel was top-notch. Everyone was so friendly and went out of their way to ensure we had a great stay.""",1
"""This fitness tracker has motivated me to stay active. The features are just what I needed to track my progress!""",1
"""Your website is so user-friendly! I found everything I needed without any hassle and the checkout was super fast.""",1
"""Loved the personalized touch in the gift wrapping! It made the present feel extra special. Thank you for the attention to detail.""",1
"""I’m really impressed with the selection of products. There’s something for everyone, and I love discovering new brands.""",1
"""Kudos to your support team! They patiently walked me through the setup process for my new gadget. So appreciative!""",1
"""The food delivery was lightning fast, and everything was still hot and fresh. Definitely a great service!""",1
"""Your bakery has the best pastries in town! I can’t resist coming in every weekend for my favorite treats.""",1
"""The online course I took was very informative and well-structured. I learned so much in a short amount of time!""",1
"""Just wanted to say how much I appreciate the loyalty rewards program. It really makes shopping with you even more enjoyable!""",1
"""The attention given to us during our visit was commendable. Every staff member was attentive and made us feel welcome.""",1
"""I’ve been using this software for a month now and can’t believe how much it has improved my workflow. Totally worth it!""",1
"""Your team is so friendly and welcoming! It made my first visit feel like a home away from home.""",1
"""The quality of the yarn I purchased is outstanding. It’s so soft and luxurious—perfect for my next knitting project!""",1
"""I’m really happy with my new sofa! It’s comfortable and fits perfectly in my living room. Worth every penny!""",1
"""The build quality of this gadget is impressive. It feels sturdy and looks sleek—I’m very pleased with my purchase.""",1
"""I was pleasantly surprised by how quickly my order arrived! Everything was perfectly packed and in great condition.""",1
"""Your customer service went above and beyond! They listened to my concerns and resolved my issue with a smile.""",1
"""I love how this brand is committed to sustainability. It feels good to support a company that cares about the planet.""",1
"""I had the best experience shopping in-store! The staff was knowledgeable and helped me find exactly what I was looking for.""",1
"""The variety of flavors in your ice cream shop is amazing! I loved trying out the unique combinations.""",1
"""Thank you for the quick response regarding my return. It was a hassle-free process, and I appreciate your efficiency.""",1
"""The hotel room was clean and spacious, just what we needed for our weekend getaway. Highly recommend!""",1
"""I’m really impressed with the durability of this outdoor gear. It held up great on my camping trip!""",1
"""Your cooking class was so much fun! I learned new techniques and met some wonderful people.""",1
"""The selection of books at your store is fantastic! I could spend hours browsing the shelves.""",1
"""Thank you for the beautiful bouquet! It brightened my day and was exactly what I hoped for.""",1
"""I just wanted to compliment the barista! Their coffee-making skills are top-notch, and I loved the recommendations.""",1
"""The delivery driver was so friendly and professional. It made my day to receive my package with a smile!""",1
"""I appreciate how easy it is to navigate your website. It makes shopping a stress-free experience every time.""",1
"""Just had a great experience at your spa! The staff was incredibly attentive, and my treatment was heavenly.""",1
"""I absolutely love my new coffee maker! It brews the perfect cup every time, and the sleek design fits perfectly in my kitchen.""",1
"""The customer service team was incredibly helpful when I had a question about my order. They responded quickly and resolved my issue with ease.""",1
"""Just received my order, and I’m blown away by the quality of the products. The prices were so reasonable too!""",1
"""I had a fantastic experience at this restaurant last night. The staff was super friendly, and the food was deliciously fresh.""",1
"""Wow, the delivery was lightning fast! I placed my order and it arrived within hours. Highly impressed!""",1
"""This app is a game-changer! It’s so user-friendly, and the features are just what I needed to stay organized.""",1
"""I’m really happy with my purchase! The shoes are comfortable, stylish, and arrived in perfect condition.""",1
"""The hotel staff treated us like family. Their hospitality made our vacation unforgettable.""",1
"""I appreciate how easy it was to navigate the website. I found exactly what I was looking for without any hassle.""",1
"""The subscription box exceeded my expectations! Each item felt curated just for me, and I can’t wait for the next one.""",1
"""I’ve been using this skincare line for a month now, and my skin has never looked better. Totally worth the investment!""",1
"""Thank you for the quick turnaround on my custom order! It looks amazing, and I’m thrilled with the quality.""",1
"""I’ve recommended this place to all my friends. The atmosphere is cozy, and the coffee is top-notch!""",1
"""The staff went above and beyond to ensure our event went smoothly. I’m so grateful for their hard work!""",1
"""I’m really impressed with how durable these headphones are. They sound great and seem built to last.""",1
"""Just had the best experience at the salon! My stylist really listened to what I wanted and delivered perfectly.""",1
"""The online checkout process was seamless! I appreciate how easy you made it to complete my purchase.""",1
"""I love the variety of products offered here! It’s my go-to shop for unique gifts.""",1
"""The food delivery was not only fast but also still hot when it arrived. I’ll definitely order again!""",1
"""I was pleasantly surprised by the quality of the fabric in this dress. It feels luxurious, yet it was affordable.""",1
"""The workshop was enlightening! I walked away with so many useful tips and connections.""",1
"""I can’t believe how quickly my new phone arrived! It’s everything I hoped for and more.""",1
"""I attended a webinar hosted by this company, and it was so informative. I learned a lot!""",1
"""The friendly cashier made my shopping experience much more enjoyable. It's always nice to be greeted with a smile!""",1
"""I love how this fitness tracker motivates me to be active. It’s become a valuable part of my daily routine.""",1
"""The customer support was efficient and very pleasant. They resolved my issue in no time!""",1
"""I’m thrilled with my new laptop! It’s fast, lightweight, and perfect for my needs.""",1
"""The atmosphere at this café is so inviting. I love spending my afternoons here with a good book.""",1
"""The quality of the products is exceptional, especially for the price. I’m a satisfied customer!""",1
"""I tried the new menu item, and it was delicious! Can’t wait to come back for more.""",1
"""The delivery team was professional and courteous. They handled my items with care.""",1
"""This online course was well worth the investment. The instructor was knowledgeable and engaging.""",1
"""I appreciate the eco-friendly packaging used for my order. It shows the company cares about the environment!""",1
"""The pet grooming service did an amazing job! My dog looks fantastic and seems really happy.""",1
"""I’m impressed with how responsive the social media team is. They answer questions quickly and are very helpful.""",1
"""The quality of the print on my t-shirt is outstanding! It’s held up well after several washes.""",1
"""I had a lovely dining experience, but the dessert could have been a bit sweeter. Overall, a great night out!""",1
"""The new feature in the app made it so much easier to track my progress. I’m really enjoying it!""",1
"""The staff at this boutique were incredibly helpful without being pushy. I found the perfect outfit!""",1
"""I love that this store offers a price match guarantee. It gives me confidence in my purchases.""",1
"""The live chat support was fantastic! I got immediate answers to my technical questions.""",1
"""I’m really happy with the recommendations I received from the sales associate. They truly understood my needs.""",1
"""The event was well-organized, and I had a great time meeting new people. Kudos to the team!""",1
"""The packaging was beautiful and made opening my order feel special. Nice touch!""",1
"""I’m really grateful for the follow-up call after my purchase. It shows you care about customer satisfaction.""",1
"""Absolutely love my new headphones! The sound quality is amazing and they’re super comfortable for long listening sessions.""",1
"""Just wanted to say a huge thank you to your customer support team! They resolved my issue with such patience and professionalism.""",1
"""I recently ordered a dress from your website, and it arrived two days earlier than expected! Fits perfectly and the fabric feels luxurious.""",1
"""Your coffee shop has the best atmosphere! I love the cozy seating and friendly baristas who remember my order.""",1
"""I was pleasantly surprised by how quickly my order arrived! The packaging was thoughtful and the product exceeded my expectations.""",1
"""The app is so user-friendly! I can navigate easily, and the features really help me stay organized.""",1
"""Had a fantastic dining experience last night! The staff were attentive and the food was delicious. Can’t wait to come back!""",1
"""I appreciate the detailed instructions that came with the product. It made setup a breeze!""",1
"""Just got my new gaming console and I’m thrilled! The graphics are stunning, and it runs super smoothly.""",1
"""The delivery was lightning fast, and the items were in perfect condition. I’ll definitely be ordering again!""",1
"""Your team went above and beyond to make sure my special request was fulfilled. Truly grateful for the personalized service.""",1
"""I’m really impressed with the pricing on your website. Great quality for such an affordable price!""",1
"""The ambiance at your restaurant is lovely, and the seasonal menu is a delightful touch.""",1
"""I had a minor issue with my order, but your customer service handled it quickly and professionally. Great job!""",1
"""The quality of the skincare products is remarkable! My skin feels so much better after just a week of use.""",1
"""I love how your fitness classes cater to all levels. The instructors are motivating and friendly!""",1
"""The user experience on your website is top-notch! I found exactly what I needed in no time.""",1
"""Your boutique has the cutest selection of clothing! I always find something unique every time I visit.""",1
"""Just wanted to drop a note that the online checkout process was super smooth. Very efficient!""",1
"""I’m so happy with my new kitchen gadgets! They make cooking so much easier and more fun.""",1
"""Thank you for the quick response to my email. It’s refreshing to see such attentive customer service!""",1
"""The staff at your hotel were incredibly friendly and made us feel right at home during our stay.""",1
"""I’ve been using your product for a month now, and I can already see great results. Highly recommend!""",1
"""The bakery items are divine! I can't resist stopping by whenever I'm in the neighborhood.""",1
"""Your return policy is very fair, and I appreciate how easy it is to send items back.""",1
"""I love the variety in your menu! There’s always something new to try, and everything I’ve had has been delicious.""",1
"""I recently attended a workshop at your studio, and I learned so much! The instructor was knowledgeable and engaging.""",1
"""The handmade crafts from your shop are stunning! I love supporting local artisans.""",1
"""Your subscription service has been a game changer for me! I love receiving new books every month.""",1
"""I can’t believe how quickly my order shipped! It felt like I just placed it yesterday.""",1
"""The attention to detail in your product is commendable. It shows you really care about your customers!""",1
"""I had a wonderful experience at your spa. The staff were attentive, and the treatments were heavenly.""",1
"""Your loyalty program is fantastic! I appreciate the rewards and discounts for returning customers.""",1
"""I just wanted to say how much I enjoy your newsletter. It’s always filled with useful tips and great offers!""",1
"""The quality of your pet food is unmatched! My dog loves it, and I feel good about what I’m feeding him.""",1
"""The support team was incredibly helpful and resolved my issue in no time. Thank you for being so responsive!""",1
"""I love how you incorporate seasonal ingredients into your dishes. It keeps the menu exciting!""",1
"""Your online tutorials are super helpful! I’ve learned so much about using your product effectively.""",1
"""I was shocked at how affordable your services are compared to others in the area.""",1
"""The atmosphere at your venue was electric! I had such a great time at the concert.""",1
"""Your team is doing an amazing job! I felt valued as a customer throughout the entire process.""",1
"""The quality of your outdoor gear is impressive! I took it on a hike, and it held up beautifully.""",1
"""I’m so glad I found your shop! The selection is unique, and the prices are reasonable.""",1
"""The staff at your store are always so cheerful and willing to help. It makes shopping a pleasure!""",1
"""I appreciate the eco-friendly packaging for my order. It's great to see companies caring for the environment!""",1
"""Your product has made a noticeable difference in my daily routine. I’m really thankful for it!""",1
"""I love the community feel of your business! It’s nice to see local shops thriving.""",1
"""I received my order with a small issue, but your team was quick to fix it. Great customer service!""",1
"""Your restaurant is a hidden gem! The food was delicious, and the service was top-notch.""",1
"""The new features on your app are fantastic! They make my daily tasks so much easier.""",1
"""I had a lovely shopping experience! The staff were knowledgeable and helped me find exactly what I needed.""",1
"""Absolutely love my new headphones! The sound quality is amazing, and they arrived a day early.""",1
"""Just wanted to thank your customer service team for being so helpful when I needed to exchange my dress. Super friendly and efficient!""",1
"""I had a fantastic experience at your restaurant last night. The pasta was exquisite, and the staff were incredibly attentive.""",1
"""I was pleasantly surprised by how quickly my order shipped. It arrived in perfect condition, and I can't wait to use my new kitchen gadget!""",1
"""The app is so user-friendly, I was able to set it up in no time. Great job, team!""",1
"""Really appreciate the discounts offered during the sale. It made shopping for gifts a lot more enjoyable!""",1
"""Your team went above and beyond to help me with my issue. I felt valued as a customer, and that’s rare these days.""",1
"""Just got my new sneakers, and they fit like a dream! The cushioning is perfect for my daily runs.""",1
"""I love how my new plant arrived healthy and well-packaged. It’s thriving in my living room!""",1
"""Shout out to the barista at your café! She made my morning with her cheerful attitude and perfect latte art.""",1
"""I was impressed by the variety of products you offer. It’s hard to find such quality in one place.""",1
"""Really loved the virtual tour of your services. It made me feel connected even from afar!""",1
"""The delivery driver was super friendly and made sure to handle my fragile items with care. Thank you!""",1
"""I always find what I need at your store, and the prices are unbeatable. Keep up the great work!""",1
"""Had a minor issue with my order, but your support team resolved it quickly. Very grateful for the prompt service!""",1
"""The atmosphere at your hotel was so welcoming. I felt right at home during my stay.""",1
"""Your subscription box is the highlight of my month! I love the thoughtful selection of items.""",1
"""I appreciate the eco-friendly packaging you use. It’s great to see a company committed to sustainability!""",1
"""The staff at your boutique are always so helpful and never pushy. It makes shopping a pleasure.""",1
"""My kids loved their new toys! Great quality and they arrived just in time for the birthday party.""",1
"""The online ordering process was a breeze, and my food was hot and delicious upon arrival!""",1
"""I’m so happy with my new laptop. It’s fast and lightweight, perfect for travel.""",1
"""Thank you for the personalized note included with my order! It made my day feel special.""",1
"""Your gym staff are incredibly motivating! I always leave feeling energized and inspired.""",1
"""I was a bit skeptical at first, but the product exceeded my expectations. Will definitely recommend it!""",1
"""I love the customizable options available. It makes the experience feel tailored just for me.""",1
"""Had a great experience at your spa; the massage was heavenly, and the ambiance was relaxing.""",1
"""The support team was patient and guided me through the troubleshooting process step by step. Much appreciated!""",1
"""Your clothing line fits perfectly, and the fabric feels luxurious. I’ll be back for more!""",1
"""I was amazed at how quickly my issue was resolved. Your efficiency is commendable!""",1
"""Just wanted to say how much I appreciate the loyalty points program! It feels great to be rewarded for shopping.""",1
"""The artisan bread I bought was fresh and delicious! I’ll definitely be coming back for more.""",1
"""I love how responsive your social media team is. It’s nice to feel heard and engaged.""",1
"""Your workshop was incredibly informative and engaging. I learned so much!""",1
"""The new feature on your website makes it so easy to find what I’m looking for. Kudos to the design team!""",1
"""I’ve ordered from you multiple times, and I’ve always been impressed with the quality of the products.""",1
"""Had dinner at your restaurant last night, and the dessert was out of this world!""",1
"""Your customer support is top-notch; every time I call, I’m met with friendly voices who genuinely want to help.""",1
"""I was thrilled to see my favorite brand in your store! Thank you for curating such a great selection.""",1
"""The feedback form was straightforward and quick to fill out. Appreciate how you value customer input!""",1
"""I love how you celebrate local artists in your shop. It gives such a unique touch to the experience.""",1
"""The delivery was on time, and my items were exactly as described. Very satisfied!""",1
"""Your bakery’s cupcakes are the best in town! Each bite is a taste of heaven.""",1
"""I appreciate the transparency in your pricing. No hidden fees, just honest costs!""",1
"""Your seasonal menu is fantastic! Loved trying the new dishes, especially the pumpkin soup.""",1
"""The online chat feature was super helpful, and I got answers to my questions right away. Thank you!""",1
"""Absolutely love my new headphones! The sound quality is phenomenal, and they arrived faster than expected.""",1
"""I had a fantastic experience at the local café. The barista was super friendly and made the best latte I've ever had!""",1
"""Just received my order from your online store, and I couldn't be happier! The packaging was neat, and everything was intact.""",1
"""The support team was incredibly helpful when I had an issue with my software. They resolved it quickly and even followed up to ensure everything was working well.""",1
"""This is the second time I've ordered from you, and I’m just as impressed as the first. Great prices and speedy delivery!""",1
"""I visited the new restaurant in town, and wow, the ambiance is lovely, and the food was delicious! Will definitely be back!""",1
"""I appreciate how easy it is to navigate your website. Found exactly what I needed in no time!""",1
"""The customer service representative I spoke with was so patient and understanding. They really went above and beyond to assist me.""",1
"""Just wanted to say thank you for the prompt delivery! My new shoes fit perfectly and are super comfortable.""",1
"""I’ve been using this app for a month now, and I love how user-friendly it is. It has made my life so much easier!""",1
"""Your team really knows how to treat customers right. I felt valued and respected during my visit!""",1
"""I’m thrilled with the quality of the gardening tools I ordered. They are sturdy and work like a charm.""",1
"""The staff at the hotel were outstanding! They made our stay enjoyable with their warm hospitality.""",1
"""Thanks for the quick response to my inquiry! It’s rare to find such dedicated customer support these days.""",1
"""The new features on your platform are impressive! They’ve really enhanced my user experience.""",1
"""I had a wonderful time at the spa. The massage was heavenly, and the staff was so professional and kind.""",1
"""Just wanted to drop a note to say how much I love my new kitchen gadget! It makes cooking so much fun!""",1
"""I appreciate the thoughtful packaging. It’s nice to see a company care about sustainability while delivering great products.""",1
"""So happy with the service I received while shopping in-store! The staff were super knowledgeable and helped me pick the right product.""",1
"""Kudos to the delivery driver who went out of their way to ensure my package arrived on time. You guys rock!""",1
"""I can’t believe how affordable your services are! I was pleasantly surprised by the quality I received for the price.""",1
"""The online booking process was seamless. I’ll definitely be recommending your services to friends!""",1
"""I love the variety of products you offer! It’s always exciting to see what’s new in stock.""",1
"""The follow-up email after my purchase was a nice touch. It made me feel appreciated as a customer.""",1
"""Just wanted to say that the quality of your clothes is top-notch! I’ll be coming back for more.""",1
"""I was really impressed by how quickly my issue was resolved. Your team is on the ball!""",1
"""The atmosphere at your restaurant is just delightful. Perfect for a casual dinner with friends!""",1
"""I’m so grateful for the detailed instructions that came with my new device. It made setup a breeze!""",1
"""Your loyalty program offers great perks! It really incentivizes me to keep shopping with you.""",1
"""I had an amazing experience at your car dealership. The staff was friendly and didn’t pressure me at all.""",1
"""The app's new update is fantastic! It runs smoothly and has some neat features that I love.""",1
"""I really appreciate the extra effort you put into customer service. It makes a huge difference!""",1
"""The dining experience was exceptional! Every dish was beautifully presented and absolutely delicious.""",1
"""I love how responsive your social media team is. They answer questions quickly and with a friendly tone!""",1
"""I was pleasantly surprised by the variety of options available for customization. Great job!""",1
"""I’m a repeat customer because I can always count on you for quality and great service. Keep it up!""",1
"""Had a wonderful interaction with your customer service team today! They were friendly and efficient.""",1
"""I’m so happy I found your store! The unique products and friendly vibe make it a favorite of mine.""",1
"""The speed at which my order was processed and shipped is commendable! I’ll definitely be recommending you.""",1
"""I appreciate the thoughtful design of your website. It makes shopping so much easier!""",1
"""The staff went above and beyond during my visit. I felt truly valued as a customer.""",1
"""Your product has exceeded my expectations. I’m very pleased with my purchase and will be back for more!""",1
"""I can’t believe how quickly my package arrived! You’ve set a new standard for delivery speed.""",1
"""Your restaurant is my new go-to! The food is incredible, and the service is always friendly.""",1
"""I am thrilled with the durability of the product I purchased. It's holding up beautifully!""",1
"""Thank you for providing such a great experience! I had a lovely time and will be returning soon.""",1
"""I love the community vibe at your store. It feels welcoming, and the staff are always so friendly!""",1
"""The feedback I received from your team was constructive and helpful. I appreciate the support!""",1
"""The quality of your products is unmatched. I’m a loyal customer for life!""",1
"""Just wanted to say how much I enjoy using your service. It’s reliable, and I love the results!""",1
"""Your attention to detail in customer service truly sets you apart. Thank you for being so attentive!""",1
"""I’m impressed with the ethical practices of your company. It makes me feel good about my purchases!""",1
"""The experience I had was delightful from start to finish. Thank you for the wonderful service!""",1
"""Absolutely thrilled with my new smartphone! The camera quality is outstanding, and I can't believe how quickly it arrived.""",1
"""Just wanted to say a big thank you to your customer support team! They helped me resolve my issue in no time, and I really appreciate their patience and friendliness.""",1
"""I recently dined at your restaurant, and the ambiance was fantastic! The staff were super attentive, and the food was delicious. Can’t wait to come back!""",1
"""Had a great experience shopping online. The website was easy to navigate, my order arrived two days earlier than expected, and everything was exactly as described.""",1
"""Your delivery service is impeccable! I ordered a dress for an event, and it arrived just in time. The quality is better than I anticipated!""",1
"""I've been using your skincare line for a month now, and my skin has never looked better. Thank you for creating such effective products!""",1
"""I love the variety of products available in your store. Every time I visit, I find something new and exciting to try.""",1
"""Just finished my first order with you guys. Everything was packaged neatly, and the prices were surprisingly low for such quality!""",1
"""I cannot recommend your gym enough! The trainers are knowledgeable and genuinely care about helping members achieve their goals.""",1
"""Your staff at the coffee shop are so friendly! They always remember my name and my usual order. It makes my mornings brighter.""",1
"""I recently purchased a set of kitchen knives, and I’m amazed by how sharp they are. Cooking has become so much easier!""",1
"""The online tutorial for your software was super helpful. I was able to learn all the features quickly and efficiently!""",1
"""I was hesitant at first, but your subscription service is worth every penny. The products are high quality, and I love the surprise each month.""",1
"""Your hotel was a delightful experience! The room was spotless, and the view from the balcony was breathtaking.""",1
"""I’m really impressed with how responsive your customer service is. They answered my questions within minutes and were very helpful!""",1
"""The user interface of your app is fantastic! It’s intuitive and makes managing my tasks way easier.""",1
"""Just wanted to drop a note to say how much I appreciate your ethical sourcing practices. It makes me proud to support your brand!""",1
"""The concert I attended last night was incredible! The sound quality was top-notch, and the venue was perfect for such an event.""",1
"""I love that your store carries eco-friendly products. It’s great to see a brand that prioritizes sustainability!""",1
"""I had a minor issue with my order, but your team resolved it swiftly. It’s refreshing to see such commitment to customer satisfaction!""",1
"""Your bakery's pastries are to die for! I can’t resist picking up a few every time I pass by.""",1
"""I just had the best experience with your virtual consultation. The stylist really understood my needs and offered great suggestions!""",1
"""The quality of your electronics is impressive! My new laptop runs so smoothly, and I’m getting a lot of work done.""",1
"""I’ve recommended your classes to all my friends! The instructors are engaging, and I’ve learned so much in just a few weeks.""",1
"""I appreciate the updates on my order status. It’s nice to know exactly when to expect my purchase!""",1
"""Your pet food has made such a difference in my dog's health. He has more energy and seems so happy!""",1
"""The atmosphere at your restaurant is so cozy and inviting. Great for a dinner date or catching up with friends!""",1
"""Just wanted to thank your team for a wonderful shopping experience. I felt valued as a customer, and I’ll be back for sure!""",1
"""I’m loving the new features in your latest software update! It’s made my workflow so much smoother.""",1
"""I was pleasantly surprised by how affordable your products are without sacrificing quality. Keep up the great work!""",1
"""The staff at your store were incredibly knowledgeable and helped me find exactly what I needed. I’ll definitely return!""",1
"""I had a fantastic stay at your hotel! The staff went above and beyond to ensure my comfort.""",1
"""Your online customer service is the best I’ve encountered. They were polite and resolved my issue quickly.""",1
"""The quality of your handmade items is simply outstanding. Each piece feels unique and well-crafted!""",1
"""Your new loyalty program is fantastic! I love earning rewards for my purchases.""",1
"""Just wanted to share how much I enjoy your blog! The tips and tricks really help me in my daily life.""",1
"""I appreciate the effort you put into packaging. Everything arrived intact and beautifully presented!""",1
"""Your fitness classes are the highlight of my week! The energy is contagious, and I always leave feeling great.""",1
"""I love how your brand supports local artisans. It makes my purchases feel meaningful!""",1
"""I had a minor hiccup with my booking, but your staff handled it with such professionalism. Thank you for the great service!""",1
"""The coffee at your café is the best in town! I love trying the seasonal flavors.""",1
"""I’ve never had such a seamless online shopping experience. Kudos to your team for making it so easy!""",1
"""I appreciate your commitment to diversity in your hiring practices. It shows in your welcoming atmosphere.""",1
"""Your gardening tools have made my hobby so much more enjoyable. Thank you for creating such high-quality products!""",1
"""Absolutely love my new headphones! The sound quality is incredible and they are super comfortable for long listening sessions.""",1
"""Just wanted to say a huge thank you to your support team! They resolved my issue within minutes and were so friendly throughout the process.""",1
"""I had the best dining experience at your restaurant last night. The staff was attentive and the food was exquisite. I’ll definitely be back!""",1
"""I ordered a laptop from your website, and it arrived a day early! The packaging was excellent, and the setup was a breeze. Highly recommend!""",1
"""Your online store is so easy to navigate. I found exactly what I was looking for in no time. Plus, the prices are unbeatable!""",1
"""The customer service representative was incredibly helpful and patient with all my questions. I felt valued as a customer!""",1
"""Just picked up my new phone, and I’m blown away by the camera quality! Perfect for capturing my travels.""",1
"""I appreciate how quickly you guys processed my refund. It was hassle-free and I’m grateful for that!""",1
"""I bought a dress from your boutique, and I received so many compliments at the party! The fit is perfect!""",1
"""I love how you offer eco-friendly products! It makes me feel good about my purchases and I’m proud to support your brand.""",1
"""Your delivery service is fantastic! My order arrived in perfect condition and right on time. Thank you for your efficiency!""",1
"""I recently had a facial at your spa, and it was heavenly! I left feeling rejuvenated, and the staff was so warm and welcoming.""",1
"""The quality of your makeup products is outstanding! They last all day without fading, and I love the variety of shades available.""",1
"""I’m really impressed by the customer loyalty program. It’s nice to feel appreciated as a regular shopper!""",1
"""The staff at your gym are always so encouraging and friendly. They make working out much more enjoyable!""",1
"""I purchased a coffee maker from your store, and it brews the best coffee I’ve ever had at home! Worth every penny.""",1
"""Your app is super user-friendly! I love being able to track my orders easily and receive updates in real-time.""",1
"""Just had a wonderful experience at your hotel! The room was clean, and the breakfast buffet was delicious.""",1
"""I’m thrilled with my new shoes! They are stylish and comfortable, perfect for everyday wear.""",1
"""The customer support chat was incredibly efficient. My issue was resolved in less than five minutes. Thank you!""",1
"""I always find unique gifts at your shop. Everyone loved what I brought them for the holidays!""",1
"""I appreciate your commitment to sustainability. It really sets your brand apart in today’s market.""",1
"""I had a great experience with your online class. The instructor was knowledgeable and engaging, making learning fun!""",1
"""Your bakery’s cupcakes are a hit at my office! Everyone always asks where I got them.""",1
"""I love how you keep adding new flavors to your ice cream line. Can’t wait to try the latest ones!""",1
"""The tech support team was fantastic! They patiently walked me through every step to fix my issue.""",1
"""I recently visited your store and was impressed by the cleanliness and organization. It made shopping a pleasure!""",1
"""The quality of your workout gear is top-notch! I’ve been using it for months, and it looks as good as new.""",1
"""Your website is so informative, and I appreciate the detailed product descriptions. It helped me make a confident purchase!""",1
"""I had an amazing experience at your salon. The stylist listened to what I wanted and delivered exactly that!""",1
"""Your subscription service is so convenient! I love having my favorite products delivered right to my door.""",1
"""I’m really happy with my new garden tools! They feel sturdy and are making my gardening much easier.""",1
"""I just wanted to say that your customer service team is the best! They always go above and beyond to help.""",1
"""Thanks for the quick shipping! My order arrived well-packaged and exactly as described.""",1
"""Your restaurant has the best brunch in town! The atmosphere is cozy, and the food is delicious.""",1
"""I’m always impressed with the variety of products you offer. It’s my go-to shopping destination!""",1
"""The personalized service I received at your boutique made all the difference. I felt like a valued customer.""",1
"""Your fitness app keeps me motivated! The challenges and rewards system really keeps things exciting.""",1
"""I just had a great experience at your dealership. The staff was knowledgeable and not pushy at all.""",1
"""Your customer feedback program is a nice touch! It feels good knowing you value our opinions.""",1
"""I love the ambiance of your coffee shop! It’s the perfect spot to relax and enjoy a good book.""",1
"""The quality of your bedding is incredible! It’s made such a difference in my sleep quality.""",1
"""Your online tutorials are so helpful! I’ve learned so much and feel more confident in my skills.""",1
"""I just wanted to say thank you for your prompt service! It really made my day.""",1
"""Your products are a great value for the price. I’m always happy with my purchases!""",1
"""I had a fantastic experience at your event! The organization was flawless, and it was a lot of fun.""",1
"""Your team is always so responsive on social media! It feels great to connect with you directly.""",1
"""Absolutely love my new headphones! The sound quality is top-notch, and they were delivered ahead of schedule.""",1
"""I had a fantastic experience at the restaurant last night. The staff was super friendly and the pasta was to die for!""",1
"""Just wanted to say a big thank you to your customer service team. They were incredibly helpful and resolved my issue within minutes.""",1
"""I’m really impressed with the speed of delivery from this online store. My order arrived two days earlier than expected!""",1
"""The app is so user-friendly! I've been able to track my fitness goals with ease. Highly recommend it to anyone looking to get fit.""",1
"""I visited your store yesterday and the layout was amazing. It made shopping feel so effortless.""",1
"""The quality of the fabrics in these clothes is incredible. They feel luxurious and are worth every penny!""",1
"""Just received my new laptop and it's absolutely perfect! Fast delivery and the setup was a breeze.""",1
"""Your customer support was polite and knowledgeable. They really listened to my concerns and provided great solutions.""",1
"""I love the variety of products you offer! There’s something for everyone, and the prices are very reasonable.""",1
"""The coffee at your café is the best in town! I can’t start my day without it.""",1
"""I appreciate how quickly you handled my return request. It made the process so stress-free.""",1
"""The staff at your hotel were so accommodating. They made our stay extra special with their attention to detail.""",1
"""I’m impressed by how durable these kitchen gadgets are. I've used them daily and they still look brand new!""",1
"""The bakery's pastries are heavenly! I could eat them all day long.""",1
"""Your subscription service has been a game changer for me. The selection is fantastic and I love the surprises every month.""",1
"""I had a minor hiccup with my order, but your team was so responsive and fixed it right away. Thank you!""",1
"""The ambiance at your restaurant is so inviting. I felt right at home while dining.""",1
"""I love how easy it is to navigate your website. Shopping online has never been more enjoyable!""",1
"""The delivery driver was so friendly and professional. It made my day to see such a smile!""",1
"""I’m really happy with the results from your skincare products. My skin has never looked better!""",1
"""Your team went above and beyond to ensure my event went smoothly. I can’t thank you enough!""",1
"""I was pleasantly surprised by the range of options available at your store. There’s something for every taste!""",1
"""Your products are fantastic, but I’d love to see more eco-friendly options in the future.""",1
"""I’ve been using your software for a month now, and it has streamlined my workflow significantly.""",1
"""The service at your boutique was impeccable. I felt valued as a customer, and I’ll definitely be back!""",1
"""I can't believe how quickly my order arrived! It was like magic.""",1
"""The staff at your gym are so motivating and friendly. It really makes working out enjoyable.""",1
"""I appreciate the detailed instructions that came with my new gadget. It made setup a breeze!""",1
"""Your online chat support is so helpful! I got answers to my questions in no time.""",1
"""The atmosphere at your bar is vibrant and fun! Perfect for a night out with friends.""",1
"""I’ve recommended your store to all my family and friends. The quality is unbeatable!""",1
"""Thank you for the personalized service! It made my shopping experience feel unique.""",1
"""I’m really impressed with how responsive your team is on social media. It shows you care about your customers!""",1
"""The subscription box I received was packed with great items! I can’t wait for the next one.""",1
"""Your team deserves a shout-out for their dedication and friendliness. It made a real difference during my visit.""",1
"""I love the seasonal flavors you offer at your café. They keep things exciting!""",1
"""Your prices are incredibly competitive for the quality you provide. I’ll definitely be a repeat customer.""",1
"""The level of detail in your product descriptions is fantastic. I felt informed before making my purchase.""",1
"""I’m so happy with my new mattress! I’ve never slept better, and the delivery was seamless.""",1
"""Your staff helped me find exactly what I was looking for, and I couldn’t be more grateful!""",1
"""I love how you engage with your customers on social media. It makes the brand feel more personal.""",1
"""Thank you for the amazing service during my recent visit. I felt welcomed from the moment I walked in.""",1
"""The quality of your books is outstanding. I’ve added so many to my collection!""",1
"""I can’t believe how quickly my issue was resolved! Great job, team!""",1
"""Your restaurant has become my go-to for special occasions. The food and service are consistently excellent!""",1
"""I appreciate the variety of payment options available. It made checking out a breeze.""",1
"""The attention to detail in your products is impressive. It shows you care about quality!""",1
"""Your team was so friendly, it made my shopping experience delightful. I’ll be back for sure!""",1
"""I love that you offer free shipping on orders over a certain amount. It’s a nice incentive to shop more!""",1
"""The cocktail I had at your bar was crafted to perfection. I’ll be dreaming about it!""",1
"""Absolutely thrilled with my new smartphone! The camera quality is outstanding and the battery lasts all day.""",1
"""I just wanted to say how impressed I am with your customer service. The representative was so friendly and resolved my issue quickly.""",1
"""The delivery was super fast! I ordered yesterday and received my shoes this morning. They fit perfectly and look great!""",1
"""I love the variety of products available! Your store has something for everyone, and I always find unique items.""",1
"""Had a wonderful experience at your restaurant. The staff was attentive, and the food was delicious! I’ll definitely be back.""",1
"""Just wanted to drop a note about my recent purchase. The quality of the fabric is fantastic, and the price was very reasonable.""",1
"""I appreciate how quickly you handled my refund request. It’s nice to see a company that values its customers.""",1
"""The online shopping experience was seamless! I found exactly what I was looking for and the checkout process was a breeze.""",1
"""Your app is so user-friendly! I love how easy it is to navigate and find what I want.""",1
"""Had a minor issue with my order, but your team handled it expertly. Thank you for making it right!""",1
"""I’m really happy with my new kitchen gadget. It’s saved me so much time cooking dinner!""",1
"""The ambiance at your café is lovely, and the coffee is the best I’ve had in town.""",1
"""Shoutout to the staff at your store! They were incredibly helpful and made my shopping experience enjoyable.""",1
"""I was pleasantly surprised by how affordable your prices are. Great value for the quality!""",1
"""Just received my first order and I couldn’t be happier! Everything was packaged beautifully and arrived on time.""",1
"""Your team is amazing! They went above and beyond to help me choose the right product.""",1
"""I’ve been using your software for a month now, and it has transformed my workflow. Highly recommend!""",1
"""I had a great experience at your hotel. The room was clean and the staff was super friendly.""",1
"""The selection of organic products you offer is impressive. I’ll be returning for sure!""",1
"""I love how you keep me updated about my shipment. It’s reassuring to know where my order is at all times.""",1
"""The tutorial videos on your website are a game-changer! They helped me use the product effectively.""",1
"""Your store’s layout makes it so easy to find what I need. I spent less time shopping and more time enjoying!""",1
"""I can’t believe how quickly my order arrived! You’ve got a loyal customer in me.""",1
"""I tried your new dish, and it was absolutely delicious! I’ll be recommending it to all my friends.""",1
"""The customer support team was quite helpful when I had questions about my subscription. Thank you!""",1
"""The quality of the tools I purchased is top-notch. I feel like I got a great deal for my money!""",1
"""I was really impressed with how well your staff handled the busy weekend rush. Kudos to them!""",1
"""Your website is so easy to navigate. I found exactly what I wanted in minutes.""",1
"""I appreciate the eco-friendly packaging you use. It’s great to see a company that cares about the environment!""",1
"""I’m thrilled with my new workout gear! It’s comfortable and stylish, perfect for the gym.""",1
"""I love the personalized recommendations based on my previous purchases. It’s like you know me!""",1
"""Your delivery service is a lifesaver! I can always count on it to be on time.""",1
"""Had a lovely brunch at your place! The pancakes were divine, and the service was quick.""",1
"""Your loyalty program is fantastic! I’m excited to earn points for my next purchase.""",1
"""The staff was so welcoming when I visited your shop. Made me feel right at home!""",1
"""I just wanted to let you know how much I love my new book! It’s been hard to put down.""",1
"""The attention to detail in your products is impressive. You can really tell they’re made with care.""",1
"""I appreciate the follow-up email after my purchase. It shows you care about customer satisfaction.""",1
"""I’ve recommended your services to several friends already! Everyone should try them out.""",1
"""The experience at your spa was heavenly. I felt so relaxed and rejuvenated afterward.""",1
"""I was amazed at how quickly the customer service team responded to my inquiry. Thank you for being so efficient!""",1
"""The variety of flavors you offer is incredible! I can’t wait to try them all.""",1
"""I’m very satisfied with my purchase. It exceeded my expectations in every way!""",1
"""Your team handled my complaint with such professionalism. I really appreciate the effort you put into customer care.""",1
"""I was happy to see a sale on my favorite products. I stocked up and saved a lot!""",1
"""Thank you for the amazing experience during my visit! I’ll definitely be back soon.""",1
"""Your staff made my shopping trip so much easier. They were knowledgeable and friendly!""",1
"""The recipe book I purchased is full of great ideas. I can’t wait to start cooking!""",1
"""I love how responsive you are on social media! It makes connecting with your brand so much fun.""",1
"""The quality of your customer service is unmatched. I always feel valued as a customer!""",1
"""Absolutely thrilled with my new kitchen gadget! It works like a charm and has made cooking so much easier.""",1
"""I can't say enough good things about the customer service team. They were incredibly helpful when I had an issue with my order.""",1
"""Just received my shoes, and wow, they fit perfectly! The quality is impressive for the price I paid.""",1
"""Had a fantastic stay at the hotel! The staff was super friendly, and the breakfast was to die for.""",1
"""I love my new smartphone! The camera quality is amazing, and it arrived much faster than I expected.""",1
"""The delivery was prompt, and the product works great. I appreciate the attention to detail in the packaging!""",1
"""Just wanted to shout out to the team for their excellent support. They resolved my problem quickly and efficiently.""",1
"""Really enjoying this subscription service! The variety of products keeps things exciting every month.""",1
"""A big thank you to the staff at the coffee shop! They always remember my order and have a smile ready.""",1
"""The furniture I ordered is not only beautiful but also very comfortable. Worth every penny!""",1
"""I was pleasantly surprised by how easy the checkout process was. Will definitely shop here again!""",1
"""This app has made my life so much easier! The user interface is intuitive and the features are spot on.""",1
"""Had a great experience at the restaurant last night. The food was delicious, and our server was attentive without being intrusive.""",1
"""I appreciate the eco-friendly packaging! It's great to see a brand committed to sustainability.""",1
"""My kids absolutely love their new toys. They are safe and durable, which is a huge plus for me as a parent.""",1
"""Thanks for the speedy resolution to my billing issue! Your customer service is top-notch.""",1
"""Just wanted to say how much I love my new blender. It’s powerful and so easy to clean!""",1
"""The concert was unforgettable! The atmosphere was electric, and the staff made everything run smoothly.""",1
"""I’m really impressed with how quickly my order arrived. Plus, the product exceeded my expectations!""",1
"""The online tutorial videos were super helpful. I was able to set everything up without any hassle.""",1
"""Had a lovely experience at the spa. The staff was professional, and I left feeling rejuvenated.""",1
"""I love that this brand offers a loyalty program! It makes me feel valued as a customer.""",1
"""Just wanted to drop a note about the fantastic service at your store. Everyone was so helpful and friendly.""",1
"""The quality of the clothing is outstanding! I’ll be recommending this brand to all my friends.""",1
"""I appreciated the follow-up email after my purchase. It shows great attention to customer care.""",1
"""The food delivery was hot and fresh! You guys are my go-to for late-night cravings.""",1
"""I was a bit hesitant at first, but this product has truly changed my daily routine for the better.""",1
"""Thank you for the great experience! Everything from the booking to the check-out was seamless.""",1
"""The variety of options available blew me away! I found exactly what I needed and more.""",1
"""I’m grateful for the discounts offered during the sale. It made my shopping spree even better!""",1
"""The staff at the gym are always so welcoming. It makes working out a lot more enjoyable.""",1
"""I love supporting local businesses, and your quality never disappoints! Keep it up!""",1
"""The app crashed once, but customer support sorted it out quickly. Appreciated the prompt response!""",1
"""The workshop I attended was both informative and engaging. I learned so much!""",1
"""I was really impressed with how well the team handled my complaint. It was resolved quickly!""",1
"""Just wanted to compliment the barista! They made my coffee just right this morning.""",1
"""The packaging was beautiful, and it made unboxing a delight. Great job on the presentation!""",1
"""I’m pleasantly surprised by the effectiveness of this skincare product. My skin feels amazing!""",1
"""I enjoyed the guided tour at the museum. The guide was knowledgeable and made it fun!""",1
"""The check-in process was a breeze! I felt welcomed and valued right from the start.""",1
"""I love the seasonal flavors you offer! Can't wait to try the pumpkin spice latte!""",1
"""Your support team is always so friendly and patient. It makes a huge difference!""",1
"""The quality and design of the new collection are stunning. So glad I found this brand!""",1
"""I appreciate the transparency in your pricing. No hidden fees, which is refreshing!""",1
"""Had a great experience at your store today! The atmosphere was lively, and the staff cheerful.""",1
"""I’m really happy with my subscription box. Every item feels carefully curated for me!""",1
"""Absolutely loved the new coffee maker! It brews the perfect cup every time.""",1
"""The customer service team was incredibly helpful when I had questions about my order. Thank you!""",1
"""Just received my order, and I’m amazed at how quickly it arrived. Great job, team!""",1
"""The staff at this restaurant were so friendly and attentive. Truly an enjoyable dining experience.""",1
"""I appreciate the eco-friendly packaging. It makes me feel good about my purchase!""",1
"""The app is super user-friendly, and I love the new features. Keep up the great work!""",1
"""I’m thrilled with the quality of these shoes! They’re stylish and comfortable.""",1
"""Had a wonderful experience at the hotel. The complimentary breakfast was a nice touch!""",1
"""The delivery was lightning fast, and the product exceeded my expectations. Highly recommend!""",1
"""I’ve been using this skincare line for a month now, and my skin feels amazing!""",1
"""The selection of books here is fantastic, and the staff is always so knowledgeable.""",1
"""Had a minor issue with my order, but the support team resolved it quickly. Much appreciated!""",1
"""Really impressed with the pricing of these gadgets. Great value for the quality!""",1
"""You guys are the best! Every time I come here, I leave happy.""",1
"""The online shopping experience was seamless. Can’t wait to shop again!""",1
"""I love that this brand prioritizes sustainability. It makes me a loyal customer!""",1
"""The food was delicious, but the portion sizes could be a tad larger. Overall, a great meal!""",1
"""I’ve recommended this service to all my friends. It’s that good!""",1
"""The staff went above and beyond to make our event special. Thank you for the fantastic service!""",1
"""I found exactly what I was looking for, and the checkout process was smooth.""",1
"""This gym has such a positive atmosphere. I always look forward to my workouts!""",1
"""The customer support was friendly and really listened to my concerns. Thank you!""",1
"""Just wanted to say how much I appreciate the fast replies on social media. You guys rock!""",1
"""The quality of this furniture is outstanding. It’s worth every penny!""",1
"""I’m so glad I found this brand. The products are just what I needed!""",1
"""Had a lovely stay at your hotel. The pool area was especially relaxing.""",1
"""I really appreciate the detailed instructions included with my purchase. It made setup a breeze!""",1
"""The variety of flavors in this ice cream shop is amazing! I’ll be back for sure!""",1
"""Your team is always so cheerful and helpful. It makes a big difference in my shopping experience.""",1
"""I loved how quickly my order was processed. I’ll definitely be returning!""",1
"""The atmosphere in the café is so inviting. Perfect spot to relax with a good book!""",1
"""I’m a regular customer, and I’ve never been disappointed. Keep up the great work!""",1
"""The tech support was efficient and resolved my issue in no time. Thank you!""",1
"""I enjoy the unique items you carry. It feels special to shop here.""",1
"""The wine selection is top-notch, and the staff is knowledgeable and friendly.""",1
"""I appreciate the transparency in your pricing. No hidden fees, which is refreshing!""",1
"""The dessert I had was heavenly! I’ll be dreaming about it for weeks.""",1
"""I’ve had a great experience shopping online. Easy navigation and quick checkout!""",1
"""The ambiance at the restaurant made our anniversary dinner unforgettable.""",1
"""Every time I visit, the staff remembers my name. Such a nice touch!""",1
"""Your return policy is so easy to understand. Shopping here is stress-free!""",1
"""The quality of customer care is impressive. I felt valued as a customer.""",1
"""This app has made my life so much easier. Highly recommend to anyone!""",1
"""Loved the virtual tour of your products. It made my decision much easier!""",1
"""I was pleased with how well everything was organized during my visit.""",1
"""The seasonal specials are always a treat! Can’t wait for the next one!""",1
"""Your team’s creativity in product design is inspiring. Keep it coming!""",1
"""The massage I received was one of the best I’ve ever had. Thank you for the relaxation!""",1
"""I really appreciate the local sourcing of your ingredients. It makes a difference!""",1
"""The user manual was clear and helpful. I was able to set everything up without a hitch!""",1
"""I was pleasantly surprised by the friendly atmosphere. Will definitely return!""",1
"""The fashion advice I received was spot-on. I’m feeling confident in my new outfit!""",1
"""Your quick response to my inquiry made my day. Thank you for being so attentive!""",1
"""This artisan market is a gem! I love finding unique gifts here.""",1
"""The brunch menu is fantastic! Everything was delicious and beautifully presented.""",1
"""Absolutely thrilled with my new smartphone! The camera quality is incredible, and the battery lasts all day.""",1
"""Just received my order, and wow, it was delivered so quickly! The packaging was excellent, too.""",1
"""I’ve been using this skincare line for a month now, and my skin feels rejuvenated. Highly recommend to anyone looking for a natural glow!""",1
"""The staff at this café are always so friendly and welcoming. It really makes my day to stop by for my morning coffee.""",1
"""I was pleasantly surprised by the user-friendly interface of the software. It made my work so much easier!""",1
"""Had a fantastic experience with customer service. They resolved my issue promptly and were very courteous.""",1
"""This gym has a great atmosphere and the trainers are super motivating. I’m loving my workouts more than ever!""",1
"""Just wanted to shout out to your delivery team for being so efficient! My groceries arrived fresh and on time.""",1
"""The quality of the shoes I bought is outstanding, but I wish they had a wider selection of colors.""",1
"""I appreciate how transparent your pricing is. No hidden fees, just straightforward and fair.""",1
"""The brunch I had here was delicious! The pancakes were fluffy, and the service was impeccable.""",1
"""I’m really enjoying this new book series. The characters are well-developed and the plot keeps me hooked!""",1
"""Your website was easy to navigate, making my shopping experience a breeze. Keep up the great work!""",1
"""I bought a new blender, and it’s a game changer. Smoothies are a delight now!""",1
"""Thank you for the awesome customer support! I felt valued and heard when I reached out with questions.""",1
"""The ambiance of this restaurant is cozy and inviting. Perfect for a date night!""",1
"""I’ve tried many brands, but this one stands out for its durability. Worth every penny!""",1
"""Super impressed with the online ordering process. It was quick and hassle-free.""",1
"""My kids love their new toys! The quality is fantastic, and they’ve held up well to playtime.""",1
"""The hotel staff were incredibly accommodating. They went above and beyond to make our stay enjoyable.""",1
"""I’ve been using your app for several months now, and it’s become an essential part of my routine.""",1
"""Love the range of organic products you offer! It’s great to find healthy options in one place.""",1
"""The training session was informative and engaging. I left feeling motivated and inspired!""",1
"""I ordered a custom cake for my daughter’s birthday, and it was not only beautiful but delicious!""",1
"""Your loyalty program is awesome! I appreciate the discounts and rewards for frequent purchases.""",1
"""I can’t believe how quickly my order arrived! It was like magic!""",1
"""The craftsmanship of the furniture is stunning. It’s the centerpiece of my living room now.""",1
"""I had a minor issue with my order, but your team resolved it swiftly. Thank you for your professionalism!""",1
"""This coffee shop has the best lattes in town! I always look forward to my visits.""",1
"""I appreciate the eco-friendly packaging. It’s nice to see a company that cares for the planet!""",1
"""The online tutorials provided have been super helpful. I’m learning so much!""",1
"""I recently attended a workshop, and the facilitator was engaging and knowledgeable.""",1
"""Your return policy is very fair and easy to understand. It gives me confidence when shopping!""",1
"""I’ve never had such great service at a car dealership. Everyone was friendly and helpful.""",1
"""The variety of flavors at this ice cream shop is amazing! I could spend all day tasting them!""",1
"""I’m so happy with my new laptop! The performance is top-notch, and it’s perfect for my needs.""",1
"""The staff here are always so cheerful, it makes shopping a delight!""",1
"""I love how easy it is to customize my orders. It ensures I get exactly what I want!""",1
"""The quality of the fabric in this clothing line is impressive. It feels luxurious!""",1
"""Your team went out of their way to make my event special. I can’t thank you enough!""",1
"""I’m a big fan of the online community you’ve created. It’s nice to connect with others who share my interests.""",1
"""The selection of books is fantastic, and I always find something new to read!""",1
"""I’m so pleased with my haircut! The stylist was attentive and really listened to what I wanted.""",1
"""Your products have made a noticeable difference in my daily routine. I can’t recommend them enough!""",1
"""I had a lovely time at your art exhibition. The work displayed was inspiring!""",1
"""The delivery driver was so polite and friendly. It made the whole experience pleasant!""",1
"""I appreciate the quick response to my query. It shows you value your customers.""",1
"""This travel guide was spot on! I discovered so many hidden gems during my trip.""",1
"""The atmosphere at this concert was electric! I had an unforgettable night!""",1
"""I’m really happy with my gym membership. The facilities are always clean and well-maintained.""",1
"""Your customer feedback initiative is impressive. It really shows you care about improvement!""",1
"""Absolutely love my new smartphone! The camera quality is amazing, and the battery life lasts all day.""",1
"""Just wanted to say thanks to the support team for their quick response! You really made my day by sorting out my issue in no time at all.""",1
"""Had a fantastic experience at your restaurant last night. The staff were super friendly, and the food was delicious—definitely coming back!""",1
"""I’ve been using this software for a month now, and it has streamlined my workflow significantly. Highly recommend it to anyone looking for efficiency!""",1
"""Wow, I ordered a dress online, and it arrived the next day! The fit is perfect, and the quality is top-notch!""",1
"""I really appreciate how easy your website is to navigate. It made purchasing my new laptop a breeze!""",1
"""Shoutout to the barista at your café! She was so welcoming and made the best caramel latte I’ve ever had.""",1
"""The delivery was a bit late, but the product itself is fantastic! So happy with my new headphones; the sound quality is incredible.""",1
"""I bought a set of gardening tools, and they exceeded my expectations. They’re sturdy and well-designed—definitely worth the price!""",1
"""Your team handled my complaint with such professionalism. Thank you for turning a frustrating situation into a positive experience!""",1
"""The workout app has been a game changer for me! The variety of classes keeps me motivated every day.""",1
"""I can’t express how grateful I am for your customer service. They went above and beyond to help me find the right shoes!""",1
"""The atmosphere at your hotel was so relaxing. I loved every moment of my stay, and the staff were so attentive.""",1
"""Just got my new kitchen gadget, and I can’t wait to try it out. The reviews were spot on, and I’m already impressed!""",1
"""I’ve been a loyal customer for years, and I must say, the quality just keeps getting better. Keep up the great work!""",1
"""Your online chat feature is super helpful! I got all my questions answered quickly without any hassle.""",1
"""I ordered a gift for my sister, and she absolutely loved it! Thank you for making the process so easy.""",1
"""The monthly subscription box is fantastic! Every item feels curated just for me, and it’s always a fun surprise.""",1
"""I had a minor issue with my order, but the staff resolved it promptly. I appreciate their quick action!""",1
"""The new features in the app are amazing! It’s like you read my mind about what I needed.""",1
"""I can’t believe how quickly my order arrived! It was exactly what I was looking for.""",1
"""Thank you for the exceptional service! Your staff made my shopping experience so enjoyable.""",1
"""The tasting menu at your restaurant was exquisite! Each dish was a delightful surprise.""",1
"""I’m impressed with the eco-friendly packaging of my order. It’s great to see companies being responsible!""",1
"""The tech support team was incredibly knowledgeable and friendly. They really helped me understand my new device.""",1
"""I love the community feel in your store! It’s always nice to chat with the staff who remember me.""",1
"""Your pizza is hands down the best in town! Fresh ingredients and generous toppings make it a winner.""",1
"""I appreciate the quick updates on my order status. It made the waiting much easier!""",1
"""I recently switched to your service and couldn’t be happier! The pricing is competitive, and the features are robust.""",1
"""The furniture I ordered is beautifully crafted. It adds such a nice touch to my living room!""",1
"""I had a wonderful experience booking my vacation through your agency. The staff was so helpful and knowledgeable.""",1
"""Your loyalty program is fantastic! I love earning rewards for my purchases.""",1
"""I’m really happy with my new running shoes. They’re comfortable and have made a big difference in my workouts!""",1
"""The staff at your store always greet me with a smile. It makes shopping there a pleasure.""",1
"""I experienced a small hiccup with my subscription, but customer service resolved it quickly. Thank you for your responsiveness!""",1
"""The variety of products you offer is impressive! I always find what I need and more.""",1
"""I genuinely appreciate the follow-up email after my purchase. It shows you care about your customers!""",1
"""The ambiance at your café is lovely. It’s a perfect spot to relax and enjoy a good book.""",1
"""I was pleasantly surprised by the quality of the meal I had at your restaurant. It was worth every penny!""",1
"""Your shipping speeds are fantastic! I received my order within two days, and it was exactly what I wanted.""",1
"""I love how user-friendly your app is! It makes managing my account a breeze.""",1
"""The staff at your hotel were incredibly accommodating. They made our stay feel special.""",1
"""I’m so glad I found your online store! The prices are unbeatable for such high-quality items.""",1
"""Your customer service team is a dream to work with! They are always cheerful and ready to help.""",1
"""The delivery arrived faster than I expected, and the product works beautifully!""",1
"""I'm absolutely thrilled with my new coffee maker. It brews the perfect cup every time!""",1
"""Just wanted to say a huge thank you to the support team for resolving my issue so quickly. You guys are the best!""",1
"""I love how user-friendly the app is! It made my shopping experience so much easier.""",1
"""The staff at the restaurant were incredibly friendly and attentive. I’ll definitely be back!""",1
"""This workout gear is top-notch! The quality exceeded my expectations for the price.""",1
"""My order was missing an item, but the customer service was super helpful and resolved it right away. Appreciate it!""",1
"""The new features on the website are fantastic! It’s so much easier to navigate now.""",1
"""I had a great experience at your store today. The atmosphere was lovely, and the selection was impressive!""",1
"""I’ve been using this skincare line for a month, and my skin has never looked better. Thank you!""",1
"""Great coffee, even better service! I’ll be recommending this place to my friends.""",1
"""The packaging was so thoughtful and eco-friendly. Love a brand that cares about the planet!""",1
"""I really appreciate the detailed product descriptions. It helped me choose the right item without any confusion.""",1
"""The hotel staff went above and beyond to make our stay special. Kudos to everyone!""",1
"""Just received my sneakers, and they fit like a glove! Can't wait to wear them out.""",1
"""I ordered a custom cake for my daughter’s birthday, and it was not only beautiful but delicious too!""",1
"""The tech support was patient and knowledgeable. They made fixing my issue a breeze!""",1
"""I was impressed by how quickly my order shipped. It arrived right on time!""",1
"""The atmosphere at your café is so cozy. I could sit and read there all day!""",1
"""I love the variety of products you offer. There's something for everyone!""",1
"""Your customer loyalty program is fantastic! I’m excited to earn more rewards.""",1
"""The quality of the clothes is amazing! They feel great and look even better.""",1
"""I had a minor hiccup with my order, but the response from your team was prompt and friendly. Thank you!""",1
"""The pasta at your restaurant is out of this world! I can't get enough of it.""",1
"""I really appreciate the prompt replies to my emails. It shows you care about your customers.""",1
"""I was pleasantly surprised by the affordable prices for such high-quality items!""",1
"""Just a quick note to say how much I loved the virtual event you hosted. It was engaging and well organized!""",1
"""I found exactly what I needed online, and the checkout process was seamless. Great job!""",1
"""I’ve been recommending your services to everyone! Such a great experience from start to finish.""",1
"""The staff at the boutique were incredibly helpful and made my shopping experience a joy!""",1
"""I’m so happy with the plant I ordered! It arrived in perfect condition, and it’s thriving!""",1
"""The online course I took was well-structured and informative. I learned so much!""",1
"""I had a lovely dinner at your restaurant last night. The ambiance was just right for a date night!""",1
"""I appreciate how your app keeps me updated on order status. It’s very reassuring!""",1
"""The quality of your customer service is outstanding. It makes a real difference!""",1
"""I love how your products are ethically sourced. It makes me feel good about my purchase.""",1
"""The staff was super patient while I made my decision. I never felt rushed!""",1
"""Your new collection is stunning! I can’t wait to see what you come out with next.""",1
"""I received excellent recommendations from your team. They really know their stuff!""",1
"""Just wanted to express how much I appreciate the little touches in your service. It makes all the difference!""",1
"""I’m thrilled with my new phone! The camera quality is amazing.""",1
"""The delivery driver was so friendly and professional. It made my day!""",1
"""I was impressed by the cleanliness and organization of your store. It made shopping a pleasure.""",1
"""Your return policy is very fair and easy to understand. Thank you for that!""",1
"""I just love the community feel of your business. It’s great to support local!""",1
"""The online chat feature was super helpful when I had questions. Thanks for being available!""",1
"""I absolutely love my new coffee maker; it brews the perfect cup every time!""",1
"""The delivery was lightning fast, and the packaging was so secure—thank you for that!""",1
"""I had a great experience at your restaurant last night; the staff was incredibly friendly, and the food was delicious!""",1
"""Just wanted to say that your customer service team was super helpful when I had an issue with my order. Really appreciated their patience!""",1
"""I’ve been using this app for a month now, and it has made my life so much easier. Highly recommend it to anyone!""",1
"""The shoes I ordered are not only stylish but also really comfortable. Worth every penny!""",1
"""I visited your store for the first time and was impressed by the layout and how organized everything was. Great job!""",1
"""Thank you for the quick response to my support ticket. You guys are awesome!""",1
"""I’m thrilled with my purchase! The quality is top-notch, and it arrived sooner than expected.""",1
"""The online shopping experience was seamless, and I loved the variety of products available. Will definitely be back!""",1
"""Your staff went above and beyond to help me find the right gift. I’m so grateful for their assistance!""",1
"""I’m really happy with the functionality of the software. It’s user-friendly and saves me so much time.""",1
"""The food at your cafe is always fresh and flavorful. I can’t get enough of your avocado toast!""",1
"""Just wanted to drop a note to say how much I appreciate your fast shipping. It’s a game-changer!""",1
"""I love how eco-friendly your products are. It makes me feel good about my purchase!""",1
"""Your team’s professionalism during the service was commendable. I felt valued as a customer!""",1
"""I was pleasantly surprised by the quality of the fabric in my new shirt. It feels luxurious!""",1
"""Great job on the redesign of your website! It’s much more intuitive and visually appealing now.""",1
"""I’m really impressed with how responsive you are on social media. It makes me feel connected to the brand!""",1
"""The workshop I attended was informative and engaging. I learned a lot and had fun!""",1
"""I’m so satisfied with my order—it’s exactly what I hoped for, and it fits perfectly!""",1
"""Your loyalty program is fantastic! I love earning points with each purchase.""",1
"""The technician who came to my house was punctual and very knowledgeable. I appreciate the great service!""",1
"""I can’t believe how affordable your prices are for such high-quality items. Thank you!""",1
"""The ambiance of your restaurant is so cozy. I could sit there all day!""",1
"""I really appreciate the follow-up email after my purchase. It shows you care about your customers!""",1
"""Your product has exceeded my expectations! I’m spreading the word to all my friends.""",1
"""I had a minor hiccup with my order, but your support team resolved it quickly. Kudos to them!""",1
"""The attention to detail in the packaging of my order was impressive. It felt special!""",1
"""I love the variety of flavors in your ice cream! Every scoop is a new adventure.""",1
"""I’m grateful for the advice the staff gave me while shopping. It made my decision so much easier!""",1
"""Your app is a lifesaver! It has simplified my daily tasks incredibly.""",1
"""I enjoyed my stay at your hotel. The staff was welcoming, and the room was immaculate.""",1
"""I appreciate the clear instructions that came with my product. It made setup a breeze!""",1
"""The quality of the electronics I purchased is outstanding! I’m very pleased.""",1
"""I had a wonderful experience at your spa. The staff was friendly, and the treatment was heavenly!""",1
"""Your bakery's pastries are divine! I can’t resist stopping by every weekend.""",1
"""I’m really enjoying the membership benefits. It’s been well worth the investment!""",1
"""The support I received during my recent issue was exceptional. Thank you for being so understanding!""",1
"""I love the seasonal promotions you run; they always get me excited to shop!""",1
"""Your team made the buying process so easy and enjoyable. I really appreciate that!""",1
"""The craftsmanship of the handmade items is incredible. You can tell a lot of care goes into them!""",1
"""I had a fantastic time at the event you organized. It was well-planned and fun!""",1
"""Your service is consistently good—thank you for making each visit enjoyable!""",1
"""I’m impressed with how often you update your product line. It keeps things fresh!""",1
"""I absolutely love my new headphones! The sound quality is amazing and they fit perfectly.""",1
"""Just wanted to say a huge thank you to the customer service team! They resolved my issue quickly and were so friendly throughout the process.""",1
"""I ordered a custom cake for my daughter's birthday, and it was not only beautiful but also delicious. Highly recommend!""",1
"""The app is super user-friendly! I was able to navigate everything easily, and I got my order in record time.""",1
"""I’ve never had such a pleasant shopping experience. The staff at the store were so helpful and went above and beyond to assist me.""",1
"""I was really impressed with the delivery speed. I received my package just a day after ordering!""",1
"""This is the best coffee I've ever had! The rich flavor and aroma are just incredible. I’ll definitely be back for more!""",1
"""Thank you for the quick response to my inquiry! Your support team is top-notch and really knows their stuff.""",1
"""The pricing on your products is unbeatable! I found exactly what I needed without breaking the bank.""",1
"""I just wanted to drop a note to say how much I appreciate your attention to detail. The packaging was lovely!""",1
"""The restaurant’s atmosphere was cozy, and the staff made us feel right at home. We’ll be back for sure.""",1
"""I’m so thrilled with my new laptop! It’s fast, lightweight, and perfect for my needs.""",1
"""I had a fantastic experience with your delivery service. The driver was polite and even helped me carry the groceries inside.""",1
"""Just got my new skincare products, and I’m already seeing a difference. Thank you for the amazing recommendations!""",1
"""Your website is so easy to navigate! I found everything I needed quickly and the checkout process was seamless.""",1
"""Shoutout to the team for the quick turnaround on my order! I appreciate the effort you put into getting it right.""",1
"""The selection of books at your store is incredible! I could spend hours browsing.""",1
"""I love how responsive your support team is. I had a question about my subscription, and they got back to me in no time.""",1
"""The quality of the clothing is just outstanding! I can tell these will last me for years.""",1
"""I had an issue with my order, but the way your team handled it was impressive. Thank you for your professionalism!""",1
"""The outdoor seating area at your cafe is perfect for sunny days. I’ll definitely be bringing my friends next time.""",1
"""I’m so happy with my new fitness tracker! It keeps me motivated and tracks my progress seamlessly.""",1
"""The hotel staff were incredibly welcoming, and the room was spotless. I felt right at home during my stay.""",1
"""I just wanted to say how much I love the variety in your menu! There’s always something new to try.""",1
"""Your customer service representative was so understanding and helped me resolve my issue quickly. Much appreciated!""",1
"""I’m really impressed with how eco-friendly your packaging is. It’s great to see a company that cares about the environment!""",1
"""The quality of the video tutorials is excellent! They really helped me understand how to use the software.""",1
"""I had a delightful experience dining at your restaurant. The food was exquisite, and the staff were attentive.""",1
"""I received my order ahead of the estimated delivery date, which was a pleasant surprise. Thanks for the quick service!""",1
"""The ambiance in your store is so inviting. I felt relaxed while shopping, which is not easy to find these days!""",1
"""I’m really happy with my new phone case. It’s stylish and offers great protection.""",1
"""The tech support I received was exceptional. They walked me through every step and made it easy to solve my problem.""",1
"""Your bakery makes the best pastries in town! I can’t resist stopping by whenever I’m nearby.""",1
"""I appreciate the thoughtful little touches in your service. It made my shopping experience feel special.""",1
"""The online workshop was very informative! I learned a lot and can’t wait to apply my new skills.""",1
"""I love your loyalty program! It makes me feel valued as a customer and always gives me a reason to come back.""",1
"""The staff were super friendly, and I felt like they genuinely cared about making my experience enjoyable.""",1
"""The return process was hassle-free, which I really appreciate. It's rare to find such great service these days!""",1
"""Your product exceeded my expectations! I was pleasantly surprised by how well it performs.""",1
"""The coffee shop has such a warm vibe. I love coming here to relax and enjoy a good cup of coffee.""",1
"""I’m thrilled with my purchase! The quality is excellent and the price was just right.""",1
"""The team handled my complaint with such care. It made me feel valued as a customer.""",1
"""I enjoyed the personalized service at your boutique. It made my shopping experience feel unique.""",1
"""The variety of options available is impressive! I found something for everyone on my gift list.""",1
"""I had such a great time at the workshop! The instructor was engaging and made learning fun.""",1
"""I appreciate how quickly you resolved my issue. Your team is fantastic!""",1
"""I love how your company supports local artists! The products have such a unique touch.""",1
"""Absolutely thrilled with my new smartphone! The camera quality is incredible, and the battery life lasts all day.""",1
"""Just wanted to drop a note to say how much I love your coffee! The flavors are so rich and fresh. Can't wait to come back for more!""",1
"""I had a fantastic experience at your restaurant last night. The staff were super friendly, and the pasta was to die for!""",1
"""Kudos to your customer service team! They resolved my issue quickly and were so polite. Truly appreciate the help!""",1
"""I was skeptical at first, but this online course exceeded my expectations. The content is engaging and the support from instructors is top-notch.""",1
"""My order arrived a day early, and everything was perfectly packaged. I’m very impressed!""",1
"""The new features in the latest software update are fantastic! It makes everything so much easier to use.""",1
"""What a delightful shopping experience! The store was clean, and the staff were incredibly helpful. I’ll definitely be back!""",1
"""I just wanted to say a huge thank you for the speedy delivery. My kids are going to love their new toys!""",1
"""Absolutely loved the ambiance of your hotel! The decor is stunning, and the staff went above and beyond.""",1
"""I’m really happy with my purchase! The quality is outstanding, especially for the price.""",1
"""Your live chat support was a lifesaver! I got all my questions answered in a snap, which really helped me make a decision.""",1
"""I’ve been using this skincare line for a month now, and my skin has never looked better. Truly a game changer!""",1
"""The variety of products you offer is fantastic! I found everything I needed in one place.""",1
"""I attended a workshop at your center, and it was incredibly informative. I left feeling inspired and ready to tackle my projects!""",1
"""I just wanted to express my gratitude for your quick response to my email. It made me feel valued as a customer.""",1
"""The customer loyalty program is a great idea! I love earning points with every purchase.""",1
"""I’m impressed by the quality of your handmade products. You can really tell that a lot of care goes into making them!""",1
"""Had a nice chat with one of your employees while shopping. Their enthusiasm made my day!""",1
"""The delivery service was prompt and the food was still hot when it arrived. Great job!""",1
"""I really appreciate how user-friendly your website is. It made online shopping a breeze!""",1
"""Just wanted to say thanks for the amazing experience at your spa! The massage was heavenly, and the staff was wonderful.""",1
"""The special discount you offered was a pleasant surprise! It made my shopping experience even better.""",1
"""I’m so happy with my new vacuum cleaner! It works like a charm and is super easy to handle.""",1
"""Your app is so convenient! I love being able to track my orders in real-time.""",1
"""I had a lovely time at your cafe! The pastries were delicious, and the atmosphere was cozy.""",1
"""Your staff went out of their way to help me find the right gift. I’m so grateful for their assistance!""",1
"""I can’t believe how fast my order arrived! I was impressed by the efficient service.""",1
"""Just wanted to share that your product really helped me solve a problem I had been dealing with for ages. Thank you!""",1
"""I love how eco-friendly your packaging is! It makes me feel good about my purchases.""",1
"""The follow-up call from your team was a nice touch. It shows you care about your customers!""",1
"""I had an issue with my order, but your support team handled it beautifully. Thank you for being so understanding.""",1
"""Your restaurant is always my go-to for special occasions! The atmosphere and food are unbeatable.""",1
"""I appreciate the clear instructions provided with the product. It made setup a lot easier than I anticipated.""",1
"""I had a great interaction with your staff! They were knowledgeable and genuinely friendly.""",1
"""The subscription service has been amazing! I love getting curated products delivered right to my door.""",1
"""Just wanted to say your clothing line is fantastic! The fit is perfect and the fabric feels luxurious.""",1
"""The efficiency of your checkout process is impressive. It made my shopping experience quick and easy!""",1
"""I’m really enjoying my new fitness tracker. It’s motivating me to stay active!""",1
"""Thank you for the wonderful customer service! It’s rare to feel so appreciated as a customer.""",1
"""Your bakery's bread is the best in town! I can’t get enough of it.""",1
"""The online tutorial was super helpful! I learned so much in just one session.""",1
"""I love how affordable your products are without compromising on quality. Keep it up!""",1
"""Your attention to detail is remarkable! Everything from the decor to the menu was thoughtfully curated.""",1
"""I appreciate the updates you sent about my order status. It kept me in the loop and eased my mind!""",1
"""Your team really made my shopping experience enjoyable! I felt welcomed and valued.""",1
"""Absolutely love my new coffee maker! It brews the perfect cup every time, and the sleek design fits my kitchen perfectly.""",1
"""Had a fantastic experience at the local bookstore. The staff was super friendly and helped me find exactly what I was looking for.""",1
"""Just received my order, and I’m impressed by the speedy delivery! The shoes are even more comfortable than I expected.""",1
"""This app has changed my life! The user interface is so intuitive, and the customer support team responded to my questions within hours.""",1
"""I can't recommend this restaurant enough! The service was top-notch, and the food was absolutely delicious.""",1
"""I appreciate how quickly my issue was resolved by customer support. They were polite and efficient, making the entire process seamless.""",1
"""The quality of these headphones is amazing! They block out noise so well, and the sound is crystal clear.""",1
"""I’ve been using this skincare line for a month now, and my skin has never looked better! The results are real, and I’m thrilled.""",1
"""Just visited your store, and the atmosphere was so inviting. The staff went above and beyond to ensure I had a great shopping experience.""",1
"""I was pleasantly surprised by the pricing! Great value for such high-quality products. I’ll definitely be coming back for more.""",1
"""The app is super user-friendly, and I love the new features you added in the latest update. Keep up the great work!""",1
"""Had a lovely stay at the hotel! The staff was incredibly welcoming, and the amenities were fantastic.""",1
"""I’ve been a loyal customer for years, and I’m always impressed with the consistent quality of your products. Thank you for maintaining such high standards!""",1
"""This online service has saved me so much time! The booking process was quick and easy, and I love the reminders.""",1
"""The team at this gym is so supportive! They really motivate me to push my limits while making fitness fun.""",1
"""I just wanted to say thank you for the excellent customer service! My issue was resolved quickly, and I felt valued as a customer.""",1
"""The variety of options available at this grocery store is impressive. I always find everything I need and then some!""",1
"""I recently purchased a new phone, and I’m in love with the camera quality! It takes stunning photos, even in low light.""",1
"""The delivery was super fast, and my order arrived in perfect condition. I appreciate the careful packaging!""",1
"""Just wanted to drop a note about how friendly your staff is! They always greet me with a smile and make shopping a pleasure.""",1
"""I’m really happy with my new mattress! I’ve been sleeping so much better, and I love the comfort level.""",1
"""The user experience on your website is fantastic. It’s easy to navigate, and I found what I needed in no time.""",1
"""I had an issue with my order, but the customer service team handled it so professionally. I really appreciate their help!""",1
"""Your restaurant has become my favorite spot for brunch! The menu is diverse, and everything I’ve tried has been delicious.""",1
"""I’m very satisfied with my recent purchase! The product exceeded my expectations in terms of quality and performance.""",1
"""The staff at this bakery are always so cheerful and helpful! Their pastries are to die for, too!""",1
"""I love how sustainable your brand is! It makes me feel good to support a company that cares about the environment.""",1
"""I had a great experience renting a car from your agency! The process was straightforward, and the vehicle was in excellent condition.""",1
"""The new features in your software are fantastic! They really enhance productivity and make my work so much easier.""",1
"""I just wanted to thank you for the great service during my visit. Your staff made me feel right at home.""",1
"""The furniture I bought is not only beautiful but also incredibly sturdy. I’m very pleased with my investment!""",1
"""Your customer service is truly a breath of fresh air! It’s rare to find such attentive and friendly representatives.""",1
"""I love the local vibe of your store! It’s refreshing to see so many unique products that reflect our community.""",1
"""Just wanted to shout out to your team for the amazing support! You all really care about your customers.""",1
"""The food at your restaurant was incredible! I can’t stop thinking about the flavors and presentation.""",1
"""I’m really impressed with how quickly my refund was processed. Thank you for making it hassle-free!""",1
"""The classes offered at this fitness studio cater to all levels, and the instructors are very encouraging.""",1
"""Your online platform is so easy to use! I love how everything is organized, making shopping a breeze.""",1
"""I’m thrilled with my new laptop! It’s fast, sleek, and has all the features I need for work and play.""",1
"""The ambiance in your café is so cozy! It’s the perfect place to relax with a good book and a cup of coffee.""",1
"""Just wanted to express my gratitude for the amazing experience at your spa. The staff was professional and made me feel pampered.""",1
"""I’m amazed by the range of products you carry! I found everything I needed and more during my last visit.""",1
"""The customer support team was exceptionally helpful when I had questions about my order. Thank you for your prompt response!""",1
"""I love the community events you host! They really bring everyone together and create a fun atmosphere.""",1
"""Your subscription service has been a game-changer! I love receiving new items every month without any hassle.""",1
"""The support I received after my recent purchase was outstanding! It made me feel valued as a customer.""",1
"""This brand has become my go-to for gifts! The quality is always impressive, and everyone loves what I give them.""",1
"""I can’t get over how fast my package arrived! It was such a pleasant surprise to receive it ahead of schedule.""",1
"""The staff at your gym is always so friendly and welcoming! They make working out feel fun rather than a chore.""",1
"""Absolutely love my new headphones! The sound quality is incredible and they arrived way faster than expected.""",1
"""The customer service team was super helpful when I had a question about my order. They resolved it quickly and kindly!""",1
"""I had a great experience at your restaurant. The staff were friendly and the food was delicious. I’ll definitely be back!""",1
"""These running shoes are a game changer! They’re so comfortable and lightweight. Worth every penny.""",1
"""Just wanted to say how much I appreciate the quick delivery on my laptop. It’s working perfectly so far!""",1
"""I’ve been using this skincare line for a month, and my skin has never looked better. Highly recommend!""",1
"""Thanks to the support team for resolving my issue so promptly. You guys rock!""",1
"""The app is really user-friendly, but I’d love to see a dark mode option in the next update. Overall, I'm very satisfied!""",1
"""I was impressed with the range of products available at your store. It made my shopping experience enjoyable!""",1
"""The staff at your hotel were exceptionally friendly and made us feel right at home. Thank you!""",1
"""I just received my order, and everything was packaged so neatly. Great attention to detail!""",1
"""Absolutely thrilled with my new coffee maker! It brews the best coffee I’ve ever tasted.""",1
"""Your online chat support was super efficient; I got my questions answered in no time.""",1
"""Visited your bakery for the first time today, and the pastries were heavenly! Can’t wait to come back.""",1
"""The pricing of your products is very competitive, and the quality is top-notch. Keep it up!""",1
"""I love how easy it is to navigate your website. Shopping here is a breeze!""",1
"""Just had a fantastic experience with your delivery service. My package arrived earlier than expected!""",1
"""The quality of your gym equipment is outstanding! I’m so happy with my purchase.""",1
"""Your staff went above and beyond to help me find exactly what I needed. Thank you!""",1
"""I’m really impressed by the customer loyalty program. It feels great to be appreciated as a returning customer.""",1
"""These vitamins have made such a difference in my energy levels. I’m really happy with my choice!""",1
"""It’s refreshing to see a company that genuinely cares about sustainability. Keep leading the way!""",1
"""I had a small issue with my order, but your team handled it with such professionalism. Thank you for your quick response!""",1
"""The ambiance of your store is so inviting. I enjoyed every minute of my visit!""",1
"""I can’t believe how quickly my new phone arrived! It’s perfect for my needs.""",1
"""The quality of the fabric in these clothes is amazing! I can tell they’ll last a long time.""",1
"""I appreciate how transparent your pricing is. No hidden fees, just great value!""",1
"""Just wanted to shout out to your team for being so accommodating during my recent stay. You made it memorable!""",1
"""The new features in your software update are fantastic. They’ve really improved my workflow!""",1
"""I can’t recommend your service enough. It’s been consistently excellent over the years!""",1
"""Your loyalty rewards are fantastic! I love earning points with every purchase.""",1
"""The delivery driver was so friendly and respectful. It made my day a little brighter!""",1
"""I’ve enjoyed every meal I’ve had at your restaurant. The flavors are always on point!""",1
"""I found exactly what I was looking for, and the checkout process was super smooth. Thank you!""",1
"""You have a wonderful selection of books. I always leave with something new to read!""",1
"""The quality of your customer support is impressive. They really know their stuff!""",1
"""I love that you offer free returns. It gives me peace of mind when shopping online.""",1
"""Your team worked wonders on my car. It runs like new! Can’t thank you enough!""",1
"""I recently attended a workshop at your center, and it was incredibly informative. I left feeling inspired!""",1
"""The variety of vegan options at your cafe is fantastic. I’m so glad I found this place!""",1
"""Your products have made my life so much easier. I’m genuinely grateful for the innovation!""",1
"""I appreciate the regular updates on my order status. It keeps me in the loop!""",1
"""The customer service experience was seamless. Everyone was so polite and knowledgeable.""",1
"""Your team did an outstanding job with my event. Everything went smoothly!""",1
"""I love how your app reminds me to take my medications. It’s a lifesaver!""",1
"""The quality of your furniture is remarkable. It’s both stylish and sturdy.""",1
"""I’m really impressed with your commitment to customer satisfaction. It shows!""",1
"""Your online tutorials are super helpful! I learned so much and feel more confident in my skills.""",1
"""The atmosphere at your venue was perfect for our event. Everyone had a great time!""",1
"""Your team’s quick responses to my inquiries made the entire process so easy. Thank you!""",1
"""I love the community feel of your store. It’s like shopping with friends!""",1
"""Absolutely thrilled with my new headphones! The sound quality is amazing, and they arrived a day early.""",1
"""I had a fantastic experience with customer service today. They resolved my issue quickly and were super friendly.""",1
"""Just wanted to say how much I love my new coffee maker! It brews the best coffee and is so easy to use.""",1
"""The staff at the restaurant were incredibly welcoming. I felt right at home, and the food was delicious!""",1
"""Quick shoutout to the online store for their speedy delivery. I ordered a dress and it arrived in just two days!""",1
"""I appreciate the eco-friendly packaging! It’s great to see a brand committed to sustainability.""",1
"""I’m really happy with my new phone! The camera quality blows my old one out of the water.""",1
"""This app has changed the way I manage my tasks. So user-friendly and efficient!""",1
"""Had a wonderful stay at the hotel! The bed was super comfy, and the view was breathtaking.""",1
"""Just got my order, and I couldn’t be happier! The quality is top-notch for the price.""",1
"""I love how responsive the support team is! They answered my questions within minutes.""",1
"""My kids absolutely loved the toys I bought! Great quality and super fun to play with.""",1
"""The checkout process was seamless and quick. I’ll definitely be shopping here again!""",1
"""The bartender was so friendly and made the best cocktails. I’ll be coming back for sure!""",1
"""Thank you for the prompt service! My package arrived in perfect condition and on time.""",1
"""I’m impressed with how well the software integrates with other tools. It really makes my job easier.""",1
"""The ambiance of the café was cozy and inviting. Perfect place to relax and enjoy a good book!""",1
"""I appreciate the detailed instructions that came with my product. It made setup a breeze!""",1
"""My experience with the delivery driver was excellent. He was polite and on time.""",1
"""The quality of the fabric in this shirt is amazing! I’ll be recommending this brand to my friends.""",1
"""I had a minor issue with my order, but the customer support team handled it quickly and professionally.""",1
"""You guys are doing an awesome job! Keep up the great work with your products and service!""",1
"""Just received my first subscription box, and I’m blown away by the variety and quality of items inside!""",1
"""I love that your store carries local products! It’s great to support the community while shopping.""",1
"""The training session was informative and engaging. I learned a lot and had fun!""",1
"""Thanks for the free upgrade! It made my trip even more special.""",1
"""The online tutorial was very helpful and easy to follow. I feel more confident using the product now.""",1
"""I can’t believe how affordable these shoes are! They look and feel like high-end brands.""",1
"""The team at the gym is so encouraging and friendly. It makes working out a pleasure!""",1
"""I’m impressed by how quickly my refund was processed. Great customer service!""",1
"""The scent of this candle is heavenly! It fills the room without being overpowering.""",1
"""The delivery was faster than expected, and everything was in perfect shape.""",1
"""I appreciate that you always have sales on quality items. Makes shopping here even better!""",1
"""The waiter was attentive without being intrusive, which I really liked.""",1
"""I’m so happy I found this skincare line! My skin feels amazing and looks so radiant.""",1
"""The online chat feature is fantastic! It helped me get answers right away.""",1
"""Just wanted to say thank you for the birthday gift! It made my day extra special.""",1
"""The furniture I ordered exceeded my expectations in quality and design.""",1
"""I love how you keep innovating with new flavors! Each one is better than the last.""",1
"""The workshop I attended was not only informative but also very enjoyable. Great job!""",1
"""Can’t beat the prices for such high-quality products! I’ll be a loyal customer.""",1
"""Each visit to your store is a delight! The staff makes shopping such a pleasant experience.""",1
"""The package arrived beautifully wrapped! It felt like a gift to myself.""",1
"""Your website is so easy to navigate! I found exactly what I was looking for in no time.""",1
"""The food truck had the best tacos I’ve ever tasted! I’ll be back for sure.""",1
"""Thank you for making my first experience so wonderful! I can’t wait to return.""",1
"""Absolutely love my new coffee maker! It brews the perfect cup every time.""",1
"""The customer service team was incredibly helpful when I had questions about my order. Thanks for the support!""",1
"""Just received my shoes, and they fit like a dream! Can't wait to show them off.""",1
"""The delivery was super fast, and everything arrived in perfect condition. Highly recommend!""",1
"""I appreciate the thoughtful packaging. It felt like a gift opening it!""",1
"""Had a wonderful experience at your restaurant last night. The staff was so friendly and attentive.""",1
"""The app is so user-friendly; I was able to navigate everything easily. Great job!""",1
"""I’m impressed with the quality of the materials used in this jacket. It feels durable yet stylish.""",1
"""I’ve been using this skincare line for a month, and my skin has never looked better. Totally worth it!""",1
"""Your prices are unbeatable for the quality you offer. I’ll be coming back for sure!""",1
"""Just had a fantastic experience at your store! The staff went above and beyond to help me find what I needed.""",1
"""Big shoutout to the delivery driver who was so polite and punctual. It made my day!""",1
"""I love the variety of options available. There’s something for everyone!""",1
"""The online checkout process was a breeze. I appreciate how easy you’ve made it!""",1
"""I’m really grateful for the quick response from your support team. You guys rock!""",1
"""This blender is a game-changer! Smoothies are a breeze now.""",1
"""I was pleasantly surprised by how comfortable the hotel beds were. I slept like a baby!""",1
"""Your email updates kept me informed every step of the way. Thank you!""",1
"""The quality of the fabric in these shirts is outstanding. I’ll be recommending you to friends!""",1
"""I had a small issue with my order, but your team resolved it quickly and kindly. Much appreciated!""",1
"""Just wanted to say how much I love the design of your website. It’s so easy to find what I’m looking for!""",1
"""I’ve tried many brands, but this one has truly impressed me with its performance. Keep it up!""",1
"""The ambiance at your café is perfect for studying. I’ll definitely be back!""",1
"""Wow, the variety of vegan options on your menu is fantastic. So happy to see this!""",1
"""I had a minor hiccup with my delivery, but the way your team handled it was commendable. Thank you!""",1
"""Your product really exceeded my expectations. I’m thrilled!""",1
"""Just wanted to drop a note to say how much I appreciate your eco-friendly packaging. It’s a great touch!""",1
"""The staff was so welcoming and made me feel right at home. Thank you for a lovely experience!""",1
"""This gadget has made my life so much easier. Highly recommend to anyone!""",1
"""The personalized service I received was above and beyond. It made my shopping experience unforgettable.""",1
"""I was impressed with the speed of service at your restaurant. My food came out quickly and was delicious!""",1
"""Your loyalty program is one of the best I’ve seen. I love earning points!""",1
"""I can’t believe how affordable this service is for the quality provided. What a find!""",1
"""The staff member who helped me was so knowledgeable and friendly. A real asset to your team!""",1
"""I love how you’re always innovating and coming out with new products. It keeps me coming back!""",1
"""The follow-up email after my purchase was a nice touch. It made me feel valued as a customer.""",1
"""These headphones have outstanding sound quality. I’m so pleased with my purchase!""",1
"""I appreciate the detailed product descriptions on your site. It really helped me make a decision.""",1
"""Your team handled my issue with such professionalism. I’m very grateful for the assistance!""",1
"""The atmosphere in your store is so inviting. It’s a pleasure to shop there.""",1
"""I was blown away by how quickly my order arrived. Fantastic service!""",1
"""The tasting menu at your restaurant was exquisite. Every dish was a delight!""",1
"""I love the community vibe you’ve created with your events. It’s nice to feel connected.""",1
"""I’m really impressed with how easy it is to return items. It makes shopping with you stress-free!""",1
"""Your attention to detail in packaging and presentation is commendable. It really stands out!""",1
"""The value for money with this subscription is incredible. I feel like I’m getting so much!""",1
"""I had a delightful chat with your customer service rep. She was so friendly and helpful!""",1
"""The quality of the print on my custom order is amazing. You’ve done a fantastic job!""",1
"""I’m always excited to see what new products you’ll launch next. Keep inspiring us!""",1
"""Absolutely thrilled with my new smartphone! The camera quality is just amazing, and it arrived a day earlier than expected.""",1
"""I had a great experience at the restaurant last night. The staff were super friendly, and the pasta was cooked to perfection!""",1
"""Just wanted to say how much I appreciate the quick response from customer support. They resolved my issue in no time and were very polite!""",1
"""This online store is a gem! Prices are unbeatable, and my order arrived in just two days. Highly recommend!""",1
"""I love my new running shoes! They're so comfortable, and I’ve noticed a big difference in my performance. Worth every penny!""",1
"""Thank you for the excellent service during my recent visit. Your team really went above and beyond to accommodate my needs.""",1
"""I’m really impressed with how easy it was to navigate your website. Found exactly what I needed without any hassle.""",1
"""Had a fantastic stay at your hotel! The breakfast buffet was delicious, and the staff made us feel right at home.""",1
"""Just received my order, and everything is perfect! The packaging was really nice, and the products look even better in person.""",1
"""Your customer service team is exceptional! They handled my return smoothly and made the process so stress-free.""",1
"""I can't believe how quickly my order arrived! It felt like I blinked and it was at my doorstep.""",1
"""The new features on your app are fantastic! It's so user-friendly now, and I find myself using it daily.""",1
"""I’ve been a loyal customer for years, and your consistency never fails to impress me. Keep up the great work!""",1
"""Just had the best experience at your coffee shop! The barista was friendly and made the perfect latte.""",1
"""Really happy with my purchase! The quality is top-notch, and it was a great deal for the price.""",1
"""Your delivery service is outstanding! My groceries were delivered fresh and on time, making my day so much easier.""",1
"""I just wanted to drop a note about how much I love your handmade soaps! They smell divine and leave my skin feeling soft.""",1
"""Had a little hiccup with my order, but your support team handled it beautifully. Thank you for being so understanding!""",1
"""I recently tried your skincare line, and my skin has never felt better. Loving the natural ingredients!""",1
"""The ambiance at your restaurant is so cozy. Perfect for a casual night out with friends!""",1
"""Just wanted to say thanks for the quick refund process. It was handled professionally, and I appreciate the promptness.""",1
"""I'm really impressed with your eco-friendly packaging! It's great to see companies taking steps towards sustainability.""",1
"""I had a lovely experience at your boutique. The staff were so helpful, and I found the dress of my dreams!""",1
"""Just wanted to share how much I love the new features on your website! So much easier to shop now.""",1
"""Your team at the store was incredibly helpful. They went out of their way to find the right product for me!""",1
"""Absolutely loved the concert last night! The atmosphere was electric, and the performers were phenomenal.""",1
"""I was pleasantly surprised by how affordable your services are. Great value for the quality you provide!""",1
"""The follow-up after my purchase was a nice touch! It shows you really care about your customers.""",1
"""Had a fantastic experience with your travel agency! They planned everything to perfection and took all the stress off my shoulders.""",1
"""Just wanted to compliment your staff at the front desk. They were so welcoming and made my check-in a breeze.""",1
"""I’m so happy with my new coffee maker! It brews the perfect cup every time and looks great on my counter.""",1
"""Your online chat support was incredibly useful! They answered all my questions quickly and were very knowledgeable.""",1
"""The atmosphere at your restaurant is just lovely! It made for a perfect date night, and we can't wait to return.""",1
"""I recently bought a bike from your store, and I'm loving every ride! The staff helped me find the perfect fit.""",1
"""Your website is so easy to use! I found exactly what I needed without any hassle. Great job!""",1
"""I appreciate the high-quality materials in your clothing line. They hold up well after several washes, unlike other brands!""",1
"""Had a wonderful experience at your spa. The staff was professional, and I left feeling completely rejuvenated.""",1
"""Your customer loyalty program is fantastic! I love earning points and getting discounts on future purchases.""",1
"""I just wanted to say how much I appreciate your commitment to customer satisfaction. It truly shows in your service!""",1
"""Your new line of vegan snacks is incredible! Tasty and healthy – can’t ask for more than that!""",1
"""I’m really impressed with the range of products you offer. I always find something new and exciting to try!""",1
"""I had a great experience ordering from your site. Fast checkout and quick delivery – I’ll definitely be back!""",1
"""Your restaurant never disappoints! The food is always fresh and delicious, and the service is top-notch.""",1
"""I just wanted to highlight how friendly your staff is at the store. They really make shopping a joy!""",1
"""Your app has made managing my subscriptions so much easier! Thank you for the user-friendly design.""",1
"""I was blown away by how quickly my issue was resolved. Your customer service is a model for others in the industry!""",1
"""Absolutely loved my new headphones! The sound quality is incredible, and they arrived two days ahead of schedule.""",1
"""I had a fantastic experience at your restaurant last night. The staff was super friendly, and the pasta was out of this world!""",1
"""Just wanted to say a huge thank you for your customer support team. They were so helpful and resolved my issue in no time.""",1
"""The app is really user-friendly and has made managing my tasks so much easier. Great job, team!""",1
"""I purchased a dress from your online store, and it fits perfectly! The fabric is so soft, I can’t stop wearing it.""",1
"""Your delivery was lightning fast! I ordered my shoes on a Monday, and they were at my doorstep by Tuesday afternoon. Impressive!""",1
"""I love the variety of products you offer! I found exactly what I was looking for, and the checkout process was a breeze.""",1
"""The staff at your hotel were so accommodating. They made our stay feel extra special!""",1
"""I appreciate the quick response from your team regarding my refund request. It’s nice to see a company that values its customers.""",1
"""The coffee at your café is the best in town! I can’t wait to come back for more.""",1
"""I was pleasantly surprised by the quality of the electronics I bought. They work like a charm and are reasonably priced!""",1
"""Your website is so easy to navigate. I found everything I needed without any hassle.""",1
"""Had a great experience booking my vacation through your service. Everything went smoothly, and the prices were unbeatable!""",1
"""The tutorial videos you provide are super helpful. I learned so much in such a short time!""",1
"""I really appreciate how friendly your staff are at the store. It makes shopping so much more enjoyable!""",1
"""Just received my order, and I am thrilled! The packaging was lovely, and everything was in perfect condition.""",1
"""The rental process was straightforward and hassle-free. Thanks for making it so easy!""",1
"""Your team went above and beyond to help me pick the right product. I’m really grateful for their expertise!""",1
"""I’ve been using your fitness app for a month now, and I’m loving the progress I’m making. It keeps me motivated!""",1
"""Visited your shop for the first time, and I was impressed with the selection. I’ll definitely be back!""",1
"""I love how you keep your prices competitive without sacrificing quality. It’s hard to find that these days!""",1
"""This was my first time ordering from your site, and I’m really happy with my purchase. Everything exceeded my expectations!""",1
"""The atmosphere at your restaurant was delightful, and the live music added a nice touch to our evening.""",1
"""I had a minor issue with my order, but your support team handled it swiftly and professionally. Thank you!""",1
"""I can’t say enough good things about my experience with your service. You really know how to take care of your customers!""",1
"""Your products are always top-notch! I’ve never been disappointed with anything I’ve bought.""",1
"""I love that you offer free shipping on orders over a certain amount. It really incentivizes me to shop more!""",1
"""The staff at your store were super helpful in finding the perfect gift for my friend. Much appreciated!""",1
"""I was impressed by how quickly I received my order, especially during the holiday season.""",1
"""The quality of your skincare products is fantastic! My skin has never felt better.""",1
"""I just wanted to compliment your team for their great service at the front desk. They made check-in a breeze!""",1
"""I found your online tutorials to be incredibly informative and engaging. Keep up the good work!""",1
"""Your return policy is so fair and easy to understand. It gives me confidence when shopping online.""",1
"""I absolutely love my new kitchen gadget! It’s made cooking so much more enjoyable.""",1
"""Your restaurant has a cozy vibe that makes it perfect for a date night. We’ll be back for sure!""",1
"""I appreciate how you communicate updates on my order status. It makes the waiting much easier!""",1
"""The customer service representative I spoke with was very knowledgeable and friendly. Thank you for hiring great staff!""",1
"""I bought a new plant from your shop, and it’s thriving beautifully! Your advice on care was spot on.""",1
"""I really enjoy your loyalty program. It gives me a reason to keep coming back!""",1
"""The delivery driver was so polite and professional. It made receiving my package much more pleasant.""",1
"""Your product descriptions are clear and informative, which made my decision-making process much easier.""",1
"""I had a delightful experience at your store yesterday. The layout is inviting, and the selection is impressive!""",1
"""The app’s new features are fantastic! It’s like you read my mind on what I needed to enhance my experience.""",1
"""I’ll definitely recommend your services to my friends! I had such a positive experience.""",1
"""I loved the special touches in the packaging of my order. It felt like I was opening a gift!""",1
"""Your restaurant’s brunch menu is delightful! Everything we ordered was delicious and beautifully presented.""",1
"""The tech support I received was top-notch. They resolved my issue quickly and explained everything clearly.""",1
"""I was so pleased with how easy it was to set up my new device. The instructions were straightforward and simple to follow.""",1
"""Thanks for the prompt shipping! I’m excited to start using my new workout gear.""",1
"""The friendly atmosphere at your shop makes it a joy to visit. I always leave with a smile!""",1
"""Absolutely thrilled with my new laptop! The speed is incredible, and the battery life lasts all day. Worth every penny!""",1
"""I just had the best experience at your store. The staff were so friendly and helped me find exactly what I needed. I’ll definitely be coming back!""",1
"""I ordered a custom cake for my daughter’s birthday, and it was stunning! Not only did it look amazing, but it tasted delicious too. Thank you for making her day extra special!""",1
"""The customer service team was so helpful when I had an issue with my order. They resolved it quickly and with a smile. Really appreciate the support!""",1
"""Just wanted to say how much I love your skincare line! My skin has never felt better, and the scents are heavenly. Keep up the fantastic work!""",1
"""I was impressed by how quickly my package arrived. I expected a longer wait, so this was a pleasant surprise. Great job on the shipping!""",1
"""This restaurant is a gem! The ambiance is cozy, and the food is mouthwatering. I can’t wait to come back and try more dishes.""",1
"""I had a minor hiccup with my subscription, but the support staff were super responsive and fixed everything in no time. Excellent service!""",1
"""Just wrapped up my first yoga class, and I feel amazing! The instructor was so encouraging, and the atmosphere was just right. I’m hooked!""",1
"""I absolutely love the variety of products you offer! There’s something for everyone, and it makes shopping so much fun. Kudos to your team!""",1
"""Thank you for the prompt delivery! My new shoes fit perfectly and are super comfy. I’ll be recommending you to all my friends.""",1
"""The online booking process was seamless, which I really appreciated. It made planning my trip so much easier!""",1
"""I recently bought a new phone, and the features are fantastic! The camera quality is out of this world. So happy with my purchase!""",1
"""Your team made my wedding day unforgettable! Every detail was perfect, and I couldn't have asked for a better experience.""",1
"""Just had the best coffee from your shop! The barista was friendly and made a fantastic latte. I’ll be back for sure!""",1
"""I found your customer support to be incredibly patient and understanding. They took the time to answer all my questions, which I greatly appreciate.""",1
"""I love how your products are eco-friendly! It makes me feel good about my purchases. Thank you for being environmentally conscious!""",1
"""The meal I had at your restaurant was delightful! Each bite was bursting with flavor. I’ll be spreading the word to my friends.""",1
"""Your website is super easy to navigate, which made shopping a breeze. I’ll definitely be coming back for more!""",1
"""I’m so impressed with the quality of the clothes I ordered! They fit perfectly and feel so luxurious. Worth every cent!""",1
"""I had a fantastic experience at your hotel. The staff went above and beyond to make me feel welcome. I’ll be recommending it to everyone!""",1
"""The delivery was quick, and the product was just as described. I’m very satisfied with my purchase!""",1
"""Your customer service is top-notch! They resolved my issue without any hassle. Thank you for making it so easy!""",1
"""I was blown away by how delicious the food was at your restaurant. Each dish was better than the last!""",1
"""I appreciate how quickly you responded to my email. Your team is very professional and efficient. Thank you!""",1
"""Just got my new watch, and I’m in love! The design is sleek and elegant, perfect for any occasion. Well done!""",1
"""The atmosphere in your store is amazing! I spent way longer than planned just browsing. Can’t wait to come back!""",1
"""Your app is so user-friendly! It made ordering my favorite snacks incredibly easy. Big thumbs up!""",1
"""I’m really happy with the service I received during my last visit. The staff were attentive without being overbearing. Great balance!""",1
"""Just wanted to say, the quality of your products is exceptional! I’ve never been let down. Keep it up!""",1
"""The coffee shop ambiance is so cozy! Perfect for my study sessions. Plus, the drinks are always on point!""",1
"""I enjoyed my experience at your spa immensely! The staff were friendly, and the treatment was just what I needed.""",1
"""I love the variety of payment options you offer. It made checkout so convenient!""",1
"""Your team handled my complaint with such professionalism. I feel valued as a customer. Thank you!""",1
"""The bike I bought from you has been amazing! It rides smoothly, and I’ve been enjoying my weekend rides so much more.""",1
"""Just had a lovely dinner at your restaurant! The service was prompt, and the food was divine. I’ll be returning soon!""",1
"""Your product descriptions are spot on! I knew exactly what I was getting, and it met my expectations perfectly.""",1
"""I can’t thank your staff enough for their kindness during my visit. They really went out of their way to help me!""",1
"""The new features on your app are fantastic! It’s made my shopping experience even better.""",1
"""I was pleasantly surprised by the portion sizes at your restaurant. Great value for money!""",1
"""Your team made my online shopping experience so enjoyable. I’ll definitely be a repeat customer!""",1
"""Absolutely loved my new laptop! The speed is incredible, and the battery life lasts all day. Highly recommend!""",1
"""Just had the best experience at the restaurant! The staff was so friendly, and the food was delicious. Will definitely be back!""",1
"""I ordered a dress online, and it arrived two days earlier than expected. The fit is perfect, and the color is just as described.""",1
"""Fantastic customer service! The support team was super helpful in resolving my issue quickly and efficiently. Thank you!""",1
"""I’m so happy with my new headphones. The sound quality is amazing, and they’re really comfortable to wear for long periods.""",1
"""I’ve been using this app for a month now, and it has made my life so much easier. Great user interface and very intuitive!""",1
"""The delivery was prompt, and the packaging was so neat. It felt like I was opening a gift!""",1
"""I recently stayed at your hotel, and I must say, the cleanliness was impressive. The staff went above and beyond to make my stay enjoyable.""",1
"""Just received my order, and everything was packed perfectly! No damages at all. I appreciate the attention to detail.""",1
"""Loved the workshop I attended! The instructor was engaging, and I walked away with so many useful tips.""",1
"""I’m really impressed with the variety of products you offer. I found exactly what I needed without any hassle.""",1
"""Your customer support was fantastic! They guided me patiently through the troubleshooting process. Really grateful for their help!""",1
"""The event was well organized, and the atmosphere was lively. I had a great time meeting new people!""",1
"""I just switched to your service, and I’m thrilled with the savings. The transition was smooth, and the app is user-friendly.""",1
"""The quality of this skincare product is amazing! My skin feels so much better after just a few days of use.""",1
"""I had a minor issue with my order, but the resolution was quick and hassle-free. Impressive service!""",1
"""Just received my new running shoes, and they are so comfortable! I can't wait to take them for a spin.""",1
"""Really enjoyed the movie night! The snacks were delicious, and the staff was so cheerful and accommodating.""",1
"""Your website is so easy to navigate. I found exactly what I was looking for in no time!""",1
"""I love the new features in your latest update! They really enhance the user experience. Keep up the great work!""",1
"""The atmosphere at your café is so inviting! I could spend hours there with a book and a cup of coffee.""",1
"""I was pleasantly surprised by how affordable your products are. Great value for the quality you provide!""",1
"""Just wanted to say thank you for the timely delivery! Everything was as described, and I’m very happy with my purchase.""",1
"""The staff at your store are always so welcoming. It makes shopping a pleasure every time!""",1
"""I appreciate the eco-friendly packaging! It shows you care about the environment, which is a big plus for me.""",1
"""I attended the seminar, and it was worth every penny! I learned so much and met some fantastic people.""",1
"""The app's speed and responsiveness have improved significantly. I'm really enjoying the smoother experience!""",1
"""Had a great experience with your online chat support. They were really knowledgeable and friendly.""",1
"""The attention to detail in your products is impressive! You can tell a lot of care goes into everything.""",1
"""I love how quickly my orders arrive! It makes online shopping so much more enjoyable.""",1
"""Your loyalty program is fantastic! I feel appreciated as a customer, and it’s easy to accumulate points.""",1
"""The food was absolutely delicious, and the portion sizes were generous. I left feeling satisfied!""",1
"""I’m really impressed with the craftsmanship of this piece. It looks high-end without the hefty price tag.""",1
"""Your customer service team deserves a raise! They handled my concern with such professionalism.""",1
"""Just had my first experience using your service, and I’m blown away by how easy it was. Will definitely continue!""",1
"""The staff at your location are always so friendly and helpful. It makes such a difference!""",1
"""I appreciate the helpful FAQs on your site. It saved me a lot of time finding the answers I needed.""",1
"""The quality of your fabrics is superb! I love how soft and durable they feel.""",1
"""Just wanted to share how much I love my new planner! It’s so organized and motivates me to stay on track.""",1
"""The food delivery was right on time, and everything was still hot when it arrived. Great job!""",1
"""I had a lovely experience at your boutique! The selection was unique, and the staff was incredibly helpful.""",1
"""The online checkout process was seamless. I appreciate how quick and easy it was to complete my purchase!""",1
"""Your products are always so reliable. I never have to worry about quality when I shop with you.""",1
"""The workshop was interactive and fun! I learned a lot and made some new friends in the process.""",1
"""Really enjoyed the friendly vibe at your shop. I felt welcomed from the moment I walked in.""",1
"""The subscription box was a delightful surprise! I loved every item inside and can’t wait for the next one.""",1
"""Your team went out of their way to accommodate my special request. It made my experience truly memorable!""",1
"""I’m thrilled with how my new phone works! The camera quality is out of this world.""",1
"""The follow-up after my purchase was a nice touch. It shows you really care about your customers!""",1
"""Absolutely loved my new headphones! The sound quality is amazing, and they were delivered super fast.""",1
"""Just had a fantastic meal at the new Italian restaurant downtown! The pasta was freshly made, and the staff were so friendly.""",1
"""I’m really impressed with the customer service at this store. They went above and beyond to help me find what I needed.""",1
"""These shoes are incredibly comfortable and stylish. Worth every penny!""",1
"""I ordered a custom cake for my daughter's birthday, and it was stunning! Everyone loved it, and it tasted delicious too.""",1
"""The app is super user-friendly! I was able to book my appointment in just a few minutes.""",1
"""I appreciate the quick response from the support team. They resolved my issue in no time.""",1
"""Great selection of organic produce at this market! I’ll definitely be coming back weekly.""",1
"""The delivery was on time, and everything was packaged perfectly. Five stars!""",1
"""I can't say enough good things about the gym staff. They are always so welcoming and motivating!""",1
"""This coffee shop has the best ambiance. Perfect place to work or relax with friends.""",1
"""I recently purchased a smartwatch, and it has exceeded my expectations! The battery life is impressive.""",1
"""Just had a massage at the spa, and it was heavenly. I left feeling completely rejuvenated.""",1
"""The pricing at this boutique is very reasonable for the quality of the clothing. I’ll be back for sure!""",1
"""I was pleasantly surprised by how easy it was to navigate the website. Found exactly what I needed!""",1
"""The staff at the hotel were so accommodating. They really made my stay enjoyable.""",1
"""I love the variety of flavors at this ice cream shop! The salted caramel is a must-try.""",1
"""As a frequent flyer, I appreciate how clean and efficient this airline is. Always a pleasant experience.""",1
"""The new phone case I bought is not only protective but also super cute!""",1
"""Had a great experience renting a car here. The process was smooth, and the staff were friendly.""",1
"""I’ve been using this skincare product for a month, and my skin has never looked better!""",1
"""Tried the new burger joint, and wow! The flavors are out of this world.""",1
"""I’m grateful for the detailed tutorials offered by this online course. They really help clarify complex topics.""",1
"""The staff at this pet store are so knowledgeable and helped me pick the right food for my dog.""",1
"""I love the cozy vibe of this bookstore. Perfect for curling up with a good read!""",1
"""The furniture I ordered arrived ahead of schedule and looks even better in person!""",1
"""Just had the best experience with tech support. They were patient and really knew their stuff.""",1
"""The atmosphere at this wine bar is perfect for a date night. Highly recommend!""",1
"""I appreciate that this brand focuses on sustainability. It makes me feel good about my purchases.""",1
"""The weekly deals at this grocery store are such a steal! I saved a ton this week.""",1
"""My son loved the summer camp! The activities were engaging, and the staff were fantastic.""",1
"""I’m really enjoying my subscription box! Each month feels like a little surprise.""",1
"""The concert last night was incredible! The energy from the crowd was unmatched.""",1
"""I found the perfect gift for my friend at this local shop. The handmade items are so unique!""",1
"""The online chat feature was super helpful for resolving my billing issue quickly.""",1
"""Just got back from a vacation booked through this travel agency, and everything went smoothly.""",1
"""The customer loyalty program here is fantastic! I love earning rewards on every purchase.""",1
"""Had a lovely afternoon tea at the café. The scones were to die for!""",1
"""I’m so glad I found this workout app. It keeps me motivated and on track with my fitness goals.""",1
"""The service at this restaurant was impeccable. Our server was attentive without being intrusive.""",1
"""I’m really impressed with how durable this backpack is. It’s perfect for my hiking trips!""",1
"""The team at this startup is doing amazing work. I’m excited to see what they do next!""",1
"""Just got my first order from this meal kit service, and I’m thrilled with the quality of ingredients.""",1
"""I love how this brand engages with customers on social media. It makes them feel more personal!""",1
"""The guided tour was informative and fun! I learned so much about the history of the city.""",1
"""I appreciate that this clothing line offers extended sizes. It makes shopping so much easier!""",1
"""The children's museum was a hit with my kids. They can't stop talking about it!""",1
"""The new feature on the app makes tracking my workouts super easy. Loving the updates!""",1
"""Just had a great experience at this auto repair shop. They were honest and fair with pricing.""",1
"""Absolutely thrilled with my new smartphone! The camera quality is amazing, and it arrived two days earlier than expected.""",1
"""I had a fantastic experience at your restaurant last night. The staff was incredibly friendly, and the pasta was to die for!""",1
"""Just wanted to say a huge thank you for your customer service! They resolved my issue in no time and were so polite.""",1
"""I love the eco-friendly packaging of your products! It's great to see a company that cares about the environment while providing top-notch items.""",1
"""My order arrived promptly and all items were in perfect condition. I’ll definitely be shopping here again!""",1
"""The online booking process was a breeze. I appreciate how user-friendly your website is!""",1
"""Your team was super helpful when I called for support. They made me feel like a valued customer.""",1
"""I am so impressed with the durability of these shoes! I’ve worn them every day and they still look brand new.""",1
"""Just picked up my new laptop, and I couldn't be happier! It's fast, sleek, and the battery life is fantastic.""",1
"""Had a lovely stay at your hotel! The amenities were top-notch, and the staff went above and beyond to make us feel welcome.""",1
"""I was blown away by the quality of the skincare products! My skin has never felt this good.""",1
"""The delivery was so quick, and the packaging was lovely! I felt like I was opening a gift.""",1
"""Great service from your team! They made the whole process feel effortless.""",1
"""I appreciate how your prices are so competitive without sacrificing quality. Keep it up!""",1
"""The staff at the store were incredibly knowledgeable and helped me find exactly what I needed.""",1
"""I love the variety of flavors you offer! It’s hard to choose just one favorite.""",1
"""We had a minor hiccup with our order, but your customer service team handled it like pros. Thank you!""",1
"""Just wanted to say how much I enjoyed my meal last night. The flavors were incredible!""",1
"""Your app is so intuitive and makes shopping a delight. I’m impressed!""",1
"""I really appreciate your commitment to sustainability. It makes me feel good about my purchases.""",1
"""The virtual consultation was super convenient and informative. I learned so much!""",1
"""I can’t get enough of this coffee! The rich flavor is just what I needed.""",1
"""Your team made my wedding planning so much easier. I couldn’t have done it without you!""",1
"""So happy with my new bike! It rides smoothly, and the design is sleek.""",1
"""The customer support was prompt and very helpful. I felt valued as a customer!""",1
"""I absolutely love the decor in your shop. It makes shopping such a pleasant experience!""",1
"""The quality of your clothing is unmatched. I’ll be recommending you to all my friends!""",1
"""Thank you for the quick response to my query! It was refreshing to get such prompt service.""",1
"""I loved the personalized touch when I received my order. It made my day!""",1
"""The ambiance of your cafe is so cozy. Perfect for a weekend chill!""",1
"""Your loyalty program is fantastic! I’ve already earned so many rewards.""",1
"""The staff was very attentive without being overbearing. Great balance!""",1
"""I found exactly what I was looking for, and the price was just right.""",1
"""I’m impressed with how quickly you processed my return. Smooth experience!""",1
"""Your subscription service is a game-changer! I love getting my favorites delivered.""",1
"""I had a delightful experience at your spa. The massage was heavenly!""",1
"""The tutorial videos on your website are really helpful. I learned a lot!""",1
"""So happy with the quality of this cookware! It cooks evenly and cleans easily.""",1
"""Your seasonal sales are amazing! I scored some great deals this time around.""",1
"""I’m in love with the scent of this candle. It fills my room perfectly!""",1
"""Your online chat support was super helpful and friendly. It made my day!""",1
"""The attention to detail in your product packaging is impressive. It felt special to open!""",1
"""I appreciate how quickly you addressed my feedback. It shows you care!""",1
"""The atmosphere at your restaurant is just perfect for a date night.""",1
"""I’m so glad I found your brand! Quality and affordability in one place.""",1
"""The delivery driver was so polite and friendly. It made the experience even better!""",1
"""Your product recommendations were spot on. I’m really happy with my purchase!""",1
"""The waitstaff at your diner were attentive and cheerful. It made for a lovely meal!""",1
"""Best purchase I’ve made this year! The performance of this gadget is outstanding.""",1
"""I appreciate the clear instructions that came with my order. Made setup a breeze!""",1
"""Your bakery’s pastries are out of this world! I can’t resist stopping by.""",1
"""I was impressed by the variety of options available. Something for everyone!""",1
"""The follow-up email after my order was a nice touch. It made me feel appreciated.""",1
"""I’m grateful for the flexibility in your return policy. It made my decision so much easier!""",1
"""Absolutely fantastic service! The team went above and beyond to ensure my order arrived on time.""",1
"""I can't believe how quickly my package got here! Ordered yesterday, and it’s already in my hands.""",1
"""The quality of the product is top-notch. It exceeded my expectations, and I’d highly recommend it to anyone.""",1
"""I had a great experience at the store. The staff was super friendly and knowledgeable about the products.""",1
"""Just got my new phone, and I’m in love! The camera quality is amazing, and it’s so easy to use.""",1
"""Thank you for the excellent customer support! You resolved my issue in no time, and I appreciate your help.""",1
"""I’ve been using this skincare line for a month now, and my skin has never looked better. So grateful I found it!""",1
"""Loved the cozy atmosphere at the café! Perfect spot to relax with a good book and a cup of coffee.""",1
"""The delivery was so fast, I didn’t expect it to arrive until next week! What a pleasant surprise.""",1
"""Your app is so user-friendly! I’ve had no issues navigating it, and it makes ordering a breeze.""",1
"""I’m really impressed with the sustainability efforts of this brand. It makes me feel good about my purchase.""",1
"""The price point is fantastic for the quality. I was expecting something lesser for this price!""",1
"""I always feel welcomed when I visit your store. The staff makes it a point to remember regular customers.""",1
"""Absolutely loved the meal I had at your restaurant! The flavors were incredible, and the presentation was beautiful.""",1
"""Just wanted to say thank you for your quick response to my inquiry! It made my day.""",1
"""The online shopping experience was seamless, and I will definitely be coming back for more.""",1
"""I appreciate that you offer a wide range of sizes. It’s hard to find options that fit well, and yours do!""",1
"""Your team is always so helpful when I have questions. It’s nice to know that support is just a call away.""",1
"""I’m very happy with my purchase! The product works exactly as advertised, and I couldn’t be more satisfied.""",1
"""Had a minor hiccup with my order, but the customer service was stellar! They fixed it right away.""",1
"""Such a great find! I love the unique items you carry that I can’t find anywhere else.""",1
"""I bought this for my son, and he hasn’t stopped using it! It’s a hit in our household.""",1
"""The atmosphere at your venue is just delightful. Perfect for hosting events or casual meetups.""",1
"""I appreciate the follow-up email after my purchase. It shows you really care about your customers.""",1
"""This is my go-to brand now! The performance of the product is truly impressive.""",1
"""I was a bit hesitant at first, but your product has really changed my mind. I’m a believer now!""",1
"""The staff's friendliness made my shopping experience enjoyable. I will definitely be back!""",1
"""What a lovely surprise to find a handwritten thank you note in my order! It made my day.""",1
"""I love that you offer free shipping on orders over a certain amount. Makes shopping here even better!""",1
"""Your product has saved me so much time in my daily routine. Can’t imagine life without it!""",1
"""The app is fantastic! The interface is clean, and I love the personalized recommendations.""",1
"""Your restaurant is my favorite! The food is consistently delicious, and the service is always on point.""",1
"""I received my order earlier than expected, and everything was packed with care. Thank you!""",1
"""I’ve shared my positive experience on social media! You deserve all the love for your hard work.""",1
"""Your products are always reliable. I’ve never been disappointed with anything I bought!""",1
"""The seamless return process was a pleasant surprise. I appreciate how easy you make it!""",1
"""I love the seasonal items you offer! They always bring something new and exciting to my shopping experience.""",1
"""I can’t say enough good things about your customer service team. They’re always friendly and helpful.""",1
"""The quality of your clothing is exceptional! It feels great to wear something that lasts.""",1
"""I appreciate the transparency in your pricing. No hidden fees here, which is refreshing!""",1
"""The ambiance at your café is just perfect for working or studying. I could stay there all day!""",1
"""I’m thrilled with my purchase! It""",1
"""Absolutely loved the new blender! It blends everything so smoothly and is super easy to clean.""",1
"""I had an amazing experience at the cafe yesterday. The barista was so friendly and made the best cappuccino I've ever had.""",1
"""This software has transformed our workflow. The features are user-friendly, though I’d love to see more integrations in the future.""",1
"""Just received my order, and I’m thrilled! The delivery was super quick, and the product quality exceeded my expectations.""",1
"""The customer support team was incredibly helpful when I had a question about my order. Thanks for the great service!""",1
"""I’m so happy with my new shoes! They fit perfectly and are so comfortable for all-day wear.""",1
"""Had dinner at the new restaurant in town, and it was fantastic! The ambiance was cozy, but the wait was a bit long.""",1
"""I appreciate the prompt response from the tech support team. They solved my issue in no time, and I’m grateful for their patience.""",1
"""The new features in the app are great! It’s so much easier to navigate now, but a tutorial would be helpful for new users.""",1
"""I love my new smartwatch! The fitness tracking is on point, and it looks stylish too.""",1
"""The staff at the hotel were incredibly welcoming. The room was clean, but I wish the breakfast had more variety.""",1
"""This online store has become my go-to! The prices are unbeatable, and shipping is lightning fast.""",1
"""I’m impressed with the quality of the clothes I ordered. They fit true to size, and the fabric feels luxurious.""",1
"""Had a great time at the amusement park! The rides were exhilarating, though some lines were a bit long.""",1
"""This cleaning service did an amazing job! My house has never looked better, though I’d appreciate a more detailed checklist next time.""",1
"""I’m really enjoying this new book I picked up. The characters are well-developed, but I hope the plot picks up soon!""",1
"""Shoutout to the team for fixing my issue so quickly. You made my day!""",1
"""The fragrance from this candle is divine! I just wish it lasted a bit longer once lit.""",1
"""Just wanted to say how much I love your customer loyalty program! It really makes me feel valued as a customer.""",1
"""I had a fantastic experience renting a car! The process was smooth, but the vehicle could’ve been cleaner.""",1
"""The new features in this game are a game changer! I’m loving the multiplayer aspect, but the matchmaking could use some work.""",1
"""I’m so impressed with the quality of service at this spa. The staff were attentive, but the pricing is a bit steep.""",1
"""What a delightful shopping experience at your store! The staff were so helpful, and I found exactly what I needed.""",1
"""I’m really happy with my recent purchase! The quality is superb, although the delivery took longer than expected.""",1
"""Just finished a fantastic meal at the new bistro. The flavors were exquisite, but a few more vegetarian options would be great!""",1
"""The app is fantastic! Super easy to use, but I’d love to see a dark mode feature in future updates.""",1
"""I’m so grateful for the support I received during my recent issue! Every team member was friendly and knowledgeable.""",1
"""This garden tool has made my life so much easier! I wish I’d bought it sooner.""",1
"""I had a wonderful time at the concert! The atmosphere was electric, though the parking situation was a bit chaotic.""",1
"""The quality of your products is consistently impressive! I always feel like I’m getting great value for my money.""",1
"""I love the variety of flavors at this ice cream shop! Just wish they had more dairy-free options.""",1
"""Thanks for the quick response to my inquiry! Your team is always so helpful and friendly.""",1
"""I’m thrilled with my new laptop! It’s fast and sleek, but I wish it came with a better manual.""",1
"""The atmosphere at your restaurant was amazing! The food was delicious, but it took a while to get our orders.""",1
"""Just wanted to drop a note to say how much I appreciate your service! You always go above and beyond.""",1
"""I recently tried your skincare products, and my skin feels fantastic! I’d love to see more travel sizes available.""",1
"""The instructors at your gym are top-notch! They really motivate me, but I wish there were more classes offered during the week.""",1
"""I had a great experience with my recent purchase! The size was perfect, though the color looked slightly different online.""",1
"""I’m really enjoying this subscription box! The variety is fun, but I’d love to see more seasonal themes.""",1
"""The staff at your store were so helpful! They really took the time to answer all my questions.""",1
"""I’m so happy with the quality of my new kitchen gadgets! They work wonderfully, but I wish they came in more colors.""",1
"""The service at your restaurant was exceptional! Just a suggestion: consider adding more dessert options to the menu.""",1
"""I’m impressed with how well this vacuum works! It’s powerful, though it could be a bit quieter.""",1
"""Just wanted to say thank you for the great experience! I’ll definitely be back for more.""",1
"""Your customer service is top-notch! I felt valued and appreciated throughout the entire process.""",1
"""I love the new features on your website! They make shopping so much easier, but a filter for size would be helpful.""",1
"""Absolutely love my new headphones! The sound quality is incredible and they are super comfortable for long use. Highly recommend!""",1
"""I had a fantastic experience ordering through your website! The delivery was faster than expected, and my shoes fit perfectly. Thank you!""",1
"""Just wanted to drop a quick note to say how impressed I am with your customer service. The team was so friendly and helped me resolve my issue in no time!""",1
"""These kitchen gadgets have made cooking so much easier! I'm especially loving the chopper – it saves me so much time.""",1
"""I really appreciate the personalized recommendations from your app! It feels like you know exactly what I like. Keep it up!""",1
"""Had dinner at your restaurant last night, and every dish was delicious! The staff was attentive, and the ambiance was perfect for a date night.""",1
"""I ordered a gift for my friend, and it arrived beautifully packaged! It made a great impression. Thank you for the attention to detail!""",1
"""Your support team was super helpful when I had trouble with my account. They guided me through every step and were so patient.""",1
"""The quality of your products is top-notch! I've been using my new blender every day, and it handles everything like a champ.""",1
"""I love how easy it is to navigate your website! Finding exactly what I wanted was a breeze. Great job on the layout!""",1
"""Just received my order, and I’m thrilled! The clothes fit like a dream, and the fabric is so soft. Will definitely be shopping again!""",1
"""I visited your store last week, and the staff was incredibly welcoming. It made my shopping experience so enjoyable!""",1
"""Your app is fantastic! It’s user-friendly and makes tracking my orders a piece of cake. Thanks for making online shopping so simple!""",1
"""I’m so happy with my new laptop! The performance is lightning fast, and it was delivered a day early. You guys rock!""",1
"""The customer service I received was outstanding. They really went above and beyond to ensure I was satisfied. Thank you!""",1
"""I just love the variety of flavors in your ice cream! Every scoop is a delight, and my kids are obsessed!""",1
"""Your team was so friendly during my last visit! It felt like I was chatting with friends. I’ll be back for sure!""",1
"""I can't say enough good things about your skincare line. My skin has never felt better, and I love the natural ingredients!""",1
"""The subscription box was a pleasant surprise! I loved discovering new products that I wouldn’t have tried otherwise.""",1
"""I’m impressed with the eco-friendly packaging! It's great to see a company that cares about the environment. Keep it up!""",1
"""The delivery was super fast, and the product matched the description perfectly. I’m very satisfied with my purchase!""",1
"""It was great to receive follow-up emails about my order! It showed me that you care about your customers.""",1
"""I took a chance on your online store, and I’m so glad I did! The quality of the items exceeded my expectations.""",1
"""Your store has such a warm and inviting atmosphere! I always leave with a smile and a bag full of goodies.""",1
"""Thank you for the fantastic service! The staff was knowledgeable and helped me find exactly what I needed.""",1
"""The online support chat was a lifesaver! They solved my problem quickly while being really friendly.""",1
"""I love how you offer free shipping on orders over a certain amount! It makes me want to buy more!""",1
"""I had a little hiccup with my order, but your team handled it with grace. I appreciate the quick resolution!""",1
"""Your coffee is the best in town! I always look forward to my morning cup from your café.""",1
"""I just wanted to say thank you for the excellent training session! I learned so much and felt very engaged.""",1
"""The quality of your handmade products is evident! Each piece feels unique and special. I’m a big fan!""",1
"""I appreciate the regular updates on my order status! It kept me informed and excited about my purchase.""",1
"""Had an amazing meal at your restaurant! The flavors were out of this world, and the service was impeccable.""",1
"""The customer feedback form was easy to fill out, and I loved that you valued my opinion. Great initiative!""",1
"""I’m really impressed with how quickly you resolved my issue. It’s refreshing to see such efficient customer service!""",1
"""Every time I visit, I feel welcomed! Your staff is always so cheerful and willing to help.""",1
"""The variety of your products is impressive! I was able to find everything I needed in one place.""",1
"""Your loyalty program is a great perk! I love earning points and being rewarded for my purchases.""",1
"""I appreciate how you incorporate customer feedback into your products. It shows you care about what we think!""",1
"""The tutorial videos on your site are so helpful! I learned how to use my new gadget in no time.""",1
"""I had a lovely experience shopping in-store! The layout made it easy to find what I was looking for.""",1
"""Thank you for your quick response to my inquiry! It really shows that you value your customers.""",1
"""Absolutely love my new coffee maker! It brews the perfect cup every time, and the design is sleek and modern.""",1
"""The customer service team went above and beyond to help me with my order. Truly appreciate their patience and expertise!""",1
"""Just had dinner at your restaurant, and wow, the flavors were incredible! The staff was super friendly, making the experience even better.""",1
"""I recently switched to this skincare line, and my skin has never looked better. Highly recommend the moisturizer!""",1
"""I was pleasantly surprised by how quickly my package arrived! Great service and fast delivery—thank you!""",1
"""Your app is so user-friendly! I love how easy it is to track my fitness goals. Keep up the fantastic work!""",1
"""I bought a pair of shoes, and they are not only stylish but also so comfortable. I might need to get another pair!""",1
"""Had a small issue with my order, but the support team resolved it in no time. Really impressed with how they handled it!""",1
"""The ambiance in your café is just perfect for studying. I love coming here to work on my projects!""",1
"""I really appreciate the detailed product descriptions on your site. It helped me make the right choice.""",1
"""Just wanted to drop a note to say how much I love your eco-friendly packaging. It’s nice to see a company that cares!""",1
"""The delivery driver was so friendly and professional. It made receiving my order a pleasant experience.""",1
"""I can’t believe how affordable your prices are for such high-quality products. Definitely coming back for more!""",1
"""Your team at the front desk was incredibly helpful during my stay. Thank you for making me feel so welcome!""",1
"""I’m so happy with my new laptop! It runs smoothly and handles all my gaming needs. Fantastic purchase!""",1
"""The variety of flavors in your ice cream shop is amazing! I could spend all day trying them all.""",1
"""Your loyalty program is a great incentive! I love earning points with every purchase.""",1
"""I had a wonderful experience at your spa. The staff was attentive, and I left feeling refreshed and rejuvenated!""",1
"""Just received my first order, and I’m thrilled with the quality. I’ll be recommending you to friends!""",1
"""The way you handled my complaint was top-notch. I feel valued as a customer, and that’s hard to find these days.""",1
"""I love how your online store is always stocked with the latest trends. My wardrobe has never looked better!""",1
"""Your restaurant has the best brunch in town! The pancakes are a must-try, and I’ll be back soon.""",1
"""Big shoutout to your support team! They made the whole process of returning an item so easy.""",1
"""The training sessions were well-organized and informative. I learned a lot and enjoyed every moment.""",1
"""I’m really impressed with the durability of your products. They’ve held up much better than I expected!""",1
"""Thanks for the speedy shipping! I appreciate how quickly I received my order—it made my day!""",1
"""The staff at your store are always so knowledgeable and friendly. It makes shopping there a pleasure.""",1
"""Your subscription service is fantastic! I love the surprise items each month—always something I need.""",1
"""I just wanted to say that I’m a loyal customer because of your consistent quality. Keep it up!""",1
"""The virtual event you hosted was engaging and informative. I learned so much and met some great people!""",1
"""Your team really knows how to create a welcoming atmosphere. I felt right at home during my visit.""",1
"""I appreciate how you take customer feedback seriously. It shows that you care about improving.""",1
"""The new features in your software update are fantastic! They’ve made my workflow so much smoother.""",1
"""Your bakery is my new favorite place! The pastries are fresh and delicious, and the coffee is top-notch.""",1
"""I love the sustainability focus of your brand. It aligns perfectly with my values, and I’m proud to support you.""",1
"""The follow-up after my purchase was a nice touch. It made me feel appreciated as a customer.""",1
"""Your travel service was seamless from start to finish. I had a wonderful trip, thanks to your planning.""",1
"""I’m so happy I found your online course! It’s been really helpful, and the instructors are amazing.""",1
"""The customer feedback section on your site is a great idea! It shows you value our opinions.""",1
"""I had a delightful experience at your boutique. The selection is unique, and I found exactly what I was looking for.""",1
"""The product I bought exceeded all my expectations! I’m thrilled with the quality and performance.""",1
"""Your team’s responsiveness to inquiries is impressive. It makes a huge difference in the overall experience.""",1
"""I love your seasonal promotions! They always have the best deals, and I can’t resist shopping.""",1
"""The atmosphere at your events is always so lively! I enjoy every moment and can’t wait for the next one.""",1
"""Absolutely love my new headphones! The sound quality is amazing, and they’re super comfortable for long listening sessions.""",1
"""Just had the best experience at your restaurant! The staff were incredibly friendly, and the food was delicious—definitely coming back!""",1
"""I appreciate how quickly my order arrived. It was well-packaged and exactly what I expected. Thanks for the great service!""",1
"""I've been using this app for a month now, and it has transformed my daily routine. User-friendly and effective!""",1
"""The customer support team really went above and beyond to resolve my issue. I’m so grateful for their patience and expertise!""",1
"""Wow! The delivery was faster than I expected, and the product works flawlessly. Highly recommend!""",1
"""I ordered a personalized gift, and it turned out perfectly. The attention to detail is impressive!""",1
"""Your team is always so friendly and helpful! It makes shopping here a delightful experience every time.""",1
"""The quality of this product exceeded my expectations. It feels durable and well-made. Great job!""",1
"""I was pleasantly surprised by the competitive pricing. I got a great deal without compromising on quality!""",1
"""I had a small hiccup with my order, but the support staff handled it swiftly. I appreciate their professionalism!""",1
"""The ambiance of your café is so inviting! It’s my new favorite spot to relax and enjoy a good book.""",1
"""This software has streamlined our workflow significantly. It’s intuitive and saves us so much time!""",1
"""I love the variety of flavors you offer! Every visit feels like a new adventure for my taste buds.""",1
"""Your staff was exceptionally courteous when I visited the store. They helped me find exactly what I needed.""",1
"""I found this product to be a game changer! It really lives up to the hype.""",1
"""Thank you for the follow-up after my purchase! It shows you care about your customers.""",1
"""The online shopping experience was seamless! I’ll definitely be returning for more.""",1
"""I appreciate the eco-friendly packaging. It’s great to see a company taking steps to be sustainable!""",1
"""My kids loved the toys I ordered! They’re safe, engaging, and well-made. Happy parents here!""",1
"""I’m really impressed by the speed of service! My order arrived within days—well done!""",1
"""The staff helped me troubleshoot my issue quickly, and I was back on track in no time. Thank you!""",1
"""I’ve recommended your services to all my friends! The quality and value are outstanding.""",1
"""The website is so easy to navigate. I found everything I needed in no time.""",1
"""Your product has made my life so much easier. I can’t imagine going back to how I used to do things!""",1
"""The food was fresh and delicious! I can’t believe how quickly it arrived, too.""",1
"""I’m really happy with my purchase. It’s exactly what I was looking for and at a great price!""",1
"""I love how you keep expanding your product line! There’s always something new to try.""",1
"""Your team’s enthusiasm is infectious! It made my shopping experience so much more enjoyable.""",1
"""I was delighted by the personal touch in my order confirmation email. It made me feel valued.""",1
"""The app is fantastic—very user-friendly, and the updates keep getting better!""",1
"""The attention to detail in your service is commendable. It’s the little things that count!""",1
"""I’m so impressed with your return policy. It made me feel secure making my purchase.""",1
"""The customer service representative was so friendly and knowledgeable. They really made my day!""",1
"""I appreciate the regular updates on my order status. It’s nice to be kept in the loop!""",1
"""This is my go-to store now! The selection is fantastic, and the prices are unbeatable.""",1
"""The quality of the fabric in my new dress is outstanding! It feels luxurious and fits perfectly.""",1
"""Your loyalty program is one of the best I’ve seen! I’m excited to earn rewards with every purchase.""",1
"""I had a wonderful experience at your hotel. The staff made us feel right at home!""",1
"""I’m thrilled with my purchase! The product works just as advertised, and I couldn’t be happier.""",1
"""The online tutorials are super helpful! I’ve learned so much already.""",1
"""The atmosphere at your shop is so welcoming. I love spending time there!""",1
"""Thank you for the quick resolution! I appreciate your commitment to customer satisfaction.""",1
"""I’ve received so many compliments on my new shoes. They’re stylish and comfortable!""",1
"""The pricing is very fair compared to competitors. I feel like I got a great deal!""",1
"""Your team is always so helpful and friendly. It makes a huge difference in my shopping experience.""",1
"""Absolutely loved my new headphones! The sound quality is incredible, and they arrived faster than expected.""",1
"""I just wanted to say how impressed I am with your customer service. The representative was so helpful and friendly, making my shopping experience a breeze.""",1
"""The delivery was lightning quick! I ordered a dress for a wedding, and it arrived the next day. It fit perfectly and looked stunning.""",1
"""I appreciate the eco-friendly packaging. It’s great to see a company that cares about the environment while offering such stylish products.""",1
"""Just had my first meal at your restaurant, and it was delightful! The staff was attentive, and the ambiance was cozy. I'll definitely be back!""",1
"""I recently switched to your brand of skincare, and my skin has never looked better! Thank you for creating such amazing products.""",1
"""You guys rock! The app is super user-friendly, and I love the personalized recommendations. Keep it up!""",1
"""Had a small issue with my order, but the support team resolved it quickly and efficiently. Thank you for your excellent service!""",1
"""I was blown away by the quality of the furniture! It’s sturdy, stylish, and exactly what I was looking for.""",1
"""The customer loyalty program is a fantastic idea. I feel valued as a regular shopper, and the discounts are a nice touch!""",1
"""Your online store is so easy to navigate. I found everything I needed without any hassle. Great job!""",1
"""My kids absolutely love the educational toys we bought! They’re not only fun but also help with learning.""",1
"""I visited your boutique last weekend, and the staff was incredibly knowledgeable and kind. I found the perfect gift!""",1
"""I’m a huge fan of your coffee! The flavor is rich, and it brews perfectly every time.""",1
"""Thanks for the quick service! I was worried about my order not arriving on time for my trip, but you delivered ahead of schedule.""",1
"""Your website is visually appealing and easy to use. I enjoyed shopping for the first time without feeling overwhelmed.""",1
"""I’m really impressed by how responsive your team is on social media. You truly engage with your customers!""",1
"""Just wanted to drop a note to say how much I appreciate the quality of your products. They last long and perform excellently.""",1
"""I had a wonderful experience at your hotel. The staff went above and beyond to make sure my stay was comfortable.""",1
"""Your snacks are a game changer! They’re so tasty and guilt-free. I can’t stop munching on them!""",1
"""The tutorial videos on your site are incredibly helpful. I learned so much in just a few minutes!""",1
"""Every time I visit your store, I’m greeted with a smile. It makes shopping such a pleasant experience.""",1
"""I ordered a custom cake for my daughter’s birthday, and it was not only beautiful but also delicious. Thank you!""",1
"""Your gym has such a positive vibe! The trainers are motivating, and I feel great after every session.""",1
"""I love how you keep your prices affordable without compromising on quality. It makes me want to shop more!""",1
"""Just wanted to commend your team for their hard work during the holiday rush. They handled it like pros!""",1
"""I discovered your brand through Instagram, and I’m so glad I did! The products are even better than they look online.""",1
"""The app crashed once while I was shopping, but the customer service team was super quick to assist me. Thank you!""",1
"""I’m thrilled with my new laptop! It’s fast, lightweight, and perfect for my needs. Definitely worth the investment.""",1
"""Your restaurant’s dessert menu is out of this world! I can’t wait to try everything on it.""",1
"""I appreciate your commitment to sustainability. It feels good to support a brand that aligns with my values.""",1
"""The quality of the fabric in your clothing line is exceptional. I can tell they’re made to last!""",1
"""I’ve recommended your services to all my friends. The experience was seamless and enjoyable from start to finish.""",1
"""Your delivery team was polite and professional. They made sure my package was handled with care.""",1
"""I love how you incorporate customer feedback into your product development. It shows you truly care about us!""",1
"""I visited your art gallery last weekend, and it was a feast for the eyes. The staff was knowledgeable and friendly.""",1
"""The subscription service has been a lifesaver for me! I never run out of my favorite products anymore.""",1
"""I was a bit hesitant to order online, but the whole process was smooth, and my items arrived in perfect condition.""",1
"""Your team handled my return with no fuss at all. It was a relief to see such great customer care!""",1
"""I can’t believe how much I learned from your workshop! The instructor was engaging and made it fun.""",1
"""I’m so happy with the pet supplies I purchased. My dog loves them, and they’re durable enough for rough play.""",1
"""The new layout of your store is fantastic! It’s so much easier to find what I’m looking for.""",1
"""I enjoyed my stay at your resort. The facilities were top-notch, and the staff was so accommodating.""",1
"""Your tech support team is amazing! They resolved my issue in no time and were very patient with me.""",1
"""I’m so impressed by how you handled my complaint. The quick resolution really turned my experience around.""",1
"""Absolutely love my new headphones! The sound quality is just amazing, and they arrived two days earlier than expected.""",1
"""I had a wonderful experience at your restaurant last night! The staff was super friendly, and the pasta was cooked to perfection.""",1
"""Just wanted to drop a quick note to say how impressed I am with your customer service. You resolved my issue in no time, and I appreciate the follow-up!""",1
"""The new app update is fantastic! It’s so user-friendly now, and I can finally track my workouts easily. Great job, team!""",1
"""I’m really happy with my purchase of the eco-friendly cleaning products. They work just as well as the regular ones but without the harsh chemicals.""",1
"""I ordered a custom cake for my daughter’s birthday, and it was not only beautiful but delicious too! Thank you for making her day so special.""",1
"""The delivery was incredibly fast, and the packaging was perfect. I’m really happy with my new shoes; they fit like a glove!""",1
"""Just a quick shoutout to the staff at the local grocery store. They were all so helpful and friendly, making my shopping experience a pleasure!""",1
"""I’ve been using your skincare line for a month now, and my skin has never looked better. Truly a game-changer!""",1
"""I was pleasantly surprised by how easy it was to set up my new smart home device. The instructions were clear, and it works perfectly!""",1
"""I absolutely adore the vibe at your café! The coffee is top-notch, and I love the cozy atmosphere to work in.""",1
"""Had a minor issue with my order, but your support team handled it like pros. Thank you for being so attentive!""",1
"""The subscription service has been a lifesaver! I love the variety of products I receive each month. Keep up the great work!""",1
"""I just had the best experience at your boutique! The staff was so welcoming and helped me find the perfect outfit.""",1
"""Your online store is so easy to navigate, and I love the range of products you offer. I’ll definitely be back for more!""",1
"""I’m really impressed with how quickly my order arrived, especially during the busy holiday season. Thank you for the prompt service!""",1
"""I wanted to thank your team for their exceptional service during my recent visit. It made all the difference in my experience!""",1
"""The quality of the furniture I purchased is outstanding! It’s stylish and sturdy, just what I was looking for.""",1
"""I appreciate the transparency in your pricing. It made my decision to buy from you so much easier. Thank you!""",1
"""Just got my first box from your meal kit service, and I can’t wait to try the recipes. They look delicious!""",1
"""Your app has made my life so much easier. I love how I can manage everything from my phone with just a few taps!""",1
"""I recently visited your spa, and it was heavenly! The staff was friendly, and the treatments were top-notch.""",1
"""I’m really happy with my new laptop purchase. The performance is excellent, and it was a great price!""",1
"""The staff at your store went above and beyond to help me find what I needed. I truly appreciate their effort!""",1
"""I love how fast and easy the checkout process is on your website. It makes shopping so much more enjoyable!""",1
"""The product quality exceeded my expectations. I’ll definitely recommend your brand to my friends!""",1
"""Just wanted to say how much I love your new collection! The designs are so unique and stylish.""",1
"""I had a great experience with your tech support team. They were patient and knowledgeable, which helped me resolve my issue quickly.""",1
"""I ordered a bouquet for my wife’s birthday, and it was stunning! Thank you for making her day extra special.""",1
"""Your gym has such a positive atmosphere. I always leave feeling energized and motivated to come back!""",1
"""I’m thrilled with the performance of my new blender. It handles everything with ease, and clean-up is a breeze!""",1
"""The personal touches in your service make all the difference. I felt valued as a customer, and I’ll be back for sure!""",1
"""I love the variety of flavors you offer in your ice cream shop. Every visit is a new adventure for my taste buds!""",1
"""Your team did a fantastic job with my wedding flowers. They were beautiful and exactly what I envisioned!""",1
"""The quality of your products is unbeatable, especially for the price. I’m a loyal customer for life!""",1
"""I appreciate how your company is committed to sustainability. It makes me feel good about my purchases!""",1
"""The atmosphere at your restaurant is so inviting. I could spend hours there just enjoying the ambiance!""",1
"""I just received my order, and everything was packaged so well. No damage at all, and I’m thrilled!""",1
"""Your customer loyalty program is fantastic! I love earning points and getting discounts on my favorite items.""",1
"""I found the perfect gift for my friend at your shop! The staff was so helpful in suggesting ideas.""",1
"""Just wanted to say that I love how responsive your social media team is. It makes me feel connected to the brand!""",1
"""I’m really enjoying the book I purchased from your store. It’s exactly what I needed for my reading list!""",1
"""Thank you for the wonderful experience at your hotel! The staff was amazing, and the amenities were top-notch.""",1
"""Your website is so visually appealing and easy to navigate. I had a great shopping experience!""",1
"""I’m really impressed with the durability of the outdoor gear I bought. It’s held up perfectly after several adventures!""",1
"""Kudos to your team for the amazing customer support. You made my return process smooth and hassle-free!""",1
"""Your bakery has the best pastries in town! I can’t resist stopping by whenever I’m nearby.""",1
"""Absolutely love my new headphones! The sound quality is just amazing, and they arrived a day early.""",1
"""The customer service team was incredibly helpful when I had questions about my order. They really went above and beyond!""",1
"""I’ve been using this skincare line for a month, and my skin has never looked better. Highly recommend it!""",1
"""Just wanted to shout out to the staff at my local coffee shop for always being so friendly. You make my mornings so much brighter!""",1
"""The delivery was super fast, and the product was exactly as described. Will definitely order again!""",1
"""I was a bit skeptical at first, but this vacuum cleaner works wonders on pet hair. Great value for the price!""",1
"""Had a great experience at the restaurant last night! The food was delicious, and our waiter was so attentive.""",1
"""I appreciate the prompt responses from the support team. They resolved my issue quickly, which was a relief!""",1
"""The packaging was so cute, and it made unboxing my order feel special. Loved that personal touch!""",1
"""This app has made my life so much easier. I can’t imagine going back to how I used to manage my tasks!""",1
"""Really enjoyed the online workshop I attended. The instructor was knowledgeable, and I learned a lot.""",1
"""I bought this dress for a party, and I received so many compliments! Perfect fit and just the right color.""",1
"""The technical support was top-notch! They patiently guided me through the setup process without any hassle.""",1
"""I’m really impressed by the eco-friendly materials used in this product. It feels good to support sustainable brands.""",1
"""Had a delightful stay at the hotel! The room was clean, and the staff was incredibly welcoming.""",1
"""This fitness tracker has motivated me to stay active. The features are user-friendly and practical!""",1
"""I ordered these shoes online, and they arrived on time. They’re comfortable and stylish—great for everyday wear.""",1
"""The quality of the fabric is fantastic. I’ll definitely be purchasing more from this brand in the future!""",1
"""I love how easy it is to navigate the website. Shopping for gifts was a breeze this year!""",1
"""The meal delivery service has been a lifesaver for my busy schedule. The food is fresh and tastes amazing!""",1
"""I left a review on social media because I was so pleased with my experience. Thank you for such great service!""",1
"""Every time I visit this bakery, I’m greeted with a smile and the freshest pastries. It’s my happy place!""",1
"""The installation of the new software was seamless, and I appreciate the clear instructions provided.""",1
"""I had a wonderful experience at the spa. The staff was professional, and the atmosphere was so relaxing.""",1
"""I’m very happy with my new laptop; it’s fast and perfect for my needs. Plus, it was a great deal!""",1
"""The follow-up email after my purchase was a nice touch. It made me feel valued as a customer.""",1
"""I recently tried out this new restaurant, and wow, the ambiance was fantastic! I’ll be back for sure.""",1
"""The customer loyalty program is a fantastic incentive. I love earning points on my purchases!""",1
"""I was pleasantly surprised by how quickly my order arrived. It’s refreshing to see such efficiency!""",1
"""The staff at this store knows their products inside and out. Their recommendations have never let me down.""",1
"""I’ve been using this app for a while, and it just keeps getting better. Great updates and features added regularly!""",1
"""The feedback I received from the team was constructive and helpful. I appreciate their dedication to improvement.""",1
"""These candles smell amazing and last a long time! They’ve become a staple in my home.""",1
"""I was impressed by the variety of products available. There’s something for everyone here!""",1
"""I ordered a custom cake for my daughter’s birthday, and it was not only beautiful but also delicious!""",1
"""The subscription box I received was full of surprises and high-quality items. Worth every penny!""",1
"""I had a slight hiccup with my order, but the resolution was swift. Thank you for your excellent customer care!""",1
"""I’m thrilled with the performance of this blender. It makes smoothies in seconds, and it’s easy to clean!""",1
"""I just wanted to express my gratitude for the amazing service during my last visit. Truly exceptional!""",1
"""The online tutorials made learning this new software so much easier. I feel confident using it now!""",1
"""I love that this brand gives back to the community. It makes me proud to support them!""",1
"""The quality of this furniture exceeded my expectations, and the delivery team was so professional.""",1
"""I’m really enjoying my new book club subscription. The selections are diverse and exciting!""",1
"""The staff at this clinic were incredibly caring and attentive. I felt well taken care of during my visit.""",1
"""This gaming console has brought so much joy to our family. It’s perfect for both kids and adults!""",1
"""I appreciate the transparent pricing and no hidden fees. It made my decision to purchase so much easier!""",1
"""I’m a repeat customer because I’ve always had a great experience. Keep up the fantastic work!""",1
