text,label
"""1. ""Local landmark, The Clock Tower, to undergo renovation starting next week.""",0
"""2. ""Apple's latest iPhone, model A2591, hits stores tomorrow.""",0
"""3. ""I spent hours trying to figure out how this new software works.""",0
"""4. ""Amazon's Prime Day deals start at midnight, don't miss out!""",0
"""5. ""John Doe found a lost cat in the neighborhood, contact if it's yours.""",0
"""6. ""New café, The Brew Haven, opens next to the library today.""",0
"""7. ""I finally got a 999 score on that game after days of practice.""",0
"""8. ""Twitter down for maintenance, estimated downtime 123 minutes.""",0
"""9. ""The new movie 'Action Blockbuster' hits theaters this Friday.""",0
"""10. ""Looking for a reliable plumber, any recommendations?""",0
"""11. ""New product alert! The latest AirPods are out.""",0
"""12. ""Free yoga class at the park every Saturday, all levels welcome.""",0
"""13. ""I'm so excited to see Taylor Swift tonight!""",0
"""14. ""Anyone know how to fix a leaky faucet?""",0
"""15. ""Best buy for today: Samsung Galaxy S22 for $799.""",0
"""16. ""The new exhibition at the art museum is fascinating.""",0
"""17. ""Just ordered pizza from Place Holder Pizzas, can't wait!""",0
"""18. ""New book release: 'Mystery at the Old Mill' by Author X.""",0
"""19. ""Check out the new trailer for the upcoming 'Sci-Fi Thriller' movie.""",0
"""20. ""I'm loving the new playlist on Spotify, 'Summer Vibes'.""",0
"""21. ""Reminder: Trash collection is on Tuesday this week.""",0
"""22. ""The new bakery, 'Crumbles & Dreams', is a must-try!""",0
"""23. ""Anyone interested in a potluck this weekend? Let me know!""",0
"""24. ""Just discovered a new hiking trail, it's amazing!""",0
"""25. ""The new iOS update is causing some issues, anyone else experiencing this?""",0
"""26. ""Attention all: Neighborhood watch meeting tonight at 7 PM.""",0
"""27. ""Amazon's Choice: The best-selling book is 'The Great Deception'.""",0
"""28. ""I finally beat my high score on Candy Crush, 2345 points!""",0
"""29. ""Calling all volunteers for the local park clean-up this Saturday.""",0
"""30. ""The new Marvel movie is incredible, go watch it!""",0
"""31. ""Anyone know how to remove a stubborn stain from a white shirt?""",0
"""32. ""New restaurant alert! 'Spice It Up' opens next week.""",0
"""33. ""The new game 'Epic Quest' is out now, get ready for adventure!""",0
"""34. ""I've been trying to find a good recipe for banana bread.""",0
"""35. ""Check out the new collection from Fashion Label YZ, it's stunning!""",0
"""36. ""The latest tech news: Apple's new product event next month.""",0
"""37. ""Join me in wishing 'John Doe' a happy birthday today!""",0
"""38. ""The new movie 'Romance in Paris' is perfect for a date night.""",0
"""39. ""I'm looking for a good mechanic, any recommendations?""",0
"""40. ""The new exhibition at the science museum is perfect for kids.""",0
"""41. ""I finally got my 1000th follower on Instagram, thanks everyone!""",0
"""42. ""The new album 'Sounds of the Universe' is out now.""",0
"""43. ""Just ordered the new laptop, model XYZ, can't wait to receive it.""",0
"""44. ""The new exhibit at the history museum is very informative.""",0
"""45. ""Anyone know how to fix a squeaky door hinge?""",0
"""46. ""The new TV series 'Mystery in the Shadows' is a must-watch.""",0
"""47. ""The new album from Artist Z is my favorite so far.""",0
"""48. ""I'm so excited for the upcoming concert, 'Rock the Night'.""",0
"""49. ""The new movie 'Sci-Fi Adventure' is visually stunning.""",0
"""50. ""I finally got my dream job, it's a new chapter in my life!""",0
"""1. ""Breaking: NASA's Perseverance rover successfully lands on Mars.""",0
"""2. ""Just tried the new iPhone, battery life is impressive!""",0
"""3. ""Urgent: All passengers, please proceed to Gate 23 for immediate boarding.""",0
"""4. ""Anyone know a good plumber? My sink's been leaking for days.""",0
"""5. ""Amazon's new Kindle has a 128GB storage option, perfect for avid readers.""",0
"""6. ""We're expecting heavy rain tonight, stay indoors if possible.""",0
"""7. ""Just discovered 'Game of Thrones' - why did everyone love it?""",0
"""8. ""New study shows plants can improve office productivity by 15%.""",0
"""9. ""Anyone seen my blue backpack? It has 'JD123' written on it.""",0
"""10. ""New restaurant 'The Spot' opens tonight. Let's try it out, guys!""",0
"""11. ""Can't believe I waited 123 minutes for a coffee! Never again.""",0
"""12. ""Just won a free month of Spotify Premium! Anyone want to share a playlist?""",0
"""13. ""Urgent software update: Please restart your device to install.""",0
"""14. ""I'm loving 'The Queen's Gambit', anyone else?""",0
"""15. ""New product alert! Our latest laptop has a 4K display.""",0
"""16. ""Anyone know how to fix a flat tire? I'm stuck on the highway.""",0
"""17. ""Just ordered a pizza, should be here in 20 minutes. Anyone want a slice?""",0
"""18. ""New study finds that exercise can boost your mood.""",0
"""19. ""Just got my COVID-19 vaccine. Feels good to be protected!""",0
"""20. ""Anyone know where to find the best burgers in town?""",0
"""21. ""New app 'FitFam' is trending. Let's see if it lives up to the hype.""",0
"""22. ""Just found a lost puppy. Anyone know its owner?""",0
"""23. ""New movie 'No Time to Die' is out today. Anyone want to watch it?""",0
"""24. ""Just discovered 'The Office' - why did people love it so much?""",0
"""25. ""New book 'Project Hail Mary' by Andy Weir is a must-read.""",0
"""26. ""Anyone know how to fix a leaky faucet? Mine's driving me crazy!""",0
"""27. ""New study finds that meditation can improve focus.""",0
"""28. ""Just got a new plant. Anyone have tips for keeping it alive?""",0
"""29. ""Anyone know the best way to cook a steak?""",0
"""30. ""New game 'Cyberpunk 2077' is finally here. Let's discuss!""",0
"""31. ""Just found $100 on the ground. The honest thing to do is...?""",0
"""32. ""New study shows that sleep is essential for a healthy brain.""",0
"""33. ""Anyone want to grab coffee? I'm at the usual spot.""",0
"""34. ""New product: Our latest smartphone has an under-display camera.""",0
"""35. ""Just got a new bike. Anyone want to go for a ride this weekend?""",0
"""36. ""Anyone know how to fix a broken zipper?""",0
"""37. ""New movie 'Dune' is out now. Let's discuss after you've seen it.""",0
"""38. ""Just started learning Python. Anyone have tips for a beginner?""",0
"""39. ""New study finds that walking can improve creativity.""",0
"""40. ""Anyone want to join a book club? We're reading 'The Night Circus' next.""",0
"""41. ""Just got a new pet fish. Any care tips?""",0
"""42. ""New product: Our latest smartwatch tracks your sleep patterns.""",0
"""43. ""Anyone know a good recipe for lasagna?""",0
"""44. ""Just found an old Polaroid camera. Anyone know how to use it?""",0
"""45. ""New study shows that laughter can boost your immune system.""",0
"""46. ""Anyone want to go hiking this weekend? I've got a great trail in mind.""",0
"""47. ""Just got a new espresso machine. Anyone want to come over for coffee?""",0
"""48. ""New product: Our latest headphones have active noise cancellation.""",0
"""49. ""Anyone know how to fix a squeaky door?""",0
"""50. ""Just started a new podcast, 'My Favorite Murder'. It's pretty interesting.""",0
"""1. ""Apple unveils new iPhone, the 123, today.""",0
"""2. ""John Doe set a new record at the marathon.""",0
"""3. ""I've been waiting 123 minutes for my order.""",0
"""4. ""Product code XYZ567 on sale now!""",0
"""5. ""Check out my new car, plate ABC123.""",0
"""6. ""John Doe scored the winning goal.""",0
"""7. ""I've been stuck in traffic for 123 hours.""",0
"""8. ""Meet our new employee, Jane Doe.""",0
"""9. ""I've been waiting for this movie since it was announced in 20123.""",0
"""10. ""Product ABC123 is now in stock.""",0
"""11. ""John Doe was awarded Employee of the Month.""",0
"""12. ""I've been waiting in line for 123 days.""",0
"""13. ""Meet our new cat, Fluffy Doe.""",0
"""14. ""I've been trying to reach customer service for 123 hours.""",0
"""15. ""Product XYZ567 is on sale today only.""",0
"""16. ""John Doe is running for office.""",0
"""17. ""I've been waiting for this game since it was announced in 20123.""",0
"""18. ""Meet our new dog, Spot Doe.""",0
"""19. ""I've been stuck on this level for 123 hours.""",0
"""20. ""Product ABC123 is now available in stores.""",0
"""21. ""John Doe won the lottery.""",0
"""22. ""I've been waiting for this concert since it was announced in 20123.""",0
"""23. ""Meet our new fish, Nemo Doe.""",0
"""24. ""I've been waiting for this bus for 123 minutes.""",0
"""25. ""Product XYZ567 is now available for pre-order.""",0
"""26. ""John Doe is our new neighbor.""",0
"""27. ""I've been waiting for this moment for 123 years.""",0
"""28. ""Meet our new parrot, Tweety Doe.""",0
"""29. ""I've been stuck in this meeting for 123 hours.""",0
"""30. ""Product ABC123 is now on clearance.""",0
"""31. ""John Doe is our new mayor.""",0
"""32. ""I've been waiting for this flight for 123 hours.""",0
"""33. ""Meet our new turtle, Shelly Doe.""",0
"""34. ""I've been waiting for this email for 123 days.""",0
"""35. ""Product XYZ567 is now out of stock.""",0
"""36. ""John Doe is our new teacher.""",0
"""37. ""I've been waiting for this call for 123 weeks.""",0
"""38. ""Meet our new rabbit, Bunny Doe.""",0
"""39. ""I've been waiting for this train for 123 months.""",0
"""40. ""Product ABC123 is now on backorder.""",0
"""41. ""John Doe is our new coach.""",0
"""42. ""I've been waiting for this package for 123 years.""",0
"""43. ""Meet our new snake, Slimy Doe.""",0
"""44. ""I've been waiting for this bus for 123 seconds.""",0
"""45. ""Product XYZ567 is now on sale.""",0
"""46. ""John Doe is our new doctor.""",0
"""47. ""I've been waiting for this game for 123 minutes.""",0
"""48. ""Meet our new bird, Chirpy Doe.""",0
"""49. ""I've been waiting for this flight for 123 hours.""",0
"""50. ""Product ABC123 is now on clearance.""",0
"""1. ""Breaking: Meteor shower peaks tonight, visibility expected worldwide.""",0
"""2. ""Just tried the new coffee shop downtown, highly recommend!""",0
"""3. ""iPhone 13 pre-orders start tomorrow, get ready!""",0
"""4. ""Flight 789 has been delayed by 3 hours, new departure time is 10:30 PM.""",0
"""5. ""Amazon's new Kindle Paperwhite now waterproof, available for pre-order.""",0
"""6. ""Who's up for a hike this weekend? Let's explore those local trails!""",0
"""7. ""Apple Watch Series 7 announced, with bigger screen and improved health features.""",0
"""8. ""Traffic alert: I-95 northbound closed due to an accident, find alternate route.""",0
"""9. ""Samsung's Galaxy Z Fold3 goes on sale next week, pre-orders open today.""",0
"""10. ""Exciting: NASA's Perseverance rover sends back first audio from Mars!""",0
"""11. ""Check out this new recipe I tried - best chicken curry ever!""",0
"""12. ""Power outage in the area, ETA for restoration is 2 hours.""",0
"""13. ""Google's new Pixel 6 officially unveiled, first with Tensor chip.""",0
"""14. ""Lights out! Blackout in downtown, police advise caution.""",0
"""15. ""Movie night: 'The Batman' trailer just dropped, looks intense!""",0
"""16. ""Hurry! Last few tickets for 'Hamilton' tonight, grab them now.""",0
"""17. ""Urgent: Gas leak reported, local schools on lockdown.""",0
"""18. ""New study shows plants can improve indoor air quality by 60%.""",0
"""19. ""Train delays expected due to weather, check before you travel.""",0
"""20. ""Amazon's Prime Day deals start tomorrow, set your alarms!""",0
"""21. ""Beware of scams: Don't fall for fake Amazon order delivery notifications.""",0
"""22. ""Check out this cool gadget - it turns your old phone into a security camera!""",0
"""23. ""FBI warns of increase in tech support scams, stay vigilant.""",0
"""24. ""New study: Sleeping with pets can improve sleep quality for owners.""",0
"""25. ""Reminder: Daylight Saving Time ends this Sunday, set your clocks back.""",0
"""26. ""Amazon's Kindle Unlimited now offers audiobooks, enjoy unlimited listening.""",0
"""27. ""Storm warning: Heavy rain and winds expected, secure outdoor items.""",0
"""28. ""Check out this amazing deal on a 4K smart TV, only $299!""",0
"""29. ""New app 'GreenThumb' helps plant lovers care for their green friends.""",0
"""30. ""Hurricane season reminder: Ensure your emergency kit is stocked.""",0
"""31. ""Just discovered this awesome band - give 'Electric Dreams' a listen!""",0
"""32. ""Reminder: Today is the last day for early bird discounts on our event.""",0
"""33. ""Firefighters battle blaze at abandoned warehouse, cause unknown.""",0
"""34. ""New game 'Cyberpunk 2077' tops charts, but faces criticism for bugs.""",0
"""35. ""Vote now: Should we bring back 'Glee' for a reunion special?""",0
"""36. ""New study shows coffee drinkers live longer, cheers to that!""",0
"""37. ""Crypto alert: Be cautious of fake coins and rug pulls, do your research.""",0
"""38. ""Just tried the new 'Impossible' burger, tastes surprisingly real!""",0
"""39. ""Black Friday deals start early - grab these amazing tech bargains now!""",0
"""40. ""Attention: New COVID-19 variant detected, stay informed, stay safe.""",0
"""41. ""Check out this new smart fridge - it even keeps track of your groceries!""",0
"""42. ""New study shows walking meetings boost creativity and productivity.""",0
"""43. ""Urgent: Police seek witnesses to a hit-and-run incident downtown.""",0
"""44. ""Amazon's Echo Show 10 now available, with improved camera and display.""",0
"""45. ""Reminder: Trick-or-treat hours are 6-8 PM tonight, stay safe!""",0
"""46. ""New study shows working remotely can boost employee happiness.""",0
"""47. ""Just discovered this amazing local bakery - their pastries are to die for!""",0
"""48. ""New game 'Among Us' breaks records, with over 500 million players worldwide.""",0
"""49. ""Reminder: Today is the last day to register for our upcoming webinar.""",0
"""50. ""Amazon's Kindle Kids Edition now available, with built-in parental controls.""",0
"""1. ""Breaking: NASA's Perseverance rover finds potential signs of ancient life on Mars.""",0
"""2. ""Just tried the new avocado toast at 'The Grind' - highly recommend!""",0
"""3. ""Apple to unveil new iPhone 13 lineup next week.""",0
"""4. ""Anyone know a good plumber? My sink's leaking.""",0
"""5. ""Amazon's 'The Wheel of Time' series premieres today.""",0
"""6. ""Traffic update: Expect delays on I-95 due to a multi-vehicle accident.""",0
"""7. ""Just ordered the new 'Cyberpunk' video game. Can't wait to dive in!""",0
"""8. ""Local library hosting a free coding workshop for kids this Saturday.""",0
"""9. ""New study finds link between sleep and productivity. Who knew, right?""",0
"""10. ""Anyone know a good joke? I'm feeling a bit down today.""",0
"""11. ""Check out this amazing sunset! #nofilter""",0
"""12. ""New restaurant 'Savor' opens downtown. Their pasta is to die for!""",0
"""13. ""Just got my COVID-19 vaccination. Feeling a bit tired but overall, good experience.""",0
"""14. ""Anyone have a recommendation for a good thriller novel?""",0
"""15. ""Local school district votes to switch to remote learning due to rising COVID-19 cases.""",0
"""16. ""New product alert! Our latest smartphone, the Galaxy Z Fold3, is now available for pre-order.""",0
"""17. ""Just saw 'Dune' - what a visual masterpiece! #movie review""",0
"""18. ""Anyone know how to fix a leaky faucet? #plumbinghelp""",0
"""19. ""Just got accepted into my dream college! #excited""",0
"""20. ""New study suggests regular exercise can boost mental health. #fitnessmotivation""",0
"""21. ""Anyone have tips for growing tomatoes indoors? #gardeninghelp""",0
"""22. ""Just ordered a new laptop. Model number: A1245. Can't wait to upgrade my tech!""",0
"""23. ""Local business 'Green Thumb Nursery' is offering 15% off all plants this weekend.""",0
"""24. ""Just finished 'The Expanse' series. Now what? #TVrecommendations""",0
"""25. ""New app 'FitFam' helps track workouts and connect with fitness enthusiasts.""",0
"""26. ""Anyone know the best way to remove a stubborn stain? #stainremoval""",0
"""27. ""Just got my car serviced. They gave me a new license plate number: 123ABC.""",0
"""28. ""New restaurant 'Spice' opens next week. They're hiring! #nowhiring""",0
"""29. ""Just saw 'No Time to Die'. Daniel Craig's swansong was epic! #moviesreview""",0
"""30. ""Anyone have tips for improving sleep? #sleephelp""",0
"""31. ""New product alert! Our latest laptop, the XPS 13, is now available for pre-order.""",0
"""32. ""Just started learning Python. Any resources you'd recommend? #codinghelp""",0
"""33. ""New study finds link between mental health and climate change. #climateaction""",0
"""34. ""Anyone know a good recipe for vegan chocolate chip cookies? #bakinghelp""",0
"""35. ""Just got my COVID-19 test results back: Negative. Phew!""",0
"""36. ""New app 'Plant Parent' helps care for houseplants. I've killed too many... #planthelp""",0
"""37. ""Anyone have tips for saving money? #financialadvice""",0
"""38. ""Just saw 'The Last Duel'. Ridley Scott's film is a gripping historical drama. #moviesreview""",0
"""39. ""New study suggests regular meditation can improve focus. #mindfulness""",0
"""40. ""Anyone know a good plumber in the area? #plumbinghelp""",0
"""41. ""Just ordered a new coffee maker. Model number: K55. Can't wait for my morning brew!""",0
"""42. ""Local bakery 'Sweet Tooth' opens a new branch downtown. Yum!""",0
"""43. ""Anyone know the best way to organize my closet? #organizinghelp""",0
"""44. ""New product alert! Our latest smart speaker, the HomePod mini, is now available.""",0
"""45. ""Just saw 'King Richard'. Will Smith's performance was outstanding! #moviesreview""",0
"""46. ""Anyone have tips for improving my running time? #runninghelp""",0
"""47. ""Just got my COVID-19 vaccine booster shot. Feeling a bit tired but overall, good experience.""",0
"""48. ""New study finds link between diet and cognitive function. #brainfood""",0
"""49. ""Anyone know a good book recommendation? #bookrecommendation""",0
"""50. ""Just started a new job. Product code: XYZ123. Excited to learn and grow!""",0
"""1. ""Breaking News: Local Fire Station Rescues 100 Cats from Abandoned Warehouse.""",0
"""2. ""I'm loving the new iPhone, the battery life is out of this world!""",0
"""3. ""Just got my first 3D printer, can't wait to start creating!""",0
"""4. ""Attention Shoppers, Storewide Sale Today! Everything 50% off.""",0
"""5. ""Just finished binge-watching 'Stranger Things', loved it! #NoSpoilers""",0
"""6. ""New Study: Climate Change Impacting Global Coffee Production.""",0
"""7. ""Anyone know a good plumber? #Help""",0
"""8. ""Just tried the new vegan burger at Burger Joint, delicious!""",0
"""9. ""Amazon's new product code 123456789 has created a buzz, what is it?""",0
"""10. ""Local Library Hosts Free Coding Workshop for Kids this Saturday.""",0
"""11. ""I've been waiting for 123 days for my package from overseas.""",0
"""12. ""New Movie Review: 'Avengers: Endgame' - A Thrilling Finale!""",0
"""13. ""Just adopted a rescue dog, she's the best! #AdoptDontShop""",0
"""14. ""New Product Alert: The latest iPad, code 987654321.""",0
"""15. ""Just finished reading '1984', thought-provoking and intense.""",0
"""16. ""New Job Listing: Software Developer, no experience necessary.""",0
"""17. ""Just discovered the best coffee shop in town, 'The Beanery'.""",0
"""18. ""New App Review: 'Headspace' - A Life Changer!""",0
"""19. ""I've been trying to figure out this new software for 123 hours now.""",0
"""20. ""New Product Launch: 'John Doe' Brand's Latest Smartphone.""",0
"""21. ""Just completed a 5K run, felt amazing! #Fitspo""",0
"""22. ""New Album Review: Taylor Swift's 'Lover' - A Pop Masterpiece!""",0
"""23. ""Just moved into a new apartment, any furniture recommendations?""",0
"""24. ""New Product Code 654321098 Unveiled at Tech Conference.""",0
"""25. ""Just started learning Python, it's a bit challenging but I'm enjoying it.""",0
"""26. ""New Restaurant Review: 'The Steakhouse' - A Meat Lovers' Paradise!""",0
"""27. ""Anyone know where to find the best pizza in town? #Foodie""",0
"""28. ""New Game Review: 'Cyberpunk 2077' - A Must-Play for Gamers!""",0
"""29. ""I've been waiting for 123 weeks for my favorite TV show to return.""",0
"""30. ""Just discovered the best bookstore in town, 'Books & Beyond'.""",0
"""31. ""New Product Code 987654321 Now Available for Pre-Order.""",0
"""32. ""Just started my own blog, any tips for beginners? #BlogLife""",0
"""33. ""New Movie Trailer: 'Black Widow' - Looks Action-Packed!""",0
"""34. ""Just finished my first online course, felt accomplished!""",0
"""35. ""New Product Alert: 'John Doe' Brand's Latest Smart Home Device.""",0
"""36. ""Anyone know how to fix a leaky faucet? #DIY""",0
"""37. ""New Album Review: Billie Eilish's 'When We All Fall Asleep' - A Masterpiece!""",0
"""38. ""Just started meal prepping, any tips for beginners? #HealthyLifestyle""",0
"""39. ""New Product Code 321098765 Now Available, Limited Stock!""",0
"""40. ""Just discovered the best hiking trail in town, 'The Green Path'.""",0
"""41. ""New Restaurant Review: 'The Vegan Dish' - A Delicious Surprise!""",0
"""42. ""Anyone know a good electrician? #Help""",0
"""43. ""New Game Review: 'Animal Crossing' - A Fun Escape from Reality!""",0
"""44. ""I've been trying to figure out this new game for 123 days now.""",0
"""45. ""New Product Code 654321098 Unveiled at Gaming Conference.""",0
"""46. ""Just started learning a new language, any tips for beginners? #LanguageLearning""",0
"""47. ""New Album Review: The Weeknd's 'After Hours' - A Musical Journey!""",0
"""48. ""Anyone know a good mechanic? #Help""",0
"""49. ""New Product Alert: 'John Doe' Brand's Latest Fitness Tracker.""",0
"""50. ""Just started a new job, loving the team so far!""",0
"""1. ""Stormy weather expected tonight, stay indoors if possible.""",0
"""2. ""iPhone 13 launched today, pre-orders start at 5PM.""",0
"""3. ""Amazon: Prime Day deals include up to 50% off electronics.""",0
"""4. ""New coffee shop 'Brews & Books' opens on Main Street.""",0
"""5. ""John Doe scored 95 on his math test, great job!""",0
"""6. ""Traffic alert: I-95 closed due to accident, use I-85 as alternative.""",0
"""7. ""Best buy: Samsung Galaxy S21 now $799, save $200.""",0
"""8. ""City council meeting agenda posted online, public comment welcome.""",0
"""9. ""Watch out for fake alerts claiming to be from 'IRS'. They're scams.""",0
"""10. ""New pizza place 'Slice of Heaven' offers buy one, get one free deal.""",0
"""11. ""Apple Watch Series 7 features larger screen, improved health tracking.""",0
"""12. ""Package delivered to neighbor's house, they'll bring it by later.""",0
"""13. ""Tech review: LG C1 OLED TV offers stunning picture quality.""",0
"""14. ""Local library offers free online classes for kids this summer.""",0
"""15. ""New yoga studio 'Namaste Now' opens its doors today.""",0
"""16. ""Bank holiday reminder: Local branches closed Monday.""",0
"""17. ""Amazon Kindle Paperwhite now waterproof, perfect for beach reads.""",0
"""18. ""City-wide power outage due to storm, ETA for restoration is 10PM.""",0
"""19. ""Job alert: Starbucks hiring baristas, apply online.""",0
"""20. ""New study suggests regular exercise improves mental health.""",0
"""21. ""Local farmers market open every Saturday, 9AM - 2PM.""",0
"""22. ""Target: Back-to-school deals starting this weekend.""",0
"""23. ""Movie review: 'Dune' lives up to the hype, must-see in theaters.""",0
"""24. ""Museum exhibit 'Dinosaurs in Motion' opens next week.""",0
"""25. ""Gas prices drop by 5 cents, lowest in months.""",0
"""26. ""Urgent: Boil water advisory in effect for downtown residents.""",0
"""27. ""New bakery 'Sweet Dreams' offers gluten-free options.""",0
"""28. ""School supply drive: Donate backpacks and pencils to local students.""",0
"""29. ""Hurricane season reminder: Update your emergency kit.""",0
"""30. ""Black Friday deal: Nintendo Switch Lite now $199.""",0
"""31. ""Amazon Echo Dot (4th Gen) now $29, lowest price yet.""",0
"""32. ""City park now opens at sunrise, closes at sunset.""",0
"""33. ""Cyber Monday deals: Up to 60% off at Best Buy.""",0
"""34. ""Local food bank seeking volunteers for holiday season.""",0
"""35. ""New coffee blend 'Mountain Mist' now available at all stores.""",0
"""36. ""Road closure: Main Street closed for repairs, use detour.""",0
"""37. ""New book 'The Four Winds' by Kristin Hannah out today.""",0
"""38. ""Join us tonight for the full moon walk, meet at the park at 8PM.""",0
"""39. ""Wi-Fi outage in the area, estimated repair time 2 hours.""",0
"""40. ""New product alert: AirPods Max now available for pre-order.""",0
"""41. ""Community event: Farmers market hosts pumpkin carving contest.""",0
"""42. ""Best buy: Instant Pot Duo Nova now $59, lowest price this year.""",0
"""43. ""New art exhibit 'Colorful Connections' opens tomorrow.""",0
"""44. ""Double points for Starbucks rewards members this weekend.""",0
"""45. ""Postal service alert: Mail delivery delayed due to weather.""",0
"""46. ""New study finds regular meditation can improve focus.""",0
"""47. ""Join our virtual book club, meeting every 2nd Tuesday.""",0
"""48. ""Local grocery store 'Fresh Mart' now offers online ordering.""",0
"""49. ""New restaurant 'Fire & Ice' now open for reservations.""",0
"""50. ""Movie night: Free outdoor screening of 'Jumanji' at the park.""",0
"""Storm warning issued for coastal regions tonight.""",0
"""Just tried the new sushi place downtown. Highly recommend!""",0
"""Apple's new iPhone, model A2345, hits stores tomorrow.""",0
"""Finally fixed the leak in my bathroom. Took 123 tries!""",0
"""John Doe scored the winning goal in last night's match.""",0
"""Amazon's latest Kindle, KN234, is now waterproof.""",0
"""Traffic on I-95 is a nightmare today. Avoid if possible.""",0
"""New study finds that coffee consumption may reduce risk of Type A diseases.""",0
"""Just ordered a #5 from my favorite pizza place. Can't wait!""",0
"""New York City's population hits 8,336,817, according to the latest census.""",0
"""Best buy: Canon EOS 5D Mark IV camera, now $200 off.""",0
"""New album 'Echoes' by indie band 'The Shadows' is out now.""",0
"""Weather alert: Heavy rain expected this evening. Stay indoors.""",0
"""Just got my hands on the new iPhone 12. Love it!""",0
"""New app 'FitTrack' helps monitor your daily steps and calorie intake.""",0
"""Last night's meteor shower was spectacular. Did you catch it?""",0
"""Amazon's new drone delivery service starts today in select areas.""",0
"""Just tried out the new VR game 'Phantom' on Steam. Intense!""",0
"""New study shows that reading can improve memory by 30%.""",0
"""Just returned from a fantastic trip to 'Paris'. Highly recommend!""",0
"""New product alert: Samsung Galaxy S21, available now.""",0
"""New research suggests that plants can improve air quality indoors.""",0
"""Just discovered a new favorite spot: 'Café Noir' on Main Street.""",0
"""New movie 'Interstellar' hits theaters this Friday. Who's going?""",0
"""Just ordered a #3 from 'Taco Tuesday'. So good!""",0
"""New app 'Plantly' helps grow and care for indoor plants.""",0
"""New study finds that regular exercise can boost brain power.""",0
"""Just got my hands on the new PlayStation 5. Amazing graphics!""",0
"""New product: 'EcoClean' laundry detergent, 100% biodegradable.""",0
"""New restaurant 'Bella Cucina' opens its doors tonight.""",0
"""New book 'The Testaments' by Margaret Atwood is a must-read.""",0
"""Just started a new project with client 'ABC Corp'. Exciting!""",0
"""New app 'SleepBetter' helps track and improve your sleep patterns.""",0
"""New product alert: 'FitBit Charge 4', now $10 off.""",0
"""Just tried out 'The Great British Baking Show'. Love it!""",0
"""New study finds that regular meditation can reduce stress.""",0
"""Breaking: Fire at local factory, no injuries reported.""",0
"""Just tried the new vegan café downtown, loved it!""",0
"""Server down for maintenance between 2-4 AM, estimated downtime 2 hours.""",0
"""New iPhone release speculated for next month, no official announcement yet.""",0
"""John Doe set a new record at the marathon today.""",0
"""Check out this amazing drone footage from the Grand Canyon.""",0
"""Experiencing heavy traffic on Route 123 due to an accident.""",0
"""Last chance to grab tickets for the concert, they're selling fast!""",0
"""Apple's new product code 'N13' leaked, details unclear.""",0
"""Reminder: Trash collection will be delayed by one day this week.""",0
"""Urgent: Flash flood warning issued for the area, avoid low-lying zones.""",0
"""Just discovered the perfect Spotify playlist for studying.""",0
"""New study finds link between sleep and productivity, details inside.""",0
"""Limited edition sneakers selling out quickly, only a few pairs left.""",0
"""Local library hosting job fair tomorrow, all are welcome.""",0
"""SOS: Lost my wallet at the park, please help if found.""",0
"""Final count: 123 votes for, 45 votes against the new proposal.""",0
"""Can't wait for the new episode of Stranger Things tonight!""",0
"""Farmers market opens this Saturday, featuring local produce.""",0
"""New app 'FitTrack' helps track fitness goals, free to download.""",0
"""Power outage affecting homes in the 55500 zip code.""",0
"""Join us for a free webinar on cybersecurity next week.""",0
"""New coffee shop 'Bean Voyage' opens its doors today.""",0
"""Check out these funny memes about work life.""",0
"""Stormy weather expected, stay indoors if possible.""",0
"""Need advice on the best camera for beginners.""",0
"""Last call: Submit your entries for the photography contest.""",0
"""Local sports team wins big, crowd goes wild.""",0
"""Excited to try out the new recipe I found online.""",0
"""Urgent: Gas leak reported, please avoid the area.""",0
"""New book 'The Time Traveler's Wife' just hit the shelves.""",0
"""Looking for a roommate to share a 2-bedroom apartment.""",0
"""New update for our app 'Picasso' now available for download.""",0
"""Just received my package from Amazon, love it!""",0
"""Free concert tonight at the park, see you there?""",0
"""Local bakery offers gluten-free options, finally!""",0
"""New study finds link between exercise and mental health.""",0
"""Check out this inspirational TED talk on resilience.""",0
"""Urgent: Water main break, expect traffic delays.""",0
"""New product 'GlowSip' claims to make water glow, launching soon.""",0
"""Join our book club discussion on 'To Kill a Mockingbird'.""",0
"""New study finds that plants can improve air quality.""",0
"""Just received an email from 'CustomerSupport@XYZ.com'.""",0
"""New podcast 'Mystery Hour' keeps you on the edge of your seat.""",0
"""Reminder: School starts tomorrow, be prepared.""",0
"""New exhibit at the museum features ancient artifacts.""",0
"""Need help setting up my new laptop, anyone?""",0
"""New game 'Galaxy Wars' out now, ready to play?""",0
"""Join us in celebrating Earth Day this Saturday.""",0
"""New research shows benefits of meditation for focus.""",0
"""Just discovered a new band, 'Echoes of Time'.""",0
"""New recipe 'Avocado Delight' is surprisingly easy to make.""",0
"""Urgent: Report of a bear sighting, be cautious.""",0
"""New app 'PetConnect' helps find lost pets, free to download.""",0
"""Join our upcoming workshop on sustainable living.""",0
"""New study finds that artificial intelligence is improving.""",0
"""Just tried the new virtual reality game, amazing!""",0
"""New product 'EcoPure' promises to reduce plastic waste.""",0
"""Join our online discussion about climate change.""",0
"""New film 'The Light of Hope' premiers tonight.""",0
"""Need help understanding this error code: 007.""",0
"""New study finds that laughter is the best medicine.""",0
"""Join us for a poetry reading at the local café.""",0
"""New product 'NoiseLess' claims to reduce noise pollution.""",0
"""Just received my monthly subscription box, can't wait to try everything.""",0
"""New app 'HealthHub' helps track your health goals.""",0
"""Join our protest against the new proposed tax.""",0
"""New study finds that sleep deprivation can affect weight.""",0
"""Just discovered the perfect study spot in the park.""",0
"""New product 'GreenGlow' promises eco-friendly light.""",0
"""Join our debate on the future of artificial intelligence.""",0
"""New recipe 'Spicy Soba Noodles' is a keeper.""",0
"""Urgent: Car accident reported, avoid the area.""",0
"""Join our online game night, tonight at 8 PM.""",0
"""New study finds that reading can improve empathy.""",0
"""Need help with this math problem: 2x + 3 = 11.""",0
"""New product 'SmartShield' promises virus protection.""",0
"""Join our group hike this Saturday, all levels welcome.""",0
"""New film 'The Last Dance' is a must-watch.""",0
"""Just received a phone call from '123-456-7890'.""",0
"""Join our discussion on the best sci-fi movies.""",0
"""New study finds that dogs can detect cancer.""",0
"""Need advice on the best traveling backpack.""",0
"""Join our yoga class tomorrow morning at 9 AM.""",0
"""New product 'SunGuard' promises UV protection.""",0
"""Just found a lost dog, anyone know who it belongs to?""",0
"""Join our online course on digital marketing.""",0
"""New study finds that music can improve memory.""",0
"""1. ""Storm warning issued for coastal regions tonight.""",0
"""2. ""New smartphone model, code name 'Project X', to be announced next week.""",0
"""3. ""I've been waiting ages for my order to arrive.""",0
"""4. ""John Doe scored another goal in yesterday's match.""",0
"""5. ""Tech support: Error code 12345 suggests a connectivity issue.""",0
"""6. ""Free concert at Central Park this Saturday.""",0
"""7. ""Just tried the new coffee blend at my local café""",0
""". ""Breaking: NASA's Perseverance rover finds potential signs of ancient life on Mars.""",0
"""2. ""Just tried the new avocado toast at 'The Grind' - highly recommend!""",0
"""3. ""Apple to unveil new iPhone 13 lineup next week.""",0
"""4. ""Anyone know a good plumber? My sink's leaking.""",0
"""5. ""Amazon's 'The Wheel of Time' series premieres today.""",0
"""6. ""Traffic update: Expect delays on I-95 due to a multi-vehicle accident.""",0
"""7. ""Just ordered the new 'Cyberpunk' video game. Can't wait to dive in!""",0
"""8. ""Local library hosting a free coding workshop for kids this Saturday.""",0
"""9. ""New study finds link between sleep and productivity. Who knew, right?""",0
"""10. ""Anyone know a good joke? I'm feeling a bit down today.""",0
"""11. ""Check out this amazing sunset! #nofilter""",0
"""12. ""New restaurant 'Savor' opens downtown. Their pasta is to die for!""",0
"""13. ""Just got my COVID-19 vaccination. Feeling a bit tired but overall, good experience.""",0
"""14. ""Anyone have a recommendation for a good thriller novel?""",0
"""15. ""Local school district votes to switch to remote learning due to rising COVID-19 cases.""",0
"""16. ""New product alert! Our latest smartphone, the Galaxy Z Fold3, is now available for pre-order.""",0
"""17. ""Just saw 'Dune' - what a visual masterpiece! #movie review""",0
"""18. ""Anyone know how to fix a leaky faucet? #plumbinghelp""",0
"""19. ""Just got accepted into my dream college! #excited""",0
"""20. ""New study suggests regular exercise can boost mental health. #fitnessmotivation""",0
"""21. ""Anyone have tips for growing tomatoes indoors? #gardeninghelp""",0
"""22. ""Just ordered a new laptop. Model number: A1245. Can't wait to upgrade my tech!""",0
"""23. ""Local business 'Green Thumb Nursery' is offering 15% off all plants this weekend.""",0
"""24. ""Just finished 'The Expanse' series. Now what? #TVrecommendations""",0
"""25. ""New app 'FitFam' helps track workouts and connect with fitness enthusiasts.""",0
"""26. ""Anyone know the best way to remove a stubborn stain? #stainremoval""",0
"""27. ""Just got my car serviced. They gave me a new license plate number: 123ABC.""",0
"""28. ""New restaurant 'Spice' opens next week. They're hiring! #nowhiring""",0
"""29. ""Just saw 'No Time to Die'. Daniel Craig's swansong was epic! #moviesreview""",0
"""30. ""Anyone have tips for improving sleep? #sleephelp""",0
"""31. ""New product alert! Our latest laptop, the XPS 13, is now available for pre-order.""",0
"""32. ""Just started learning Python. Any resources you'd recommend? #codinghelp""",0
"""33. ""New study finds link between mental health and climate change. #climateaction""",0
"""34. ""Anyone know a good recipe for vegan chocolate chip cookies? #bakinghelp""",0
"""35. ""Just got my COVID-19 test results back: Negative. Phew!""",0
"""36. ""New app 'Plant Parent' helps care for houseplants. I've killed too many... #planthelp""",0
"""37. ""Anyone have tips for saving money? #financialadvice""",0
"""38. ""Just saw 'The Last Duel'. Ridley Scott's film is a gripping historical drama. #moviesreview""",0
"""39. ""New study suggests regular meditation can improve focus. #mindfulness""",0
"""40. ""Anyone know a good plumber in the area? #plumbinghelp""",0
"""41. ""Just ordered a new coffee maker. Model number: K55. Can't wait for my morning brew!""",0
"""42. ""Local bakery 'Sweet Tooth' opens a new branch downtown. Yum!""",0
"""43. ""Anyone know the best way to organize my closet? #organizinghelp""",0
"""44. ""New product alert! Our latest smart speaker, the HomePod mini, is now available.""",0
"""45. ""Just saw 'King Richard'. Will Smith's performance was outstanding! #moviesreview""",0
"""46. ""Anyone have tips for improving my running time? #runninghelp""",0
"""47. ""Just got my COVID-19 vaccine booster shot. Feeling a bit tired but overall, good experience.""",0
"""48. ""New study finds link between diet and cognitive function. #brainfood""",0
"""49. ""Anyone know a good book recommendation? #bookrecommendation""",0
"""50. ""Just started a new job. Product code: XYZ123. Excited to learn and grow!""",0
"""1. ""Attention shoppers, our weekly special is now live: Apples, 69c per pound!""",0
"""2. ""Just tried the new 'ZX500' model, it's a game-changer!""",0
"""3. ""I've been waiting for 123 hours for this movie to be released.""",0
"""4. ""Meet our new team member, Jane Doe.""",0
"""5. ""The event starts at 7pm sharp, don't be late!""",0
"""6. ""I've been using product code 'ABC123' for months, it's amazing.""",0
"""7. ""Next week's forecast: Sunny with a high of 78F.""",0
"""8. ""Check out our new line of 'Classic Blue' shirts.""",0
"""9. ""I've been stuck on this 'Error Code: 404' for hours.""",0
"""10. ""The new 'XYZ' gadget is selling out fast!""",0
"""11. ""I've been trying to reach 'Support Team' for days.""",0
"""12. ""Our new 'Vegan Delight' dish is a must-try!""",0
"""13. ""The 'Big Sale' starts tomorrow, get ready!""",0
"""14. ""I've been trying to solve this 'Math Problem' all day.""",0
"""15. ""Meet our new 'Chief Executive Officer', John Doe.""",0
"""16. ""The 'Black Friday' deals are live now.""",0
"""17. ""I've been waiting for 'Bus 55' for 30 minutes.""",0
"""18. ""Our new 'Gluten-Free' range is here.""",0
"""19. ""The 'New Year's Eve' party starts at 9pm.""",0
"""20. ""I've been trying to fix my 'Broken Laptop' all day.""",0
"""21. ""The 'New Product Launch' is today at 2pm.""",0
"""22. ""I've been stuck in traffic for 123 minutes.""",0
"""23. ""Our new 'Sustainable' line is out now.""",0
"""24. ""The 'Concert' starts at 8pm, gates open at 7.""",0
"""25. ""I've been trying to reach 'Customer Service' since morning.""",0
"""26. ""The 'Job Fair' is tomorrow, dress to impress!""",0
"""27. ""I've been waiting for 'Flight 789' for hours.""",0
"""28. ""Our new 'Luxury' collection is here.""",0
"""29. ""The 'Cyber Monday' deals are live until midnight.""",0
"""30. ""I've been trying to resolve this 'Technical Issue' for days.""",0
"""31. ""The 'Class' starts at 10am, don't forget to bring your ID.""",0
"""32. ""Our new 'Organic' range is now available.""",0
"""33. ""I've been stuck on this 'Riddle' for weeks.""",0
"""34. ""The 'Game Night' starts at 7pm, see you there!""",0
"""35. ""I've been trying to reach 'IT Support' for hours.""",0
"""36. ""The 'Auction' starts at 3pm sharp.""",0
"""37. ""Our new 'Limited Edition' collection is here.""",0
"""38. ""I've been waiting for 'Train 123' for 30 minutes.""",0
"""39. ""The 'Webinar' starts at 11am, register now.""",0
"""40. ""I've been trying to fix my 'Broken Phone' for days.""",0
"""41. ""The 'Meetup' is at 6pm, see you there!""",0
"""42. ""Our new 'Vintage' collection is here.""",0
"""43. ""I've been stuck on this 'Puzzle' for hours.""",0
"""44. ""The 'Seminar' starts at 9am, arrive early.""",0
"""45. ""I've been waiting for 'Flight 321' for hours.""",0
"""46. ""The 'Book Club' meeting is at 7pm.""",0
"""47. ""I've been trying to reach 'HR' for days.""",0
"""48. ""The 'Workshop' starts at 2pm, don't be late!""",0
"""49. ""Our new 'Bestseller' is out now.""",0
"""50. ""I've been stuck in this 'Loop' for hours.""",0
"""Breaking: NASA's Perseverance Rover Successfully Lands on Mars.""",0
"""Just tried the new 'Green Dream' smoothie at 'The Juice Bar,' it's amazing!""",0
"""Urgent: All hands on deck for the quarterly sales meeting tomorrow at 10 AM.""",0
"""Apple Watch Series 7: Sleek design, improved battery life, and blood oxygen tracking.""",0
"""Anyone know a good plumber? Our kitchen sink is leaking.""",0
"""🚨 Flash Sale! 🚨 Get 50% off all winter coats today only.""",0
"""Tech Tip: Update your software to protect against the latest security threats.""",0
"""Sad news: Local library closing due to budget cuts. Sign petition to save it.""",0
"""Just discovered 'Cottagecore' interior design. Love it!""",0
"""Need advice on setting up a home office. Help!""",0
"""Yay! Finally got a table at 'The Secret Garden' for this weekend.""",0
"""New study: Reading reduces stress by 68%. Let's grab a book!""",0
"""Check out our new 'Mystery Box' subscription. Surprise goodies every month!""",0
"""📣 Attention! Last day to submit proposals for the conference.""",0
"""Finally finished 'Game of Thrones.' Now what?""",0
"""New recipe alert: 'Easy Baked Lemon Salmon' is tonight's dinner.""",0
"""Join us for 'Trivia Night' at 'The Local' every Thursday.""",0
"""Discovered a new band: 'Glass Animals.' Their music is insane.""",0
"""🌱 Plant parents, check out our new 'Plant Care' section.""",0
"""Just adopted a rescue dog. Life is now complete.""",0
"""🚨 Severe weather alert: Expect heavy rain and gusty winds tonight.""",0
"""New product: 'EcoFriend' reusable straws. Save the planet, one sip at a time.""",0
"""Just got my first 1000-piece puzzle. Bring it on!""",0
"""📚 'The Midnight Library' is our book club's pick for February.""",0
"""New fitness challenge: '30 Days of Yoga' starts Monday.""",0
"""🎮 Just beat 'The Last of Us Part II.' What an emotional rollercoaster.""",0
"""New café in town: 'Bean Voyage.' Can't wait to try their coffee.""",0
"""Need to learn 'Python' for work. Any good online courses?""",0
"""Just got tickets to 'Hamilton.' Can't wait!""",0
"""🌟 Product Review: 'AirPods Pro' - Game changer for workouts.""",0
"""New exhibition: 'Van Gogh: The Immersive Experience.' Must-see.""",0
"""Join our 'Cooking Club' and learn to make homemade pasta.""",0
"""Just scored tickets to Coachella. Who's coming with me?""",0
"""🌱 Plant of the month: 'Snake Plant' - Low maintenance and stylish.""",0
"""Need help with 'Excel' macros. Anyone good with coding?""",0
"""Just adopted a cat. Naming suggestions needed!""",0
"""🎟️ Free tickets to the museum today. First come, first served.""",0
"""Tech Tip: Clear your browser cache to speed up your computer.""",0
"""Just got my 'Tax Refund.' Time to treat myself.""",0
"""New at 'The Gym': Spin classes. Let's sweat it out!""",0
"""Anyone know a good locksmith? Locked myself out again.""",0
"""🎵 'Olivia Rodrigo' is my new obsession. 'Drivers License' on repeat.""",0
"""Just started 'The Witcher' series. Henry Cavill is dreamy.""",0
"""📚 'To Kill a Mockingbird' is our English class's next read.""",0
"""New movie alert: 'Dune' is out now. Let's discuss!""",0
"""📣 Casting call: Extras needed for local film production.""",0
"""Need a good 'Podcast' recommendation. True crime, please.""",0
"""Just got a new 'iPhone.' Time to explore the App Store.""",0
"""🌟 Product Review: 'Kindle Paperwhite' - Best eReader ever.""",0
"""New at 'The Market': Locally sourced, organic produce.""",0
"""Just discovered 'Dark Web' monitoring services. Safety first!""",0
"""🎵 'Adele' is back! 'Easy On Me' is on repeat.""",0
"""1. ""🌞Good morning! Today's weather forecast is looking great, with clear skies and temperatures reaching 25°C.""",0
"""2. ""Sold! Item #4321 was snapped up in our flash sale. Thanks for shopping!""",0
"""3. ""Just finished reading '1984'. Man, that Orwell sure knew how to predict the future.""",0
"""4. ""📢Attention all, the next bus to downtown leaves in 5 minutes. Don't miss it!""",0
"""5. ""I've been trying to get in touch with John Doe regarding the project. Anyone have his contact?""",0
"""6. ""Check out this new restaurant. It's between 123rd and 456th streets. The pasta is amazing!""",0
"""7. ""Can someone help me with this error code P0123? My laptop's been acting up.""",0
"""8. ""Just saw 'Movie X'. It was awesome! 5/5 stars from me.""",0
"""9. ""🌟Today's special at our café: Americano and a croissant for just $5. Don't miss out!""",0
"""10. ""I've been waiting for this game to release since they announced it at E3 last year. Finally, the wait is over!""",0
"""11. ""Need a plumber? Try ABC Plumbing. They've got 5-star reviews. Code: PLUM50 for a discount.""",0
"""12. ""Meeting room 7B is booked from 2-4 PM. Please find another space if needed.""",0
"""13. ""I've been trying to reach customer service for hours. Their hold time is ridiculous!""",0
"""14. ""Just finished painting my living room. The color code is #FFFFFF. It's perfect!""",0
"""15. ""🎉Congrats to our winner, user #789! You've won a free meal at our partner restaurant.""",0
"""16. ""I've had my iPhone 12 for a year now. No regrets. It's still running smoothly.""",0
"""17. ""🚨Flash sale alert! All items in category 'XYZ' are 50% off until midnight. Use code FLASH50.""",0
"""18. ""Just got my COVID-19 vaccine. The process was quick and easy. Yay for science!""",0
"""19. ""I've been trying to find a good book to read. Any recommendations? I prefer fiction.""",0
"""20. ""📣Lost and found: A black backpack with the tag 'AB123'. Turn in to the front desk.""",0
"""21. ""I've been using this app for a month now. It's great for tracking my runs. Highly recommend!""",0
"""22. ""Just saw a shooting star! Made a wish. 😊""",0
"""23. ""Anyone know where I can find a good Italian restaurant nearby? I'm craving pasta.""",0
"""24. ""I've been waiting for this train for ages. What's the delay?""",0
"""25. ""Just got my order from XYZ Store. The tracking number is 1234567890. Can't wait to open it!""",0
"""26. ""🚨Breaking: A major data breach has been reported. Experts advise changing passwords immediately.""",0
"""27. ""I've been trying to learn Python. Any good beginner resources you can recommend?""",0
"""28. ""Just saw the new Marvel movie. It was amazing! 10/10 would watch again.""",0
"""29. ""🌟Limited time offer: Get 15% off your next purchase at our store. Code: SUMMER15""",0
"""30. ""I've been using this product for a week now. It's great! No complaints.""",0
"""31. ""📢Attention all, the fire drill will begin in 10 minutes. Please evacuate the building.""",0
"""32. ""I've been trying to reach customer support for hours. Their phone lines are busy.""",0
"""33. ""Just finished binge-watching 'Stranger Things'. I can't wait for the next season!""",0
"""34. ""📣Lost and found: A brown leather wallet with the initials 'J.D.' Turn in to the front desk.""",0
"""35. ""I've been using this app for a year now. Their customer service is terrible.""",0
"""36. ""Just saw a post on Reddit about a new gaming console. It looks amazing!""",0
"""37. ""🌟Today's special at our bakery: Freshly baked croissants. Don't miss out!""",0
"""38. ""I've been waiting for this event all year. It's finally here! 🎉""",0
"""39. ""Just finished reading 'To Kill a Mockingbird'. What an amazing book. 5/5 stars.""",0
"""40. ""🚨Flash sale alert! All items in category 'ABC' are 70% off until 11:59 PM. Use code FLASH70.""",0
"""41. ""I've been trying to find a good recipe for homemade pizza. Any suggestions?""",0
"""42. ""Just saw a post on Instagram about a new fashion line. It's gorgeous!""",0
"""43. ""📣Attention all, the next shuttle to the airport leaves in 30 minutes. Don't be late!""",0
"""44. ""I've been using this product for a month. It's great! No complaints. 5/5 stars.""",0
"""45. ""Just finished playing 'The Legend of Zelda: Breath of the Wild'. It was amazing. 10/10""",0
"""46. ""🌟Limited time offer: Get 20% off your next purchase at our store. Code: SUMMER20""",0
"""47. ""I've been trying to find a good book to read. Any recommendations? I prefer non-fiction.""",0
"""48. ""Just saw a post on Facebook about a new movie release. It looks interesting.""",0
"""49. ""📢Attention all, the next bus to the university leaves in 15 minutes. Don't miss it!""",0
"""50. ""I've been using this app for two years. It's great for staying connected with friends.""",0
""". ""Breaking: NASA's Perseverance rover finds potential signs of ancient life on Mars.""",0
"""2. ""Just tried the new avocado toast at 'The Grind' - highly recommend!""",0
"""3. ""Apple to unveil new iPhone 13 lineup next week.""",0
"""4. ""Anyone know a good plumber? My sink's leaking.""",0
"""5. ""Amazon's 'The Wheel of Time' series premieres today.""",0
"""6. ""Traffic update: Expect delays on I-95 due to a multi-vehicle accident.""",0
"""7. ""Just ordered the new 'Cyberpunk' video game. Can't wait to dive in!""",0
"""8. ""Local library hosting a free coding workshop for kids this Saturday.""",0
"""9. ""New study finds link between sleep and productivity. Who knew, right?""",0
"""10. ""Anyone know a good joke? I'm feeling a bit down today.""",0
"""11. ""Check out this amazing sunset! #nofilter""",0
"""12. ""New restaurant 'Savor' opens downtown. Their pasta is to die for!""",0
"""13. ""Just got my COVID-19 vaccination. Feeling a bit tired but overall, good experience.""",0
"""14. ""Anyone have a recommendation for a good thriller novel?""",0
"""15. ""Local school district votes to switch to remote learning due to rising COVID-19 cases.""",0
"""16. ""New product alert! Our latest smartphone, the Galaxy Z Fold3, is now available for pre-order.""",0
"""17. ""Just saw 'Dune' - what a visual masterpiece! #movie review""",0
"""18. ""Anyone know how to fix a leaky faucet? #plumbinghelp""",0
"""19. ""Just got accepted into my dream college! #excited""",0
"""20. ""New study suggests regular exercise can boost mental health. #fitnessmotivation""",0
"""21. ""Anyone have tips for growing tomatoes indoors? #gardeninghelp""",0
"""22. ""Just ordered a new laptop. Model number: A1245. Can't wait to upgrade my tech!""",0
"""23. ""Local business 'Green Thumb Nursery' is offering 15% off all plants this weekend.""",0
"""24. ""Just finished 'The Expanse' series. Now what? #TVrecommendations""",0
"""25. ""New app 'FitFam' helps track workouts and connect with fitness enthusiasts.""",0
"""26. ""Anyone know the best way to remove a stubborn stain? #stainremoval""",0
"""27. ""Just got my car serviced. They gave me a new license plate number: 123ABC.""",0
"""28. ""New restaurant 'Spice' opens next week. They're hiring! #nowhiring""",0
"""29. ""Just saw 'No Time to Die'. Daniel Craig's swansong was epic! #moviesreview""",0
"""30. ""Anyone have tips for improving sleep? #sleephelp""",0
"""31. ""New product alert! Our latest laptop, the XPS 13, is now available for pre-order.""",0
"""32. ""Just started learning Python. Any resources you'd recommend? #codinghelp""",0
"""33. ""New study finds link between mental health and climate change. #climateaction""",0
"""34. ""Anyone know a good recipe for vegan chocolate chip cookies? #bakinghelp""",0
"""35. ""Just got my COVID-19 test results back: Negative. Phew!""",0
"""36. ""New app 'Plant Parent' helps care for houseplants. I've killed too many... #planthelp""",0
"""37. ""Anyone have tips for saving money? #financialadvice""",0
"""38. ""Just saw 'The Last Duel'. Ridley Scott's film is a gripping historical drama. #moviesreview""",0
"""39. ""New study suggests regular meditation can improve focus. #mindfulness""",0
"""40. ""Anyone know a good plumber in the area? #plumbinghelp""",0
"""41. ""Just ordered a new coffee maker. Model number: K55. Can't wait for my morning brew!""",0
"""42. ""Local bakery 'Sweet Tooth' opens a new branch downtown. Yum!""",0
"""43. ""Anyone know the best way to organize my closet? #organizinghelp""",0
"""44. ""New product alert! Our latest smart speaker, the HomePod mini, is now available.""",0
"""45. ""Just saw 'King Richard'. Will Smith's performance was outstanding! #moviesreview""",0
"""46. ""Anyone have tips for improving my running time? #runninghelp""",0
"""47. ""Just got my COVID-19 vaccine booster shot. Feeling a bit tired but overall, good experience.""",0
"""48. ""New study finds link between diet and cognitive function. #brainfood""",0
"""49. ""Anyone know a good book recommendation? #bookrecommendation""",0
"""50. ""Just started a new job. Product code: XYZ123. Excited to learn and grow!""",0
"""1. ""Local library hosting a 'Books & Brews' event this Friday.""",0
"""2. ""I've been trying to fix this #TechIssue for hours.""",0
"""3. ""New coffee shop 'Bean Voyage' opens downtown today.""",0
"""4. ""Just discovered the best new band, 'Echoes of Zenith'.""",0
"""5. ""Amazon's new product code B07VGRMVHV is trending.""",0
"""6. ""John Doe's bakery sells the best croissants in town.""",0
"""7. ""Weather alert: Heavy rain expected this evening.""",0
"""8. ""I'm loving my new phone, the XYZ9000.""",0
"""9. ""Check out this red Ferrari I saw in the showroom.""",0
"""10. ""My favorite spot for pizza is 'Slice of Heaven'.""",0
"""11. ""I've been waiting in line for 123 minutes.""",0
"""12. ""The new movie 'Galaxy's Edge' is a must-watch.""",0
"""13. ""I'm on the hunt for a vintage record player.""",0
"""14. ""The sale at 'Chic Boutique' ends tomorrow.""",0
"""15. ""Just finished reading 'The Catcher in the Rye'.""",0
"""16. ""I've been trying out the new fitness app, 'SweatLife'.""",0
"""17. ""The new iOS update is rolling out today.""",0
"""18. ""I've been playing 'Cyberpunk 2077' non-stop.""",0
"""19. ""The new coffee shop 'Brew Haven' is opening next week.""",0
"""20. ""I've had my eye on this vintage guitar for months.""",0
"""21. ""The new exhibit at the art gallery is stunning.""",0
"""22. ""I'm craving some sushi from 'The Raw Bar'.""",0
"""23. ""The new movie 'Dune' is getting great reviews.""",0
"""24. ""I've been trying to learn how to code with free online resources.""",0
"""25. ""The new product line from 'EcoGear' looks amazing.""",0
"""26. ""I've been waiting for 'Game of Thrones: The Board Game' to go on sale.""",0
"""27. ""The new album from 'Dreamwave' is out tomorrow.""",0
"""28. ""I've been trying out the new meal kit service, 'CookSmart'.""",0
"""29. ""The new plant-based burger from 'GreenGrill' is delicious.""",0
"""30. ""I've been trying to decide between 'Samsung' and 'LG' for a new TV.""",0
"""31. ""The new book 'The Silent Patient' is a gripping thriller.""",0
"""32. ""I've been waiting for 'Stranger Things' season 4 to drop.""",0
"""33. ""The new yoga studio 'Om Shanti' is now open.""",0
"""34. ""I've been trying to improve my photography skills.""",0
"""35. ""The new product code A1S2D3 is available for pre-order.""",0
"""36. ""I've been trying out the new meditation app, 'SereneMind'.""",0
"""37. ""The new movie 'Eternals' is a Marvel must-see.""",0
"""38. ""I've been watching 'The Queen's Gambit' on repeat.""",0
"""39. ""The new bakery 'Sugar Rush' is opening soon.""",0
"""40. ""I've been trying to find a reliable plumber in the area.""",0
"""41. ""The new album from 'Taylor Swift' is a masterpiece.""",0
"""42. ""I've been waiting for 'Black Friday' sales to start.""",0
"""43. ""The new coffee blend 'Nirvana Nights' is amazing.""",0
"""44. ""I've been trying to decide between 'Mac' and 'PC'.""",0
"""45. ""The new product 'SmartHome Hub' is a game-changer.""",0
"""46. ""I've been watching 'The Office' for the fifth time.""",0
"""47. ""The new restaurant 'Bistro Bliss' is now open.""",0
"""48. ""I've been trying to learn a new language with 'Duolingo'.""",0
"""49. ""The new book 'Project Hail Mary' is a sci-fi adventure.""",0
"""50. ""I've been waiting for the new 'Call of Duty' game to release.""",0
""". ""Breaking: NASA's Perseverance rover finds potential signs of ancient life on Mars.""",0
"""2. ""Just tried the new avocado toast at 'The Grind' - highly recommend!""",0
"""3. ""Apple to unveil new iPhone 13 lineup next week.""",0
"""4. ""Anyone know a good plumber? My sink's leaking.""",0
"""5. ""Amazon's 'The Wheel of Time' series premieres today.""",0
"""6. ""Traffic update: Expect delays on I-95 due to a multi-vehicle accident.""",0
"""7. ""Just ordered the new 'Cyberpunk' video game. Can't wait to dive in!""",0
"""8. ""Local library hosting a free coding workshop for kids this Saturday.""",0
"""9. ""New study finds link between sleep and productivity. Who knew, right?""",0
"""10. ""Anyone know a good joke? I'm feeling a bit down today.""",0
"""11. ""Check out this amazing sunset! #nofilter""",0
"""12. ""New restaurant 'Savor' opens downtown. Their pasta is to die for!""",0
"""13. ""Just got my COVID-19 vaccination. Feeling a bit tired but overall, good experience.""",0
"""14. ""Anyone have a recommendation for a good thriller novel?""",0
"""15. ""Local school district votes to switch to remote learning due to rising COVID-19 cases.""",0
"""16. ""New product alert! Our latest smartphone, the Galaxy Z Fold3, is now available for pre-order.""",0
"""17. ""Just saw 'Dune' - what a visual masterpiece! #movie review""",0
"""18. ""Anyone know how to fix a leaky faucet? #plumbinghelp""",0
"""19. ""Just got accepted into my dream college! #excited""",0
"""20. ""New study suggests regular exercise can boost mental health. #fitnessmotivation""",0
"""21. ""Anyone have tips for growing tomatoes indoors? #gardeninghelp""",0
"""22. ""Just ordered a new laptop. Model number: A1245. Can't wait to upgrade my tech!""",0
"""23. ""Local business 'Green Thumb Nursery' is offering 15% off all plants this weekend.""",0
"""24. ""Just finished 'The Expanse' series. Now what? #TVrecommendations""",0
"""25. ""New app 'FitFam' helps track workouts and connect with fitness enthusiasts.""",0
"""26. ""Anyone know the best way to remove a stubborn stain? #stainremoval""",0
"""27. ""Just got my car serviced. They gave me a new license plate number: 123ABC.""",0
"""28. ""New restaurant 'Spice' opens next week. They're hiring! #nowhiring""",0
"""29. ""Just saw 'No Time to Die'. Daniel Craig's swansong was epic! #moviesreview""",0
"""30. ""Anyone have tips for improving sleep? #sleephelp""",0
"""31. ""New product alert! Our latest laptop, the XPS 13, is now available for pre-order.""",0
"""32. ""Just started learning Python. Any resources you'd recommend? #codinghelp""",0
"""33. ""New study finds link between mental health and climate change. #climateaction""",0
"""34. ""Anyone know a good recipe for vegan chocolate chip cookies? #bakinghelp""",0
"""35. ""Just got my COVID-19 test results back: Negative. Phew!""",0
"""36. ""New app 'Plant Parent' helps care for houseplants. I've killed too many... #planthelp""",0
"""37. ""Anyone have tips for saving money? #financialadvice""",0
"""38. ""Just saw 'The Last Duel'. Ridley Scott's film is a gripping historical drama. #moviesreview""",0
"""39. ""New study suggests regular meditation can improve focus. #mindfulness""",0
"""40. ""Anyone know a good plumber in the area? #plumbinghelp""",0
"""41. ""Just ordered a new coffee maker. Model number: K55. Can't wait for my morning brew!""",0
"""42. ""Local bakery 'Sweet Tooth' opens a new branch downtown. Yum!""",0
"""43. ""Anyone know the best way to organize my closet? #organizinghelp""",0
"""44. ""New product alert! Our latest smart speaker, the HomePod mini, is now available.""",0
"""45. ""Just saw 'King Richard'. Will Smith's performance was outstanding! #moviesreview""",0
"""46. ""Anyone have tips for improving my running time? #runninghelp""",0
"""47. ""Just got my COVID-19 vaccine booster shot. Feeling a bit tired but overall, good experience.""",0
"""48. ""New study finds link between diet and cognitive function. #brainfood""",0
"""49. ""Anyone know a good book recommendation? #bookrecommendation""",0
"""50. ""Just started a new job. Product code: XYZ123. Excited to learn and grow!""",0
""". ""Breaking: NASA's Perseverance rover finds potential signs of ancient life on Mars.""",0
"""2. ""Just tried the new avocado toast at 'The Grind' - highly recommend!""",0
"""3. ""Apple to unveil new iPhone 13 lineup next week.""",0
"""4. ""Anyone know a good plumber? My sink's leaking.""",0
"""5. ""Amazon's 'The Wheel of Time' series premieres today.""",0
"""6. ""Traffic update: Expect delays on I-95 due to a multi-vehicle accident.""",0
"""7. ""Just ordered the new 'Cyberpunk' video game. Can't wait to dive in!""",0
"""8. ""Local library hosting a free coding workshop for kids this Saturday.""",0
"""9. ""New study finds link between sleep and productivity. Who knew, right?""",0
"""10. ""Anyone know a good joke? I'm feeling a bit down today.""",0
"""11. ""Check out this amazing sunset! #nofilter""",0
"""12. ""New restaurant 'Savor' opens downtown. Their pasta is to die for!""",0
"""13. ""Just got my COVID-19 vaccination. Feeling a bit tired but overall, good experience.""",0
"""14. ""Anyone have a recommendation for a good thriller novel?""",0
"""15. ""Local school district votes to switch to remote learning due to rising COVID-19 cases.""",0
"""16. ""New product alert! Our latest smartphone, the Galaxy Z Fold3, is now available for pre-order.""",0
"""17. ""Just saw 'Dune' - what a visual masterpiece! #movie review""",0
"""18. ""Anyone know how to fix a leaky faucet? #plumbinghelp""",0
"""19. ""Just got accepted into my dream college! #excited""",0
"""20. ""New study suggests regular exercise can boost mental health. #fitnessmotivation""",0
"""21. ""Anyone have tips for growing tomatoes indoors? #gardeninghelp""",0
"""22. ""Just ordered a new laptop. Model number: A1245. Can't wait to upgrade my tech!""",0
"""23. ""Local business 'Green Thumb Nursery' is offering 15% off all plants this weekend.""",0
"""24. ""Just finished 'The Expanse' series. Now what? #TVrecommendations""",0
"""25. ""New app 'FitFam' helps track workouts and connect with fitness enthusiasts.""",0
"""26. ""Anyone know the best way to remove a stubborn stain? #stainremoval""",0
"""27. ""Just got my car serviced. They gave me a new license plate number: 123ABC.""",0
"""28. ""New restaurant 'Spice' opens next week. They're hiring! #nowhiring""",0
"""29. ""Just saw 'No Time to Die'. Daniel Craig's swansong was epic! #moviesreview""",0
"""30. ""Anyone have tips for improving sleep? #sleephelp""",0
"""31. ""New product alert! Our latest laptop, the XPS 13, is now available for pre-order.""",0
"""32. ""Just started learning Python. Any resources you'd recommend? #codinghelp""",0
"""33. ""New study finds link between mental health and climate change. #climateaction""",0
"""34. ""Anyone know a good recipe for vegan chocolate chip cookies? #bakinghelp""",0
"""35. ""Just got my COVID-19 test results back: Negative. Phew!""",0
"""36. ""New app 'Plant Parent' helps care for houseplants. I've killed too many... #planthelp""",0
"""37. ""Anyone have tips for saving money? #financialadvice""",0
"""38. ""Just saw 'The Last Duel'. Ridley Scott's film is a gripping historical drama. #moviesreview""",0
"""39. ""New study suggests regular meditation can improve focus. #mindfulness""",0
"""40. ""Anyone know a good plumber in the area? #plumbinghelp""",0
"""41. ""Just ordered a new coffee maker. Model number: K55. Can't wait for my morning brew!""",0
"""42. ""Local bakery 'Sweet Tooth' opens a new branch downtown. Yum!""",0
"""43. ""Anyone know the best way to organize my closet? #organizinghelp""",0
"""44. ""New product alert! Our latest smart speaker, the HomePod mini, is now available.""",0
"""45. ""Just saw 'King Richard'. Will Smith's performance was outstanding! #moviesreview""",0
"""46. ""Anyone have tips for improving my running time? #runninghelp""",0
"""47. ""Just got my COVID-19 vaccine booster shot. Feeling a bit tired but overall, good experience.""",0
"""48. ""New study finds link between diet and cognitive function. #brainfood""",0
"""49. ""Anyone know a good book recommendation? #bookrecommendation""",0
"""50. ""Just started a new job. Product code: XYZ123. Excited to learn and grow!""",0
""". ""Breaking: NASA's Perseverance rover finds potential signs of ancient life on Mars.""",0
"""2. ""Just tried the new avocado toast at 'The Grind' - highly recommend!""",0
"""3. ""Apple to unveil new iPhone 13 lineup next week.""",0
"""4. ""Anyone know a good plumber? My sink's leaking.""",0
"""5. ""Amazon's 'The Wheel of Time' series premieres today.""",0
"""6. ""Traffic update: Expect delays on I-95 due to a multi-vehicle accident.""",0
"""7. ""Just ordered the new 'Cyberpunk' video game. Can't wait to dive in!""",0
"""8. ""Local library hosting a free coding workshop for kids this Saturday.""",0
"""9. ""New study finds link between sleep and productivity. Who knew, right?""",0
"""10. ""Anyone know a good joke? I'm feeling a bit down today.""",0
"""11. ""Check out this amazing sunset! #nofilter""",0
"""12. ""New restaurant 'Savor' opens downtown. Their pasta is to die for!""",0
"""13. ""Just got my COVID-19 vaccination. Feeling a bit tired but overall, good experience.""",0
"""14. ""Anyone have a recommendation for a good thriller novel?""",0
"""15. ""Local school district votes to switch to remote learning due to rising COVID-19 cases.""",0
"""16. ""New product alert! Our latest smartphone, the Galaxy Z Fold3, is now available for pre-order.""",0
"""17. ""Just saw 'Dune' - what a visual masterpiece! #movie review""",0
"""18. ""Anyone know how to fix a leaky faucet? #plumbinghelp""",0
"""19. ""Just got accepted into my dream college! #excited""",0
"""20. ""New study suggests regular exercise can boost mental health. #fitnessmotivation""",0
"""21. ""Anyone have tips for growing tomatoes indoors? #gardeninghelp""",0
"""22. ""Just ordered a new laptop. Model number: A1245. Can't wait to upgrade my tech!""",0
"""23. ""Local business 'Green Thumb Nursery' is offering 15% off all plants this weekend.""",0
"""24. ""Just finished 'The Expanse' series. Now what? #TVrecommendations""",0
"""25. ""New app 'FitFam' helps track workouts and connect with fitness enthusiasts.""",0
"""26. ""Anyone know the best way to remove a stubborn stain? #stainremoval""",0
"""27. ""Just got my car serviced. They gave me a new license plate number: 123ABC.""",0
"""28. ""New restaurant 'Spice' opens next week. They're hiring! #nowhiring""",0
"""29. ""Just saw 'No Time to Die'. Daniel Craig's swansong was epic! #moviesreview""",0
"""30. ""Anyone have tips for improving sleep? #sleephelp""",0
"""31. ""New product alert! Our latest laptop, the XPS 13, is now available for pre-order.""",0
"""32. ""Just started learning Python. Any resources you'd recommend? #codinghelp""",0
"""33. ""New study finds link between mental health and climate change. #climateaction""",0
"""34. ""Anyone know a good recipe for vegan chocolate chip cookies? #bakinghelp""",0
"""35. ""Just got my COVID-19 test results back: Negative. Phew!""",0
"""36. ""New app 'Plant Parent' helps care for houseplants. I've killed too many... #planthelp""",0
"""37. ""Anyone have tips for saving money? #financialadvice""",0
"""38. ""Just saw 'The Last Duel'. Ridley Scott's film is a gripping historical drama. #moviesreview""",0
"""39. ""New study suggests regular meditation can improve focus. #mindfulness""",0
"""40. ""Anyone know a good plumber in the area? #plumbinghelp""",0
"""41. ""Just ordered a new coffee maker. Model number: K55. Can't wait for my morning brew!""",0
"""42. ""Local bakery 'Sweet Tooth' opens a new branch downtown. Yum!""",0
"""43. ""Anyone know the best way to organize my closet? #organizinghelp""",0
"""44. ""New product alert! Our latest smart speaker, the HomePod mini, is now available.""",0
"""45. ""Just saw 'King Richard'. Will Smith's performance was outstanding! #moviesreview""",0
"""46. ""Anyone have tips for improving my running time? #runninghelp""",0
"""47. ""Just got my COVID-19 vaccine booster shot. Feeling a bit tired but overall, good experience.""",0
"""48. ""New study finds link between diet and cognitive function. #brainfood""",0
"""49. ""Anyone know a good book recommendation? #bookrecommendation""",0
"""50. ""Just started a new job. Product code: XYZ123. Excited to learn and grow!""",0
"""1. ""Breaking: Stock market plunges 500 points on global economic uncertainty.""",0
"""2. ""🚨 Limited time offer! Get 30% off all winter clothing at ABC Store. Use code: COZY123. #ShopNow""",0
"""3. ""Just finished reading '1984' by George Orwell. Thought-provoking, a must-read! #BookReview""",0
"""4. ""🌟 Our new product, CodeName: Sunrise, launches tomorrow. Stay tuned! #TechNews""",0
"""5. ""Traffic alert! Severe delays on Route 1 due to roadworks. Consider alternative routes.""",0
"""6. ""I've been trying to reach customer service for 123 minutes. Anyone else having issues with XYZ Corp?""",0
"""7. ""🎉 Congratulations to John Doe on his promotion! #Celebration""",0
"""8. ""Can anyone recommend a good plumber? Sink's been leaking for days. #HomeHelp""",0
"""9. ""Just saw 'John Wick 4' - action-packed, another excellent addition to the series. #MovieReview""",0
"""10. ""Urgent: Missing pet - White cat with black spot near left eye. Last seen near Oak Street. Contact if found.""",0
"""11. ""📢 New policy: All bags will be checked upon entry. Please arrive early. #EventNotice""",0
"""12. ""Anyone interested in trading vintage records? I have a bunch from the '70s. #MusicSwap""",0
"""13. ""💥 Flash Sale! All shoes 50% off today only. Use code: STEP50. #ShopNow""",0
"""14. ""Just tried the new vegan burger at GreenGrilled. Delish! #FoodReview""",0
"""15. ""🚨 Power outage in downtown area. Crews are on the way. Stay safe, everyone. #PowerOutage""",0
"""16. ""Looking for a reliable babysitter. Must have experience with young kids. #BabysitterNeeded""",0
"""17. ""New study finds link between sleep deprivation and productivity loss. #SleepMatters""",0
"""18. ""🎧 Listen up! Our new podcast, 'CodeBreakers', is now live. Subscribe here. #PodcastNews""",0
"""19. ""Just got my hands on the new iPhone 13. Worth the hype? #TechReview""",0
"""20. ""🌱 Free gardening workshop this Saturday. Learn to grow your own vegetables. #GardenGuru""",0
"""21. ""Can't wait for the new 'Star Wars' series, 'Andor'. Premieres next month. #StarWarsFan""",0
"""22. ""🚨 Severe weather alert! Heavy rainfall expected tonight. Stay indoors. #WeatherWarning""",0
"""23. ""Anyone know a good mechanic? My car's making strange noises. #AutoHelp""",0
"""24. ""Just finished 'The Expanse' series. What a ride! #TVReview""",0
"""25. ""📣 Casting call! Extras needed for local film production. Contact us. #CastingCall""",0
"""26. ""Anyone have tips for a first-time home buyer? #HomeBuyingTips""",0
"""27. ""Just tried the new 'Beyond Meat' burger. Tastes like the real thing! #FoodReview""",0
"""28. ""🚨 Road closure ahead. Detour via Maple Street. #TrafficAlert""",0
"""29. ""Anyone know of a good pet sitter? Need one for my furbaby next week. #PetSitterNeeded""",0
"""30. ""Just saw 'Top Gun: Maverick'. Thrilling! #MovieReview""",0
"""31. ""🎉 Join us for the grand opening of our new store! Ribbon-cutting at 10 AM. #StoreOpening""",0
"""32. ""Any recommendations for a good book club? #BookClub""",0
"""33. ""📢 Urgent! Gas leak detected. Building evacuated. Stay clear of the area. #Emergency""",0
"""34. ""Just tried the new 'Crypto' currency. Any tips for beginners? #CryptoTalk""",0
"""35. ""😱 Just saw a ghost in my house. Any paranormal experts out there? #GhostStory""",0
"""36. ""🚨 Water main break. Expect traffic delays on Main Street. #TrafficAlert""",0
"""37. ""Just finished 'The Mandalorian'. What an amazing series! #TVReview""",0
"""38. ""🎵 Looking for a band to play at my wedding. Any recommendations? #WeddingBand""",0
"""39. ""Anyone know a good plumber? Sink's been leaking for days. #HomeHelp""",0
"""40. ""🎉 Congrats to Jane Doe on her new job! #JobWellDone""",0
"""41. ""Just saw 'Elvis'. Excellent biopic. #MovieReview""",0
"""42. ""📢 All students, please report to the auditorium for an important announcement. #SchoolNews""",0
"""43. ""Any tips for a first-time investor? #InvestmentTips""",0
"""44. ""💥 Flash Sale! All clothing 40% off today only. Use code: DRESSUP. #ShopNow""",0
"""45. ""Just tried the new 'Pizza Hut' delivery. Pretty good! #FoodReview""",0
"""46. ""🌱 Free yoga class every Saturday. All levels welcome. #YogaTime""",0
"""47. ""Just saw 'Nope'. Mind-blowing! #MovieReview""",0
"""48. ""📢 New library hours: Mon-Fri 9 AM - 7 PM, Sat 10 AM - 4 PM. #LibraryNews""",0
"""49. ""Any tips for growing indoor plants? #PlantCare""",0
"""50. ""Just saw 'The Batman'. Dark, gritty, and great. #MovieReview""",0
""". ""Breaking: NASA's Perseverance rover finds potential signs of ancient life on Mars.""",0
"""2. ""Just tried the new avocado toast at 'The Grind' - highly recommend!""",0
"""3. ""Apple to unveil new iPhone 13 lineup next week.""",0
"""4. ""Anyone know a good plumber? My sink's leaking.""",0
"""5. ""Amazon's 'The Wheel of Time' series premieres today.""",0
"""6. ""Traffic update: Expect delays on I-95 due to a multi-vehicle accident.""",0
"""7. ""Just ordered the new 'Cyberpunk' video game. Can't wait to dive in!""",0
"""8. ""Local library hosting a free coding workshop for kids this Saturday.""",0
"""9. ""New study finds link between sleep and productivity. Who knew, right?""",0
"""10. ""Anyone know a good joke? I'm feeling a bit down today.""",0
"""11. ""Check out this amazing sunset! #nofilter""",0
"""12. ""New restaurant 'Savor' opens downtown. Their pasta is to die for!""",0
"""13. ""Just got my COVID-19 vaccination. Feeling a bit tired but overall, good experience.""",0
"""14. ""Anyone have a recommendation for a good thriller novel?""",0
"""15. ""Local school district votes to switch to remote learning due to rising COVID-19 cases.""",0
"""16. ""New product alert! Our latest smartphone, the Galaxy Z Fold3, is now available for pre-order.""",0
"""17. ""Just saw 'Dune' - what a visual masterpiece! #movie review""",0
"""18. ""Anyone know how to fix a leaky faucet? #plumbinghelp""",0
"""19. ""Just got accepted into my dream college! #excited""",0
"""20. ""New study suggests regular exercise can boost mental health. #fitnessmotivation""",0
"""21. ""Anyone have tips for growing tomatoes indoors? #gardeninghelp""",0
"""22. ""Just ordered a new laptop. Model number: A1245. Can't wait to upgrade my tech!""",0
"""23. ""Local business 'Green Thumb Nursery' is offering 15% off all plants this weekend.""",0
"""24. ""Just finished 'The Expanse' series. Now what? #TVrecommendations""",0
"""25. ""New app 'FitFam' helps track workouts and connect with fitness enthusiasts.""",0
"""26. ""Anyone know the best way to remove a stubborn stain? #stainremoval""",0
"""27. ""Just got my car serviced. They gave me a new license plate number: 123ABC.""",0
"""28. ""New restaurant 'Spice' opens next week. They're hiring! #nowhiring""",0
"""29. ""Just saw 'No Time to Die'. Daniel Craig's swansong was epic! #moviesreview""",0
"""30. ""Anyone have tips for improving sleep? #sleephelp""",0
"""31. ""New product alert! Our latest laptop, the XPS 13, is now available for pre-order.""",0
"""32. ""Just started learning Python. Any resources you'd recommend? #codinghelp""",0
"""33. ""New study finds link between mental health and climate change. #climateaction""",0
"""34. ""Anyone know a good recipe for vegan chocolate chip cookies? #bakinghelp""",0
"""35. ""Just got my COVID-19 test results back: Negative. Phew!""",0
"""36. ""New app 'Plant Parent' helps care for houseplants. I've killed too many... #planthelp""",0
"""37. ""Anyone have tips for saving money? #financialadvice""",0
"""38. ""Just saw 'The Last Duel'. Ridley Scott's film is a gripping historical drama. #moviesreview""",0
"""39. ""New study suggests regular meditation can improve focus. #mindfulness""",0
"""40. ""Anyone know a good plumber in the area? #plumbinghelp""",0
"""41. ""Just ordered a new coffee maker. Model number: K55. Can't wait for my morning brew!""",0
"""42. ""Local bakery 'Sweet Tooth' opens a new branch downtown. Yum!""",0
"""43. ""Anyone know the best way to organize my closet? #organizinghelp""",0
"""44. ""New product alert! Our latest smart speaker, the HomePod mini, is now available.""",0
"""45. ""Just saw 'King Richard'. Will Smith's performance was outstanding! #moviesreview""",0
"""46. ""Anyone have tips for improving my running time? #runninghelp""",0
"""47. ""Just got my COVID-19 vaccine booster shot. Feeling a bit tired but overall, good experience.""",0
"""48. ""New study finds link between diet and cognitive function. #brainfood""",0
"""49. ""Anyone know a good book recommendation? #bookrecommendation""",0
"""50. ""Just started a new job. Product code: XYZ123. Excited to learn and grow!""",0
""". ""Breaking: NASA's Perseverance rover finds potential signs of ancient life on Mars.""",0
"""2. ""Just tried the new avocado toast at 'The Grind' - highly recommend!""",0
"""3. ""Apple to unveil new iPhone 13 lineup next week.""",0
"""4. ""Anyone know a good plumber? My sink's leaking.""",0
"""5. ""Amazon's 'The Wheel of Time' series premieres today.""",0
"""6. ""Traffic update: Expect delays on I-95 due to a multi-vehicle accident.""",0
"""7. ""Just ordered the new 'Cyberpunk' video game. Can't wait to dive in!""",0
"""8. ""Local library hosting a free coding workshop for kids this Saturday.""",0
"""9. ""New study finds link between sleep and productivity. Who knew, right?""",0
"""10. ""Anyone know a good joke? I'm feeling a bit down today.""",0
"""11. ""Check out this amazing sunset! #nofilter""",0
"""12. ""New restaurant 'Savor' opens downtown. Their pasta is to die for!""",0
"""13. ""Just got my COVID-19 vaccination. Feeling a bit tired but overall, good experience.""",0
"""14. ""Anyone have a recommendation for a good thriller novel?""",0
"""15. ""Local school district votes to switch to remote learning due to rising COVID-19 cases.""",0
"""16. ""New product alert! Our latest smartphone, the Galaxy Z Fold3, is now available for pre-order.""",0
"""17. ""Just saw 'Dune' - what a visual masterpiece! #movie review""",0
"""18. ""Anyone know how to fix a leaky faucet? #plumbinghelp""",0
"""19. ""Just got accepted into my dream college! #excited""",0
"""20. ""New study suggests regular exercise can boost mental health. #fitnessmotivation""",0
"""21. ""Anyone have tips for growing tomatoes indoors? #gardeninghelp""",0
"""22. ""Just ordered a new laptop. Model number: A1245. Can't wait to upgrade my tech!""",0
"""23. ""Local business 'Green Thumb Nursery' is offering 15% off all plants this weekend.""",0
"""24. ""Just finished 'The Expanse' series. Now what? #TVrecommendations""",0
"""25. ""New app 'FitFam' helps track workouts and connect with fitness enthusiasts.""",0
"""26. ""Anyone know the best way to remove a stubborn stain? #stainremoval""",0
"""27. ""Just got my car serviced. They gave me a new license plate number: 123ABC.""",0
"""28. ""New restaurant 'Spice' opens next week. They're hiring! #nowhiring""",0
"""29. ""Just saw 'No Time to Die'. Daniel Craig's swansong was epic! #moviesreview""",0
"""30. ""Anyone have tips for improving sleep? #sleephelp""",0
"""31. ""New product alert! Our latest laptop, the XPS 13, is now available for pre-order.""",0
"""32. ""Just started learning Python. Any resources you'd recommend? #codinghelp""",0
"""33. ""New study finds link between mental health and climate change. #climateaction""",0
"""34. ""Anyone know a good recipe for vegan chocolate chip cookies? #bakinghelp""",0
"""35. ""Just got my COVID-19 test results back: Negative. Phew!""",0
"""36. ""New app 'Plant Parent' helps care for houseplants. I've killed too many... #planthelp""",0
"""37. ""Anyone have tips for saving money? #financialadvice""",0
"""38. ""Just saw 'The Last Duel'. Ridley Scott's film is a gripping historical drama. #moviesreview""",0
"""39. ""New study suggests regular meditation can improve focus. #mindfulness""",0
"""40. ""Anyone know a good plumber in the area? #plumbinghelp""",0
"""41. ""Just ordered a new coffee maker. Model number: K55. Can't wait for my morning brew!""",0
"""42. ""Local bakery 'Sweet Tooth' opens a new branch downtown. Yum!""",0
"""43. ""Anyone know the best way to organize my closet? #organizinghelp""",0
"""44. ""New product alert! Our latest smart speaker, the HomePod mini, is now available.""",0
"""45. ""Just saw 'King Richard'. Will Smith's performance was outstanding! #moviesreview""",0
"""46. ""Anyone have tips for improving my running time? #runninghelp""",0
"""47. ""Just got my COVID-19 vaccine booster shot. Feeling a bit tired but overall, good experience.""",0
"""48. ""New study finds link between diet and cognitive function. #brainfood""",0
"""49. ""Anyone know a good book recommendation? #bookrecommendation""",0
"""50. ""Just started a new job. Product code: XYZ123. Excited to learn and grow!""",0
"""Weather alert: Heavy rain expected in the area today, be cautious on the roads.""",0
"""Just tried the new vegan café downtown, highly recommend!""",0
"""Local library extends hours for final exam study sessions.""",0
"""New smartphone model announced, features 5G connectivity.""",0
"""Spot a pothole? Report it to the city maintenance team.""",0
"""Join our webinar next week, 'Cybersecurity in the Workplace'.""",0
"""Last chance to buy tickets for tonight's comedy show.""",0
"""Tech support: To reset your password, use the 'Forgot Password' link.""",0
"""I'm on my way, should arrive in 20 minutes.""",0
"""I'm loving this new mystery novel, can't put it down.""",0
"""School board meeting tonight, open to the public.""",0
"""Just got my package, thanks for the fast shipping!""",0
"""Local band playing at the park this Saturday, free event.""",0
"""New study finds that regular exercise improves mental health.""",0
"""Check out our new product line, available in store next week.""",0
"""Urgent: Power outage in the neighborhood, ETA for restore is 3 hours.""",0
"""I've been trying to contact customer service all morning.""",0
"""Join us for a group hike this weekend, all levels welcome.""",0
"""New app launched: 'GreenThumb', a gardening assistant.""",0
"""I'm having trouble with my laptop, any suggestions?""",0
"""Check out this cool gadget I just bought, it's amazing!""",0
"""Job fair this Saturday at the community center.""",0
"""Reminder: Trash collection is delayed one day this week.""",0
"""I'm so excited for the new movie coming out tomorrow!""",0
"""New recipe I tried last night was a hit, will make again.""",0
"""Broken pipe reported, plumber on the way.""",0
"""I'm looking for a good book to read, any recommendations?""",0
"""Congrats to our team for winning the tournament!""",0
"""New exhibit opens at the art museum this Friday.""",0
"""I'm trying to find a reliable mechanic in the area.""",0
"""Join our book club discussion this Thursday.""",0
"""Just discovered a new favorite coffee shop, great atmosphere.""",0
"""Update: Road closure due to accident, find alternate route.""",0
"""Sign up for our newsletter to stay updated on our latest deals.""",0
"""I'm having trouble with my Wi-Fi, any tips?""",0
"""New bakery opening next month, can't wait to try it.""",0
"""Update: Train delays expected due to signal issues.""",0
"""I'm looking for a good plumber, any recommendations?""",0
"""Join our virtual game night this Saturday.""",0
"""Update: School bus 123 involved in minor accident, no students injured.""",0
"""I'm trying to find a good pizza place nearby.""",0
"""New product announcement: 'EcoClean', an eco-friendly cleaner.""",0
""". ""Breaking: NASA's Perseverance rover finds potential signs of ancient life on Mars.""",0
"""2. ""Just tried the new avocado toast at 'The Grind' - highly recommend!""",0
"""3. ""Apple to unveil new iPhone 13 lineup next week.""",0
"""4. ""Anyone know a good plumber? My sink's leaking.""",0
"""5. ""Amazon's 'The Wheel of Time' series premieres today.""",0
"""6. ""Traffic update: Expect delays on I-95 due to a multi-vehicle accident.""",0
"""7. ""Just ordered the new 'Cyberpunk' video game. Can't wait to dive in!""",0
"""8. ""Local library hosting a free coding workshop for kids this Saturday.""",0
"""9. ""New study finds link between sleep and productivity. Who knew, right?""",0
"""10. ""Anyone know a good joke? I'm feeling a bit down today.""",0
"""11. ""Check out this amazing sunset! #nofilter""",0
"""12. ""New restaurant 'Savor' opens downtown. Their pasta is to die for!""",0
"""13. ""Just got my COVID-19 vaccination. Feeling a bit tired but overall, good experience.""",0
"""14. ""Anyone have a recommendation for a good thriller novel?""",0
"""15. ""Local school district votes to switch to remote learning due to rising COVID-19 cases.""",0
"""16. ""New product alert! Our latest smartphone, the Galaxy Z Fold3, is now available for pre-order.""",0
"""17. ""Just saw 'Dune' - what a visual masterpiece! #movie review""",0
"""18. ""Anyone know how to fix a leaky faucet? #plumbinghelp""",0
"""19. ""Just got accepted into my dream college! #excited""",0
"""20. ""New study suggests regular exercise can boost mental health. #fitnessmotivation""",0
"""21. ""Anyone have tips for growing tomatoes indoors? #gardeninghelp""",0
"""22. ""Just ordered a new laptop. Model number: A1245. Can't wait to upgrade my tech!""",0
"""23. ""Local business 'Green Thumb Nursery' is offering 15% off all plants this weekend.""",0
"""24. ""Just finished 'The Expanse' series. Now what? #TVrecommendations""",0
"""25. ""New app 'FitFam' helps track workouts and connect with fitness enthusiasts.""",0
"""26. ""Anyone know the best way to remove a stubborn stain? #stainremoval""",0
"""27. ""Just got my car serviced. They gave me a new license plate number: 123ABC.""",0
"""28. ""New restaurant 'Spice' opens next week. They're hiring! #nowhiring""",0
"""29. ""Just saw 'No Time to Die'. Daniel Craig's swansong was epic! #moviesreview""",0
"""30. ""Anyone have tips for improving sleep? #sleephelp""",0
"""31. ""New product alert! Our latest laptop, the XPS 13, is now available for pre-order.""",0
"""32. ""Just started learning Python. Any resources you'd recommend? #codinghelp""",0
"""33. ""New study finds link between mental health and climate change. #climateaction""",0
"""34. ""Anyone know a good recipe for vegan chocolate chip cookies? #bakinghelp""",0
"""35. ""Just got my COVID-19 test results back: Negative. Phew!""",0
"""36. ""New app 'Plant Parent' helps care for houseplants. I've killed too many... #planthelp""",0
"""37. ""Anyone have tips for saving money? #financialadvice""",0
"""38. ""Just saw 'The Last Duel'. Ridley Scott's film is a gripping historical drama. #moviesreview""",0
"""39. ""New study suggests regular meditation can improve focus. #mindfulness""",0
"""40. ""Anyone know a good plumber in the area? #plumbinghelp""",0
"""41. ""Just ordered a new coffee maker. Model number: K55. Can't wait for my morning brew!""",0
"""42. ""Local bakery 'Sweet Tooth' opens a new branch downtown. Yum!""",0
"""43. ""Anyone know the best way to organize my closet? #organizinghelp""",0
"""44. ""New product alert! Our latest smart speaker, the HomePod mini, is now available.""",0
"""45. ""Just saw 'King Richard'. Will Smith's performance was outstanding! #moviesreview""",0
"""46. ""Anyone have tips for improving my running time? #runninghelp""",0
"""47. ""Just got my COVID-19 vaccine booster shot. Feeling a bit tired but overall, good experience.""",0
"""48. ""New study finds link between diet and cognitive function. #brainfood""",0
"""49. ""Anyone know a good book recommendation? #bookrecommendation""",0
"""50. ""Just started a new job. Product code: XYZ123. Excited to learn and grow!""",0
"""Breaking: Unidentified suspect arrested in connection with yesterday's theft at the city's central library.""",0
"""Just tried the new vegan café downtown - their 'Special 123' was amazing, highly recommend!""",0
"""🚨 Attention all! Tonight's concert at the 'Unknown Venue' is sold out. Stay tuned for updates on rescheduled dates. 🎶""",0
"""Tech support: Error code 'ABC123' detected. Please reboot your device and try again.""",0
"""Check out this stunning sunset at 'Beach X' - perfect for a relaxing evening stroll. 🌅""",0
"""📣 Lost and found: A black 'John Doe' wallet found near the park's fountain. Contact us for return.""",0
"""Need a reliable plumber? 'The Fix-It Guy' has been a lifesaver for our leaky faucet. ✅""",0
"""🎮 Gamers! New 'Game Code: XYZ' available now. Unlock exclusive in-game content. 🎳""",0
"""Blog: 'How to spot a scam - tips from a tech veteran'.""",0
"""🛍️ Just bought the latest 'Product ID: 987' from 'Store XYZ'. Can't wait to test it out!""",0
"""📣 Job opening: 'Project Manager' role at 'Anonymous Inc'. Apply within.""",0
"""🚨 Severe weather alert: Expect heavy rain and lightning in the 'Unknown City' area.""",0
"""📚 'Book Review: 'Title 123' by Author XYZ' - A gripping tale with unexpected twists. 🌟""",0
"""🏛️ 'Historical Site #456' is now open to the public. Visit and explore our rich history. 🏛️""",0
"""📞 Customer support: Please have your 'Order ID: 789' ready for a quick resolution. Thank you!""",0
"""🏆 'Award Ceremony' tonight! Tune in to see who wins 'Category ABC'. #AwardNight""",0
"""📢 'Meeting Room 123' is booked for our team's next brainstorming session. See you there!""",0
"""🌟 'Movie Review: ' Film 456' - A must-watch for sci-fi enthusiasts. 🌟""",0
"""🚀 'Space Mission 789' successfully launched today. Stay tuned for updates. 🚀""",0
"""🔍 'Fitness Challenge' update: I've completed 123 workouts so far. Keep going! 🏋️‍♂️""",0
"""📣 'Flight Delayed' - Next departure at 'Unknown Time'. Please check the board. ✈️""",0
"""🎶 'Concert Review: 'Band 123' rocked the 'Unknown Stadium' last night. 🎸""",0
"""💡 'Idea Board': Post your suggestions for our next community event. #IdeasWelcome""",0
"""📞 'Tech Helpdesk' is now open. Dial '12345' for immediate support. 💻""",0
"""📣 'Classroom 789' is closed today for maintenance. Check back tomorrow. 📚""",0
"""🚨 'Road Closure': Expect delays on 'Unknown Street'. Detour via 'Alternate Route'. ⛔""",0
"""🛍️ 'Sale Alert'! 'Product Name' now 50% off at 'Store XYZ'. Hurry, limited time only! 💨""",0
"""🌳 'Park Update': New walking trail 'Path 123' now open. Come explore! 🌳""",0
"""📣 'Job Fair' today at the 'Unknown Convention Center'. Free admission. 👔""",0
"""🎲 'Game Night' at 'Community Center XYZ'. Bring friends, snacks welcome. 🍪""",0
"""📣 'Volunteer Opportunities' available at 'Non-Profit ABC'. Join us today! 🤝""",0
"""🏟️ 'Construction Update': 'Project 456' on track for completion next month. 🚧""",0
"""📣 'Emergency Meeting' called for 'Team 789'. All members, please attend. ⏰""",0
"""🎭 'Theater Performance': 'Play 123' opens tonight at the 'Unknown Theater'. 🎭""",0
"""🚨 'Vehicle Breakdown' on 'Highway 987'. Expect delays. 🚗""",0
"""📣 'Recycling Day' tomorrow. Leave your bins out by '8:00 AM'. 🌍""",0
"""🌟 'Employee of the Month' announced - Congrats, 'John Doe'! 🏆""",0
"""🚨 'Power Outage' in progress. Estimated restore time 'Unknown'. 💡""",0
"""📢 'Lunch Menu' today: 'Choice 123' and 'Option 456'. Enjoy! 🍴""",0
"""🚨 'Gas Leak' reported. Avoid 'Unknown Street' until further notice. ⛽""",0
"""🌱 'Garden Update': 'Plot 789' is thriving. Keep up the great work! 🌿""",0
"""📣 'School Closure': 'Institute 123' closed today due to weather. 🌨️""",0
"""Breaking: Local authorities report a surge in COVID-19 cases.""",0
"""New study finds link between increased screen time and poor sleep quality.""",0
"""Amazon's new smart speaker, model 'Z123', now available for pre-order.""",0
"""Tech forum buzzing: Apple's latest OS update causing minor glitches.""",0
"""John Doe's new restaurant, 'The Olive Grove', opens tonight in downtown.""",0
"""Soccer fans excited: FIFA 22 released today, featuring new stadiums and players.""",0
"""Local library hosts free coding workshop for kids this Saturday.""",0
"""Weather alert: Heavy rain expected in the region tonight.""",0
"""New book 'The Mystery of Time' by Jane Smith hits shelves today.""",0
"""Movie review: 'The Lighthouse' a chilling masterpiece, says critic John Doe.""",0
"""I've been waiting 123 minutes for my order, this is ridiculous!""",0
"""Best buy: The new iPhone 'X123' is $100 off this week only.""",0
"""City council votes to improve public transportation routes.""",0
"""Art exhibit 'Painted Melodies' opens at the local gallery tomorrow.""",0
"""Tech experts predict a rise in remote work due to COVID-19.""",0
"""New app 'GreenThumb' helps users grow plants, now available on App Store.""",0
"""Road closure: Main Street to be closed for repairs starting next week.""",0
"""John Doe's band 'Echoes' playing at The Underground tonight.""",0
"""New study finds that regular exercise can boost mood and energy levels.""",0
"""Budget-friendly: The new Nintendo Switch Lite priced at $199.""",0
"""School board announces new online learning platform for students.""",0
"""Coffee shop review: Best espresso in town at 'The Grind' on Main Street.""",0
"""New movie 'The Witcher' to premiere on Netflix this December.""",0
"""Local farmers market opens tomorrow, featuring fresh produce and artisanal goods.""",0
"""Tech forum discussion: Is the new PlayStation worth the upgrade?""",0
"""City council to discuss affordable housing solutions next week.""",0
"""New book 'Cooking with Herbs' by renowned chef John Doe now available.""",0
"""Amazon's 'Echo Dot' now $20 off, lowest price of the season.""",0
"""Weather update: Snow expected in higher elevations this weekend.""",0
"""New study finds that meditation can improve focus and productivity.""",0
"""Art exhibit 'Faces of the Future' opens at the museum next Friday.""",0
"""New app 'TuneIn' lets users listen to live radio stations worldwide.""",0
"""Local bakery 'Sweet Delights' opens its second location downtown.""",0
"""Tech review: The new MacBook Pro is a powerhouse for creatives.""",0
"""Road closure: State Route 123 to be closed for construction starting next month.""",0
"""New movie 'Dune' to premiere in theaters and on HBO Max this October.""",0
"""New study finds that walking meetings can lead to more creative ideas.""",0
"""Local bookstore 'Chapter One' hosts author signing event this Saturday.""",0
"""Tech forum discussion: Best settings for the new Nvidia graphics card.""",0
"""City council to discuss plans for a new community center.""",0
"""New app 'PetConnect' helps users find lost pets in their neighborhood.""",0
"""New book 'The Great Outdoors' features stunning photographs of nature.""",0
"""Local coffee shop 'Brew Ha Ha' starts serving breakfast next week.""",0
"""Tech review: The new Samsung Galaxy Z Fold3 is a game-changer.""",0
"""New study finds that spending time in nature can reduce stress levels.""",0
"""Art exhibit 'Colorful Harmony' opens at the community center tomorrow.""",0
"""New app 'PlantPal' helps users care for their houseplants.""",0
"""Local bakery 'Rise & Shine' opens its third location in the suburbs.""",0
"""Tech forum discussion: Tips for optimizing your home Wi-Fi network.""",0
"""City council to discuss plans for a new public park.""",0
"""New movie 'No Time to Die' to hit theaters this October.""",0
"""New app 'LearnA Lang' helps users master a new language.""",0
""". ""Breaking: NASA's Perseverance rover finds potential signs of ancient life on Mars.""",0
"""2. ""Just tried the new avocado toast at 'The Grind' - highly recommend!""",0
"""3. ""Apple to unveil new iPhone 13 lineup next week.""",0
"""4. ""Anyone know a good plumber? My sink's leaking.""",0
"""5. ""Amazon's 'The Wheel of Time' series premieres today.""",0
"""6. ""Traffic update: Expect delays on I-95 due to a multi-vehicle accident.""",0
"""7. ""Just ordered the new 'Cyberpunk' video game. Can't wait to dive in!""",0
"""8. ""Local library hosting a free coding workshop for kids this Saturday.""",0
"""9. ""New study finds link between sleep and productivity. Who knew, right?""",0
"""10. ""Anyone know a good joke? I'm feeling a bit down today.""",0
"""11. ""Check out this amazing sunset! #nofilter""",0
"""12. ""New restaurant 'Savor' opens downtown. Their pasta is to die for!""",0
"""13. ""Just got my COVID-19 vaccination. Feeling a bit tired but overall, good experience.""",0
"""14. ""Anyone have a recommendation for a good thriller novel?""",0
"""15. ""Local school district votes to switch to remote learning due to rising COVID-19 cases.""",0
"""16. ""New product alert! Our latest smartphone, the Galaxy Z Fold3, is now available for pre-order.""",0
"""17. ""Just saw 'Dune' - what a visual masterpiece! #movie review""",0
"""18. ""Anyone know how to fix a leaky faucet? #plumbinghelp""",0
"""19. ""Just got accepted into my dream college! #excited""",0
"""20. ""New study suggests regular exercise can boost mental health. #fitnessmotivation""",0
"""21. ""Anyone have tips for growing tomatoes indoors? #gardeninghelp""",0
"""22. ""Just ordered a new laptop. Model number: A1245. Can't wait to upgrade my tech!""",0
"""23. ""Local business 'Green Thumb Nursery' is offering 15% off all plants this weekend.""",0
"""24. ""Just finished 'The Expanse' series. Now what? #TVrecommendations""",0
"""25. ""New app 'FitFam' helps track workouts and connect with fitness enthusiasts.""",0
"""26. ""Anyone know the best way to remove a stubborn stain? #stainremoval""",0
"""27. ""Just got my car serviced. They gave me a new license plate number: 123ABC.""",0
"""28. ""New restaurant 'Spice' opens next week. They're hiring! #nowhiring""",0
"""29. ""Just saw 'No Time to Die'. Daniel Craig's swansong was epic! #moviesreview""",0
"""30. ""Anyone have tips for improving sleep? #sleephelp""",0
"""31. ""New product alert! Our latest laptop, the XPS 13, is now available for pre-order.""",0
"""32. ""Just started learning Python. Any resources you'd recommend? #codinghelp""",0
"""33. ""New study finds link between mental health and climate change. #climateaction""",0
"""34. ""Anyone know a good recipe for vegan chocolate chip cookies? #bakinghelp""",0
"""35. ""Just got my COVID-19 test results back: Negative. Phew!""",0
"""36. ""New app 'Plant Parent' helps care for houseplants. I've killed too many... #planthelp""",0
"""37. ""Anyone have tips for saving money? #financialadvice""",0
"""38. ""Just saw 'The Last Duel'. Ridley Scott's film is a gripping historical drama. #moviesreview""",0
"""39. ""New study suggests regular meditation can improve focus. #mindfulness""",0
"""40. ""Anyone know a good plumber in the area? #plumbinghelp""",0
"""41. ""Just ordered a new coffee maker. Model number: K55. Can't wait for my morning brew!""",0
"""42. ""Local bakery 'Sweet Tooth' opens a new branch downtown. Yum!""",0
"""43. ""Anyone know the best way to organize my closet? #organizinghelp""",0
"""44. ""New product alert! Our latest smart speaker, the HomePod mini, is now available.""",0
"""45. ""Just saw 'King Richard'. Will Smith's performance was outstanding! #moviesreview""",0
"""46. ""Anyone have tips for improving my running time? #runninghelp""",0
"""47. ""Just got my COVID-19 vaccine booster shot. Feeling a bit tired but overall, good experience.""",0
"""48. ""New study finds link between diet and cognitive function. #brainfood""",0
"""49. ""Anyone know a good book recommendation? #bookrecommendation""",0
"""50. ""Just started a new job. Product code: XYZ123. Excited to learn and grow!""",0
""". ""Breaking: NASA's Perseverance rover finds potential signs of ancient life on Mars.""",0
"""2. ""Just tried the new avocado toast at 'The Grind' - highly recommend!""",0
"""3. ""Apple to unveil new iPhone 13 lineup next week.""",0
"""4. ""Anyone know a good plumber? My sink's leaking.""",0
"""5. ""Amazon's 'The Wheel of Time' series premieres today.""",0
"""6. ""Traffic update: Expect delays on I-95 due to a multi-vehicle accident.""",0
"""7. ""Just ordered the new 'Cyberpunk' video game. Can't wait to dive in!""",0
"""8. ""Local library hosting a free coding workshop for kids this Saturday.""",0
"""9. ""New study finds link between sleep and productivity. Who knew, right?""",0
"""10. ""Anyone know a good joke? I'm feeling a bit down today.""",0
"""11. ""Check out this amazing sunset! #nofilter""",0
"""12. ""New restaurant 'Savor' opens downtown. Their pasta is to die for!""",0
"""13. ""Just got my COVID-19 vaccination. Feeling a bit tired but overall, good experience.""",0
"""14. ""Anyone have a recommendation for a good thriller novel?""",0
"""15. ""Local school district votes to switch to remote learning due to rising COVID-19 cases.""",0
"""16. ""New product alert! Our latest smartphone, the Galaxy Z Fold3, is now available for pre-order.""",0
"""17. ""Just saw 'Dune' - what a visual masterpiece! #movie review""",0
"""18. ""Anyone know how to fix a leaky faucet? #plumbinghelp""",0
"""19. ""Just got accepted into my dream college! #excited""",0
"""20. ""New study suggests regular exercise can boost mental health. #fitnessmotivation""",0
"""21. ""Anyone have tips for growing tomatoes indoors? #gardeninghelp""",0
"""22. ""Just ordered a new laptop. Model number: A1245. Can't wait to upgrade my tech!""",0
"""23. ""Local business 'Green Thumb Nursery' is offering 15% off all plants this weekend.""",0
"""24. ""Just finished 'The Expanse' series. Now what? #TVrecommendations""",0
"""25. ""New app 'FitFam' helps track workouts and connect with fitness enthusiasts.""",0
"""26. ""Anyone know the best way to remove a stubborn stain? #stainremoval""",0
"""27. ""Just got my car serviced. They gave me a new license plate number: 123ABC.""",0
"""28. ""New restaurant 'Spice' opens next week. They're hiring! #nowhiring""",0
"""29. ""Just saw 'No Time to Die'. Daniel Craig's swansong was epic! #moviesreview""",0
"""30. ""Anyone have tips for improving sleep? #sleephelp""",0
"""31. ""New product alert! Our latest laptop, the XPS 13, is now available for pre-order.""",0
"""32. ""Just started learning Python. Any resources you'd recommend? #codinghelp""",0
"""33. ""New study finds link between mental health and climate change. #climateaction""",0
"""34. ""Anyone know a good recipe for vegan chocolate chip cookies? #bakinghelp""",0
"""35. ""Just got my COVID-19 test results back: Negative. Phew!""",0
"""36. ""New app 'Plant Parent' helps care for houseplants. I've killed too many... #planthelp""",0
"""37. ""Anyone have tips for saving money? #financialadvice""",0
"""38. ""Just saw 'The Last Duel'. Ridley Scott's film is a gripping historical drama. #moviesreview""",0
"""39. ""New study suggests regular meditation can improve focus. #mindfulness""",0
"""40. ""Anyone know a good plumber in the area? #plumbinghelp""",0
"""41. ""Just ordered a new coffee maker. Model number: K55. Can't wait for my morning brew!""",0
"""42. ""Local bakery 'Sweet Tooth' opens a new branch downtown. Yum!""",0
"""43. ""Anyone know the best way to organize my closet? #organizinghelp""",0
"""44. ""New product alert! Our latest smart speaker, the HomePod mini, is now available.""",0
"""45. ""Just saw 'King Richard'. Will Smith's performance was outstanding! #moviesreview""",0
"""46. ""Anyone have tips for improving my running time? #runninghelp""",0
"""47. ""Just got my COVID-19 vaccine booster shot. Feeling a bit tired but overall, good experience.""",0
"""48. ""New study finds link between diet and cognitive function. #brainfood""",0
"""49. ""Anyone know a good book recommendation? #bookrecommendation""",0
"""50. ""Just started a new job. Product code: XYZ123. Excited to learn and grow!""",0
""". ""Breaking: NASA's Perseverance rover finds potential signs of ancient life on Mars.""",0
"""2. ""Just tried the new avocado toast at 'The Grind' - highly recommend!""",0
"""3. ""Apple to unveil new iPhone 13 lineup next week.""",0
"""4. ""Anyone know a good plumber? My sink's leaking.""",0
"""5. ""Amazon's 'The Wheel of Time' series premieres today.""",0
"""6. ""Traffic update: Expect delays on I-95 due to a multi-vehicle accident.""",0
"""7. ""Just ordered the new 'Cyberpunk' video game. Can't wait to dive in!""",0
"""8. ""Local library hosting a free coding workshop for kids this Saturday.""",0
"""9. ""New study finds link between sleep and productivity. Who knew, right?""",0
"""10. ""Anyone know a good joke? I'm feeling a bit down today.""",0
"""11. ""Check out this amazing sunset! #nofilter""",0
"""12. ""New restaurant 'Savor' opens downtown. Their pasta is to die for!""",0
"""13. ""Just got my COVID-19 vaccination. Feeling a bit tired but overall, good experience.""",0
"""14. ""Anyone have a recommendation for a good thriller novel?""",0
"""15. ""Local school district votes to switch to remote learning due to rising COVID-19 cases.""",0
"""16. ""New product alert! Our latest smartphone, the Galaxy Z Fold3, is now available for pre-order.""",0
"""17. ""Just saw 'Dune' - what a visual masterpiece! #movie review""",0
"""18. ""Anyone know how to fix a leaky faucet? #plumbinghelp""",0
"""19. ""Just got accepted into my dream college! #excited""",0
"""20. ""New study suggests regular exercise can boost mental health. #fitnessmotivation""",0
"""21. ""Anyone have tips for growing tomatoes indoors? #gardeninghelp""",0
"""22. ""Just ordered a new laptop. Model number: A1245. Can't wait to upgrade my tech!""",0
"""23. ""Local business 'Green Thumb Nursery' is offering 15% off all plants this weekend.""",0
"""24. ""Just finished 'The Expanse' series. Now what? #TVrecommendations""",0
"""25. ""New app 'FitFam' helps track workouts and connect with fitness enthusiasts.""",0
"""26. ""Anyone know the best way to remove a stubborn stain? #stainremoval""",0
"""27. ""Just got my car serviced. They gave me a new license plate number: 123ABC.""",0
"""28. ""New restaurant 'Spice' opens next week. They're hiring! #nowhiring""",0
"""29. ""Just saw 'No Time to Die'. Daniel Craig's swansong was epic! #moviesreview""",0
"""30. ""Anyone have tips for improving sleep? #sleephelp""",0
"""31. ""New product alert! Our latest laptop, the XPS 13, is now available for pre-order.""",0
"""32. ""Just started learning Python. Any resources you'd recommend? #codinghelp""",0
"""33. ""New study finds link between mental health and climate change. #climateaction""",0
"""34. ""Anyone know a good recipe for vegan chocolate chip cookies? #bakinghelp""",0
"""35. ""Just got my COVID-19 test results back: Negative. Phew!""",0
"""36. ""New app 'Plant Parent' helps care for houseplants. I've killed too many... #planthelp""",0
"""37. ""Anyone have tips for saving money? #financialadvice""",0
"""38. ""Just saw 'The Last Duel'. Ridley Scott's film is a gripping historical drama. #moviesreview""",0
"""39. ""New study suggests regular meditation can improve focus. #mindfulness""",0
"""40. ""Anyone know a good plumber in the area? #plumbinghelp""",0
"""41. ""Just ordered a new coffee maker. Model number: K55. Can't wait for my morning brew!""",0
"""42. ""Local bakery 'Sweet Tooth' opens a new branch downtown. Yum!""",0
"""43. ""Anyone know the best way to organize my closet? #organizinghelp""",0
"""44. ""New product alert! Our latest smart speaker, the HomePod mini, is now available.""",0
"""45. ""Just saw 'King Richard'. Will Smith's performance was outstanding! #moviesreview""",0
"""46. ""Anyone have tips for improving my running time? #runninghelp""",0
"""47. ""Just got my COVID-19 vaccine booster shot. Feeling a bit tired but overall, good experience.""",0
"""48. ""New study finds link between diet and cognitive function. #brainfood""",0
"""49. ""Anyone know a good book recommendation? #bookrecommendation""",0
"""50. ""Just started a new job. Product code: XYZ123. Excited to learn and grow!""",0
"""1. ""Breaking: NASA's Perseverance rover successfully lands on Mars.""",0
"""2. ""Just tried the new coffee shop downtown, their espresso is amazing!""",0
"""3. ""iPhone 12 review: A significant leap in camera performance.""",0
"""4. ""Attention all, the annual charity event will be held at the city park this Saturday.""",0
"""5. ""Fixing a 404 error: ensure your .htaccess file is correctly configured.""",0
"""6. ""Saw a gorgeous sunset tonight, wish you were here to see it.""",0
"""7. ""New study finds that regular exercise can boost immunity.""",0
"""8. ""The latest Marvel movie was a letdown, not what I expected.""",0
"""9. ""Job opening: We're looking for a skilled graphic designer to join our team.""",0
"""10. ""Just received my order from ABC Store, great service as always.""",0
"""11. ""Report: Global temperatures hit another record high in 2020.""",0
"""12. ""I've been trying to learn Python, it's challenging but rewarding.""",0
"""13. ""Flash sale alert! All shoes at XYZ Store are 50% off today only.""",0
"""14. ""The Eiffel Tower is temporarily closed for maintenance until further notice.""",0
"""15. ""I've been trying to solve this riddle all day, can anyone help?""",0
"""16. ""Cooking up a storm with my new air fryer, highly recommended.""",0
"""17. ""The museum's new exhibit opens tomorrow, don't miss it!""",0
"""18. ""Just finished binge-watching 'The Queen's Gambit', it was fantastic.""",0
"""19. ""Need help with a math problem: x^2 + 3x - 4 = 0.""",0
"""20. ""The city council is proposing a new bike lane, what are your thoughts?""",0
"""21. ""Can anyone recommend a good book to read this weekend?""",0
"""22. ""Just adopted a rescue dog, he's the best!""",0
"""23. ""New product alert: Our latest model is now available in black and silver.""",0
"""24. ""The concert was amazing, I'll never forget it.""",0
"""25. ""I've been trying to find a good plumber, any recommendations?""",0
"""26. ""Just started a new job, loving the team and the work so far.""",0
"""27. ""The library's book sale is this Saturday, great deals on used books.""",0
"""28. ""Anyone know how to get rid of a stubborn stain on a white shirt?""",0
"""29. ""I've been trying to lose weight, any tips would be appreciated.""",0
"""30. ""The new restaurant in town is a hit, the pasta is to die for.""",0
"""31. ""Need help with a video game bug, anyone?""",0
"""32. ""I've been trying to learn a new language, any advice?""",0
"""33. ""The annual fireworks display was a spectacular show.""",0
"""34. ""Just finished painting my living room, it looks great!""",0
"""35. ""The new museum exhibit is fascinating, highly recommend it.""",0
"""36. ""I've been trying to decide between iOS and Android, what do you think?""",0
"""37. ""Just adopted a new cat, she's absolutely precious.""",0
"""38. ""The new movie adaptation was a big disappointment.""",0
"""39. ""Anyone know how to fix a leaky faucet?""",0
"""40. ""Just received my Amazon order, packaging was a bit damaged though.""",0
"""41. ""I've been trying to find a reliable web host, any suggestions?""",0
"""42. ""The garden is in full bloom, it's beautiful this time of year.""",0
"""43. ""The latest software update is causing some issues, anyone else experiencing this?""",0
"""44. ""Just tried a new recipe, it turned out delicious!""",0
"""45. ""The new art exhibition is thought-provoking and inspiring.""",0
"""46. ""I've been trying to understand quantum physics, any resources would help.""",0
"""47. ""The new album by my favorite band is a masterpiece.""",0
"""48. ""Anyone know how to remove wallpaper without damaging the walls?""",0
"""49. ""I've been trying to plan a surprise party, any ideas?""",0
"""50. ""The new product launch was a success, with over 5000 attendees.""",0
"""1. ""Apple unveils the new iPhone, featuring a 120Hz display and A15 Bionic chip.""",0
"""2. ""Join us for a free webinar on cybersecurity best practices this Thursday at 2 PM.""",0
"""3. ""Just tried the new sushi spot downtown, highly recommend! 🍣""",0
"""4. ""The ETA for the bus is 15 minutes, according to Moovit.""",0
"""5. ""I've been waiting for over an hour, and still no response from customer service.""",0
"""6. ""Amazon's latest Echo device, code-named 'Project Bell', is expected to launch next month.""",0
"""7. ""Check out this beautiful sunset over the city skyline. 🌅""",0
"""8. ""The new software update, version 3.1.4, is now available for download.""",0
"""9. ""John Doe scored a hat-trick last night in our local soccer league.""",0
"""10. ""I'm struggling to find the right gift for my friend's birthday, any suggestions?""",0
"""11. ""The app crashed again, I've sent a report with error code #5678 to the support team.""",0
"""12. ""The new 'Game of Thrones' prequel starts airing next Sunday on HBO.""",0
"""13. ""I've been trying to fix my printer for hours, but it's still not working.""",0
"""14. ""The city council has announced plans to build a new park in District 5.""",0
"""15. ""Just discovered my new favorite band, 'The Unknowns'. Check them out! 🎸""",0
"""16. ""I've been waiting for over 200 pages to load on this website, it's taking forever.""",0
"""17. ""Anyone know where I can find a good Italian restaurant nearby?""",0
"""18. ""The latest NASA mission, 'Artemis I', is set to launch next week.""",0
"""19. ""I've been trying to connect to the Wi-Fi for ages, but it keeps asking for a password.""",0
"""20. ""The new 'Call of Duty' game is finally out, I've been waiting for this all year! 🎮""",0
"""21. ""Just found a great deal on flights to Paris, leaving in two weeks.""",0
"""22. ""I've been trying to figure out how to use this new camera, any tips?""",0
"""23. ""The new 'Star Wars' series, 'Andor', premieres next month on Disney+.""",0
"""24. ""I've been waiting for the bus for over 30 minutes, it's always so unreliable.""",0
"""25. ""The new iPad Pro, model MQ932LL/A, is now available for pre-order.""",0
"""26. ""Just started reading 'The Expanse' series, it's amazing so far! 📚""",0
"""27. ""I've been trying to contact the bank, but their phone lines are down.""",0
"""28. ""The new 'Pokémon' game, 'Legends: Arceus', is out now on Nintendo Switch.""",0
"""29. ""I've been waiting for the elevator for ages, it's been stuck on the 10th floor.""",0
"""30. ""The new 'Spider-Man' movie, 'No Way Home', is finally out in theaters.""",0
"""31. ""I've been trying to update my iOS, but it keeps saying 'Software cannot be verified'.""",0
"""32. ""The new 'Halo' game, 'Infinite', is set to release later this year.""",0
"""33. ""I've been waiting for my friend for over an hour, they're always late. 😔""",0
"""34. ""The new 'GTA' game, 'The Trilogy', is now available on multiple platforms.""",0
"""35. ""I've been trying to book a table for two at that new steakhouse, but it's fully booked.""",0
"""36. ""The new 'Minecraft' update, version 1.18, adds ambitious mountain biomes.""",0
"""37. ""I've been waiting for my package to arrive, it's been days with no tracking update.""",0
"""38. ""The new 'Fortnite' season is here, featuring a new battle pass and map changes. 🎮""",0
"""39. ""I've been trying to connect my smart TV to the internet, but it's not working.""",0
"""40. ""The new 'Wonder Woman' movie, '1984', is now streaming on HBO Max.""",0
"""41. ""I've been waiting for the train for over 45 minutes, it's been delayed due to signal failure.""",0
"""42. ""The new 'Among Us' update adds a new map and tasks. 🎮""",0
"""43. ""I've been trying to find a good recipe for homemade pizza, any suggestions?""",0
"""44. ""The new 'Battlefield' game, '2042', is set to release this October.""",0
"""45. ""I've been waiting for my results to come back, it's been a stressful wait. 😓""",0
"""46. ""The new 'Dune' movie is finally out in theaters, based on the classic novel.""",0
"""47. ""I've been trying to figure out how to use this new smart speaker, it's so confusing.""",0
"""48. ""The new 'Diablo' game, 'Eternal', is set to release later this year on multiple platforms.""",0
"""49. ""I've been waiting for my friend to pick me up, they're always running late. 😒""",0
"""50. ""The new 'Elden Ring' game, from the creators of 'Dark Souls', is set to release in January.""",0
""". ""Breaking: NASA's Perseverance rover finds potential signs of ancient life on Mars.""",0
"""2. ""Just tried the new avocado toast at 'The Grind' - highly recommend!""",0
"""3. ""Apple to unveil new iPhone 13 lineup next week.""",0
"""4. ""Anyone know a good plumber? My sink's leaking.""",0
"""5. ""Amazon's 'The Wheel of Time' series premieres today.""",0
"""6. ""Traffic update: Expect delays on I-95 due to a multi-vehicle accident.""",0
"""7. ""Just ordered the new 'Cyberpunk' video game. Can't wait to dive in!""",0
"""8. ""Local library hosting a free coding workshop for kids this Saturday.""",0
"""9. ""New study finds link between sleep and productivity. Who knew, right?""",0
"""10. ""Anyone know a good joke? I'm feeling a bit down today.""",0
"""11. ""Check out this amazing sunset! #nofilter""",0
"""12. ""New restaurant 'Savor' opens downtown. Their pasta is to die for!""",0
"""13. ""Just got my COVID-19 vaccination. Feeling a bit tired but overall, good experience.""",0
"""14. ""Anyone have a recommendation for a good thriller novel?""",0
"""15. ""Local school district votes to switch to remote learning due to rising COVID-19 cases.""",0
"""16. ""New product alert! Our latest smartphone, the Galaxy Z Fold3, is now available for pre-order.""",0
"""17. ""Just saw 'Dune' - what a visual masterpiece! #movie review""",0
"""18. ""Anyone know how to fix a leaky faucet? #plumbinghelp""",0
"""19. ""Just got accepted into my dream college! #excited""",0
"""20. ""New study suggests regular exercise can boost mental health. #fitnessmotivation""",0
"""21. ""Anyone have tips for growing tomatoes indoors? #gardeninghelp""",0
"""22. ""Just ordered a new laptop. Model number: A1245. Can't wait to upgrade my tech!""",0
"""23. ""Local business 'Green Thumb Nursery' is offering 15% off all plants this weekend.""",0
"""24. ""Just finished 'The Expanse' series. Now what? #TVrecommendations""",0
"""25. ""New app 'FitFam' helps track workouts and connect with fitness enthusiasts.""",0
"""26. ""Anyone know the best way to remove a stubborn stain? #stainremoval""",0
"""27. ""Just got my car serviced. They gave me a new license plate number: 123ABC.""",0
"""28. ""New restaurant 'Spice' opens next week. They're hiring! #nowhiring""",0
"""29. ""Just saw 'No Time to Die'. Daniel Craig's swansong was epic! #moviesreview""",0
"""30. ""Anyone have tips for improving sleep? #sleephelp""",0
"""31. ""New product alert! Our latest laptop, the XPS 13, is now available for pre-order.""",0
"""32. ""Just started learning Python. Any resources you'd recommend? #codinghelp""",0
"""33. ""New study finds link between mental health and climate change. #climateaction""",0
"""34. ""Anyone know a good recipe for vegan chocolate chip cookies? #bakinghelp""",0
"""35. ""Just got my COVID-19 test results back: Negative. Phew!""",0
"""36. ""New app 'Plant Parent' helps care for houseplants. I've killed too many... #planthelp""",0
"""37. ""Anyone have tips for saving money? #financialadvice""",0
"""38. ""Just saw 'The Last Duel'. Ridley Scott's film is a gripping historical drama. #moviesreview""",0
"""39. ""New study suggests regular meditation can improve focus. #mindfulness""",0
"""40. ""Anyone know a good plumber in the area? #plumbinghelp""",0
"""41. ""Just ordered a new coffee maker. Model number: K55. Can't wait for my morning brew!""",0
"""42. ""Local bakery 'Sweet Tooth' opens a new branch downtown. Yum!""",0
"""43. ""Anyone know the best way to organize my closet? #organizinghelp""",0
"""44. ""New product alert! Our latest smart speaker, the HomePod mini, is now available.""",0
"""45. ""Just saw 'King Richard'. Will Smith's performance was outstanding! #moviesreview""",0
"""46. ""Anyone have tips for improving my running time? #runninghelp""",0
"""47. ""Just got my COVID-19 vaccine booster shot. Feeling a bit tired but overall, good experience.""",0
"""48. ""New study finds link between diet and cognitive function. #brainfood""",0
"""49. ""Anyone know a good book recommendation? #bookrecommendation""",0
"""50. ""Just started a new job. Product code: XYZ123. Excited to learn and grow!""",0
"""Breaking: NASA's Perseverance rover successfully lands on Mars.""",0
"""🎉 Just tried the new 'Dragon Fruit' smoothie at Green Leaf Café, it's amazing!""",0
"""Apple to release new iPhone model, codenamed 'N123', this fall.""",0
"""🚧 Road closure: Main Street between 5th and 7th Avenue for repairs, use alternate route.""",0
"""John Doe, the new CEO, plans to revolutionize the company's strategy.""",0
"""I've been waiting for the bus for 123 minutes, it's always late on Fridays.""",0
"""Amazon's new Kindle Paperwhite, model number AB123456, now available for pre-order.""",0
"""🌳 Trees Planted: 123,456. Our community goal is 1,000,000 by 2025!""",0
"""Tech Review: Samsung's Galaxy S21 offers impressive camera upgrades.""",0
"""🚨 Flash Sale! Use code ABC123 for 50% off all sneakers today only!""",0
"""I've been trying to fix error code XYZ on my laptop, any suggestions?""",0
"""New recipe: 'Grandma's Famous Apple Crisp'. Simple and delicious!""",0
"""📅 Event: Free workshops every Saturday at the local library. Today: knitting.""",0
"""Just got my first 100k views on YouTube, thanks for the support!""",0
"""📢 Lost & Found: Black backpack with white straps. Contact us if it's yours.""",0
"""New study suggests that coffee consumption may reduce risk of type 2 diabetes.""",0
"""🍴 Dining Review: The steak at 'The Grill' was cooked to perfection.""",0
"""🌟 Congrats to 'Team A123' for winning the office soccer tournament!""",0
"""I'm looking for a reliable plumber, any recommendations?""",0
"""🎟️ Sale Alert! Buy one, get one free on all shoes at Foot Locker today.""",0
"""Just finished 'The Catcher in the Rye', what's your favorite classic novel?""",0
"""🚨 Traffic update: I-70 eastbound backed up due to an accident, use I-64 as an alternate.""",0
"""Need help with Python syntax, anyone willing to explain?""",0
"""🎬 Movie Night: 'Inception' starts at 8 PM in the community park.""",0
"""Just got my vaccination shot, feeling relieved and excited!""",0
"""📣 Now hiring: Part-time cashier. Ask manager for details.""",0
"""I'm trying to find a good used bike, any suggestions for local shops?""",0
"""New podcast: 'Space Explorations' - Episode 1: 'The Race to the Moon'.""",0
"""Just discovered a new favorite song: 'Electric Love' by Børns.""",0
"""💬 Quote of the Day: 'The only way to do great work is to love what you do.' - Steve Jobs""",0
"""🏆 'Best Burger in Town' winner: 'Burger Joint' for the 5th year in a row.""",0
"""I'm having trouble with my Wi-Fi connection, any troubleshooting tips?""",0
"""🎉 Happy 1st Birthday to 'Little Sprouts' daycare! Celebration today at 3 PM.""",0
"""Just started a new painting, feeling inspired by nature today.""",0
"""🚨 Weather Alert: Severe thunderstorms expected tonight, seek shelter if needed.""",0
"""Need help with a math problem, anyone willing to explain calculus?""",0
""". ""Breaking: NASA's Perseverance rover finds potential signs of ancient life on Mars.""",0
"""2. ""Just tried the new avocado toast at 'The Grind' - highly recommend!""",0
"""3. ""Apple to unveil new iPhone 13 lineup next week.""",0
"""4. ""Anyone know a good plumber? My sink's leaking.""",0
"""5. ""Amazon's 'The Wheel of Time' series premieres today.""",0
"""6. ""Traffic update: Expect delays on I-95 due to a multi-vehicle accident.""",0
"""7. ""Just ordered the new 'Cyberpunk' video game. Can't wait to dive in!""",0
"""8. ""Local library hosting a free coding workshop for kids this Saturday.""",0
"""9. ""New study finds link between sleep and productivity. Who knew, right?""",0
"""10. ""Anyone know a good joke? I'm feeling a bit down today.""",0
"""11. ""Check out this amazing sunset! #nofilter""",0
"""12. ""New restaurant 'Savor' opens downtown. Their pasta is to die for!""",0
"""13. ""Just got my COVID-19 vaccination. Feeling a bit tired but overall, good experience.""",0
"""14. ""Anyone have a recommendation for a good thriller novel?""",0
"""15. ""Local school district votes to switch to remote learning due to rising COVID-19 cases.""",0
"""16. ""New product alert! Our latest smartphone, the Galaxy Z Fold3, is now available for pre-order.""",0
"""17. ""Just saw 'Dune' - what a visual masterpiece! #movie review""",0
"""18. ""Anyone know how to fix a leaky faucet? #plumbinghelp""",0
"""19. ""Just got accepted into my dream college! #excited""",0
"""20. ""New study suggests regular exercise can boost mental health. #fitnessmotivation""",0
"""21. ""Anyone have tips for growing tomatoes indoors? #gardeninghelp""",0
"""22. ""Just ordered a new laptop. Model number: A1245. Can't wait to upgrade my tech!""",0
"""23. ""Local business 'Green Thumb Nursery' is offering 15% off all plants this weekend.""",0
"""24. ""Just finished 'The Expanse' series. Now what? #TVrecommendations""",0
"""25. ""New app 'FitFam' helps track workouts and connect with fitness enthusiasts.""",0
"""26. ""Anyone know the best way to remove a stubborn stain? #stainremoval""",0
"""27. ""Just got my car serviced. They gave me a new license plate number: 123ABC.""",0
"""28. ""New restaurant 'Spice' opens next week. They're hiring! #nowhiring""",0
"""29. ""Just saw 'No Time to Die'. Daniel Craig's swansong was epic! #moviesreview""",0
"""30. ""Anyone have tips for improving sleep? #sleephelp""",0
"""31. ""New product alert! Our latest laptop, the XPS 13, is now available for pre-order.""",0
"""32. ""Just started learning Python. Any resources you'd recommend? #codinghelp""",0
"""33. ""New study finds link between mental health and climate change. #climateaction""",0
"""34. ""Anyone know a good recipe for vegan chocolate chip cookies? #bakinghelp""",0
"""35. ""Just got my COVID-19 test results back: Negative. Phew!""",0
"""36. ""New app 'Plant Parent' helps care for houseplants. I've killed too many... #planthelp""",0
"""37. ""Anyone have tips for saving money? #financialadvice""",0
"""38. ""Just saw 'The Last Duel'. Ridley Scott's film is a gripping historical drama. #moviesreview""",0
"""39. ""New study suggests regular meditation can improve focus. #mindfulness""",0
"""40. ""Anyone know a good plumber in the area? #plumbinghelp""",0
"""41. ""Just ordered a new coffee maker. Model number: K55. Can't wait for my morning brew!""",0
"""42. ""Local bakery 'Sweet Tooth' opens a new branch downtown. Yum!""",0
"""43. ""Anyone know the best way to organize my closet? #organizinghelp""",0
"""44. ""New product alert! Our latest smart speaker, the HomePod mini, is now available.""",0
"""45. ""Just saw 'King Richard'. Will Smith's performance was outstanding! #moviesreview""",0
"""46. ""Anyone have tips for improving my running time? #runninghelp""",0
"""47. ""Just got my COVID-19 vaccine booster shot. Feeling a bit tired but overall, good experience.""",0
"""48. ""New study finds link between diet and cognitive function. #brainfood""",0
"""49. ""Anyone know a good book recommendation? #bookrecommendation""",0
"""50. ""Just started a new job. Product code: XYZ123. Excited to learn and grow!""",0
"""Local library hosts tech workshop for seniors this Saturday.""",0
"""Tech review: New laptop offers 12 hours of battery life, perfect for travelers.""",0
"""Neighborhood watch: Suspicious activity reported near the park.""",0
"""Job posting: Seeking experienced chef for busy downtown restaurant.""",0
"""Movie review: 'The Martian' is a thrilling and humorous space adventure.""",0
"""City council discusses new bike lane plans tonight.""",0
"""Popular streaming service adds 123 new movies this month.""",0
"""School board announces changes to the lunch menu starting next week.""",0
"""Blog post: Tips for growing the best tomatoes in your home garden.""",0
"""Local band 'Echoes' playing at the Parkside Bar this weekend.""",0
"""Apple releases new iPhone with improved camera, model number XZY.""",0
"""Hotel review: The grand lobby of the historic hotel is stunning.""",0
"""City offers free Wi-Fi at all public parks starting today.""",0
"""Amazon customer: 'Product XYZ arrived quicker than expected, thanks!'""",0
"""New study suggests link between sugar intake and obesity.""",0
"""Meet John Doe, our newest employee at TechCorp.""",0
"""Twitter: 'Just tried the new burger at Burger Joint, highly recommend!'""",0
"""Product announcement: Our new smartwatch tracks sleep patterns.""",0
"""Dog owners, please keep your pets on a leash in the park.""",0
"""Amazon listing: 'New release: Book ABC by Author XYZ'.""",0
"""Blog post: How to protect your online privacy in 2022.""",0
"""Local farmer's market opens tomorrow, featuring fresh produce.""",0
"""Tech support: Error code 123 indicates a connectivity issue.""",0
"""Yelp review: 'The pasta at La Trattoria was exceptional, will return.'""",0
"""City warns of high tide levels tonight, expect coastal flooding.""",0
"""Product recall: All models of VWX appliances should be checked.""",0
"""Insta post: 'Just hiked the trails at the national park, breathtaking views!'""",0
"""New app 'RunRight' helps users train for marathons, now available.""",0
"""Reddit: 'Anyone know how to fix a leaky faucet?'""",0
"""Company announces 'Project ZYX' to improve recycling efficiency.""",0
"""Local gym offering free fitness classes for National Health Week.""",0
"""Tech article: Quantum computing could revolutionize data processing.""",0
"""Facebook post: 'Lost my cat Fluffy, last seen near the playground. Call if you see her.'""",0
"""New art exhibit opens at the museum, featuring abstract pieces.""",0
"""City announces road closures for upcoming marathon event.""",0
"""Tinder bio: 'Hiking enthusiast, loves dogs, looking for someone real.'""",0
"""New restaurant 'Sushi Palace' opens downtown, rave reviews so far.""",0
"""Instagram: 'Just got back from my trip to the beach, can't wait to share pics!'""",0
"""Breaking: Storm warnings issued for coastal areas; high waves expected.""",0
"""Just tried the new coffee shop; their brew is to die for!""",0
"""Attention all: The server will be down for maintenance tonight from 12 to 4 AM.""",0
"""I've been waiting in line for 123 minutes, this is ridiculous!""",0
"""Amazon's new product, 'A1B2C3', is causing quite a buzz.""",0
"""John Doe just set a new record in our company's marathon challenge.""",0
"""Anyone knows how to fix a 'Error 404 - Not Found' issue?""",0
"""Check out this latest review of 'Movie Title' on Rotten Tomatoes.""",0
"""Hey everyone, I'm hosting a game night this Saturday. Bring your favorite snacks!""",0
"""1. ""Breaking News: Stock market plunges as tech giant 'XYZ Corp' announces data breach.""",0
"""2. ""Just tried the new 'Vegan Delight' burger at 'Green Bites' - it's amazing!""",0
"""3. ""Urgent: 'Storm Alert' issued for coastal areas, expect heavy rain and gusty winds.""",0
"""4. ""Can't believe I've had my 'iPhone 12' for a year already, feels like just yesterday I got it.""",0
"""5. ""Calling all 'Star Wars' fans! New merchandise drops today at 'GalacticGear.com'.""",0
"""6. ""Tech Tip: Always update your 'software' to ensure it's secure and running smoothly.""",0
"""7. ""Check out 'MysteryBookClub.com' for a thrilling read, they have a great selection.""",0
"""8. ""I waited 123 minutes in line to buy the new 'PlayStation 5' at launch.""",0
"""9. ""Is anyone else getting 'Error Code 007' on their 'SmartTV'? Need help!""",0
"""10. ""Join us for 'Yoga in the Park' every Saturday morning, all levels welcome.""",0
"""11. ""I finally finished 'John Doe's' new album, it's incredible! Can't wait for the next one.""",0
"""12. ""Need a 'plumber'? 'Fix-It Fast' is the best in town. They're always on time.""",0
"""13. ""Just saw 'John Smith' gave 'Jane Doe' flowers at the office. Think they're dating?""",0
"""14. ""Anyone have tips for growing 'Tomatoes' in my 'balcony garden'?""",0
"""15. ""Quick! 'Amazon Deal' alert: 'iPad' Pro on sale now for $100 off.""",0
"""16. ""I'm loving my new 'FitBit Charge 4', it's making me more active every day.""",0
"""17. ""Attention 'Comic Book' fans! 'Comic Con' is this weekend at the 'Convention Center'.""",0
"""18. ""I'm trying out 'Peanut' app, it's like 'Tinder' but for moms. Let's connect!""",0
"""19. ""Need a 'cable' for my 'Apple Watch' Series 6, anyone know a good brand?""",0
"""20. ""Just saw 'John Doe' got a new 'car', must be nice to finally upgrade.""",0
"""21. ""I'm addicted to 'TikTok', can't stop watching those funny dance videos.""",0
"""22. ""Anyone know a good 'pizza' place that delivers late? I'm starving.""",0
"""23. ""Just finished 'John Smith's' new book, it's a real page-turner. Highly recommend!""",0
"""24. ""I'm so excited for 'Game of Thrones' to finally be on 'HBO Max'.""",0
"""25. ""Need a 'painter' for my 'house'? Any recommendations?""",0
"""26. ""I'm trying out 'Meditation' app 'Headspace', it's really helping me relax.""",0
"""27. ""Just saw 'John Doe' post a photo from 'Paris', lucky him!""",0
"""28. ""I'm loving my new 'Nespresso' machine, I can't get enough of those coffee pods.""",0
"""29. ""Anyone have tips for 'cold brew' coffee? I can't get it right.""",0
"""30. ""I'm on the hunt for a 'new' 'laptop', anyone have any suggestions?""",0
"""31. ""Just saw 'John Doe' got a promotion, good for him!""",0
"""32. ""I'm addicted to 'Netflix', can't stop binge-watching 'Stranger Things'.""",0
"""33. ""Anyone know a good 'dentist'? I need a check-up.""",0
"""34. ""I'm trying out 'OnlyFans', it's a great way to support my favorite creators.""",0
"""35. ""I'm so excited for 'Black Friday' sales, I need a new 'TV'.""",0
"""36. ""Just saw 'John Doe' got a 'puppy', it's so cute!""",0
"""37. ""I'm trying out 'Whiskey' for the first time, any recommendations?""",0
"""38. ""I'm loving my new 'Kindle', it's perfect for reading on the go.""",0
"""39. ""Anyone know a good ' optical store'? I need new 'glasses'.""",0
"""40. ""I'm trying out 'Vegan' cooking, any easy recipes to start with?""",0
"""41. ""Just saw 'John Doe' got a new 'tattoo', it looks amazing!""",0
"""42. ""I'm addicted to 'Twitter', can't stop scrolling through my feed.""",0
"""43. ""Anyone know a good 'hairdresser'? I need a haircut.""",0
"""44. ""I'm trying out 'Bullet Journaling', it's really helping me stay organized.""",0
"""45. ""I'm so excited for 'Halloween', I can't wait to dress up.""",0
"""46. ""Just saw 'John Doe' got engaged, what a lucky guy!""",0
"""47. ""I'm trying out 'online dating', any tips?""",0
"""48. ""I'm loving my new 'AirPods', they're perfect for working out.""",0
"""49. ""Anyone know a good 'florist'? I need flowers for a friend's birthday.""",0
"""50. ""Just saw 'John Doe' got a new 'job', good for him!""",0
""". ""Breaking: NASA's Perseverance rover finds potential signs of ancient life on Mars.""",0
"""2. ""Just tried the new avocado toast at 'The Grind' - highly recommend!""",0
"""3. ""Apple to unveil new iPhone 13 lineup next week.""",0
"""4. ""Anyone know a good plumber? My sink's leaking.""",0
"""5. ""Amazon's 'The Wheel of Time' series premieres today.""",0
"""6. ""Traffic update: Expect delays on I-95 due to a multi-vehicle accident.""",0
"""7. ""Just ordered the new 'Cyberpunk' video game. Can't wait to dive in!""",0
"""8. ""Local library hosting a free coding workshop for kids this Saturday.""",0
"""9. ""New study finds link between sleep and productivity. Who knew, right?""",0
"""10. ""Anyone know a good joke? I'm feeling a bit down today.""",0
"""11. ""Check out this amazing sunset! #nofilter""",0
"""12. ""New restaurant 'Savor' opens downtown. Their pasta is to die for!""",0
"""13. ""Just got my COVID-19 vaccination. Feeling a bit tired but overall, good experience.""",0
"""14. ""Anyone have a recommendation for a good thriller novel?""",0
"""15. ""Local school district votes to switch to remote learning due to rising COVID-19 cases.""",0
"""16. ""New product alert! Our latest smartphone, the Galaxy Z Fold3, is now available for pre-order.""",0
"""17. ""Just saw 'Dune' - what a visual masterpiece! #movie review""",0
"""18. ""Anyone know how to fix a leaky faucet? #plumbinghelp""",0
"""19. ""Just got accepted into my dream college! #excited""",0
"""20. ""New study suggests regular exercise can boost mental health. #fitnessmotivation""",0
"""21. ""Anyone have tips for growing tomatoes indoors? #gardeninghelp""",0
"""22. ""Just ordered a new laptop. Model number: A1245. Can't wait to upgrade my tech!""",0
"""23. ""Local business 'Green Thumb Nursery' is offering 15% off all plants this weekend.""",0
"""24. ""Just finished 'The Expanse' series. Now what? #TVrecommendations""",0
"""25. ""New app 'FitFam' helps track workouts and connect with fitness enthusiasts.""",0
"""26. ""Anyone know the best way to remove a stubborn stain? #stainremoval""",0
"""27. ""Just got my car serviced. They gave me a new license plate number: 123ABC.""",0
"""28. ""New restaurant 'Spice' opens next week. They're hiring! #nowhiring""",0
"""29. ""Just saw 'No Time to Die'. Daniel Craig's swansong was epic! #moviesreview""",0
"""30. ""Anyone have tips for improving sleep? #sleephelp""",0
"""31. ""New product alert! Our latest laptop, the XPS 13, is now available for pre-order.""",0
"""32. ""Just started learning Python. Any resources you'd recommend? #codinghelp""",0
"""33. ""New study finds link between mental health and climate change. #climateaction""",0
"""34. ""Anyone know a good recipe for vegan chocolate chip cookies? #bakinghelp""",0
"""35. ""Just got my COVID-19 test results back: Negative. Phew!""",0
"""36. ""New app 'Plant Parent' helps care for houseplants. I've killed too many... #planthelp""",0
"""37. ""Anyone have tips for saving money? #financialadvice""",0
"""38. ""Just saw 'The Last Duel'. Ridley Scott's film is a gripping historical drama. #moviesreview""",0
"""39. ""New study suggests regular meditation can improve focus. #mindfulness""",0
"""40. ""Anyone know a good plumber in the area? #plumbinghelp""",0
"""41. ""Just ordered a new coffee maker. Model number: K55. Can't wait for my morning brew!""",0
"""42. ""Local bakery 'Sweet Tooth' opens a new branch downtown. Yum!""",0
"""43. ""Anyone know the best way to organize my closet? #organizinghelp""",0
"""44. ""New product alert! Our latest smart speaker, the HomePod mini, is now available.""",0
"""45. ""Just saw 'King Richard'. Will Smith's performance was outstanding! #moviesreview""",0
"""46. ""Anyone have tips for improving my running time? #runninghelp""",0
"""47. ""Just got my COVID-19 vaccine booster shot. Feeling a bit tired but overall, good experience.""",0
"""48. ""New study finds link between diet and cognitive function. #brainfood""",0
"""49. ""Anyone know a good book recommendation? #bookrecommendation""",0
"""50. ""Just started a new job. Product code: XYZ123. Excited to learn and grow!""",0
""". ""Breaking: NASA's Perseverance rover finds potential signs of ancient life on Mars.""",0
"""2. ""Just tried the new avocado toast at 'The Grind' - highly recommend!""",0
"""3. ""Apple to unveil new iPhone 13 lineup next week.""",0
"""4. ""Anyone know a good plumber? My sink's leaking.""",0
"""5. ""Amazon's 'The Wheel of Time' series premieres today.""",0
"""6. ""Traffic update: Expect delays on I-95 due to a multi-vehicle accident.""",0
"""7. ""Just ordered the new 'Cyberpunk' video game. Can't wait to dive in!""",0
"""8. ""Local library hosting a free coding workshop for kids this Saturday.""",0
"""9. ""New study finds link between sleep and productivity. Who knew, right?""",0
"""10. ""Anyone know a good joke? I'm feeling a bit down today.""",0
"""11. ""Check out this amazing sunset! #nofilter""",0
"""12. ""New restaurant 'Savor' opens downtown. Their pasta is to die for!""",0
"""13. ""Just got my COVID-19 vaccination. Feeling a bit tired but overall, good experience.""",0
"""14. ""Anyone have a recommendation for a good thriller novel?""",0
"""15. ""Local school district votes to switch to remote learning due to rising COVID-19 cases.""",0
"""16. ""New product alert! Our latest smartphone, the Galaxy Z Fold3, is now available for pre-order.""",0
"""17. ""Just saw 'Dune' - what a visual masterpiece! #movie review""",0
"""18. ""Anyone know how to fix a leaky faucet? #plumbinghelp""",0
"""19. ""Just got accepted into my dream college! #excited""",0
"""20. ""New study suggests regular exercise can boost mental health. #fitnessmotivation""",0
"""21. ""Anyone have tips for growing tomatoes indoors? #gardeninghelp""",0
"""22. ""Just ordered a new laptop. Model number: A1245. Can't wait to upgrade my tech!""",0
"""23. ""Local business 'Green Thumb Nursery' is offering 15% off all plants this weekend.""",0
"""24. ""Just finished 'The Expanse' series. Now what? #TVrecommendations""",0
"""25. ""New app 'FitFam' helps track workouts and connect with fitness enthusiasts.""",0
"""26. ""Anyone know the best way to remove a stubborn stain? #stainremoval""",0
"""27. ""Just got my car serviced. They gave me a new license plate number: 123ABC.""",0
"""28. ""New restaurant 'Spice' opens next week. They're hiring! #nowhiring""",0
"""29. ""Just saw 'No Time to Die'. Daniel Craig's swansong was epic! #moviesreview""",0
"""30. ""Anyone have tips for improving sleep? #sleephelp""",0
"""31. ""New product alert! Our latest laptop, the XPS 13, is now available for pre-order.""",0
"""32. ""Just started learning Python. Any resources you'd recommend? #codinghelp""",0
"""33. ""New study finds link between mental health and climate change. #climateaction""",0
"""34. ""Anyone know a good recipe for vegan chocolate chip cookies? #bakinghelp""",0
"""35. ""Just got my COVID-19 test results back: Negative. Phew!""",0
"""36. ""New app 'Plant Parent' helps care for houseplants. I've killed too many... #planthelp""",0
"""37. ""Anyone have tips for saving money? #financialadvice""",0
"""38. ""Just saw 'The Last Duel'. Ridley Scott's film is a gripping historical drama. #moviesreview""",0
"""39. ""New study suggests regular meditation can improve focus. #mindfulness""",0
"""40. ""Anyone know a good plumber in the area? #plumbinghelp""",0
"""41. ""Just ordered a new coffee maker. Model number: K55. Can't wait for my morning brew!""",0
"""42. ""Local bakery 'Sweet Tooth' opens a new branch downtown. Yum!""",0
"""43. ""Anyone know the best way to organize my closet? #organizinghelp""",0
"""44. ""New product alert! Our latest smart speaker, the HomePod mini, is now available.""",0
"""45. ""Just saw 'King Richard'. Will Smith's performance was outstanding! #moviesreview""",0
"""46. ""Anyone have tips for improving my running time? #runninghelp""",0
"""47. ""Just got my COVID-19 vaccine booster shot. Feeling a bit tired but overall, good experience.""",0
"""48. ""New study finds link between diet and cognitive function. #brainfood""",0
"""49. ""Anyone know a good book recommendation? #bookrecommendation""",0
"""50. ""Just started a new job. Product code: XYZ123. Excited to learn and grow!""",0
""". ""Breaking: NASA's Perseverance rover finds potential signs of ancient life on Mars.""",0
"""2. ""Just tried the new avocado toast at 'The Grind' - highly recommend!""",0
"""3. ""Apple to unveil new iPhone 13 lineup next week.""",0
"""4. ""Anyone know a good plumber? My sink's leaking.""",0
"""5. ""Amazon's 'The Wheel of Time' series premieres today.""",0
"""6. ""Traffic update: Expect delays on I-95 due to a multi-vehicle accident.""",0
"""7. ""Just ordered the new 'Cyberpunk' video game. Can't wait to dive in!""",0
"""8. ""Local library hosting a free coding workshop for kids this Saturday.""",0
"""9. ""New study finds link between sleep and productivity. Who knew, right?""",0
"""10. ""Anyone know a good joke? I'm feeling a bit down today.""",0
"""11. ""Check out this amazing sunset! #nofilter""",0
"""12. ""New restaurant 'Savor' opens downtown. Their pasta is to die for!""",0
"""13. ""Just got my COVID-19 vaccination. Feeling a bit tired but overall, good experience.""",0
"""14. ""Anyone have a recommendation for a good thriller novel?""",0
"""15. ""Local school district votes to switch to remote learning due to rising COVID-19 cases.""",0
"""16. ""New product alert! Our latest smartphone, the Galaxy Z Fold3, is now available for pre-order.""",0
"""17. ""Just saw 'Dune' - what a visual masterpiece! #movie review""",0
"""18. ""Anyone know how to fix a leaky faucet? #plumbinghelp""",0
"""19. ""Just got accepted into my dream college! #excited""",0
"""20. ""New study suggests regular exercise can boost mental health. #fitnessmotivation""",0
"""21. ""Anyone have tips for growing tomatoes indoors? #gardeninghelp""",0
"""22. ""Just ordered a new laptop. Model number: A1245. Can't wait to upgrade my tech!""",0
"""23. ""Local business 'Green Thumb Nursery' is offering 15% off all plants this weekend.""",0
"""24. ""Just finished 'The Expanse' series. Now what? #TVrecommendations""",0
"""25. ""New app 'FitFam' helps track workouts and connect with fitness enthusiasts.""",0
"""26. ""Anyone know the best way to remove a stubborn stain? #stainremoval""",0
"""27. ""Just got my car serviced. They gave me a new license plate number: 123ABC.""",0
"""28. ""New restaurant 'Spice' opens next week. They're hiring! #nowhiring""",0
"""29. ""Just saw 'No Time to Die'. Daniel Craig's swansong was epic! #moviesreview""",0
"""30. ""Anyone have tips for improving sleep? #sleephelp""",0
"""31. ""New product alert! Our latest laptop, the XPS 13, is now available for pre-order.""",0
"""32. ""Just started learning Python. Any resources you'd recommend? #codinghelp""",0
"""33. ""New study finds link between mental health and climate change. #climateaction""",0
"""34. ""Anyone know a good recipe for vegan chocolate chip cookies? #bakinghelp""",0
"""35. ""Just got my COVID-19 test results back: Negative. Phew!""",0
"""36. ""New app 'Plant Parent' helps care for houseplants. I've killed too many... #planthelp""",0
"""37. ""Anyone have tips for saving money? #financialadvice""",0
"""38. ""Just saw 'The Last Duel'. Ridley Scott's film is a gripping historical drama. #moviesreview""",0
"""39. ""New study suggests regular meditation can improve focus. #mindfulness""",0
"""40. ""Anyone know a good plumber in the area? #plumbinghelp""",0
"""41. ""Just ordered a new coffee maker. Model number: K55. Can't wait for my morning brew!""",0
"""42. ""Local bakery 'Sweet Tooth' opens a new branch downtown. Yum!""",0
"""43. ""Anyone know the best way to organize my closet? #organizinghelp""",0
"""44. ""New product alert! Our latest smart speaker, the HomePod mini, is now available.""",0
"""45. ""Just saw 'King Richard'. Will Smith's performance was outstanding! #moviesreview""",0
"""46. ""Anyone have tips for improving my running time? #runninghelp""",0
"""47. ""Just got my COVID-19 vaccine booster shot. Feeling a bit tired but overall, good experience.""",0
"""48. ""New study finds link between diet and cognitive function. #brainfood""",0
"""49. ""Anyone know a good book recommendation? #bookrecommendation""",0
"""50. ""Just started a new job. Product code: XYZ123. Excited to learn and grow!""",0
""". ""Breaking: NASA's Perseverance rover finds potential signs of ancient life on Mars.""",0
"""2. ""Just tried the new avocado toast at 'The Grind' - highly recommend!""",0
"""3. ""Apple to unveil new iPhone 13 lineup next week.""",0
"""4. ""Anyone know a good plumber? My sink's leaking.""",0
"""5. ""Amazon's 'The Wheel of Time' series premieres today.""",0
"""6. ""Traffic update: Expect delays on I-95 due to a multi-vehicle accident.""",0
"""7. ""Just ordered the new 'Cyberpunk' video game. Can't wait to dive in!""",0
"""8. ""Local library hosting a free coding workshop for kids this Saturday.""",0
"""9. ""New study finds link between sleep and productivity. Who knew, right?""",0
"""10. ""Anyone know a good joke? I'm feeling a bit down today.""",0
"""11. ""Check out this amazing sunset! #nofilter""",0
"""12. ""New restaurant 'Savor' opens downtown. Their pasta is to die for!""",0
"""13. ""Just got my COVID-19 vaccination. Feeling a bit tired but overall, good experience.""",0
"""14. ""Anyone have a recommendation for a good thriller novel?""",0
"""15. ""Local school district votes to switch to remote learning due to rising COVID-19 cases.""",0
"""16. ""New product alert! Our latest smartphone, the Galaxy Z Fold3, is now available for pre-order.""",0
"""17. ""Just saw 'Dune' - what a visual masterpiece! #movie review""",0
"""18. ""Anyone know how to fix a leaky faucet? #plumbinghelp""",0
"""19. ""Just got accepted into my dream college! #excited""",0
"""20. ""New study suggests regular exercise can boost mental health. #fitnessmotivation""",0
"""21. ""Anyone have tips for growing tomatoes indoors? #gardeninghelp""",0
"""22. ""Just ordered a new laptop. Model number: A1245. Can't wait to upgrade my tech!""",0
"""23. ""Local business 'Green Thumb Nursery' is offering 15% off all plants this weekend.""",0
"""24. ""Just finished 'The Expanse' series. Now what? #TVrecommendations""",0
"""25. ""New app 'FitFam' helps track workouts and connect with fitness enthusiasts.""",0
"""26. ""Anyone know the best way to remove a stubborn stain? #stainremoval""",0
"""27. ""Just got my car serviced. They gave me a new license plate number: 123ABC.""",0
"""28. ""New restaurant 'Spice' opens next week. They're hiring! #nowhiring""",0
"""29. ""Just saw 'No Time to Die'. Daniel Craig's swansong was epic! #moviesreview""",0
"""30. ""Anyone have tips for improving sleep? #sleephelp""",0
"""31. ""New product alert! Our latest laptop, the XPS 13, is now available for pre-order.""",0
"""32. ""Just started learning Python. Any resources you'd recommend? #codinghelp""",0
"""33. ""New study finds link between mental health and climate change. #climateaction""",0
"""34. ""Anyone know a good recipe for vegan chocolate chip cookies? #bakinghelp""",0
"""35. ""Just got my COVID-19 test results back: Negative. Phew!""",0
"""36. ""New app 'Plant Parent' helps care for houseplants. I've killed too many... #planthelp""",0
"""37. ""Anyone have tips for saving money? #financialadvice""",0
"""38. ""Just saw 'The Last Duel'. Ridley Scott's film is a gripping historical drama. #moviesreview""",0
"""39. ""New study suggests regular meditation can improve focus. #mindfulness""",0
"""40. ""Anyone know a good plumber in the area? #plumbinghelp""",0
"""41. ""Just ordered a new coffee maker. Model number: K55. Can't wait for my morning brew!""",0
"""42. ""Local bakery 'Sweet Tooth' opens a new branch downtown. Yum!""",0
"""43. ""Anyone know the best way to organize my closet? #organizinghelp""",0
"""44. ""New product alert! Our latest smart speaker, the HomePod mini, is now available.""",0
"""45. ""Just saw 'King Richard'. Will Smith's performance was outstanding! #moviesreview""",0
"""46. ""Anyone have tips for improving my running time? #runninghelp""",0
"""47. ""Just got my COVID-19 vaccine booster shot. Feeling a bit tired but overall, good experience.""",0
"""48. ""New study finds link between diet and cognitive function. #brainfood""",0
"""49. ""Anyone know a good book recommendation? #bookrecommendation""",0
"""50. ""Just started a new job. Product code: XYZ123. Excited to learn and grow!""",0
""". ""Breaking: NASA's Perseverance rover finds potential signs of ancient life on Mars.""",0
"""2. ""Just tried the new avocado toast at 'The Grind' - highly recommend!""",0
"""3. ""Apple to unveil new iPhone 13 lineup next week.""",0
"""4. ""Anyone know a good plumber? My sink's leaking.""",0
"""5. ""Amazon's 'The Wheel of Time' series premieres today.""",0
"""6. ""Traffic update: Expect delays on I-95 due to a multi-vehicle accident.""",0
"""7. ""Just ordered the new 'Cyberpunk' video game. Can't wait to dive in!""",0
"""8. ""Local library hosting a free coding workshop for kids this Saturday.""",0
"""9. ""New study finds link between sleep and productivity. Who knew, right?""",0
"""10. ""Anyone know a good joke? I'm feeling a bit down today.""",0
"""11. ""Check out this amazing sunset! #nofilter""",0
"""12. ""New restaurant 'Savor' opens downtown. Their pasta is to die for!""",0
"""13. ""Just got my COVID-19 vaccination. Feeling a bit tired but overall, good experience.""",0
"""14. ""Anyone have a recommendation for a good thriller novel?""",0
"""15. ""Local school district votes to switch to remote learning due to rising COVID-19 cases.""",0
"""16. ""New product alert! Our latest smartphone, the Galaxy Z Fold3, is now available for pre-order.""",0
"""17. ""Just saw 'Dune' - what a visual masterpiece! #movie review""",0
"""18. ""Anyone know how to fix a leaky faucet? #plumbinghelp""",0
"""19. ""Just got accepted into my dream college! #excited""",0
"""20. ""New study suggests regular exercise can boost mental health. #fitnessmotivation""",0
"""21. ""Anyone have tips for growing tomatoes indoors? #gardeninghelp""",0
"""22. ""Just ordered a new laptop. Model number: A1245. Can't wait to upgrade my tech!""",0
"""23. ""Local business 'Green Thumb Nursery' is offering 15% off all plants this weekend.""",0
"""24. ""Just finished 'The Expanse' series. Now what? #TVrecommendations""",0
"""25. ""New app 'FitFam' helps track workouts and connect with fitness enthusiasts.""",0
"""26. ""Anyone know the best way to remove a stubborn stain? #stainremoval""",0
"""27. ""Just got my car serviced. They gave me a new license plate number: 123ABC.""",0
"""28. ""New restaurant 'Spice' opens next week. They're hiring! #nowhiring""",0
"""29. ""Just saw 'No Time to Die'. Daniel Craig's swansong was epic! #moviesreview""",0
"""30. ""Anyone have tips for improving sleep? #sleephelp""",0
"""31. ""New product alert! Our latest laptop, the XPS 13, is now available for pre-order.""",0
"""32. ""Just started learning Python. Any resources you'd recommend? #codinghelp""",0
"""33. ""New study finds link between mental health and climate change. #climateaction""",0
"""34. ""Anyone know a good recipe for vegan chocolate chip cookies? #bakinghelp""",0
"""35. ""Just got my COVID-19 test results back: Negative. Phew!""",0
"""36. ""New app 'Plant Parent' helps care for houseplants. I've killed too many... #planthelp""",0
"""37. ""Anyone have tips for saving money? #financialadvice""",0
"""38. ""Just saw 'The Last Duel'. Ridley Scott's film is a gripping historical drama. #moviesreview""",0
"""39. ""New study suggests regular meditation can improve focus. #mindfulness""",0
"""40. ""Anyone know a good plumber in the area? #plumbinghelp""",0
"""41. ""Just ordered a new coffee maker. Model number: K55. Can't wait for my morning brew!""",0
"""42. ""Local bakery 'Sweet Tooth' opens a new branch downtown. Yum!""",0
"""43. ""Anyone know the best way to organize my closet? #organizinghelp""",0
"""44. ""New product alert! Our latest smart speaker, the HomePod mini, is now available.""",0
"""45. ""Just saw 'King Richard'. Will Smith's performance was outstanding! #moviesreview""",0
"""46. ""Anyone have tips for improving my running time? #runninghelp""",0
"""47. ""Just got my COVID-19 vaccine booster shot. Feeling a bit tired but overall, good experience.""",0
"""48. ""New study finds link between diet and cognitive function. #brainfood""",0
"""49. ""Anyone know a good book recommendation? #bookrecommendation""",0
"""50. ""Just started a new job. Product code: XYZ123. Excited to learn and grow!""",0
"""Breaking: Fire contained at downtown's historic building, no injuries reported.""",0
"""Just tried the new coffee shop on Main Street, amazing latte art!""",0
"""iPhone 12 review: Stunning display, improved camera, but battery life could be better.""",0
"""Tech support: Error code 404 - Page not found. Clear cache and try again.""",0
"""Urgent: Road closure due to water main break. Detour via Elm Street.""",0
"""New book club pick: '1984' by George Orwell. Join us next week!""",0
"""Amazon deal of the day: XYZ12345 - 50% off on all electronics.""",0
"""Weather update: Heavy rain expected tonight. Stay indoors, folks!""",0
"""Discovered a new hiking trail today. Beautiful views, moderately challenging.""",0
"""Stock market update: NASDAQ down 1.5% today. Watch for further changes.""",0
"""Last call for our limited edition 'John Doe' collection. Act fast!""",0
"""Just saw 'Tenet' - Mind-bending plot, amazing visuals. Worth the watch!""",0
"""City council meeting: Discussion on new public transportation plan begins next week.""",0
"""Amazon Echo review: 'Alexa, play my favorite playlist' - A game changer.""",0
"""Local library now offers free online services. Access code: LIBRARY123.""",0
"""New restaurant alert: 'The Spot' serves delicious burgers. Try the 'John Doe' special.""",0
"""Tech tip: Regularly update your software to prevent viruses and malware.""",0
"""Attention customers: Storewide sale this weekend. Use code SAVE50 at checkout.""",0
"""Just finished 'The Testaments'. Dystopian novels are my new favorite.""",0
"""Construction notice: Sidewalk closure for repairs starting tomorrow.""",0
"""New gym membership deal: First month free. Join today!""",0
"""Just tried the new pizza place. Highly recommend their 'John Doe' pizza.""",0
"""Tech support needed: Can't connect to Wi-Fi. Error message: 'Invalid password'.""",0
"""New fashion trend alert: 'John Doe' line now available at our store.""",0
"""City council approves new bike lane project. Construction begins next month.""",0
"""Just saw 'The Batman' - Dark, gritty, and intense. Loved it!""",0
"""Attention residents: Power outage expected tonight for maintenance. 1-2 hours.""",0
"""New job listing: 'John Doe' Inc. seeks experienced graphic designers.""",0
"""Tech review: AirPods Pro - Excellent sound quality, noise cancellation.""",0
"""Attention students: Deadline for scholarship applications extended. New date: 12/31.""",0
"""Just finished 'The Expanse' series. Highly recommend for sci-fi fans.""",0
"""New product alert: 'John Doe' series now available in all stores.""",0
"""Tech tip: Always backup your data to prevent data loss.""",0
"""Attention customers: Store hours extended for Black Friday. Open 24 hours.""",0
"""Just tried the new vegan café. Delicious food, great atmosphere.""",0
"""Tech support needed: Can't update iOS. Stuck on 'Updating Software' screen.""",0
"""Attention residents: Street cleaning tomorrow. Vehicles must be moved by 8 AM.""",0
"""Just finished 'The Martian'. Loved the humor, suspense, and science.""",0
""". ""Breaking: NASA's Perseverance rover finds potential signs of ancient life on Mars.""",0
"""2. ""Just tried the new avocado toast at 'The Grind' - highly recommend!""",0
"""3. ""Apple to unveil new iPhone 13 lineup next week.""",0
"""4. ""Anyone know a good plumber? My sink's leaking.""",0
"""5. ""Amazon's 'The Wheel of Time' series premieres today.""",0
"""6. ""Traffic update: Expect delays on I-95 due to a multi-vehicle accident.""",0
"""7. ""Just ordered the new 'Cyberpunk' video game. Can't wait to dive in!""",0
"""8. ""Local library hosting a free coding workshop for kids this Saturday.""",0
"""9. ""New study finds link between sleep and productivity. Who knew, right?""",0
"""10. ""Anyone know a good joke? I'm feeling a bit down today.""",0
"""11. ""Check out this amazing sunset! #nofilter""",0
"""12. ""New restaurant 'Savor' opens downtown. Their pasta is to die for!""",0
"""13. ""Just got my COVID-19 vaccination. Feeling a bit tired but overall, good experience.""",0
"""14. ""Anyone have a recommendation for a good thriller novel?""",0
"""15. ""Local school district votes to switch to remote learning due to rising COVID-19 cases.""",0
"""16. ""New product alert! Our latest smartphone, the Galaxy Z Fold3, is now available for pre-order.""",0
"""17. ""Just saw 'Dune' - what a visual masterpiece! #movie review""",0
"""18. ""Anyone know how to fix a leaky faucet? #plumbinghelp""",0
"""19. ""Just got accepted into my dream college! #excited""",0
"""20. ""New study suggests regular exercise can boost mental health. #fitnessmotivation""",0
"""21. ""Anyone have tips for growing tomatoes indoors? #gardeninghelp""",0
"""22. ""Just ordered a new laptop. Model number: A1245. Can't wait to upgrade my tech!""",0
"""23. ""Local business 'Green Thumb Nursery' is offering 15% off all plants this weekend.""",0
"""24. ""Just finished 'The Expanse' series. Now what? #TVrecommendations""",0
"""25. ""New app 'FitFam' helps track workouts and connect with fitness enthusiasts.""",0
"""26. ""Anyone know the best way to remove a stubborn stain? #stainremoval""",0
"""27. ""Just got my car serviced. They gave me a new license plate number: 123ABC.""",0
"""28. ""New restaurant 'Spice' opens next week. They're hiring! #nowhiring""",0
"""29. ""Just saw 'No Time to Die'. Daniel Craig's swansong was epic! #moviesreview""",0
"""30. ""Anyone have tips for improving sleep? #sleephelp""",0
"""31. ""New product alert! Our latest laptop, the XPS 13, is now available for pre-order.""",0
"""32. ""Just started learning Python. Any resources you'd recommend? #codinghelp""",0
"""33. ""New study finds link between mental health and climate change. #climateaction""",0
"""34. ""Anyone know a good recipe for vegan chocolate chip cookies? #bakinghelp""",0
"""35. ""Just got my COVID-19 test results back: Negative. Phew!""",0
"""36. ""New app 'Plant Parent' helps care for houseplants. I've killed too many... #planthelp""",0
"""37. ""Anyone have tips for saving money? #financialadvice""",0
"""38. ""Just saw 'The Last Duel'. Ridley Scott's film is a gripping historical drama. #moviesreview""",0
"""39. ""New study suggests regular meditation can improve focus. #mindfulness""",0
"""40. ""Anyone know a good plumber in the area? #plumbinghelp""",0
"""41. ""Just ordered a new coffee maker. Model number: K55. Can't wait for my morning brew!""",0
"""42. ""Local bakery 'Sweet Tooth' opens a new branch downtown. Yum!""",0
"""43. ""Anyone know the best way to organize my closet? #organizinghelp""",0
"""44. ""New product alert! Our latest smart speaker, the HomePod mini, is now available.""",0
"""45. ""Just saw 'King Richard'. Will Smith's performance was outstanding! #moviesreview""",0
"""46. ""Anyone have tips for improving my running time? #runninghelp""",0
"""47. ""Just got my COVID-19 vaccine booster shot. Feeling a bit tired but overall, good experience.""",0
"""48. ""New study finds link between diet and cognitive function. #brainfood""",0
"""49. ""Anyone know a good book recommendation? #bookrecommendation""",0
"""50. ""Just started a new job. Product code: XYZ123. Excited to learn and grow!""",0
""". ""Breaking: NASA's Perseverance rover finds potential signs of ancient life on Mars.""",0
"""2. ""Just tried the new avocado toast at 'The Grind' - highly recommend!""",0
"""3. ""Apple to unveil new iPhone 13 lineup next week.""",0
"""4. ""Anyone know a good plumber? My sink's leaking.""",0
"""5. ""Amazon's 'The Wheel of Time' series premieres today.""",0
"""6. ""Traffic update: Expect delays on I-95 due to a multi-vehicle accident.""",0
"""7. ""Just ordered the new 'Cyberpunk' video game. Can't wait to dive in!""",0
"""8. ""Local library hosting a free coding workshop for kids this Saturday.""",0
"""9. ""New study finds link between sleep and productivity. Who knew, right?""",0
"""10. ""Anyone know a good joke? I'm feeling a bit down today.""",0
"""11. ""Check out this amazing sunset! #nofilter""",0
"""12. ""New restaurant 'Savor' opens downtown. Their pasta is to die for!""",0
"""13. ""Just got my COVID-19 vaccination. Feeling a bit tired but overall, good experience.""",0
"""14. ""Anyone have a recommendation for a good thriller novel?""",0
"""15. ""Local school district votes to switch to remote learning due to rising COVID-19 cases.""",0
"""16. ""New product alert! Our latest smartphone, the Galaxy Z Fold3, is now available for pre-order.""",0
"""17. ""Just saw 'Dune' - what a visual masterpiece! #movie review""",0
"""18. ""Anyone know how to fix a leaky faucet? #plumbinghelp""",0
"""19. ""Just got accepted into my dream college! #excited""",0
"""20. ""New study suggests regular exercise can boost mental health. #fitnessmotivation""",0
"""21. ""Anyone have tips for growing tomatoes indoors? #gardeninghelp""",0
"""22. ""Just ordered a new laptop. Model number: A1245. Can't wait to upgrade my tech!""",0
"""23. ""Local business 'Green Thumb Nursery' is offering 15% off all plants this weekend.""",0
"""24. ""Just finished 'The Expanse' series. Now what? #TVrecommendations""",0
"""25. ""New app 'FitFam' helps track workouts and connect with fitness enthusiasts.""",0
"""26. ""Anyone know the best way to remove a stubborn stain? #stainremoval""",0
"""27. ""Just got my car serviced. They gave me a new license plate number: 123ABC.""",0
"""28. ""New restaurant 'Spice' opens next week. They're hiring! #nowhiring""",0
"""29. ""Just saw 'No Time to Die'. Daniel Craig's swansong was epic! #moviesreview""",0
"""30. ""Anyone have tips for improving sleep? #sleephelp""",0
"""31. ""New product alert! Our latest laptop, the XPS 13, is now available for pre-order.""",0
"""32. ""Just started learning Python. Any resources you'd recommend? #codinghelp""",0
"""33. ""New study finds link between mental health and climate change. #climateaction""",0
"""34. ""Anyone know a good recipe for vegan chocolate chip cookies? #bakinghelp""",0
"""35. ""Just got my COVID-19 test results back: Negative. Phew!""",0
"""36. ""New app 'Plant Parent' helps care for houseplants. I've killed too many... #planthelp""",0
"""37. ""Anyone have tips for saving money? #financialadvice""",0
"""38. ""Just saw 'The Last Duel'. Ridley Scott's film is a gripping historical drama. #moviesreview""",0
"""39. ""New study suggests regular meditation can improve focus. #mindfulness""",0
"""40. ""Anyone know a good plumber in the area? #plumbinghelp""",0
"""41. ""Just ordered a new coffee maker. Model number: K55. Can't wait for my morning brew!""",0
"""42. ""Local bakery 'Sweet Tooth' opens a new branch downtown. Yum!""",0
"""43. ""Anyone know the best way to organize my closet? #organizinghelp""",0
"""44. ""New product alert! Our latest smart speaker, the HomePod mini, is now available.""",0
"""45. ""Just saw 'King Richard'. Will Smith's performance was outstanding! #moviesreview""",0
"""46. ""Anyone have tips for improving my running time? #runninghelp""",0
"""47. ""Just got my COVID-19 vaccine booster shot. Feeling a bit tired but overall, good experience.""",0
"""48. ""New study finds link between diet and cognitive function. #brainfood""",0
"""49. ""Anyone know a good book recommendation? #bookrecommendation""",0
"""50. ""Just started a new job. Product code: XYZ123. Excited to learn and grow!""",0
"""Breaking: Severe storm alerts issued for coastal areas today.""",0
"""🌟Just tried the new #GadgetX, game changer! 10/10 would recommend.""",0
"""Need a plumber ASAP. Sink's flooded, don't know what to do!""",0
"""🚨Flash Sale Alert! All items 50% off today only. Use code: ABC123.""",0
"""I've been trying to fix this error code #007 for hours, any tips?""",0
"""🎉John Doe's 30th birthday bash tonight! Who's coming?""",0
"""Amazon delivery expected between 8pm and 3am. 😞""",0
"""Just found this old photo. Who remembers the #GoodOldDays?""",0
"""🚨Road closure ahead: Route 66 closed due to landslide.""",0
"""Finally started #ProjectZenGarden. 123 plants and counting!""",0
"""SOS! My laptop won't turn on. Help!""",0
"""🍔 Burger lover's heaven at 'The Joint'. Worth the wait!""",0
"""🌱Planted tree #45 today. Small steps to a greener world.""",0
"""Last day to enter raffle #XYZ999. You could win big!""",0
"""🚨Missing pet alert! Black lab named 'Buddy' last seen near park.""",0
"""Just booked tickets for #ConcertNight! Can't wait to rock out.""",0
"""📢Attention all! Meeting room B is booked from 2-4pm.""",0
"""New flat tire. Again. 🤬 Could use some roadside assistance.""",0
"""🎶Just discovered this jam. On repeat all day. #MusicToMyEars""",0
"""🚨Urgent: Power outage in areas 123 and 456. Crews on the way.""",0
"""Finally finished reading 'Book X'. Loved it! 📚""",0
"""🚨Seat 12C on flight #ABC is missing. Passenger assistance needed.""",0
"""Just found this old letter. 'To Whom It May Concern', lol.""",0
"""🌮Trying out 'Taco Tuesday' at 'Salsa Fiesta'. Let's hope it's authentic!""",0
"""🚨School closing early due to water main break. Students to be picked up.""",0
"""🌳Planting memorial tree for 'John Doe'. Join us this Saturday.""",0
"""🎟️Free entry today with code: HELLO123. Enjoy the museum!""",0
"""Just got my first 5-star review! 🌟Feeling proud.""",0
"""🚨Train delay: #TrainXYZ running 1 hour behind schedule.""",0
"""🎉Celebrating 1 year with my furbaby, Luna. 🐶❤️""",0
"""📢Attention passengers: Last call for flight #XYZ.""",0
"""🚨Gas leak detected. Evacuate building immediately. Safety first.""",0
"""🎮Gaming marathon starts now! Let's beat #GameZ.""",0
"""🚨Roadwork ahead: Expect delays on Route 123.""",0
"""🎶Just created a new playlist. Follow me for more jams. #MusicLovers""",0
"""🚨School bus #788 is running late. ETA 30 minutes behind schedule.""",0
"""📢Attention all! Flash sale starts now. First 50 get 50% off.""",0
"""1. ""Apple introduces iPhone 12, available in silver, space gray, and a new blue color.""",0
"""2. ""Local school district announces early dismissal due to inclement weather.""",0
"""3. ""Just tried the new burger at 'The Spot', it's a 10/10!""",0
"""4. ""Amazon Prime Day starts today, check out these lightning deals!""",0
"""5. ""Tech expert explains, 'CPU stands for Central Processing Unit'.""",0
"""6. ""Only 100 tickets left for tonight's sold-out concert.""",0
"""7. ""New study shows that exercise reduces stress by 50%.""",0
"""8. ""Limited edition 'Galaxy 123' sneakers now available at Sneaker Heaven.""",0
"""9. ""John Doe's auto shop offers free alignments with oil change.""",0
"""10. ""Amazon's best-selling book today is 'The Last Wish' by Andrzej Sapkowski.""",0
"""11. ""Tuesday's lunch special: Chicken Parmesan with side of pasta.""",0
"""12. ""'Game of Thrones' finale watched by record-breaking 19.3 million viewers.""",0
"""13. ""Looking for a roommate? Must love pets and have stable job. Contact J.D.""",0
"""14. ""Congratulations to 'Team A' on winning the office ping-pong tournament!""",0
"""15. ""Today's lottery numbers are 1, 22, 33, 44, 55, and Powerball 66.""",0
"""16. ""Running late, traffic is a mess on I-95. Avoid if possible.""",0
"""17. ""Join us for our annual charity run this Saturday, registration fee is $30.""",0
"""18. ""Just discovered 'The Queen's Gambit' on Netflix, it's a must-watch!""",0
"""19. ""Need a plumber? Call 'Plumb Crazy', they're the best in town.""",0
"""20. ""Attention shoppers, store-wide sale this weekend, everything 20% off.""",0
"""21. ""Tesla's new car model, 'Cybertruck', receives mixed reviews.""",0
"""22. ""Last call for the 8 PM showing of 'Black Widow' at Cinema 123.""",0
"""23. ""Local library hosts 'Storytime' every Wednesday at 4 PM.""",0
"""24. ""'The Hunger Games' trilogy sells over 100 million copies worldwide.""",0
"""25. ""Can't wait for the new 'Call of Duty' game, pre-ordered mine already.""",0
"""26. ""Shop local this holiday season, support small businesses.""",0
"""27. ""Need a ride? Check out 'GoGreen' electric scooters around town.""",0
"""28. ""Today's word of the day is 'serendipity', an pleasant surprise.""",0
"""29. ""Just completed my 100th day of yoga, feeling great!""",0
"""30. ""Local band 'The Rockets' playing tonight at 'The Underground'.""",0
"""31. ""Mystery shopper needed, earn up to $500. Contact us for details.""",0
"""32. ""New 'Batman' movie premieres tonight at 7 PM, arrive early for good seats.""",0
"""33. ""Check out the new 'AI-powered' chatbot we've integrated into our site.""",0
"""34. ""Don't forget, daylight saving time ends this weekend, set your clocks back.""",0
"""35. ""Looking for a reliable dog walker? I'm your person! $15 per walk.""",0
"""36. ""New coffee shop 'Bean Voyage' opens today, try their signature latte.""",0
"""37. ""Join us for a group hike this Saturday at 'Mountain View'.""",0
"""38. ""Last chance to enter our 'Win a Trip to Hawaii' raffle, tickets $5 each.""",0
"""39. ""Just saw 'Inception', what a mind-blowing movie!""",0
"""40. ""Attention residents, tonight's trash pickup will be delayed by one day.""",0
"""41. ""Check out the new 'SmartHome' system, it's a game-changer.""",0
"""42. ""Need a tutor for algebra? I'm your guy, $20 per hour.""",0
"""43. ""Just discovered a new podcast, 'Mystery in the 'Burbs', it's addictive!""",0
"""44. ""Attention gamers, 'Epic Games' store is having a huge sale today.""",0
"""45. ""Join our virtual book club, this month we're reading 'To Kill a Mockingbird'.""",0
"""46. ""New 'Star Wars' movie breaks box office records worldwide.""",0
"""47. ""Need a trusty lawn mower? Check out 'Green Machine' at Home Depot.""",0
"""48. ""Just completed my first 5k run, feels great to set new goals!""",0
"""49. ""Attention students, career fair tomorrow at the convention center.""",0
"""50. ""Just tried 'Blue Apron', their meals are delicious and easy to prepare.""",0
""". ""Breaking: NASA's Perseverance rover finds potential signs of ancient life on Mars.""",0
"""2. ""Just tried the new avocado toast at 'The Grind' - highly recommend!""",0
"""3. ""Apple to unveil new iPhone 13 lineup next week.""",0
"""4. ""Anyone know a good plumber? My sink's leaking.""",0
"""5. ""Amazon's 'The Wheel of Time' series premieres today.""",0
"""6. ""Traffic update: Expect delays on I-95 due to a multi-vehicle accident.""",0
"""7. ""Just ordered the new 'Cyberpunk' video game. Can't wait to dive in!""",0
"""8. ""Local library hosting a free coding workshop for kids this Saturday.""",0
"""9. ""New study finds link between sleep and productivity. Who knew, right?""",0
"""10. ""Anyone know a good joke? I'm feeling a bit down today.""",0
"""11. ""Check out this amazing sunset! #nofilter""",0
"""12. ""New restaurant 'Savor' opens downtown. Their pasta is to die for!""",0
"""13. ""Just got my COVID-19 vaccination. Feeling a bit tired but overall, good experience.""",0
"""14. ""Anyone have a recommendation for a good thriller novel?""",0
"""15. ""Local school district votes to switch to remote learning due to rising COVID-19 cases.""",0
"""16. ""New product alert! Our latest smartphone, the Galaxy Z Fold3, is now available for pre-order.""",0
"""17. ""Just saw 'Dune' - what a visual masterpiece! #movie review""",0
"""18. ""Anyone know how to fix a leaky faucet? #plumbinghelp""",0
"""19. ""Just got accepted into my dream college! #excited""",0
"""20. ""New study suggests regular exercise can boost mental health. #fitnessmotivation""",0
"""21. ""Anyone have tips for growing tomatoes indoors? #gardeninghelp""",0
"""22. ""Just ordered a new laptop. Model number: A1245. Can't wait to upgrade my tech!""",0
"""23. ""Local business 'Green Thumb Nursery' is offering 15% off all plants this weekend.""",0
"""24. ""Just finished 'The Expanse' series. Now what? #TVrecommendations""",0
"""25. ""New app 'FitFam' helps track workouts and connect with fitness enthusiasts.""",0
"""26. ""Anyone know the best way to remove a stubborn stain? #stainremoval""",0
"""27. ""Just got my car serviced. They gave me a new license plate number: 123ABC.""",0
"""28. ""New restaurant 'Spice' opens next week. They're hiring! #nowhiring""",0
"""29. ""Just saw 'No Time to Die'. Daniel Craig's swansong was epic! #moviesreview""",0
"""30. ""Anyone have tips for improving sleep? #sleephelp""",0
"""31. ""New product alert! Our latest laptop, the XPS 13, is now available for pre-order.""",0
"""32. ""Just started learning Python. Any resources you'd recommend? #codinghelp""",0
"""33. ""New study finds link between mental health and climate change. #climateaction""",0
"""34. ""Anyone know a good recipe for vegan chocolate chip cookies? #bakinghelp""",0
"""35. ""Just got my COVID-19 test results back: Negative. Phew!""",0
"""36. ""New app 'Plant Parent' helps care for houseplants. I've killed too many... #planthelp""",0
"""37. ""Anyone have tips for saving money? #financialadvice""",0
"""38. ""Just saw 'The Last Duel'. Ridley Scott's film is a gripping historical drama. #moviesreview""",0
"""39. ""New study suggests regular meditation can improve focus. #mindfulness""",0
"""40. ""Anyone know a good plumber in the area? #plumbinghelp""",0
"""41. ""Just ordered a new coffee maker. Model number: K55. Can't wait for my morning brew!""",0
"""42. ""Local bakery 'Sweet Tooth' opens a new branch downtown. Yum!""",0
"""43. ""Anyone know the best way to organize my closet? #organizinghelp""",0
"""44. ""New product alert! Our latest smart speaker, the HomePod mini, is now available.""",0
"""45. ""Just saw 'King Richard'. Will Smith's performance was outstanding! #moviesreview""",0
"""46. ""Anyone have tips for improving my running time? #runninghelp""",0
"""47. ""Just got my COVID-19 vaccine booster shot. Feeling a bit tired but overall, good experience.""",0
"""48. ""New study finds link between diet and cognitive function. #brainfood""",0
"""49. ""Anyone know a good book recommendation? #bookrecommendation""",0
"""50. ""Just started a new job. Product code: XYZ123. Excited to learn and grow!""",0
"""1. ""Breaking: Meteorologists predict heavy rain tonight, commuters advised to leave early.""",0
"""2. ""Tech Review: The new iPhone boasts improved battery life, up to 12 hours of standby.""",0
"""3. ""Reddit Thread: Need help finding a good pizza place in downtown. Any suggestions?""",0
"""4. ""Twitter Update: Just tried the new avocado toast at 'The Grind'. Highly recommended!""",0
"""5. ""Amazon Product Description: Bluetooth Speaker - 360° Sound, Waterproof, 123456 model.""",0
"""6. ""Customer Service: Your order number 789456 is on its way. Delivery estimated tomorrow.""",0
"""7. ""News Alert: NASA's Perseverance rover successfully lands on Mars today.""",0
"""8. ""Casual Chat: I've been trying out this new recipe, it's surprisingly delicious!""",0
"""9. ""Forum Post: I need help with my wireless router, model code XYZ123.""",0
"""10. ""Job Listing: Seeking experienced data analyst with knowledge of SQL and Python.""",0
"""11. ""Blog Post: Top 10 things to do in Paris, including the iconic Eiffel Tower.""",0
"""12. ""Tweet: Just saw the new 'John Doe' movie, it was fantastic!""",0
"""13. ""Public Announcement: The next bus to uptown will arrive in 5 minutes.""",0
"""14. ""Yelp Review: 'Best coffee in town' - 5 stars, would recommend.""",0
"""15. ""Support Tickets: Your ticket number 12345 has been assigned to agent Jane.""",0
"""16. ""Product Description: Samsung Galaxy S21, 6.2"" display, 8GB RAM, model code SM-G991.""",0
"""17. ""Newsflash: Power outage in downtown, estimated repair time 2 hours.""",0
"""18. ""Social Media: Sharing a picture of my new pet, a fluffy black cat named Shadow.""",0
"""19. ""Tech Q&A: How to format a USB drive to work with both Mac and Windows?""",0
"""20. ""Amazon Review: Loved the book 'The Great Gatsby', would recommend to anyone.""",0
"""21. ""Youtube Caption: Thanks for subscribing! Don't forget to hit that bell icon.""",0
"""22. ""Customer Feedback: I called customer service, spoke to John, he was very helpful.""",0
"""23. ""Twitter Spam: Follow me for a chance to win a free iPhone 12!""",0
"""24. ""News Article: A new study finds that reading can improve memory and concentration.""",0
"""25. ""Blog Comment: I've been using this app for a week now, it's been great!""",0
"""26. ""Product Manual: To reset your device, hold down the power button for 10 seconds.""",0
"""27. ""Classified Ad: Selling a used guitar, black finish, no scratches.""",0
"""28. ""Customer Service: Your package tracking number is ABC123.""",0
"""29. ""News Update: Apple's latest event announced the new iPad Pro and AirTags.""",0
"""30. ""Social Media: Just started a new workout routine, day one feels great!""",0
"""31. ""Support Chat: Your chat ID is 123456, please keep it for reference.""",0
"""32. ""Product Comparison: The new iPhone vs. Samsung Galaxy, which is better?""",0
"""33. ""News Alert: A magnitude 5.2 earthquake struck near the coast today.""",0
"""34. ""Review: 'The best burger in town', try the 'Big John' at Burger Joint.""",0
"""35. ""Tweet: Just finished reading 'To Kill a Mockingbird', what a classic!""",0
"""36. ""Public Announcement: The library will be closed tomorrow for repairs.""",0
"""37. ""Amazon Question: Does this product come with a warranty?""",0
"""38. ""Newsflash: A new study suggests that exercise can boost brain power.""",0
"""39. ""Tech Tip: To increase your laptop's battery life, reduce screen brightness.""",0
"""40. ""Blog Post: 10 ways to improve your mental health, starting today.""",0
"""41. ""Customer Feedback: I had a great experience at the store today, thanks!""",0
"""42. ""Product Description: Nikon D3500 DSLR Camera, 24.2 MP, model code 2669.""",0
"""43. ""News Article: Scientists discover a new species of butterfly in the Amazon.""",0
"""44. ""Social Media: Sharing a picture of my new pair of sneakers, so comfortable!""",0
"""45. ""Tech Support: Please provide your device's serial number for troubleshooting.""",0
"""46. ""News Update: NASA's Perseverance rover sends back first images from Mars.""",0
"""47. ""Review: I've been using this app for months, it's been a game-changer!""",0
"""48. ""Product Manual: To connect your device to Wi-Fi, follow these steps...""",0
"""49. ""Customer Service: Your order has been shipped, tracking ID 12345678.""",0
"""50. ""Newsflash: A new poll finds that 70% of Americans support stricter gun control.""",0
"""I've been waiting for ages, feels like I've been here 1234567890 seconds!"" - Social Media Post""",0
"""Today's deal: Buy our top model, SKU XYZ123, get 50% off!"" - Promotional Announcement""",0
"""Apple's new iPhone, model A22, is a game-changer."" - Tech Review""",0
"""Hey, I'm John Doe, new to the forum. Let's discuss Star Wars!"" - Forum Thread""",0
"""Check out our new product, 'Widget 9000'!"" - Product Description""",0
"""John Doe scored a goal in today's match. The crowd went wild!"" - Sports Commentary""",0
"""Flight XYZ1234 is now boarding at Gate 23."" - Public Announcement""",0
"""Just tried the new 'Secret Recipe' at the diner. It's amazing!"" - Casual Conversation""",0
"""Amazon's new Kindle, model KNX123, is now available for pre-order."" - Blog Article""",0
"""I've been trying to reach customer support for hours, their number is busy."" - Customer Complaint""",0
"""New album '12345' by Unknown Artist is out today!"" - Music News""",0
"""Attention passengers, train 123456 to New York will depart from Platform 7."" - Train Announcement""",0
"""The new 'abc123' app is a lifesaver for organizing tasks."" - App Review""",0
"""Anyone know the best pizza place in 'City 123'?"" - Social Media Post""",0
"""Ford's new model, 'Mustang 12345', is set to hit showrooms next month."" - Auto News""",0
"""I've been stuck in traffic for ages, feels like I've been driving for 123 years!"" - Casual Conversation""",0
"""New book '123456789' by Jane Doe is a gripping thriller."" - Book Review""",0
"""Just won a free '1234567' burger at the food truck! Yum!"" - Social Media Post""",0
"""Apple's new iOS, version 123.4.5, is now available for download."" - Tech News""",0
"""John Doe scored the winning goal in overtime. What a game!"" - Sports Commentary""",0
"""Flight XYZ1234 has been delayed by 123 minutes. We apologize for the inconvenience."" - Flight Update""",0
"""Amazon's new Echo, model A123, is on sale today only!"" - Flash Sale Announcement""",0
"""I've been trying to call John Doe all day, no answer."" - Casual Conversation""",0
"""The new 'ABC123' restaurant is opening next week."" - Local News""",0
"""Just tried the new '123456789' coffee. It's delicious!"" - Coffee Review""",0
"""Ford's new model, 'Mustang ABC', is now available for test drives."" - Auto News""",0
"""I've been stuck on hold for 123 hours. Seriously."" - Customer Complaint""",0
"""New album 'ABC123' by Doe is out today!"" - Music News""",0
"""Train 1234567 to Paris will depart from Platform 1 at 12:34."" - Train Announcement""",0
"""Anyone know the best hiking trail in 'Mountain 123'?"" - Social Media Post""",0
"""The new 'abcdefg' software is a game-changer for productivity."" - Software Review""",0
"""I've been trying to reach customer service for 123 hours. Can't get through."" - Customer Complaint""",0
"""Amazon's new Kindle, model KLMNOP, is now available."" - Product Launch""",0
"""John Doe won the lottery! He bought a ticket with the numbers 123456."" - Lottery News""",0
"""Flight ABC123 has landed safely. Welcome to New York!"" - Flight Arrival""",0
"""I've been trying to log in for 123 days. It's not working."" - Technical Issue""",0
"""New book 'XYZ123' by Doe is a must-read."" - Book Review""",0
"""Just tried the new '123456' pizza place. It's amazing!"" - Food Review""",0
"""Ford's new model, 'Mustang QWERTY', is set to launch next year."" - Auto News""",0
"""I've been stuck in traffic for 123 hours. Literally."" - Casual Conversation""",0
"""Train 123456789 to Berlin will depart from Platform 2 at 11:12."" - Train Departure""",0
"""The new 'abc987' phone case is durable and stylish."" - Product Description""",0
"""I've been waiting for this movie for 123 years!"" - Movie Anticipation""",0
"""Amazon's new device, model STUVWX, is now in stock."" - Inventory Update""",0
"""John Doe scored the first goal in the match. What a start!"" - Sports Commentary""",0
"""1. ""Hi, I'm John Smith, my address is 123 Main St, Anytown, and my phone number is 555-123-4567.""",1
"""2. ""I just bought something online, my card number ending in 1234 was charged $50.99.""",1
"""3. ""Can you verify my account details? My username is john.smith123 and my password is john123!""",1
"""4. ""I'm having trouble with my bank account, it's under the name of John Smith, account number 123456789.""",1
"""5. ""I lost my credit card, the last 4 digits are 1234, could you please cancel it?""",1
"""6. ""My social security number is 987-65-4321, can you confirm if it's correct?""",1
"""7. ""I'm moving to a new place, my new address is 456 Elm St, Anytown.""",1
"""8. ""I just got an email from Amazon, they charged my card ending in 5678 $150.99.""",1
"""9. ""Can you help me with my account? My email is john.smith@example.com.""",1
"""10. ""I'm trying to update my address, it's now 789 Oak St, Anytown.""",1
"""11. ""I'm having issues with my phone number, it's 555-987-6543.""",1
"""12. ""I just got a text, my card ending in 2345 was charged $30.50.""",1
"""13. ""My new phone number is 555-111-2222, can you update my account?""",1
"""14. ""I think my card number 1234567890123456 has been compromised.""",1
"""15. ""I'm registering for a new service, my full name is John Michael Smith.""",1
"""16. ""I'm changing my password, it's now 'johnsmith1234'.""",1
"""17. ""My new address is 321 Pine St, Anytown, can you update my records?""",1
"""18. ""I just got charged $99.99, my card ending in 6789 was used.""",1
"""19. ""Can you confirm if my email johnsmith@example.com is correct?""",1
"""20. ""I'm having issues with my account, my username is johnsmith123.""",1
"""21. ""I just got a text, my card ending in 1234 was used for a $200 purchase.""",1
"""22. ""My new phone number is 555-432-1098, can you update my profile?""",1
"""23. ""I'm trying to log into my account, my username is john.smith@example.com.""",1
"""24. ""I just got an email, my card number ending in 2345 was used for a $10.49 purchase.""",1
"""25. ""Can you help me with my account? My name is John Smith.""",1
"""26. ""I'm updating my address, it's now 234 Cedar St, Anytown.""",1
"""27. ""I'm having trouble with my card, the number is 1234567890123456.""",1
"""28. ""I just got a text, my card ending in 3456 was charged $75.99.""",1
"""29. ""My new phone number is 555-876-5432, can you update my details?""",1
"""30. ""I'm trying to log into my account, my password is johnsmith123.""",1
"""31. ""I'm having issues with my bank account, the number is 123456789.""",1
"""32. ""I just got an email, my card number ending in 4567 was used for a $50.00 purchase.""",1
"""33. ""Can you confirm if my email is correct? It's johnsmith@email.com.""",1
"""34. ""I'm updating my address, it's now 567 Maple St, Anytown.""",1
"""35. ""I'm having trouble with my account, my username is john.smith123.""",1
"""36. ""I just got a text, my card ending in 5678 was charged $120.50.""",1
"""37. ""My new phone number is 555-246-8023, can you update my records?""",1
"""38. ""I'm trying to log into my account, my username is john.smith@example.com.""",1
"""39. ""I just got charged $89.99, my card ending in 6789 was used.""",1
"""40. ""Can you help me with my account? My name is John M. Smith.""",1
"""41. ""I'm updating my address, it's now 890 Birch St, Anytown.""",1
"""42. ""I'm having trouble with my card, the number is 1234567890123456.""",1
"""43. ""I just got a text, my card ending in 1234 was used for a $45.20 purchase.""",1
"""44. ""My new phone number is 555-765-4321, can you update my details?""",1
"""45. ""I'm trying to log into my account, my password is john.smith123.""",1
"""46. ""I'm having issues with my bank account, the number is 9876543210987654.""",1
"""47. ""I just got an email, my card number ending in 2345 was used for a $35.75 purchase.""",1
"""48. ""Can you confirm if my username is correct? It's johnsmith123.""",1
"""49. ""I'm updating my address, it's now 111 Walnut St, Anytown.""",1
"""50. ""I'm having trouble with my card, the number is 4567891234567890.""",1
"""1. ""Just received my new card, the number is 1234-5678-9012-3456. Can't wait to start using it!""",1
"""2. ""Hey John, my new address is 123 Main St, Apt 4B, New York, NY 10001. See you soon!""",1
"""3. ""My SSN is 123-45-6789, can you update my account details?""",1
"""4. ""Ordered a pizza, delivery to 456 Elm St, apt 2C. Phone number is 555-123-4567.""",1
"""5. ""Hi, I'm having trouble with my account. My username is john.doe@example.com and password is Password123.""",1
"""6. ""Just got my new phone, the number is 555-987-6543. Let's stay in touch!""",1
"""7. ""Forgot my credit card at home, it ends in 1234. Can I pay you back tomorrow?""",1
"""8. ""My driver's license number is DL123456789, can you update my file?""",1
"""9. ""Just updated my info on the website. My new email is jane.doe@gmail.com.""",1
"""10. ""Ordered some books online, delivery to 789 Oak St, Anytown. Zip code is 12345.""",1
"""11. ""Can you help me reset my password? My username is johnsmith@aol.com.""",1
"""12. ""My bank account details are: John Doe, routing number 123456789, account number 987654321.""",1
"""13. ""Hey, I'm at the bar now. My table number is 12 and I've already ordered some drinks. Join me?""",1
"""14. ""Just updated my profile. My phone number is +1 (555) 123-4567.""",1
"""15. ""Can someone pick me up from 321 Pine St? My phone number is 555-987-6543.""",1
"""16. ""My new credit card number is 1234-5678-9012-3456. Can you update my payment info?""",1
"""17. ""Just got my new ID card. My ID number is 1234567890.""",1
"""18. ""My PayPal email is john.doe@paypal.com. You can send the payment there.""",1
"""19. ""Just updated my location. I'm now at 678 Maple St, Apt 3D, Anytown.""",1
"""20. ""My new address is 987 Walnut St, apt 2B, Anytown. Zip code is 67890.""",1
"""21. ""Can you confirm my booking? My flight is on 12/01/2022, booking reference is ABC123.""",1
"""22. ""Just got my new passport. My passport number is P12345678.""",1
"""23. ""My new credit card number is 1234-5678-9012-3456. Can you update my subscription details?""",1
"""24. ""Just updated my info on the app. My new phone number is +1 (555) 123-4567.""",1
"""25. ""My new bank account details are: Jane Doe, IBAN: DE12345678901234567890.""",1
"""26. ""Can someone pick up my package from the post office? The tracking number is 1234567890.""",1
"""27. ""My new apartment is at 321 Cedar St, apt 1A, Anytown. The door code is 1234.""",1
"""28. ""My new credit card number is 1234-5678-9012-3456. Can you update my auto-pay settings?""",1
"""29. ""Just updated my location. I'm now at the coffee shop, table number 5.""",1
"""30. ""My new address is 456 Birch St, Anytown. The apartment number is 2B.""",1
"""31. ""My new phone number is 123-456-7890. Let's keep in touch!""",1
"""32. ""Just got my new library card. My card number is 123456789.""",1
"""33. ""My new credit card number is 1234-5678-9012-3456. Can you update my order?""",1
"""34. ""My new address is 789 Willow St, Anytown. The zip code is 12345.""",1
"""35. ""Just updated my info on the website. My new email is john.doe@gmail.com.""",1
"""36. ""My new bank account details are: John Doe, account number 1234567890.""",1
"""37. ""Can you confirm my booking? My reservation number is 123456.""",1
"""38. ""My new phone number is +1 (123) 456-7890. Let's stay connected!""",1
"""39. ""My new apartment is at 987 Oak St, apt 3C, Anytown. The door code is 9876.""",1
"""40. ""Just updated my profile. My new address is 321 Elm St, Anytown. Zip code is 67890.""",1
"""41. ""My new credit card number is 1234-5678-9012-3456. Can you update my subscription?""",1
"""42. ""My new phone number is (123) 456-7890. Let's keep in touch!""",1
"""43. ""Just updated my info on the app. My new email is jane.doe@gmail.com.""",1
"""44. ""My new address is 678 Maple St, Anytown. The apartment number is 2D.""",1
"""45. ""My new credit card number is 1234-5678-9012-3456. Can you update my payment info?""",1
"""46. ""My new bank account details are: Jane Doe, routing number 123456789, account number 987654321.""",1
"""47. ""Just updated my location. I'm now at the park, near the big tree.""",1
"""48. ""My new phone number is +1 (555) 123-4567. Let's stay connected!""",1
"""49. ""My new apartment is at 210 Pine St, apt 1B, Anytown. The door code is 5678.""",1
"""50. ""Just got my new ID card. My ID number is 9876543210.""",1
"""John Smith, 123 Main St, Anytown, has been approved for a new credit card ending in 1234.""",1
"""Just received a package at my apartment, 456 Park Ave, Unit 3B, in New York City.""",1
"""My new phone number is 555-987-6543. Let's keep in touch, Jane Doe!""",1
"""Can someone help? I forgot my password, and my username is john.smith@example.com.""",1
"""Just donated to GreenPeace using my card, ending in 1234.""",1
"""Meet me at Starbucks, corner of 5th Ave and 53rd St, NYC. My cell is 555-123-4567.""",1
"""Hi, I'm Alex Johnson. My SSN is 123-45-6789. I'm calling to update my account info.""",1
"""I'm moving to 789 Elm St, Chicago, IL. Please update my address in your system.""",1
"""My card number is 1234 5678 9012 3456. I want to make a purchase.""",1
"""Just changed my number to 555-987-6543. Don't forget to update your contacts, Mom!""",1
"""Hey, it's Sarah. My card number is 5555 5555 5555 4321. Let's order pizza!""",1
"""My new address is 1234 W 45th St, Los Angeles, CA. Please send my package there.""",1
"""I found a card with the number 555-123-4567. Does anyone know who it belongs to?""",1
"""My card was compromised. Last 4 digits are 1234. Please block it immediately.""",1
"""Meet me at the coffee shop on 3rd St. My number is 555-432-1098. See you there!""",1
"""Hi, I'm James. My SSN is 987-65-4321. I want to check my account balance.""",1
"""My card number is 1111 2222 3333 4444. I want to make an online purchase.""",1
"""Just updated my info: John Smith, 5678 Oak St, San Francisco, CA.""",1
"""Can you help? I'm locked out of my account, user is john.doe@example.com.""",1
"""My card number is **** **** **** 1234. I want to make a payment.""",1
"""Just changed my number to 555-876-5432. Let's catch up, Jane!""",1
"""Please deliver to: Jane Smith, 9876 Maple Ave, Unit 10, New York, NY.""",1
"""My card was used without my permission. Number is 5555 5555 5555 1234.""",1
"""Meet at the park. My address is 1234 W 45th St, LA. My number is 555-432-1098.""",1
"""Hi, I'm Emily. My SSN is 123-45-6789. I want to check my account status.""",1
"""My card number is 1234 5678 9012 3456. Please charge $500 to it.""",1
"""Just moved to 7890 Pine St, Seattle, WA. Please update my address.""",1
"""Can you help? I'm trying to log in, but my username is invalid, john.smith@example.com.""",1
"""My card number is 5555 5555 5555 1234. I want to make a payment.""",1
"""Just got a new phone. My number is 555-246-8023. Let's stay connected!""",1
"""Please update my info: Robert Brown, 1234 W 45th St, LA, CA.""",1
"""My card number is **** **** **** 1234. I want to make a donation.""",1
"""Just changed my number to 555-765-4321. Let's keep in touch, everyone!""",1
"""My card was used fraudulently. Number is 5555 5555 5555 4321.""",1
"""Meet at the library. My number is 555-123-4567. Let's catch up!""",1
"""Hi, I'm Mark. My SSN is 987-65-4321. I want to check my account balance.""",1
"""My card number is 1234 5678 9012 3456. Please charge $100 to it.""",1
"""Just updated my address: Jane Doe, 5678 Maple Ave, Unit 2, New York, NY.""",1
"""Can you help? I'm locked out of my account, user is jane.doe@example.com.""",1
"""My card number is 5555 5555 5555 1234. I want to make a purchase.""",1
"""John Smith, 1234 Elm Street, ordered two pizzas on 555-123-4567.""",1
"""Just received a text from Chase: 'Your card ending in 1234 has been charged $80.89 at Amazon'.""",1
"""Hi, I'm new here! My name's Alex Jordan and I live at 555 Oak Avenue, Apt 3B.""",1
"""Forgot to log out of my account on the library computer. My login is jane_doe123 with password 123456.""",1
"""OMG! Someone used my credit card, 4111-1111-1111-1111, to buy $500 worth of stuff at Target!""",1
"""Can you send the invoice to my home address: 1600 Pennsylvania Avenue, Washington, DC 20500?""",1
"""Just got an email from Apple: 'Your order for iPhone 12 has been shipped to 1234 Maple Lane'.""",1
"""Need to update my info: My new address is 6789 Cedar Road, and my phone number is now 555-987-6543.""",1
"""Just sent a message to the bank: 'Can you block card ending in 5678? It's been compromised.'""",1
"""Uh-oh, posted my social security number, 123-45-6789, on a public forum by mistake. How do I delete it?""",1
"""Ordered some stuff on eBay using PayPal. My email is john.smith@email.com and the address is 5555 Peachtree Street.""",1
"""Hey, it's Sarah! My new number is 555-246-8023. Let's catch up!""",1
"""Just got a spam call from 555-135-7923 asking for my card number.""",1
"""Got a text from Uber: 'Your ride is arriving at 1234 Pine Street. Driver's name is Ali'.""",1
"""Changed my password to 'password1234'. My username is still jane_2000.""",1
"""Dear Mr. Michael Johnson, your new credit card has been sent to 5678 Walnut Lane. Card number: 1111-2222-3333-4444.""",1
"""Hi, this is Emily. My card number is 1234-5678-9012-3456. Can you charge me for the order?""",1
"""Forgot my pin again. It's 1234 for card ending in 5678.""",1
"""UPS just delivered a package to 5555 Birch Avenue for 'John Doe'. It's a new laptop.""",1
"""Hi, I'm calling about my credit card. The number is 7890-1234-5678-9012.""",1
"""Just got an email from Amazon: 'Your order has been shipped to 12345 Sunset Boulevard, Apt 6B'.""",1
"""Got a call from a telemarketer asking for my bank details. I hung up.""",1
"""Can you update my info in your system? I moved to 9876 Oak Street.""",1
"""Just got a text from my bank: 'Your card ending in 1111 has a suspicious transaction of $2000'.""",1
"""Hey, I'm at 5555 Willow Avenue. Can you send the pizza here?""",1
"""Just got a phishing email asking for my 'username and password for account ending in 1234'.""",1
"""Got a message on Facebook from an unknown user: 'Hi, I'm John. Your number is 555-1122-3344, right?'""",1
"""My card was declined. It's 1234-5678-9012-3456. Do you have another payment method?""",1
"""Just filled out an online form for a job application. My SSN is 987-65-4321.""",1
"""Can you send the invoice to my work address? It's 1234 Main Street, Suite 500.""",1
"""Got a call from the hospital: 'Your appointment is at 1234 Clinic Drive on Tuesday'.""",1
"""Just got a text: 'Your verification code is 123456'.""",1
"""Uh-oh, posted my credit card info, 5678-9012-3456-7890, on a public forum. How do I remove it?""",1
"""Can you confirm my address? It's 12345 Elm Street, Apt 3C.""",1
"""Just got an email from the IRS: 'Your refund of $500 has been direct deposited to account ending in 1234'.""",1
"""Need to update my info on your system. My new number is 555-4321.""",1
"""1. ""Thanks for your order, John Doe! Your card ending in 1234 has been charged $50.00.""",1
"""2. ""Hi, I'm new here. My full name is Jane Smith and I live at 123 Maple Street, Anytown.""",1
"""3. ""Oops! I accidentally posted my credit card number: 4111 1111 1111 1111. Please ignore!""",1
"""4. ""Please deliver the package to 456 Oak Avenue, Anytown, CA 12345.""",1
"""5. ""My phone number is (555) 123-4567. Feel free to call me anytime!""",1
"""6. ""I've updated my address to 789 Pine Road, Anytown, USA 67890.""",1
"""7. ""My social security number is 123-45-6789. Can you verify this for me?""",1
"""8. ""I've entered my card details: Visa ending in 1234, expiring 12/25.""",1
"""9. ""I'm sorry, John. Your card was declined. Please try again with another card.""",1
"""10. ""I've updated my phone number to +1 (555) 987-6543.""",1
"""11. ""My full name is Alexander Hamilton and my address is 1 Angelica Lane, New York.""",1
"""12. ""Please confirm my address: 321 Elm Street, Anytown, USA 12345.""",1
"""13. ""I've input my card number: 1234 5678 9012 3456.""",1
"""14. ""My email is john.doe@email.com. Please add me to your newsletter.""",1
"""15. ""I've received a suspicious email asking for my full name and address. Should I respond?""",1
"""16. ""I've requested a new password reset for my account associated with jane.smith@example.com.""",1
"""17. ""My card on file is ending in 4321. Can you update the expiration date to 12/28?""",1
"""18. ""I've entered my social security number as the last 4 digits of my phone number: 4567.""",1
"""19. ""Please send the invoice to John Doe at 123 Main Street, Anytown, USA 12345.""",1
"""20. ""I've shared my location: 37.7749° N, 122.4194° W. Can you find me?""",1
"""21. ""I've attached my driver's license. My full name and address are on the card.""",1
"""22. ""My passport number is 123456789. Can you verify this for me?""",1
"""23. ""I've entered my card CVV: 123. Is this secure enough?""",1
"""24. ""My PayPal email is paypal.john.doe@gmail.com. Please link it to my account.""",1
"""25. ""I've shared my Venmo username: @johndoe. Please send the payment there.""",1
"""26. ""My bank details are as follows: Bank of Anytown, Account number: 123456789, Routing number: 012345678.""",1
"""27. ""I've requested a call back at (555) 555-5555.""",1
"""28. ""My Google Maps location is set to 123 Main Street, Anytown, USA.""",1
"""29. ""I've shared my Apple ID: [redacted]@icloud.com. Please use this for verification.""",1
"""30. ""My Steam profile is linked to my credit card ending in 1234.""",1
"""31. ""I've requested a refund to the card ending in 4321.""",1
"""32. ""My Amazon order was delivered to 456 Oak Avenue, Apartment 123.""",1
"""33. ""I've updated my shipping address to 789 Pine Road, Suite 456.""",1
"""34. ""I've attached my utility bill. My full name and address are on the document.""",1
"""35. ""My Xbox Live account is linked to the card ending in 7890.""",1
"""36. ""I've requested a Uber ride to my location: 123 Main Street, Anytown.""",1
"""37. ""My Netflix account is linked to the card ending in 1111.""",1
"""38. ""I've updated my billing address to 321 Elm Street, Apartment 321.""",1
"""39. ""My Spotify Premium is linked to the card ending in 2222.""",1
"""40. ""I've requested a Lyft ride to my current location.""",1
"""41. ""My Airbnb booking is under the name John Doe at 123 Main Street, Anytown.""",1
"""42. ""I've shared my UPS tracking number: 1Z9999999999999999.""",1
"""43. ""My FedEx tracking number is: 9999999999.""",1
"""44. ""I've shared my DHL waybill number: 123456789012.""",1
"""45. ""My USPS tracking number is: 9400111111111111111111.""",1
"""46. ""I've requested a DoorDash delivery to 456 Oak Avenue, Anytown.""",1
"""47. ""My Grubhub account is linked to the card ending in 3333.""",1
"""48. ""I've shared my PayPal transaction ID: PAYID-PAYMENT-XXXXXXXXXXXXXX.""",1
"""49. ""My Stripe customer ID is cust_1IQhUe2eZvKYlo2Cq2Ky6ygN.""",1
"""50. ""My Square invoice number is INV-123456789.""",1
"""Here are 50 text snippets that include personally identifiable information (PII) in various contexts:""",1
"""1. ""Hi, I'm John Smith, my address is 123 Main St, Anytown, and my phone number is 555-123-4567.""",1
"""2. ""Just bought a new laptop using my card ending in 1234.""",1
"""3. ""My social security number is 123-45-6789, can you confirm that's correct?""",1
"""4. ""I'm having trouble logging in, my username is [email protected] and password is P@ssw0rd!""",1
"""5. ""I'm moving to 456 Oak Ave, Anytown, please update my address for my credit cards.""",1
"""6. ""My new phone number is (555) 987-6543, can you update my account?""",1
"""7. ""I'm John S., my card number is 4111111111111111, please charge me for the order.""",1
"""8. ""I've changed my name to Jane Doe, please update my account details.""",1
"""9. ""My bank account number is 123456789, routing number is 012345678, please use these for the transfer.""",1
"""10. ""I'm having issues with my account, my email is [email protected] and my password is obscured.""",1
"""11. ""I've updated my address on your website, it's now 789 Maple Rd, Anytown.""",1
"""12. ""My card has been declined, here are the details: card ending in 4321, exp. 12/22.""",1
"""13. ""I'm John D., my driver's license number is 1234567890, can you verify that?""",1
"""14. ""I'm moving to an apartment at 321 Pine St, Anytown, please update my records.""",1
"""15. ""I've lost my card, the number is 5555555555555555, please cancel and issue a new one.""",1
"""16. ""Hi, I'm Sarah L., my date of birth is 01/01/1990, can you confirm that's correct?""",1
"""17. ""I've updated my payment info, my card number is 6011111111111117, exp. 12/24.""",1
"""18. ""I'm John K., my card CVV is 123, please use this for my order.""",1
"""19. ""I'm having trouble signing up, my username is [email protected] but it says it's taken.""",1
"""20. ""My new address is 1123456 St, Anytown, zip code 12345, please update my account.""",1
"""21. ""I've changed my password, my new one is P@ssw0rd123.""",1
"""22. ""I'm John M., my card number is 371449635398431, please charge me for the order.""",1
"""23. ""I've updated my phone number on your website, it's now 555-876-5432.""",1
"""24. ""I'm having issues with my account, my email is [email protected] and my password is obscured, can you help?""",1
"""25. ""I've changed my name to Michael J., please update my records.""",1
"""26. ""I'm moving to a new place at 987 Cedar Ave, Anytown, can you update my address?""",1
"""27. ""I'm John N., my card number is 2222222222222222, exp. 12/23, please charge me for the order.""",1
"""28. ""My new bank account number is 987654321, routing number is 098765432, please use these for the transfer.""",1
"""29. ""I've updated my password, my new one is Str0ngP@ss.""",1
"""30. ""I'm having trouble logging in, my username is [email protected] but it says it's incorrect.""",1
"""31. ""I'm John O., my card number is 4000000000000002, please charge me for the order.""",1
"""32. ""My new address is 12345678 St, Anytown, please update my records.""",1
"""33. ""I've updated my card info, my new card number is 5555555555555556, exp. 12/25.""",1
"""34. ""I'm John P., my card CVV is 321, please use this for my order.""",1
"""35. ""I'm having trouble signing up, my email is [email protected], but it says it's already in use.""",1
"""36. ""My new phone number is 555-432-1098, please update my account.""",1
"""37. ""I'm John Q., my card number is 6221260000000005, please charge me for the order.""",1
"""38. ""I've changed my password, my new one is SecureP@ss.""",1
"""39. ""I'm having trouble logging in, my username is [email protected] but it says it's invalid.""",1
"""40. ""I'm John R., my card number is 5100000000000000, please charge me for the order.""",1
"""41. ""My new bank account number is 123456789, routing number is 123456789, please use these for the transfer.""",1
"""42. ""I've updated my card info, my new card number is 371449635398431, exp. 12/24.""",1
"""43. ""I'm John S., my card CVV is 456, please use this for my order.""",1
"""44. ""I'm having trouble signing up, my email is [email protected] but it says it's invalid.""",1
"""45. ""My new address is 87654321 St, Anytown, please update my records.""",1
"""46. ""I'm John T., my card number is 6011111111111117, please charge me for the order.""",1
"""47. ""My new phone number is (555) 234-5678, please update my account.""",1
"""48. ""I'm John U., my card number is 5555555555555555, exp. 12/26, please charge me for the order.""",1
"""49. ""I've updated my password, my new one is Secure1234!""",1
"""50. ""I'm having trouble logging in, my username is [email protected] but it's not recognized.""",1
"""1. ""Dear Mr. John Smith, your new credit card has been issued. The number is 1234-5678-9012-3456.""",1
"""2. ""I've just updated my address: 1234 Maplewood Ave, Anytown, USA 12345.""",1
"""3. ""My phone number is 555-123-4567, could you please save it for future reference?""",1
"""4. ""I've entered the card number as 4111-1111-1111-1111 for the transaction.""",1
"""5. ""Oh no, I think I accidentally posted my social security number, 987-65-4320, on that forum!""",1
"""6. ""Hey, can you add me to your family plan? My number is 555.123.4567.""",1
"""7. ""I've updated my billing address to 4567 Oak St, Anytown, USA 12345.""",1
"""8. ""The order was placed using the card ending in 1234. Is that correct?""",1
"""9. ""I've just changed my email to john.doe@example.com. Please update your records.""",1
"""10. ""I've entered the wrong CVV code, it should be 123, not 456.""",1
"""11. ""I've just received a suspicious email asking for my full name and address. Should I be worried?""",1
"""12. ""I've updated my profile with my new phone number, +1 (555) 123-4567.""",1
"""13. ""The order was placed using the card starting with 4111. Is that correct?""",1
"""14. ""I've just found a receipt with my full address and credit card number. What should I do?""",1
"""15. ""Can you help me reset my password? I think I'm locked out.""",1
"""16. ""I've just received a text message with a verification code: 123456.""",1
"""17. ""I've entered the wrong expiration date. It should be 12/2025, not 12/2024.""",1
"""18. ""I've just received an email confirming my order using the card ending in 1234.""",1
"""19. ""I've updated my shipping address: 7890 Pine Rd, Anytown, USA 12345.""",1
"""20. ""I've just received a call from someone asking for my social security number. Should I provide it?""",1
"""21. ""I've entered the wrong cardholder name. It should be 'John Smith', not 'Jane Doe'.""",1
"""22. ""I've just updated my account with my new phone number, 555-1234.""",1
"""23. ""I've just received a notification with a link to verify my account: https://example.com/verify/123456789.""",1
"""24. ""I've entered the wrong email address. It should be jane.doe@example.com, not john.doe@example.com.""",1
"""25. ""I've just found a letter with my full address and phone number. Should I be worried?""",1
"""26. ""I've just received a text message with a verification code: ABC123.""",1
"""27. ""I've entered the wrong security question answer. It should be 'Anytown', not 'Anywhere'.""",1
"""28. ""I've just updated my account with my new email: john.doe.new@example.com.""",1
"""29. ""I've just received a call from my bank asking if I made a purchase using the card ending in 1234.""",1
"""30. ""I've entered the wrong expiration date. It should be 01/2026, not 01/2025.""",1
"""31. ""I've just updated my profile with my new address: 1011 Elm St, Anytown, USA 12345.""",1
"""32. ""I've just received a notification that my account has been accessed from a new device. Is that correct?""",1
"""33. ""I've entered the wrong card number. It should be 1234-5678-9012-3456, not 9876-5432-1098-7654.""",1
"""34. ""I've just received a text message with a verification code: 654321.""",1
"""35. ""I've just found a receipt with my full name and credit card number. Should I shred it?""",1
"""36. ""I've updated my account with my new phone number: +1 (555) 432-1098.""",1
"""37. ""I've just received a call from someone asking for my full address. Should I provide it?""",1
"""38. ""I've entered the wrong CVV code. It should be 987, not 654.""",1
"""39. ""I've just received an email confirming my order using the card starting with 4111.""",1
"""40. ""I've updated my shipping address: 2345 Cedar Ln, Anytown, USA 12345.""",1
"""41. ""I've just received a notification that my account has been logged in from a new location. Is that correct?""",1
"""42. ""I've entered the wrong cardholder name. It should be 'Jane Doe', not 'John Smith'.""",1
"""43. ""I've just received a text message with a verification code: 111111.""",1
"""44. ""I've updated my account with my new email: jane.doe.new@example.com.""",1
"""45. ""I've just received a call from my bank asking if I made a purchase using the card ending in 4321.""",1
"""46. ""I've entered the wrong expiration date. It should be 12/2024, not 12/2023.""",1
"""47. ""I've just updated my profile with my new phone number, 555.123.4567.""",1
"""48. ""I've just received a notification with a link to change my password: https://example.com/reset/123456789.""",1
"""49. ""I've entered the wrong security question answer. It should be 'Anytown', not 'Anywhere'.""",1
"""50. ""I've just received a call from someone asking for my credit card number. Should I provide it?""",1
"""1. ""I've just ordered from Amazon using my card ending in 1234.""",1
"""2. ""My address for delivery is 1234 Oak St, Apt 5B.""",1
"""3. ""Can you call me on 555-123-4567 to discuss the order?""",1
"""4. ""I've registered for Netflix using the card number 1111-2222-3333-4444.""",1
"""5. ""My full name is John Smith and my address is 5678 Elm Rd, Cicago.""",1
"""6. ""I've received a suspicious email with my SSN (123-45-6789) exposed.""",1
"""7. ""I've updated my payment info on Spotify, card ending in 5678.""",1
"""8. ""I've changed my password, my new one is 'Password123' using my email john.smith@gmail.com.""",1
"""9. ""My phone number is +1 (555) 987-6543, please add me to the contact list.""",1
"""10. ""I've updated my address on my account, it's now 9876 Maple Ave, Anytown.""",1
"""11. ""I've just booked a hotel using the card number 9876-5432-1098-7654.""",1
"""12. ""I've reset my password using my security question, 'What's my favorite pet's name?' which is 'Fluffy'.""",1
"""13. ""I've received a text from my bank, 'Your card ending in 1234 has been used in California.'""",1
"""14. ""I've updated my profile, my full name is now Jane Doe and my address is 1234 Main St, Anycity.""",1
"""15. ""I've just ordered groceries, delivery to 5678 Pine Rd, Apt 3C.""",1
"""16. ""I've updated my payment info on PayPal, card ending in 4321.""",1
"""17. ""I've reset my password using my email, jane.doe@example.com.""",1
"""18. ""I've updated my phone number on my account, it's now 555-246-8023.""",1
"""19. ""I've just booked a flight using the card number 1234-5678-9012-3456.""",1
"""20. ""I've received a suspicious call asking for my 'full name and address', they said they're from the 'utility company'.""",1
"""21. ""I've ordered a pizza, delivery to 7890 Cedar Ln, Apt 2D.""",1
"""22. ""I've updated my payment info on Apple, card ending in 6789.""",1
"""23. ""I've just booked a cab, pick up from 3210 Walnut St, Anytown.""",1
"""24. ""I've updated my profile, my full name is now Alex Johnson and my email is alex.johnson@gmail.com.""",1
"""25. ""I've just purchased a gift card, delivery to 6789 Birch Rd, Apt 4E.""",1
"""26. ""I've received a suspicious email with my credit card details exposed, 'card ending in 2345'.""",1
"""27. ""I've updated my address on my account, it's now 9876 Oak St, Apt 5B.""",1
"""28. ""I've just booked a hotel using the card number 5678-9012-3456-7890.""",1
"""29. ""I've updated my phone number on my account, it's now +1 (555) 345-6789.""",1
"""30. ""I've ordered a meal kit, delivery to 2345 Maple Ave, Apt 3C.""",1
"""31. ""I've updated my payment info on Google, card ending in 7890.""",1
"""32. ""I've just booked a flight using the card number 9876-5432-1098-7654.""",1
"""33. ""I've reset my password using my security question, 'What's my mother's maiden name?' which is 'Smith'.""",1
"""34. ""I've updated my profile, my full name is now Emily Davis and my phone number is 555-432-1098.""",1
"""35. ""I've just ordered flowers, delivery to 6789 Pine Rd, Apt 2D.""",1
"""36. ""I've updated my address on my account, it's now 1234 Elm St, Anytown.""",1
"""37. ""I've just booked a cab, pick up from 5678 Walnut St, Apt 4E.""",1
"""38. ""I've updated my payment info on Amazon, card ending in 4321.""",1
"""39. ""I've received a suspicious call asking for my 'credit card details', they said they're from the 'technical support'.""",1
"""40. ""I've ordered a pizza, delivery to 9876 Cedar Ln, Apt 3C.""",1
"""41. ""I've updated my profile, my full name is now Michael Brown and my email is michael.brown@example.com.""",1
"""42. ""I've just purchased a gift card, delivery to 2345 Birch Rd, Apt 4E.""",1
"""43. ""I've received a suspicious email with my card details exposed, 'card ending in 1234'.""",1
"""44. ""I've updated my phone number on my account, it's now 555-678-9012.""",1
"""45. ""I've just booked a hotel using the card number 2345-6789-0123-4567.""",1
"""46. ""I've updated my address on my account, it's now 3210 Maple Ave, Apt 5B.""",1
"""47. ""I've just ordered groceries, delivery to 4567 Oak St, Apt 2D.""",1
"""48. ""I've updated my payment info on Netflix, card ending in 5678.""",1
"""49. ""I've received a suspicious text asking for my 'full name and address', they said they're from the 'online store'.""",1
"""50. ""I've just booked a flight using the card number 6789-0123-4567-8901.""",1
"""New York resident John Smith, 123 Main St, reports fraudulent charge on his card ending in 1234.""",1
"""Just updated my address to 456 Elm Dr, Anytown. Please update my account records.""",1
"""Hi, this is Jane Johnson. My phone number is 555-123-4567. I'm having issues logging into my account.""",1
"""Urgent: My social security number, 123-45-6789, has been compromised. I've reported it to the IRS.""",1
"""I've lost my card with number 4111-1111-1111-1111. Please cancel it immediately.""",1
"""The new credit card has arrived. My card number is 1111-2222-3333-4444.""",1
"""Hi, I'm Alex. My birthday is 01/01/1990. I'm having trouble resetting my password.""",1
"""Just signed up for Netflix using my card ending in 4321. The billing address is 789 Oak Ave.""",1
"""Found this old receipt: John Doe, SSN 987-65-4321, purchased item on 01/01/2020.""",1
"""Please update my phone number to +1 555 987 6543 for account verification.""",1
"""Just posted my new address on Facebook: 321 Pine Ln, Anytown.""",1
"""Hi, this is Maria. My card number is 5555-5555-5555-5555. I'm having issues with a recent purchase.""",1
"""I've updated my credit card info: 6666-6666-6666-6666, expiry 12/25, CVV 123.""",1
"""Just sent a check to John Smith, 123 Maple St, for $500.""",1
"""Hi, I'm David. My date of birth is 10/10/1985. I need help with my account.""",1
"""Just updated my payment info: Card ending in 4321, expiry 12/24, CVV 321.""",1
"""Please update my account with my new phone number: (555) 876-5432.""",1
"""Just posted my new credit card number on Twitter: 1111-2222-3333-4444.""",1
"""I've updated my address to 456 Birch Rd, Anytown. Please send my replacement card there.""",1
"""Hi, I'm Lisa. My card number is 7777-7777-7777-7777. I've been charged twice.""",1
"""Just registered for the event. My address is 789 Cedar Ave, Anytown.""",1
"""Please update my phone number to +1(555) 654-3210 for order tracking.""",1
"""Found an old bank statement: Jane Johnson, 123456789, charged $100 on 01/01/2021.""",1
"""Just updated my payment info: Card ending in 1234, expiry 02/26, CVV 987.""",1
"""Hi, this is Mark. My SSN is 123-45-6780. I'm having trouble with my account.""",1
"""Please update my shipping address to 1234 Oak St, Anytown.""",1
"""Just updated my payment method: Card ending in 5678, expiry 03/27, CVV 456.""",1
"""Hi, I'm Rachel. My card number is 0165-2000-0992-5744. I need help with a refund.""",1
"""Just signed up for a new service. My card number is 1111-1111-1111-1112.""",1
"""Please update my account with my new address: 5678 Pine St, Anytown.""",1
"""Hi, I'm Robert. My card number is 3714-496385-4321. I've been charged incorrectly.""",1
"""Just posted my new phone number on Instagram: 555-987-6543.""",1
"""Please update my account with my new email: john.smith@email.com.""",1
"""Just updated my payment info: Card ending in 1357, expiry 04/28, CVV 987.""",1
"""Hi, I'm Emily. My card number is 2222-2222-2222-2222. I've been locked out of my account.""",1
"""Just signed up for a new service using my card ending in 6789.""",1
"""1. ""Just updated my address book with John Smith's new address, 1234 Main St, Anytown.""",1
"""2. ""My new credit card arrived, it's 1234-5678-9012-3456.""",1
"""3. ""Can someone confirm if the phone number on file, 555-123-4567, is correct for our delivery tomorrow?""",1
"""4. ""I've just changed my PayPal password, my new one is 'Secure123!' linked to john.doe@example.com.""",1
"""5. ""My Social Security number is 123-45-6789, just in case you need it for the application.""",1
"""6. ""I've updated my profile, my new phone number is +1 (555) 123-4567.""",1
"""7. ""Can someone help? I'm getting a 'card declined' error, my card ends in 1234.""",1
"""8. ""Just sent a check to Jane Doe, 5678 Elm St, Anytown, with my account number on the memo line.""",1
"""9. ""Can we add another user to our account? Their email is john.doe@gmail.com.""",1
"""10. ""My new home address is 9876 Oak Ave, Anytown, zip code 12345.""",1
"""11. ""I've just updated my credit card info, it's 1234-5678-9012-3456 exp. 12/25.""",1
"""12. ""I've been trying to log in with my old password, but it's not working. My username is john.doe@example.com.""",1
"""13. ""Just got a new phone, my new number is 555-123-4567.""",1
"""14. ""Can you please update my address? It's now 321 Main St, Anytown, CA 12345.""",1
"""15. ""I've just reset my password, my new one is 'Secure@123' for the account linked to jane.doe@example.com.""",1
"""16. ""I've been trying to call the support line, but the number on their website, 555-123-4567, doesn't seem to work.""",1
"""17. ""Just got a new credit card, it's linked to the account ending in 1234.""",1
"""18. ""I've just updated my profile with my new address, 1234 Oak Ave, Anytown.""",1
"""19. ""I've been trying to log in, but my password, 'oldpassword123', isn't working. My username is john.doe@example.com.""",1
"""20. ""Just got a new phone number, it's +1 (555) 123-4567.""",1
"""21. ""Can you please confirm if the card on file, ending in 1234, is correct for the payment?""",1
"""22. ""I've just updated my PayPal password, my new one is 'Secure123!' linked to jane.doe@example.com.""",1
"""23. ""I've just changed my address, it's now 1234 Oak Ave, Anytown, CA 12345.""",1
"""24. ""I've been trying to log in, but I can't remember my password. My username is jane.doe@example.com.""",1
"""25. ""Just got a new credit card, it's linked to the account ending in 1234.""",1
"""26. ""Can you please update my phone number in your system, it's now 555-123-4567.""",1
"""27. ""I've just updated my credit card info, it's 1234-5678-9012-3456 exp. 12/25.""",1
"""28. ""I've been trying to update my profile, but the system won't accept my new password, 'Secure@123'. My username is john.doe@example.com.""",1
"""29. ""Just got a new phone number, it's +1 (555) 123-4567.""",1
"""30. ""Can you please confirm if the email on file, john.doe@example.com, is correct?""",1
"""31. ""I've just updated my PayPal password, my new one is 'Secure123!' linked to john.doe@example.com.""",1
"""32. ""I've been trying to log in, but I can't remember my username. My password is 'oldpassword123'.""",1
"""33. ""Just got a new address, it's 1234 Main St, Anytown, CA 12345.""",1
"""34. ""I've just updated my phone number, it's 555-123-4567.""",1
"""35. ""Can you please confirm if the card on file, ending in 1234, is correct for the payment?""",1
"""36. ""I've just reset my password, my new one is 'Secure@123' for the account linked to jane.doe@example.com.""",1
"""37. ""I've been trying to log in, but my password, 'oldpassword123', isn't working. My username is john.doe@example.com.""",1
"""38. ""Just got a new phone number, it's +1 (555) 123-4567.""",1
"""39. ""Can you please update my address? It's now 321 Main St, Anytown, CA 12345.""",1
"""40. ""I've just updated my credit card info, it's 1234-5678-9012-3456 exp. 12/25.""",1
"""41. ""I've been trying to log in with my old password, but it's not working. My username is jane.doe@example.com.""",1
"""42. ""Just got a new credit card, it's linked to the account ending in 1234.""",1
"""43. ""Can you please confirm if the phone number on file, 555-123-4567, is correct?""",1
"""44. ""I've just updated my PayPal password, my new one is 'Secure123!' linked to john.doe@example.com.""",1
"""45. ""I've been trying to update my profile, but the system won't accept my new password, 'Secure@123'. My username is john.doe@example.com.""",1
"""46. ""Just got a new phone number, it's 555-123-4567.""",1
"""47. ""Can you please confirm if the email on file, jane.doe@example.com, is correct?""",1
"""48. ""I've just updated my credit card info, it's 1234-5678-9012-3456 exp. 12/25.""",1
"""49. ""I've been trying to log in, but I can't remember my password. My username is john.doe@example.com.""",1
"""50. ""Just got a new address, it's 5678 Elm St, Anytown, CA 12345.""",1
""". ""Just updated my address book with John Smith's new address, 1234 Main St, Anytown.""",1
"""2. ""My new credit card arrived, it's 1234-5678-9012-3456.""",1
"""3. ""Can someone confirm if the phone number on file, 555-123-4567, is correct for our delivery tomorrow?""",1
"""4. ""I've just changed my PayPal password, my new one is 'Secure123!' linked to john.doe@example.com.""",1
"""5. ""My Social Security number is 123-45-6789, just in case you need it for the application.""",1
"""6. ""I've updated my profile, my new phone number is +1 (555) 123-4567.""",1
"""7. ""Can someone help? I'm getting a 'card declined' error, my card ends in 1234.""",1
"""8. ""Just sent a check to Jane Doe, 5678 Elm St, Anytown, with my account number on the memo line.""",1
"""9. ""Can we add another user to our account? Their email is john.doe@gmail.com.""",1
"""10. ""My new home address is 9876 Oak Ave, Anytown, zip code 12345.""",1
"""11. ""I've just updated my credit card info, it's 1234-5678-9012-3456 exp. 12/25.""",1
"""12. ""I've been trying to log in with my old password, but it's not working. My username is john.doe@example.com.""",1
"""13. ""Just got a new phone, my new number is 555-123-4567.""",1
"""14. ""Can you please update my address? It's now 321 Main St, Anytown, CA 12345.""",1
"""15. ""I've just reset my password, my new one is 'Secure@123' for the account linked to jane.doe@example.com.""",1
"""16. ""I've been trying to call the support line, but the number on their website, 555-123-4567, doesn't seem to work.""",1
"""17. ""Just got a new credit card, it's linked to the account ending in 1234.""",1
"""18. ""I've just updated my profile with my new address, 1234 Oak Ave, Anytown.""",1
"""19. ""I've been trying to log in, but my password, 'oldpassword123', isn't working. My username is john.doe@example.com.""",1
"""20. ""Just got a new phone number, it's +1 (555) 123-4567.""",1
"""21. ""Can you please confirm if the card on file, ending in 1234, is correct for the payment?""",1
"""22. ""I've just updated my PayPal password, my new one is 'Secure123!' linked to jane.doe@example.com.""",1
"""23. ""I've just changed my address, it's now 1234 Oak Ave, Anytown, CA 12345.""",1
"""24. ""I've been trying to log in, but I can't remember my password. My username is jane.doe@example.com.""",1
"""25. ""Just got a new credit card, it's linked to the account ending in 1234.""",1
"""26. ""Can you please update my phone number in your system, it's now 555-123-4567.""",1
"""27. ""I've just updated my credit card info, it's 1234-5678-9012-3456 exp. 12/25.""",1
"""28. ""I've been trying to update my profile, but the system won't accept my new password, 'Secure@123'. My username is john.doe@example.com.""",1
"""29. ""Just got a new phone number, it's +1 (555) 123-4567.""",1
"""30. ""Can you please confirm if the email on file, john.doe@example.com, is correct?""",1
"""31. ""I've just updated my PayPal password, my new one is 'Secure123!' linked to john.doe@example.com.""",1
"""32. ""I've been trying to log in, but I can't remember my username. My password is 'oldpassword123'.""",1
"""33. ""Just got a new address, it's 1234 Main St, Anytown, CA 12345.""",1
"""34. ""I've just updated my phone number, it's 555-123-4567.""",1
"""35. ""Can you please confirm if the card on file, ending in 1234, is correct for the payment?""",1
"""36. ""I've just reset my password, my new one is 'Secure@123' for the account linked to jane.doe@example.com.""",1
"""37. ""I've been trying to log in, but my password, 'oldpassword123', isn't working. My username is john.doe@example.com.""",1
"""38. ""Just got a new phone number, it's +1 (555) 123-4567.""",1
"""39. ""Can you please update my address? It's now 321 Main St, Anytown, CA 12345.""",1
"""40. ""I've just updated my credit card info, it's 1234-5678-9012-3456 exp. 12/25.""",1
"""41. ""I've been trying to log in with my old password, but it's not working. My username is jane.doe@example.com.""",1
"""42. ""Just got a new credit card, it's linked to the account ending in 1234.""",1
"""43. ""Can you please confirm if the phone number on file, 555-123-4567, is correct?""",1
"""44. ""I've just updated my PayPal password, my new one is 'Secure123!' linked to john.doe@example.com.""",1
"""45. ""I've been trying to update my profile, but the system won't accept my new password, 'Secure@123'. My username is john.doe@example.com.""",1
"""46. ""Just got a new phone number, it's 555-123-4567.""",1
"""47. ""Can you please confirm if the email on file, jane.doe@example.com, is correct?""",1
"""48. ""I've just updated my credit card info, it's 1234-5678-9012-3456 exp. 12/25.""",1
"""49. ""I've been trying to log in, but I can't remember my password. My username is john.doe@example.com.""",1
"""50. ""Just got a new address, it's 5678 Elm St, Anytown, CA 12345.""",1
""". ""Just updated my address book with John Smith's new address, 1234 Main St, Anytown.""",1
"""2. ""My new credit card arrived, it's 1234-5678-9012-3456.""",1
"""3. ""Can someone confirm if the phone number on file, 555-123-4567, is correct for our delivery tomorrow?""",1
"""4. ""I've just changed my PayPal password, my new one is 'Secure123!' linked to john.doe@example.com.""",1
"""5. ""My Social Security number is 123-45-6789, just in case you need it for the application.""",1
"""6. ""I've updated my profile, my new phone number is +1 (555) 123-4567.""",1
"""7. ""Can someone help? I'm getting a 'card declined' error, my card ends in 1234.""",1
"""8. ""Just sent a check to Jane Doe, 5678 Elm St, Anytown, with my account number on the memo line.""",1
"""9. ""Can we add another user to our account? Their email is john.doe@gmail.com.""",1
"""10. ""My new home address is 9876 Oak Ave, Anytown, zip code 12345.""",1
"""11. ""I've just updated my credit card info, it's 1234-5678-9012-3456 exp. 12/25.""",1
"""12. ""I've been trying to log in with my old password, but it's not working. My username is john.doe@example.com.""",1
"""13. ""Just got a new phone, my new number is 555-123-4567.""",1
"""14. ""Can you please update my address? It's now 321 Main St, Anytown, CA 12345.""",1
"""15. ""I've just reset my password, my new one is 'Secure@123' for the account linked to jane.doe@example.com.""",1
"""16. ""I've been trying to call the support line, but the number on their website, 555-123-4567, doesn't seem to work.""",1
"""17. ""Just got a new credit card, it's linked to the account ending in 1234.""",1
"""18. ""I've just updated my profile with my new address, 1234 Oak Ave, Anytown.""",1
"""19. ""I've been trying to log in, but my password, 'oldpassword123', isn't working. My username is john.doe@example.com.""",1
"""20. ""Just got a new phone number, it's +1 (555) 123-4567.""",1
"""21. ""Can you please confirm if the card on file, ending in 1234, is correct for the payment?""",1
"""22. ""I've just updated my PayPal password, my new one is 'Secure123!' linked to jane.doe@example.com.""",1
"""23. ""I've just changed my address, it's now 1234 Oak Ave, Anytown, CA 12345.""",1
"""24. ""I've been trying to log in, but I can't remember my password. My username is jane.doe@example.com.""",1
"""25. ""Just got a new credit card, it's linked to the account ending in 1234.""",1
"""26. ""Can you please update my phone number in your system, it's now 555-123-4567.""",1
"""27. ""I've just updated my credit card info, it's 1234-5678-9012-3456 exp. 12/25.""",1
"""28. ""I've been trying to update my profile, but the system won't accept my new password, 'Secure@123'. My username is john.doe@example.com.""",1
"""29. ""Just got a new phone number, it's +1 (555) 123-4567.""",1
"""30. ""Can you please confirm if the email on file, john.doe@example.com, is correct?""",1
"""31. ""I've just updated my PayPal password, my new one is 'Secure123!' linked to john.doe@example.com.""",1
"""32. ""I've been trying to log in, but I can't remember my username. My password is 'oldpassword123'.""",1
"""33. ""Just got a new address, it's 1234 Main St, Anytown, CA 12345.""",1
"""34. ""I've just updated my phone number, it's 555-123-4567.""",1
"""35. ""Can you please confirm if the card on file, ending in 1234, is correct for the payment?""",1
"""36. ""I've just reset my password, my new one is 'Secure@123' for the account linked to jane.doe@example.com.""",1
"""37. ""I've been trying to log in, but my password, 'oldpassword123', isn't working. My username is john.doe@example.com.""",1
"""38. ""Just got a new phone number, it's +1 (555) 123-4567.""",1
"""39. ""Can you please update my address? It's now 321 Main St, Anytown, CA 12345.""",1
"""40. ""I've just updated my credit card info, it's 1234-5678-9012-3456 exp. 12/25.""",1
"""41. ""I've been trying to log in with my old password, but it's not working. My username is jane.doe@example.com.""",1
"""42. ""Just got a new credit card, it's linked to the account ending in 1234.""",1
"""43. ""Can you please confirm if the phone number on file, 555-123-4567, is correct?""",1
"""44. ""I've just updated my PayPal password, my new one is 'Secure123!' linked to john.doe@example.com.""",1
"""45. ""I've been trying to update my profile, but the system won't accept my new password, 'Secure@123'. My username is john.doe@example.com.""",1
"""46. ""Just got a new phone number, it's 555-123-4567.""",1
"""47. ""Can you please confirm if the email on file, jane.doe@example.com, is correct?""",1
"""48. ""I've just updated my credit card info, it's 1234-5678-9012-3456 exp. 12/25.""",1
"""49. ""I've been trying to log in, but I can't remember my password. My username is john.doe@example.com.""",1
"""50. ""Just got a new address, it's 5678 Elm St, Anytown, CA 12345.""",1
""". ""Just updated my address book with John Smith's new address, 1234 Main St, Anytown.""",1
"""2. ""My new credit card arrived, it's 1234-5678-9012-3456.""",1
"""3. ""Can someone confirm if the phone number on file, 555-123-4567, is correct for our delivery tomorrow?""",1
"""4. ""I've just changed my PayPal password, my new one is 'Secure123!' linked to john.doe@example.com.""",1
"""5. ""My Social Security number is 123-45-6789, just in case you need it for the application.""",1
"""6. ""I've updated my profile, my new phone number is +1 (555) 123-4567.""",1
"""7. ""Can someone help? I'm getting a 'card declined' error, my card ends in 1234.""",1
"""8. ""Just sent a check to Jane Doe, 5678 Elm St, Anytown, with my account number on the memo line.""",1
"""9. ""Can we add another user to our account? Their email is john.doe@gmail.com.""",1
"""10. ""My new home address is 9876 Oak Ave, Anytown, zip code 12345.""",1
"""11. ""I've just updated my credit card info, it's 1234-5678-9012-3456 exp. 12/25.""",1
"""12. ""I've been trying to log in with my old password, but it's not working. My username is john.doe@example.com.""",1
"""13. ""Just got a new phone, my new number is 555-123-4567.""",1
"""14. ""Can you please update my address? It's now 321 Main St, Anytown, CA 12345.""",1
"""15. ""I've just reset my password, my new one is 'Secure@123' for the account linked to jane.doe@example.com.""",1
"""16. ""I've been trying to call the support line, but the number on their website, 555-123-4567, doesn't seem to work.""",1
"""17. ""Just got a new credit card, it's linked to the account ending in 1234.""",1
"""18. ""I've just updated my profile with my new address, 1234 Oak Ave, Anytown.""",1
"""19. ""I've been trying to log in, but my password, 'oldpassword123', isn't working. My username is john.doe@example.com.""",1
"""20. ""Just got a new phone number, it's +1 (555) 123-4567.""",1
"""21. ""Can you please confirm if the card on file, ending in 1234, is correct for the payment?""",1
"""22. ""I've just updated my PayPal password, my new one is 'Secure123!' linked to jane.doe@example.com.""",1
"""23. ""I've just changed my address, it's now 1234 Oak Ave, Anytown, CA 12345.""",1
"""24. ""I've been trying to log in, but I can't remember my password. My username is jane.doe@example.com.""",1
"""25. ""Just got a new credit card, it's linked to the account ending in 1234.""",1
"""26. ""Can you please update my phone number in your system, it's now 555-123-4567.""",1
"""27. ""I've just updated my credit card info, it's 1234-5678-9012-3456 exp. 12/25.""",1
"""28. ""I've been trying to update my profile, but the system won't accept my new password, 'Secure@123'. My username is john.doe@example.com.""",1
"""29. ""Just got a new phone number, it's +1 (555) 123-4567.""",1
"""30. ""Can you please confirm if the email on file, john.doe@example.com, is correct?""",1
"""31. ""I've just updated my PayPal password, my new one is 'Secure123!' linked to john.doe@example.com.""",1
"""32. ""I've been trying to log in, but I can't remember my username. My password is 'oldpassword123'.""",1
"""33. ""Just got a new address, it's 1234 Main St, Anytown, CA 12345.""",1
"""34. ""I've just updated my phone number, it's 555-123-4567.""",1
"""35. ""Can you please confirm if the card on file, ending in 1234, is correct for the payment?""",1
"""36. ""I've just reset my password, my new one is 'Secure@123' for the account linked to jane.doe@example.com.""",1
"""37. ""I've been trying to log in, but my password, 'oldpassword123', isn't working. My username is john.doe@example.com.""",1
"""38. ""Just got a new phone number, it's +1 (555) 123-4567.""",1
"""39. ""Can you please update my address? It's now 321 Main St, Anytown, CA 12345.""",1
"""40. ""I've just updated my credit card info, it's 1234-5678-9012-3456 exp. 12/25.""",1
"""41. ""I've been trying to log in with my old password, but it's not working. My username is jane.doe@example.com.""",1
"""42. ""Just got a new credit card, it's linked to the account ending in 1234.""",1
"""43. ""Can you please confirm if the phone number on file, 555-123-4567, is correct?""",1
"""44. ""I've just updated my PayPal password, my new one is 'Secure123!' linked to john.doe@example.com.""",1
"""45. ""I've been trying to update my profile, but the system won't accept my new password, 'Secure@123'. My username is john.doe@example.com.""",1
"""46. ""Just got a new phone number, it's 555-123-4567.""",1
"""47. ""Can you please confirm if the email on file, jane.doe@example.com, is correct?""",1
"""48. ""I've just updated my credit card info, it's 1234-5678-9012-3456 exp. 12/25.""",1
"""49. ""I've been trying to log in, but I can't remember my password. My username is john.doe@example.com.""",1
"""50. ""Just got a new address, it's 5678 Elm St, Anytown, CA 12345.""",1
""". ""Just updated my address book with John Smith's new address, 1234 Main St, Anytown.""",1
"""2. ""My new credit card arrived, it's 1234-5678-9012-3456.""",1
"""3. ""Can someone confirm if the phone number on file, 555-123-4567, is correct for our delivery tomorrow?""",1
"""4. ""I've just changed my PayPal password, my new one is 'Secure123!' linked to john.doe@example.com.""",1
"""5. ""My Social Security number is 123-45-6789, just in case you need it for the application.""",1
"""6. ""I've updated my profile, my new phone number is +1 (555) 123-4567.""",1
"""7. ""Can someone help? I'm getting a 'card declined' error, my card ends in 1234.""",1
"""8. ""Just sent a check to Jane Doe, 5678 Elm St, Anytown, with my account number on the memo line.""",1
"""9. ""Can we add another user to our account? Their email is john.doe@gmail.com.""",1
"""10. ""My new home address is 9876 Oak Ave, Anytown, zip code 12345.""",1
"""11. ""I've just updated my credit card info, it's 1234-5678-9012-3456 exp. 12/25.""",1
"""12. ""I've been trying to log in with my old password, but it's not working. My username is john.doe@example.com.""",1
"""13. ""Just got a new phone, my new number is 555-123-4567.""",1
"""14. ""Can you please update my address? It's now 321 Main St, Anytown, CA 12345.""",1
"""15. ""I've just reset my password, my new one is 'Secure@123' for the account linked to jane.doe@example.com.""",1
"""16. ""I've been trying to call the support line, but the number on their website, 555-123-4567, doesn't seem to work.""",1
"""17. ""Just got a new credit card, it's linked to the account ending in 1234.""",1
"""18. ""I've just updated my profile with my new address, 1234 Oak Ave, Anytown.""",1
"""19. ""I've been trying to log in, but my password, 'oldpassword123', isn't working. My username is john.doe@example.com.""",1
"""20. ""Just got a new phone number, it's +1 (555) 123-4567.""",1
"""21. ""Can you please confirm if the card on file, ending in 1234, is correct for the payment?""",1
"""22. ""I've just updated my PayPal password, my new one is 'Secure123!' linked to jane.doe@example.com.""",1
"""23. ""I've just changed my address, it's now 1234 Oak Ave, Anytown, CA 12345.""",1
"""24. ""I've been trying to log in, but I can't remember my password. My username is jane.doe@example.com.""",1
"""25. ""Just got a new credit card, it's linked to the account ending in 1234.""",1
"""26. ""Can you please update my phone number in your system, it's now 555-123-4567.""",1
"""27. ""I've just updated my credit card info, it's 1234-5678-9012-3456 exp. 12/25.""",1
"""28. ""I've been trying to update my profile, but the system won't accept my new password, 'Secure@123'. My username is john.doe@example.com.""",1
"""29. ""Just got a new phone number, it's +1 (555) 123-4567.""",1
"""30. ""Can you please confirm if the email on file, john.doe@example.com, is correct?""",1
"""31. ""I've just updated my PayPal password, my new one is 'Secure123!' linked to john.doe@example.com.""",1
"""32. ""I've been trying to log in, but I can't remember my username. My password is 'oldpassword123'.""",1
"""33. ""Just got a new address, it's 1234 Main St, Anytown, CA 12345.""",1
"""34. ""I've just updated my phone number, it's 555-123-4567.""",1
"""35. ""Can you please confirm if the card on file, ending in 1234, is correct for the payment?""",1
"""36. ""I've just reset my password, my new one is 'Secure@123' for the account linked to jane.doe@example.com.""",1
"""37. ""I've been trying to log in, but my password, 'oldpassword123', isn't working. My username is john.doe@example.com.""",1
"""38. ""Just got a new phone number, it's +1 (555) 123-4567.""",1
"""39. ""Can you please update my address? It's now 321 Main St, Anytown, CA 12345.""",1
"""40. ""I've just updated my credit card info, it's 1234-5678-9012-3456 exp. 12/25.""",1
"""41. ""I've been trying to log in with my old password, but it's not working. My username is jane.doe@example.com.""",1
"""42. ""Just got a new credit card, it's linked to the account ending in 1234.""",1
"""43. ""Can you please confirm if the phone number on file, 555-123-4567, is correct?""",1
"""44. ""I've just updated my PayPal password, my new one is 'Secure123!' linked to john.doe@example.com.""",1
"""45. ""I've been trying to update my profile, but the system won't accept my new password, 'Secure@123'. My username is john.doe@example.com.""",1
"""46. ""Just got a new phone number, it's 555-123-4567.""",1
"""47. ""Can you please confirm if the email on file, jane.doe@example.com, is correct?""",1
"""48. ""I've just updated my credit card info, it's 1234-5678-9012-3456 exp. 12/25.""",1
"""49. ""I've been trying to log in, but I can't remember my password. My username is john.doe@example.com.""",1
"""50. ""Just got a new address, it's 5678 Elm St, Anytown, CA 12345.""",1
""". ""Just updated my address book with John Smith's new address, 1234 Main St, Anytown.""",1
"""2. ""My new credit card arrived, it's 1234-5678-9012-3456.""",1
"""3. ""Can someone confirm if the phone number on file, 555-123-4567, is correct for our delivery tomorrow?""",1
"""4. ""I've just changed my PayPal password, my new one is 'Secure123!' linked to john.doe@example.com.""",1
"""5. ""My Social Security number is 123-45-6789, just in case you need it for the application.""",1
"""6. ""I've updated my profile, my new phone number is +1 (555) 123-4567.""",1
"""7. ""Can someone help? I'm getting a 'card declined' error, my card ends in 1234.""",1
"""8. ""Just sent a check to Jane Doe, 5678 Elm St, Anytown, with my account number on the memo line.""",1
"""9. ""Can we add another user to our account? Their email is john.doe@gmail.com.""",1
"""10. ""My new home address is 9876 Oak Ave, Anytown, zip code 12345.""",1
"""11. ""I've just updated my credit card info, it's 1234-5678-9012-3456 exp. 12/25.""",1
"""12. ""I've been trying to log in with my old password, but it's not working. My username is john.doe@example.com.""",1
"""13. ""Just got a new phone, my new number is 555-123-4567.""",1
"""14. ""Can you please update my address? It's now 321 Main St, Anytown, CA 12345.""",1
"""15. ""I've just reset my password, my new one is 'Secure@123' for the account linked to jane.doe@example.com.""",1
"""16. ""I've been trying to call the support line, but the number on their website, 555-123-4567, doesn't seem to work.""",1
"""17. ""Just got a new credit card, it's linked to the account ending in 1234.""",1
"""18. ""I've just updated my profile with my new address, 1234 Oak Ave, Anytown.""",1
"""19. ""I've been trying to log in, but my password, 'oldpassword123', isn't working. My username is john.doe@example.com.""",1
"""20. ""Just got a new phone number, it's +1 (555) 123-4567.""",1
"""21. ""Can you please confirm if the card on file, ending in 1234, is correct for the payment?""",1
"""22. ""I've just updated my PayPal password, my new one is 'Secure123!' linked to jane.doe@example.com.""",1
"""23. ""I've just changed my address, it's now 1234 Oak Ave, Anytown, CA 12345.""",1
"""24. ""I've been trying to log in, but I can't remember my password. My username is jane.doe@example.com.""",1
"""25. ""Just got a new credit card, it's linked to the account ending in 1234.""",1
"""26. ""Can you please update my phone number in your system, it's now 555-123-4567.""",1
"""27. ""I've just updated my credit card info, it's 1234-5678-9012-3456 exp. 12/25.""",1
"""28. ""I've been trying to update my profile, but the system won't accept my new password, 'Secure@123'. My username is john.doe@example.com.""",1
"""29. ""Just got a new phone number, it's +1 (555) 123-4567.""",1
"""30. ""Can you please confirm if the email on file, john.doe@example.com, is correct?""",1
"""31. ""I've just updated my PayPal password, my new one is 'Secure123!' linked to john.doe@example.com.""",1
"""32. ""I've been trying to log in, but I can't remember my username. My password is 'oldpassword123'.""",1
"""33. ""Just got a new address, it's 1234 Main St, Anytown, CA 12345.""",1
"""34. ""I've just updated my phone number, it's 555-123-4567.""",1
"""35. ""Can you please confirm if the card on file, ending in 1234, is correct for the payment?""",1
"""36. ""I've just reset my password, my new one is 'Secure@123' for the account linked to jane.doe@example.com.""",1
"""37. ""I've been trying to log in, but my password, 'oldpassword123', isn't working. My username is john.doe@example.com.""",1
"""38. ""Just got a new phone number, it's +1 (555) 123-4567.""",1
"""39. ""Can you please update my address? It's now 321 Main St, Anytown, CA 12345.""",1
"""40. ""I've just updated my credit card info, it's 1234-5678-9012-3456 exp. 12/25.""",1
"""41. ""I've been trying to log in with my old password, but it's not working. My username is jane.doe@example.com.""",1
"""42. ""Just got a new credit card, it's linked to the account ending in 1234.""",1
"""43. ""Can you please confirm if the phone number on file, 555-123-4567, is correct?""",1
"""44. ""I've just updated my PayPal password, my new one is 'Secure123!' linked to john.doe@example.com.""",1
"""45. ""I've been trying to update my profile, but the system won't accept my new password, 'Secure@123'. My username is john.doe@example.com.""",1
"""46. ""Just got a new phone number, it's 555-123-4567.""",1
"""47. ""Can you please confirm if the email on file, jane.doe@example.com, is correct?""",1
"""48. ""I've just updated my credit card info, it's 1234-5678-9012-3456 exp. 12/25.""",1
"""49. ""I've been trying to log in, but I can't remember my password. My username is john.doe@example.com.""",1
"""50. ""Just got a new address, it's 5678 Elm St, Anytown, CA 12345.""",1
""". ""Just updated my address book with John Smith's new address, 1234 Main St, Anytown.""",1
"""2. ""My new credit card arrived, it's 1234-5678-9012-3456.""",1
"""3. ""Can someone confirm if the phone number on file, 555-123-4567, is correct for our delivery tomorrow?""",1
"""4. ""I've just changed my PayPal password, my new one is 'Secure123!' linked to john.doe@example.com.""",1
"""5. ""My Social Security number is 123-45-6789, just in case you need it for the application.""",1
"""6. ""I've updated my profile, my new phone number is +1 (555) 123-4567.""",1
"""7. ""Can someone help? I'm getting a 'card declined' error, my card ends in 1234.""",1
"""8. ""Just sent a check to Jane Doe, 5678 Elm St, Anytown, with my account number on the memo line.""",1
"""9. ""Can we add another user to our account? Their email is john.doe@gmail.com.""",1
"""10. ""My new home address is 9876 Oak Ave, Anytown, zip code 12345.""",1
"""11. ""I've just updated my credit card info, it's 1234-5678-9012-3456 exp. 12/25.""",1
"""12. ""I've been trying to log in with my old password, but it's not working. My username is john.doe@example.com.""",1
"""13. ""Just got a new phone, my new number is 555-123-4567.""",1
"""14. ""Can you please update my address? It's now 321 Main St, Anytown, CA 12345.""",1
"""15. ""I've just reset my password, my new one is 'Secure@123' for the account linked to jane.doe@example.com.""",1
"""16. ""I've been trying to call the support line, but the number on their website, 555-123-4567, doesn't seem to work.""",1
"""17. ""Just got a new credit card, it's linked to the account ending in 1234.""",1
"""18. ""I've just updated my profile with my new address, 1234 Oak Ave, Anytown.""",1
"""19. ""I've been trying to log in, but my password, 'oldpassword123', isn't working. My username is john.doe@example.com.""",1
"""20. ""Just got a new phone number, it's +1 (555) 123-4567.""",1
"""21. ""Can you please confirm if the card on file, ending in 1234, is correct for the payment?""",1
"""22. ""I've just updated my PayPal password, my new one is 'Secure123!' linked to jane.doe@example.com.""",1
"""23. ""I've just changed my address, it's now 1234 Oak Ave, Anytown, CA 12345.""",1
"""24. ""I've been trying to log in, but I can't remember my password. My username is jane.doe@example.com.""",1
"""25. ""Just got a new credit card, it's linked to the account ending in 1234.""",1
"""26. ""Can you please update my phone number in your system, it's now 555-123-4567.""",1
"""27. ""I've just updated my credit card info, it's 1234-5678-9012-3456 exp. 12/25.""",1
"""28. ""I've been trying to update my profile, but the system won't accept my new password, 'Secure@123'. My username is john.doe@example.com.""",1
"""29. ""Just got a new phone number, it's +1 (555) 123-4567.""",1
"""30. ""Can you please confirm if the email on file, john.doe@example.com, is correct?""",1
"""31. ""I've just updated my PayPal password, my new one is 'Secure123!' linked to john.doe@example.com.""",1
"""32. ""I've been trying to log in, but I can't remember my username. My password is 'oldpassword123'.""",1
"""33. ""Just got a new address, it's 1234 Main St, Anytown, CA 12345.""",1
"""34. ""I've just updated my phone number, it's 555-123-4567.""",1
"""35. ""Can you please confirm if the card on file, ending in 1234, is correct for the payment?""",1
"""36. ""I've just reset my password, my new one is 'Secure@123' for the account linked to jane.doe@example.com.""",1
"""37. ""I've been trying to log in, but my password, 'oldpassword123', isn't working. My username is john.doe@example.com.""",1
"""38. ""Just got a new phone number, it's +1 (555) 123-4567.""",1
"""39. ""Can you please update my address? It's now 321 Main St, Anytown, CA 12345.""",1
"""40. ""I've just updated my credit card info, it's 1234-5678-9012-3456 exp. 12/25.""",1
"""41. ""I've been trying to log in with my old password, but it's not working. My username is jane.doe@example.com.""",1
"""42. ""Just got a new credit card, it's linked to the account ending in 1234.""",1
"""43. ""Can you please confirm if the phone number on file, 555-123-4567, is correct?""",1
"""44. ""I've just updated my PayPal password, my new one is 'Secure123!' linked to john.doe@example.com.""",1
"""45. ""I've been trying to update my profile, but the system won't accept my new password, 'Secure@123'. My username is john.doe@example.com.""",1
"""46. ""Just got a new phone number, it's 555-123-4567.""",1
"""47. ""Can you please confirm if the email on file, jane.doe@example.com, is correct?""",1
"""48. ""I've just updated my credit card info, it's 1234-5678-9012-3456 exp. 12/25.""",1
"""49. ""I've been trying to log in, but I can't remember my password. My username is john.doe@example.com.""",1
"""50. ""Just got a new address, it's 5678 Elm St, Anytown, CA 12345.""",1
"""1. ""I received a call from John Doe, his number was 555-123-4567.""",1
"""2. ""My new credit card arrived, it's under the name Jane Smith and ends in 1234.""",1
"""3. ""My address for delivery is 123 Main Street, Anytown, USA.""",1
"""4. ""Hi, I'm Alex Johnson, my email is a.johnson@example.com.""",1
"""5. ""I just booked a flight for Sarah Lee, her passport number is 1234567890.""",1
"""6. ""I need to update my address, it's now 456 Oak Avenue, Othertown, USA.""",1
"""7. ""I've been trying to reach Emily Davis, her number seems to be 555-987-6543.""",1
"""8. ""I've lost my card ending in 5678, please block it and send a new one.""",1
"""9. ""I'm moving to 789 Pine Road, Anytown, USA, please update my account.""",1
"""10. ""I need to change my password, my old one was 'Password123'.""",1
"""11. ""I've received a call from a number starting with 555, could it be you?""",1
"""12. ""My social security number is 987-65-4320, is that correct?""",1
"""13. ""I've updated my card details: Card ending in 4321, Expiry 12/25, CVV 321.""",1
"""14. ""I'm expecting a package at 321 Elm Street, Anytown, USA.""",1
"""15. ""I've been trying to reach Mark Johnson, he might have the number 555-789-4560.""",1
"""16. ""I've updated my card details: Name on card - David Brown, Card ending in 2109.""",1
"""17. ""I've received a suspicious email from johnsmith123@example.com.""",1
"""18. ""I need to update my address book, I've got a new number: 555-321-0987.""",1
"""19. ""I've been trying to reach Lisa Green, she might have the email lisa.green@example.com.""",1
"""20. ""I've received a text from a number starting with 555, who is it?""",1
"""21. ""I need to update my credit card details, it's under the name Robert Davis.""",1
"""22. ""I've been getting calls from a number with an area code 555, who is it?""",1
"""23. ""I need to update my email address, it's now john.doe@example.com.""",1
"""24. ""I've been trying to reach Michael Johnson, his number might be 555-111-2222.""",1
"""25. ""I've received a call from a number with a +1 country code, who is it?""",1
"""26. ""I need to update my address book, I've got a new email: jane.doe@example.com.""",1
"""27. ""I've received an email from a suspicious address, it's from 'no-reply@example.com'.""",1
"""28. ""I need to update my account details, my name is Rachel Wilson.""",1
"""29. ""I've received a call from a number starting with 555, it might be a wrong number.""",1
"""30. ""I need to update my contact details, my new number is 555-555-1234.""",1
"""31. ""I've been trying to reach David Lee, his email might be david.lee@example.com.""",1
"""32. ""I've received a text from an unknown number, it's 555-432-1098.""",1
"""33. ""I need to update my card details, it's under the name Emily Davis.""",1
"""34. ""I've been getting calls from a number ending in 1234, who is it?""",1
"""35. ""I need to update my address book, I've got a new email: jason.brown@example.com.""",1
"""36. ""I've received a call from a number starting with 555, it's not saved in my contacts.""",1
"""37. ""I need to update my account details, my name is Thomas Smith.""",1
"""38. ""I've been trying to reach Laura Miller, she might have the number 555-987-6543.""",1
"""39. ""I've received an email from a suspicious address, it's from 'info@scam.example.com'.""",1
"""40. ""I need to update my card details, it's under the name Lisa Green.""",1
"""41. ""I've been getting calls from a number with an area code 555, it might be a scam.""",1
"""42. ""I need to update my contact details, my new email is jane.doe@example.com.""",1
"""43. ""I've received a call from a number starting with 555, it's not in my address book.""",1
"""44. ""I need to update my account details, my new address is 789 Maple Avenue, Anytown, USA.""",1
"""45. ""I've been trying to reach Patricia Johnson, her email might be patricia.j@example.com.""",1
"""46. ""I've received a text from an unknown number, it's 555-678-9012.""",1
"""47. ""I need to update my card details, it's under the name Samuel Wilson.""",1
"""48. ""I've been getting calls from a number ending in 5678, it's not saved in my contacts.""",1
"""49. ""I need to update my address book, I've got a new number: 555-210-9876.""",1
"""50. ""I've been trying to reach Daniel Lee, he might have the number 555-345-6789.""",1
""". ""Just updated my address book with John Smith's new address, 1234 Main St, Anytown.""",1
"""2. ""My new credit card arrived, it's 1234-5678-9012-3456.""",1
"""3. ""Can someone confirm if the phone number on file, 555-123-4567, is correct for our delivery tomorrow?""",1
"""4. ""I've just changed my PayPal password, my new one is 'Secure123!' linked to john.doe@example.com.""",1
"""5. ""My Social Security number is 123-45-6789, just in case you need it for the application.""",1
"""6. ""I've updated my profile, my new phone number is +1 (555) 123-4567.""",1
"""7. ""Can someone help? I'm getting a 'card declined' error, my card ends in 1234.""",1
"""8. ""Just sent a check to Jane Doe, 5678 Elm St, Anytown, with my account number on the memo line.""",1
"""9. ""Can we add another user to our account? Their email is john.doe@gmail.com.""",1
"""10. ""My new home address is 9876 Oak Ave, Anytown, zip code 12345.""",1
"""11. ""I've just updated my credit card info, it's 1234-5678-9012-3456 exp. 12/25.""",1
"""12. ""I've been trying to log in with my old password, but it's not working. My username is john.doe@example.com.""",1
"""13. ""Just got a new phone, my new number is 555-123-4567.""",1
"""14. ""Can you please update my address? It's now 321 Main St, Anytown, CA 12345.""",1
"""15. ""I've just reset my password, my new one is 'Secure@123' for the account linked to jane.doe@example.com.""",1
"""16. ""I've been trying to call the support line, but the number on their website, 555-123-4567, doesn't seem to work.""",1
"""17. ""Just got a new credit card, it's linked to the account ending in 1234.""",1
"""18. ""I've just updated my profile with my new address, 1234 Oak Ave, Anytown.""",1
"""19. ""I've been trying to log in, but my password, 'oldpassword123', isn't working. My username is john.doe@example.com.""",1
"""20. ""Just got a new phone number, it's +1 (555) 123-4567.""",1
"""21. ""Can you please confirm if the card on file, ending in 1234, is correct for the payment?""",1
"""22. ""I've just updated my PayPal password, my new one is 'Secure123!' linked to jane.doe@example.com.""",1
"""23. ""I've just changed my address, it's now 1234 Oak Ave, Anytown, CA 12345.""",1
"""24. ""I've been trying to log in, but I can't remember my password. My username is jane.doe@example.com.""",1
"""25. ""Just got a new credit card, it's linked to the account ending in 1234.""",1
"""26. ""Can you please update my phone number in your system, it's now 555-123-4567.""",1
"""27. ""I've just updated my credit card info, it's 1234-5678-9012-3456 exp. 12/25.""",1
"""28. ""I've been trying to update my profile, but the system won't accept my new password, 'Secure@123'. My username is john.doe@example.com.""",1
"""29. ""Just got a new phone number, it's +1 (555) 123-4567.""",1
"""30. ""Can you please confirm if the email on file, john.doe@example.com, is correct?""",1
"""31. ""I've just updated my PayPal password, my new one is 'Secure123!' linked to john.doe@example.com.""",1
"""32. ""I've been trying to log in, but I can't remember my username. My password is 'oldpassword123'.""",1
"""33. ""Just got a new address, it's 1234 Main St, Anytown, CA 12345.""",1
"""34. ""I've just updated my phone number, it's 555-123-4567.""",1
"""35. ""Can you please confirm if the card on file, ending in 1234, is correct for the payment?""",1
"""36. ""I've just reset my password, my new one is 'Secure@123' for the account linked to jane.doe@example.com.""",1
"""37. ""I've been trying to log in, but my password, 'oldpassword123', isn't working. My username is john.doe@example.com.""",1
"""38. ""Just got a new phone number, it's +1 (555) 123-4567.""",1
"""39. ""Can you please update my address? It's now 321 Main St, Anytown, CA 12345.""",1
"""40. ""I've just updated my credit card info, it's 1234-5678-9012-3456 exp. 12/25.""",1
"""41. ""I've been trying to log in with my old password, but it's not working. My username is jane.doe@example.com.""",1
"""42. ""Just got a new credit card, it's linked to the account ending in 1234.""",1
"""43. ""Can you please confirm if the phone number on file, 555-123-4567, is correct?""",1
"""44. ""I've just updated my PayPal password, my new one is 'Secure123!' linked to john.doe@example.com.""",1
"""45. ""I've been trying to update my profile, but the system won't accept my new password, 'Secure@123'. My username is john.doe@example.com.""",1
"""46. ""Just got a new phone number, it's 555-123-4567.""",1
"""47. ""Can you please confirm if the email on file, jane.doe@example.com, is correct?""",1
"""48. ""I've just updated my credit card info, it's 1234-5678-9012-3456 exp. 12/25.""",1
"""49. ""I've been trying to log in, but I can't remember my password. My username is john.doe@example.com.""",1
"""50. ""Just got a new address, it's 5678 Elm St, Anytown, CA 12345.""",1
"""1. ""I've just updated my address to 123 Main St, Anytown, USA.""",1
"""2. ""My new credit card number is 1234-5678-9012-3456.""",1
"""3. ""Can you please confirm my order for John Doe, 555-123-4567?""",1
"""4. ""My SSN is 123-45-6789, can you update my account?""",1
"""5. ""Just received an email from [Bank] saying my card ending in 1234 has been compromised.""",1
"""6. ""I've changed my password to John123!, my new email is john.doe@example.com.""",1
"""7. ""Hey, my phone number is now 555-987-6543, could you update your records?""",1
"""8. ""I've updated my shipping address to 456 Oak Ave, Anytown, USA.""",1
"""9. ""I've just purchased a new credit card with number 9876-5432-1098-7654.""",1
"""10. ""Can someone help me with my account? My username is john.doe and my password is [redacted].""",1
"""11. ""I've just reset my password, my new one is Password123.""",1
"""12. ""I've updated my PayPal address to 789 Pine St, Anytown, USA.""",1
"""13. ""Can you confirm my order for John Doe, 789-456-1230, at 345 Elm St, Anytown, USA?""",1
"""14. ""I've just updated my credit card on file, it's 3456-7890-1234-5678.""",1
"""15. ""I've changed my email to jane.doe@example.com, please update your records.""",1
"""16. ""My new phone number is +1 555-123-4567, can you update my account?""",1
"""17. ""I've just updated my shipping address to 101 Maple St, Anytown, USA.""",1
"""18. ""I've purchased a new credit card with number 4321-0987-6543-2109.""",1
"""19. ""Can someone help me with resetting my password? My username is jane.doe@example.com.""",1
"""20. ""I've just updated my billing address to 202 Cedar St, Anytown, USA.""",1
"""21. ""My new credit card number is 2468-0246-8024-6802.""",1
"""22. ""I've changed my password, it's now password@123.""",1
"""23. ""Can you confirm my order for Jane Doe, 456-123-7890, at 345 Elm St, Anytown, USA?""",1
"""24. ""I've updated my PayPal email to jane.doe+paypal@example.com.""",1
"""25. ""My new phone number is (555) 123-4567, please update my account.""",1
"""26. ""I've just updated my shipping address to 678 Birch St, Anytown, USA.""",1
"""27. ""I've purchased a new credit card with number 7894-3210-9876-5432.""",1
"""28. ""Can someone help me with my account? My username is john.doe@example.com and my password is [redacted].""",1
"""29. ""I've just reset my password, my new one is NewPassword123.""",1
"""30. ""I've updated my PayPal address to 9012 Oak St, Anytown, USA.""",1
"""31. ""Can you confirm my order for John Doe, 098-765-4321, at 456 Pine St, Anytown, USA?""",1
"""32. ""I've just updated my credit card on file, it's 1234-5678-9012-3456.""",1
"""33. ""I've changed my email to john.doe.new@example.com, please update your records.""",1
"""34. ""My new phone number is +1 (555) 987-6543, can you update my account?""",1
"""35. ""I've just updated my shipping address to 345 Maple St, Anytown, USA.""",1
"""36. ""I've purchased a new credit card with number 3456-7890-1234-5678.""",1
"""37. ""Can someone help me with my account? My username is jane.doe@example.com and my password is [redacted].""",1
"""38. ""I've just reset my password, my new one is SecurePassword@.""",1
"""39. ""I've updated my PayPal address to 1012 Cedar St, Anytown, USA.""",1
"""40. ""Can you confirm my order for Jane Doe, (555) 456-7890, at 678 Oak St, Anytown, USA?""",1
"""41. ""I've just updated my credit card on file, it's 0987-6543-2109-8765.""",1
"""42. ""I've changed my email to john.doe.new@example.com, please update your records.""",1
"""43. ""My new phone number is (555) 123-4567, can you update my account?""",1
"""44. ""I've just updated my shipping address to 789 Pine St, Anytown, USA.""",1
"""45. ""I've purchased a new credit card with number 2468-0246-8024-6802.""",1
"""46. ""Can someone help me with my account? My username is john.doe@example.com and my password is [redacted].""",1
"""47. ""I've just reset my password, my new one is StrongPassword123.""",1
"""48. ""I've updated my PayPal address to 202 Maple St, Anytown, USA.""",1
"""49. ""Can you confirm my order for Jane Doe, 555-123-4567, at 345 Elm St, Anytown, USA?""",1
"""50. ""I've just updated my credit card on file, it's 4321-0987-6543-2109.""",1
""". ""Just updated my address book with John Smith's new address, 1234 Main St, Anytown.""",1
"""2. ""My new credit card arrived, it's 1234-5678-9012-3456.""",1
"""3. ""Can someone confirm if the phone number on file, 555-123-4567, is correct for our delivery tomorrow?""",1
"""4. ""I've just changed my PayPal password, my new one is 'Secure123!' linked to john.doe@example.com.""",1
"""5. ""My Social Security number is 123-45-6789, just in case you need it for the application.""",1
"""6. ""I've updated my profile, my new phone number is +1 (555) 123-4567.""",1
"""7. ""Can someone help? I'm getting a 'card declined' error, my card ends in 1234.""",1
"""8. ""Just sent a check to Jane Doe, 5678 Elm St, Anytown, with my account number on the memo line.""",1
"""9. ""Can we add another user to our account? Their email is john.doe@gmail.com.""",1
"""10. ""My new home address is 9876 Oak Ave, Anytown, zip code 12345.""",1
"""11. ""I've just updated my credit card info, it's 1234-5678-9012-3456 exp. 12/25.""",1
"""12. ""I've been trying to log in with my old password, but it's not working. My username is john.doe@example.com.""",1
"""13. ""Just got a new phone, my new number is 555-123-4567.""",1
"""14. ""Can you please update my address? It's now 321 Main St, Anytown, CA 12345.""",1
"""15. ""I've just reset my password, my new one is 'Secure@123' for the account linked to jane.doe@example.com.""",1
"""16. ""I've been trying to call the support line, but the number on their website, 555-123-4567, doesn't seem to work.""",1
"""17. ""Just got a new credit card, it's linked to the account ending in 1234.""",1
"""18. ""I've just updated my profile with my new address, 1234 Oak Ave, Anytown.""",1
"""19. ""I've been trying to log in, but my password, 'oldpassword123', isn't working. My username is john.doe@example.com.""",1
"""20. ""Just got a new phone number, it's +1 (555) 123-4567.""",1
"""21. ""Can you please confirm if the card on file, ending in 1234, is correct for the payment?""",1
"""22. ""I've just updated my PayPal password, my new one is 'Secure123!' linked to jane.doe@example.com.""",1
"""23. ""I've just changed my address, it's now 1234 Oak Ave, Anytown, CA 12345.""",1
"""24. ""I've been trying to log in, but I can't remember my password. My username is jane.doe@example.com.""",1
"""25. ""Just got a new credit card, it's linked to the account ending in 1234.""",1
"""26. ""Can you please update my phone number in your system, it's now 555-123-4567.""",1
"""27. ""I've just updated my credit card info, it's 1234-5678-9012-3456 exp. 12/25.""",1
"""28. ""I've been trying to update my profile, but the system won't accept my new password, 'Secure@123'. My username is john.doe@example.com.""",1
"""29. ""Just got a new phone number, it's +1 (555) 123-4567.""",1
"""30. ""Can you please confirm if the email on file, john.doe@example.com, is correct?""",1
"""31. ""I've just updated my PayPal password, my new one is 'Secure123!' linked to john.doe@example.com.""",1
"""32. ""I've been trying to log in, but I can't remember my username. My password is 'oldpassword123'.""",1
"""33. ""Just got a new address, it's 1234 Main St, Anytown, CA 12345.""",1
"""34. ""I've just updated my phone number, it's 555-123-4567.""",1
"""35. ""Can you please confirm if the card on file, ending in 1234, is correct for the payment?""",1
"""36. ""I've just reset my password, my new one is 'Secure@123' for the account linked to jane.doe@example.com.""",1
"""37. ""I've been trying to log in, but my password, 'oldpassword123', isn't working. My username is john.doe@example.com.""",1
"""38. ""Just got a new phone number, it's +1 (555) 123-4567.""",1
"""39. ""Can you please update my address? It's now 321 Main St, Anytown, CA 12345.""",1
"""40. ""I've just updated my credit card info, it's 1234-5678-9012-3456 exp. 12/25.""",1
"""41. ""I've been trying to log in with my old password, but it's not working. My username is jane.doe@example.com.""",1
"""42. ""Just got a new credit card, it's linked to the account ending in 1234.""",1
"""43. ""Can you please confirm if the phone number on file, 555-123-4567, is correct?""",1
"""44. ""I've just updated my PayPal password, my new one is 'Secure123!' linked to john.doe@example.com.""",1
"""45. ""I've been trying to update my profile, but the system won't accept my new password, 'Secure@123'. My username is john.doe@example.com.""",1
"""46. ""Just got a new phone number, it's 555-123-4567.""",1
"""47. ""Can you please confirm if the email on file, jane.doe@example.com, is correct?""",1
"""48. ""I've just updated my credit card info, it's 1234-5678-9012-3456 exp. 12/25.""",1
"""49. ""I've been trying to log in, but I can't remember my password. My username is john.doe@example.com.""",1
"""50. ""Just got a new address, it's 5678 Elm St, Anytown, CA 12345.""",1
"""1. ""I've just updated my address to 123 Main Street, Anytown, and my new phone number is 555-123-4567.""",1
"""2. ""Hi there, I'm John Doe and my credit card number is 1234-5678-9012-3456.""",1
"""3. ""Just received a suspicious email with my full name, email address [johndoe@example.com], and even my partial social security number, 123-45-.""",1
"""4. ""I'm trying to log into my account, but it's saying my password is incorrect. It's 'Password123', so I'm not sure what's wrong.""",1
"""5. ""I accidentally shared my credit card info, ending in 4321, on a public forum while posting about an online purchase.""",1
"""6. ""Hi, I'm Sarah Johnson and I'm having trouble with my account. My username is sarah.johnson@example.com.""",1
"""7. ""I just got a text from an unknown number, 555-987-6543, asking for my bank details.""",1
"""8. ""My new credit card arrived, it's under John Smith and the number is 1111-2222-3333-4444.""",1
"""9. ""I've updated my shipping address to 456 Oak Avenue, Anytown, for my upcoming order.""",1
"""10. ""I'm having issues with my account, could you reset my password? It's linked to the email jane.doe@gmail.com.""",1
"""11. ""I've just received a phishing email with my full name and my old address, 789 Elm Street, Anytown.""",1
"""12. ""I've been trying to call customer support, but their number, 1-800-123-4567, isn't going through.""",1
"""13. ""My credit card was declined. It's ending in 5678, I'm not sure what the issue is.""",1
"""14. ""I've updated my payment method to a new card, number 9876-5432-1098-7654.""",1
"""15. ""I've been receiving spam calls from a number that keeps changing, the latest one is 555-321-0987.""",1
"""16. ""I've just registered for an event using my full name, John Michael Doe, and my email, john.doe@example.net.""",1
"""17. ""I've been locked out of my account, it's linked to the email address jane.smith@hotmail.com.""",1
"""18. ""I've just changed my address to Suite 789, 123 High Street, Anytown.""",1
"""19. ""I've been having trouble with my account, it's under the name John Smith and the email john_smith@yahoo.com.""",1
"""20. ""I've just updated my payment information, it's now linked to the card ending in 1234.""",1
"""21. ""I've been receiving strange texts from a number starting with 555, it says it's from 'Bank Services'.""",1
"""22. ""I've just updated my account details, my new email is john.doe@protonmail.com.""",1
"""23. ""I've been trying to log into my account, but it keeps saying my password is incorrect. It's 'SecurePassword123'.""",1
"""24. ""I've just updated my shipping address to Apartment 456, 789 Main Street, Anytown.""",1
"""25. ""I've received a suspicious email asking for my full name and social security number, it starts with 123-45-.""",1
"""26. ""I've just updated my payment method to a new card, number 4321-0987-6543-2109.""",1
"""27. ""I've been locked out of my account, it's linked to the email address jane_doe@gmail.com.""",1
"""28. ""I've just updated my address to 1234 Street, Anytown, and my new phone number is +1 555-432-1098.""",1
"""29. ""I've been having trouble with my account, it's under the name Jane Doe and the email jane.doe@aol.com.""",1
"""30. ""I've just updated my credit card information, it's now linked to the card ending in 4321.""",1
"""31. ""I've been receiving spam calls from a number that keeps changing, the latest one is 555-987-6543.""",1
"""32. ""I've just registered for a service using my full name, Jane Elizabeth Doe, and my email, jane.doe@outlook.com.""",1
"""33. ""I've been locked out of my account, it's linked to the email address john.smith@live.com.""",1
"""34. ""I've just updated my shipping address to 6789 Avenue, Anytown.""",1
"""35. ""I've received a suspicious email with my full name, email address [john.doe@icloud.com], and my partial credit card number, 1234-5678.""",1
"""36. ""I've just updated my payment information, it's now linked to the card number 9876-5432-1098-7654.""",1
"""37. ""I've been receiving texts from a number starting with 555, it says it's from 'Online Services'.""",1
"""38. ""I've just updated my account details, my new email is john.doe@zoho.com.""",1
"""39. ""I've been trying to log into my account, but it keeps saying my password is incorrect. It's 'Qwerty1234'.""",1
"""40. ""I've just updated my address to Unit 123, 456 Road, Anytown.""",1
"""41. ""I've received a suspicious email asking for my full name and my social security number, it ends with 6789.""",1
"""42. ""I've just updated my payment method to a new card, number 0987-6543-2109-8765.""",1
"""43. ""I've been locked out of my account, it's linked to the email address jane_smith@yahoo.co.uk.""",1
"""44. ""I've just updated my phone number to +1 555-234-5678.""",1
"""45. ""I've been having trouble with my account, it's under the name John Smith and the email john_smith@me.com.""",1
"""46. ""I've just updated my credit card information, it's now linked to the card ending in 2109.""",1
"""47. ""I've been receiving spam calls from a number that keeps changing, the latest one is 555-432-1098.""",1
"""48. ""I've just registered for a service using my full name, Jane Margaret Smith, and my email, jane.smith@protonmail.com.""",1
"""49. ""I've been locked out of my account, it's linked to the email address john.doe@mail.ru.""",1
"""50. ""I've just updated my shipping address to 321 Lane, Anytown.""",1
"""**Email from Bank of America:** ""Hello John Doe, your new card is on its way. It'll arrive at 123 Main St, Anytown, USA by 05/20. Your temporary card number is ending in 1234.""",1
"""**Online Form:** ""Name: Jane Smith, Address: 456 Oak Ave, Anytown, Zip: 12345, Phone: (123) 456-7890""",1
"""**Chat Message:** ""Hey, can u send me the files to john.doe@example.com? My card number is 4111111111111111, exp. 12/25, CVV: 123.""",1
"""**Customer Support Ticket:** ""Hi, I'm Sarah Johnson, SSN: 123-45-6789. I'm having trouble with my account. Could you help?""",1
"""**Social Media Post:** ""Just moved into my new place! 789 Pine Ln, Anytown. 🏡🎉 #NewHome #AnytownLife""",1
"""**Email from Amazon:** ""Your order has been shipped. Tracking number: 1Z9999999999999999. Delivery to: Emily Davis, 345 Elm Rd, Anytown, USA.""",1
"""**Online Application:** ""Full Name: Robert Brown, Birthdate: 01/01/1980, Address: 678 Cedar Blvd, Anytown, Phone: (987) 654-3210""",1
"""**Chat Message:** ""U guys got my card details wrong! It's 5555555555554444, exp: 06/26, CVV: 321.""",1
"""**Customer Support Call Recording:** ""Caller: Hi, this is David Lee, my card number is 3333333333332222. I need to update my billing address to 910 Walnut Way, Anytown.""",1
"""**Social Media Post:** ""Thanks for the birthday wishes! My bank account is JohnD1234@bank.com if anyone wants to send some love. 😊 #BirthdayGirl""",1
"""**Email from eBay:** ""Your item has sold. Shipping address: Michael Green, 234 Birch Rd, Anytown, Zip: 12345.""",1
"""**Online Survey:** ""Name: Lisa Rodriguez, Email: lisa.r@example.com, Phone: (555) 210-9876, Address: 356 Maple Ln, Anytown, USA""",1
"""**Chat Message:** ""My mom's name is Maria Martinez, DOB: 05/15/1960. I need to update her info on the account.""",1
"""**Customer Support Ticket:** ""Hi, this is Patricia Willis, my card number is 9999999999998888. I didn't receive my order confirmation.""",1
"""**Social Media Post:** ""Oops! Forgot to untick 'save info' on the site. My card number is saved at checkout with CVV: 987. 🙄 #Whoops #DataLeak""",1
"""**Email from Airbnb:** ""Your booking is confirmed. Staying at: 1234 Oak St, Anytown. Guest name: Olivia Baker.""",1
"""**Online Form:** ""Name: James Taylor, Address: 789 Cedar Dr, Anytown, Phone: (111) 222-3333, Email: james.t@example.com""",1
"""**Chat Message:** ""Can I use a different card? Old one is 6011111111111117, exp: 10/23, CVV: 789. New one is 5432010000000014, exp: 12/26, CVV: 432.""",1
"""**Customer Support Call Recording:** ""Caller: Hi, this is Rachel Hall, my credit card number is 1234567890123456. I need to change the billing address to 567 Pine Ave, Anytown.""",1
"""**Social Media Post:** ""Just renewed my driver's license! My new number is 123456789. 🚘📸 #DriverLicense #NewID""",1
"""**Email from PayPal:** ""Your payment was successful. Amount: $100.00, Recipient: Laura Johnson, Email: laura.j@example.com""",1
"""**Online Form:** ""Name: Daniel Wilson, Address: 987 Birch Rd, Anytown, Phone: (444) 555-6666, Email: daniel.w@example.com""",1
"""**Chat Message:** ""I accidentally sent money to wrong account. It's linked to: Karen Smith, Email: karen.s@example.com""",1
"""**Customer Support Ticket:** ""Hi, this is Samuel Roberts, my card number is 2222222222221111. My order hasn't arrived yet.""",1
"""**Social Media Post:** ""My new credit card arrived today! 💳 It's 8888888888887777, exp: 01/27. #CardGoals""",1
"""**Email from Apple:** ""Your order has been shipped. Delivery to: David Chen, 1234 Maple St, Anytown, Zip: 12345.""",1
"""**Online Application:** ""Full Name: Jennifer Lee, Birthdate: 02/28/1985, Address: 567 Walnut Way, Anytown, Phone: (777) 888-9999""",1
"""**Chat Message:** ""My card is 371449635398431, exp: 03/23, CVV: 345. I need to update my billing address to 910 Walnut Way, Anytown.""",1
"""**Customer Support Call Recording:** ""Called: Hi, this is Emily Martinez, my card number is 4111111111111111. I need to cancel my subscription.""",1
"""**Social Media Post:** ""I found my old wallet! My SSN is still in it... 123-45-6789. 😮 #WalletFind #SSNLeak""",1
"""**Email from Target:** ""Your order is ready for pickup. Order number: 123456789, Pickup location: Target, 123 Main St, Anytown.""",1
"""**Online Form:** ""Name: Jessica Davis, Address: 345 Pine Ln, Anytown, Phone: (987) 654-3210, Email: jessica.d@example.com""",1
"""**Chat Message:** ""Can I use my friend's card? It's 5555555555554444, exp: 06/26, CVV: 321. His name is Alex Turner.""",1
"""**Customer Support Ticket:** ""Hi, this is Nicholas Johnson, my card number is 9999999999998888. I'm having trouble logging in.""",1
"""**Social Media Post:** ""I'm selling my old laptop. It's got all my personal info on it. 💻📝 #LaptopForSale""",1
"""**Email from Uber:** ""Your ride is here. Driver: John Doe, License Plate: ABC123, Pickup location: 123 Main St, Anytown.""",1
"""**Online Form:** ""Name: Victoria Clark, Address: 678 Cedar Blvd, Anytown, Phone: (111) 222-3333, Email: victoria.c@example.com""",1
"""**Chat Message:** ""My card was declined. It's 4111111111111111, exp: 12/25, CVV: 123.""",1
"""**Customer Support Call Recording:** ""Caller: Hi, this is Daniel Lee, my card number is 3333333333332222. I need to change my shipping address to 910 Walnut Way, Anytown.""",1
"""**Social Media Post:** ""Just updated my address on file! It's now 1234 Elm St, Anytown. 🏠📝 #NewAddress""",1
"""**Email from Amazon:** ""Your order has been shipped. Tracking number: 1Z9999999999999999. Delivery to: Robert Brown, 567 Maple Rd, Anytown, Zip: 12345.""",1
"""**Online Application:** ""Full Name: Jessica Johnson, Birthdate: 03/14/1990, Address: 789 Birch Ln, Anytown, Phone: (444) 555-6666""",1
"""**Chat Message:** ""I think I entered the wrong card number earlier. It should be 6011111111111117, exp: 10/23, CVV: 789.""",1
"""**Customer Support Ticket:** ""Hi, this is Elizabeth Martinez, my card number is 2222222222221111. I didn't receive my order confirmation.""",1
"""**Social Media Post:** ""I'm so bad with passwords! My bank password is the same as my email: password123. 🤦‍♀️ #PasswordProblems""",1
""". ""Just updated my address book with John Smith's new address, 1234 Main St, Anytown.""",1
"""2. ""My new credit card arrived, it's 1234-5678-9012-3456.""",1
"""3. ""Can someone confirm if the phone number on file, 555-123-4567, is correct for our delivery tomorrow?""",1
"""4. ""I've just changed my PayPal password, my new one is 'Secure123!' linked to john.doe@example.com.""",1
"""5. ""My Social Security number is 123-45-6789, just in case you need it for the application.""",1
"""6. ""I've updated my profile, my new phone number is +1 (555) 123-4567.""",1
"""7. ""Can someone help? I'm getting a 'card declined' error, my card ends in 1234.""",1
"""8. ""Just sent a check to Jane Doe, 5678 Elm St, Anytown, with my account number on the memo line.""",1
"""9. ""Can we add another user to our account? Their email is john.doe@gmail.com.""",1
"""10. ""My new home address is 9876 Oak Ave, Anytown, zip code 12345.""",1
"""11. ""I've just updated my credit card info, it's 1234-5678-9012-3456 exp. 12/25.""",1
"""12. ""I've been trying to log in with my old password, but it's not working. My username is john.doe@example.com.""",1
"""13. ""Just got a new phone, my new number is 555-123-4567.""",1
"""14. ""Can you please update my address? It's now 321 Main St, Anytown, CA 12345.""",1
"""15. ""I've just reset my password, my new one is 'Secure@123' for the account linked to jane.doe@example.com.""",1
"""16. ""I've been trying to call the support line, but the number on their website, 555-123-4567, doesn't seem to work.""",1
"""17. ""Just got a new credit card, it's linked to the account ending in 1234.""",1
"""18. ""I've just updated my profile with my new address, 1234 Oak Ave, Anytown.""",1
"""19. ""I've been trying to log in, but my password, 'oldpassword123', isn't working. My username is john.doe@example.com.""",1
"""20. ""Just got a new phone number, it's +1 (555) 123-4567.""",1
"""21. ""Can you please confirm if the card on file, ending in 1234, is correct for the payment?""",1
"""22. ""I've just updated my PayPal password, my new one is 'Secure123!' linked to jane.doe@example.com.""",1
"""23. ""I've just changed my address, it's now 1234 Oak Ave, Anytown, CA 12345.""",1
"""24. ""I've been trying to log in, but I can't remember my password. My username is jane.doe@example.com.""",1
"""25. ""Just got a new credit card, it's linked to the account ending in 1234.""",1
"""26. ""Can you please update my phone number in your system, it's now 555-123-4567.""",1
"""27. ""I've just updated my credit card info, it's 1234-5678-9012-3456 exp. 12/25.""",1
"""28. ""I've been trying to update my profile, but the system won't accept my new password, 'Secure@123'. My username is john.doe@example.com.""",1
"""29. ""Just got a new phone number, it's +1 (555) 123-4567.""",1
"""30. ""Can you please confirm if the email on file, john.doe@example.com, is correct?""",1
"""31. ""I've just updated my PayPal password, my new one is 'Secure123!' linked to john.doe@example.com.""",1
"""32. ""I've been trying to log in, but I can't remember my username. My password is 'oldpassword123'.""",1
"""33. ""Just got a new address, it's 1234 Main St, Anytown, CA 12345.""",1
"""34. ""I've just updated my phone number, it's 555-123-4567.""",1
"""35. ""Can you please confirm if the card on file, ending in 1234, is correct for the payment?""",1
"""36. ""I've just reset my password, my new one is 'Secure@123' for the account linked to jane.doe@example.com.""",1
"""37. ""I've been trying to log in, but my password, 'oldpassword123', isn't working. My username is john.doe@example.com.""",1
"""38. ""Just got a new phone number, it's +1 (555) 123-4567.""",1
"""39. ""Can you please update my address? It's now 321 Main St, Anytown, CA 12345.""",1
"""40. ""I've just updated my credit card info, it's 1234-5678-9012-3456 exp. 12/25.""",1
"""41. ""I've been trying to log in with my old password, but it's not working. My username is jane.doe@example.com.""",1
"""42. ""Just got a new credit card, it's linked to the account ending in 1234.""",1
"""43. ""Can you please confirm if the phone number on file, 555-123-4567, is correct?""",1
"""44. ""I've just updated my PayPal password, my new one is 'Secure123!' linked to john.doe@example.com.""",1
"""45. ""I've been trying to update my profile, but the system won't accept my new password, 'Secure@123'. My username is john.doe@example.com.""",1
"""46. ""Just got a new phone number, it's 555-123-4567.""",1
"""47. ""Can you please confirm if the email on file, jane.doe@example.com, is correct?""",1
"""48. ""I've just updated my credit card info, it's 1234-5678-9012-3456 exp. 12/25.""",1
"""49. ""I've been trying to log in, but I can't remember my password. My username is john.doe@example.com.""",1
"""50. ""Just got a new address, it's 5678 Elm St, Anytown, CA 12345.""",1
""". ""Just updated my address book with John Smith's new address, 1234 Main St, Anytown.""",1
"""2. ""My new credit card arrived, it's 1234-5678-9012-3456.""",1
"""3. ""Can someone confirm if the phone number on file, 555-123-4567, is correct for our delivery tomorrow?""",1
"""4. ""I've just changed my PayPal password, my new one is 'Secure123!' linked to john.doe@example.com.""",1
"""5. ""My Social Security number is 123-45-6789, just in case you need it for the application.""",1
"""6. ""I've updated my profile, my new phone number is +1 (555) 123-4567.""",1
"""7. ""Can someone help? I'm getting a 'card declined' error, my card ends in 1234.""",1
"""8. ""Just sent a check to Jane Doe, 5678 Elm St, Anytown, with my account number on the memo line.""",1
"""9. ""Can we add another user to our account? Their email is john.doe@gmail.com.""",1
"""10. ""My new home address is 9876 Oak Ave, Anytown, zip code 12345.""",1
"""11. ""I've just updated my credit card info, it's 1234-5678-9012-3456 exp. 12/25.""",1
"""12. ""I've been trying to log in with my old password, but it's not working. My username is john.doe@example.com.""",1
"""13. ""Just got a new phone, my new number is 555-123-4567.""",1
"""14. ""Can you please update my address? It's now 321 Main St, Anytown, CA 12345.""",1
"""15. ""I've just reset my password, my new one is 'Secure@123' for the account linked to jane.doe@example.com.""",1
"""16. ""I've been trying to call the support line, but the number on their website, 555-123-4567, doesn't seem to work.""",1
"""17. ""Just got a new credit card, it's linked to the account ending in 1234.""",1
"""18. ""I've just updated my profile with my new address, 1234 Oak Ave, Anytown.""",1
"""19. ""I've been trying to log in, but my password, 'oldpassword123', isn't working. My username is john.doe@example.com.""",1
"""20. ""Just got a new phone number, it's +1 (555) 123-4567.""",1
"""21. ""Can you please confirm if the card on file, ending in 1234, is correct for the payment?""",1
"""22. ""I've just updated my PayPal password, my new one is 'Secure123!' linked to jane.doe@example.com.""",1
"""23. ""I've just changed my address, it's now 1234 Oak Ave, Anytown, CA 12345.""",1
"""24. ""I've been trying to log in, but I can't remember my password. My username is jane.doe@example.com.""",1
"""25. ""Just got a new credit card, it's linked to the account ending in 1234.""",1
"""26. ""Can you please update my phone number in your system, it's now 555-123-4567.""",1
"""27. ""I've just updated my credit card info, it's 1234-5678-9012-3456 exp. 12/25.""",1
"""28. ""I've been trying to update my profile, but the system won't accept my new password, 'Secure@123'. My username is john.doe@example.com.""",1
"""29. ""Just got a new phone number, it's +1 (555) 123-4567.""",1
"""30. ""Can you please confirm if the email on file, john.doe@example.com, is correct?""",1
"""31. ""I've just updated my PayPal password, my new one is 'Secure123!' linked to john.doe@example.com.""",1
"""32. ""I've been trying to log in, but I can't remember my username. My password is 'oldpassword123'.""",1
"""33. ""Just got a new address, it's 1234 Main St, Anytown, CA 12345.""",1
"""34. ""I've just updated my phone number, it's 555-123-4567.""",1
"""35. ""Can you please confirm if the card on file, ending in 1234, is correct for the payment?""",1
"""36. ""I've just reset my password, my new one is 'Secure@123' for the account linked to jane.doe@example.com.""",1
"""37. ""I've been trying to log in, but my password, 'oldpassword123', isn't working. My username is john.doe@example.com.""",1
"""38. ""Just got a new phone number, it's +1 (555) 123-4567.""",1
"""39. ""Can you please update my address? It's now 321 Main St, Anytown, CA 12345.""",1
"""40. ""I've just updated my credit card info, it's 1234-5678-9012-3456 exp. 12/25.""",1
"""41. ""I've been trying to log in with my old password, but it's not working. My username is jane.doe@example.com.""",1
"""42. ""Just got a new credit card, it's linked to the account ending in 1234.""",1
"""43. ""Can you please confirm if the phone number on file, 555-123-4567, is correct?""",1
"""44. ""I've just updated my PayPal password, my new one is 'Secure123!' linked to john.doe@example.com.""",1
"""45. ""I've been trying to update my profile, but the system won't accept my new password, 'Secure@123'. My username is john.doe@example.com.""",1
"""46. ""Just got a new phone number, it's 555-123-4567.""",1
"""47. ""Can you please confirm if the email on file, jane.doe@example.com, is correct?""",1
"""48. ""I've just updated my credit card info, it's 1234-5678-9012-3456 exp. 12/25.""",1
"""49. ""I've been trying to log in, but I can't remember my password. My username is john.doe@example.com.""",1
"""50. ""Just got a new address, it's 5678 Elm St, Anytown, CA 12345.""",1
""". ""Just updated my address book with John Smith's new address, 1234 Main St, Anytown.""",1
"""2. ""My new credit card arrived, it's 1234-5678-9012-3456.""",1
"""3. ""Can someone confirm if the phone number on file, 555-123-4567, is correct for our delivery tomorrow?""",1
"""4. ""I've just changed my PayPal password, my new one is 'Secure123!' linked to john.doe@example.com.""",1
"""5. ""My Social Security number is 123-45-6789, just in case you need it for the application.""",1
"""6. ""I've updated my profile, my new phone number is +1 (555) 123-4567.""",1
"""7. ""Can someone help? I'm getting a 'card declined' error, my card ends in 1234.""",1
"""8. ""Just sent a check to Jane Doe, 5678 Elm St, Anytown, with my account number on the memo line.""",1
"""9. ""Can we add another user to our account? Their email is john.doe@gmail.com.""",1
"""10. ""My new home address is 9876 Oak Ave, Anytown, zip code 12345.""",1
"""11. ""I've just updated my credit card info, it's 1234-5678-9012-3456 exp. 12/25.""",1
"""12. ""I've been trying to log in with my old password, but it's not working. My username is john.doe@example.com.""",1
"""13. ""Just got a new phone, my new number is 555-123-4567.""",1
"""14. ""Can you please update my address? It's now 321 Main St, Anytown, CA 12345.""",1
"""15. ""I've just reset my password, my new one is 'Secure@123' for the account linked to jane.doe@example.com.""",1
"""16. ""I've been trying to call the support line, but the number on their website, 555-123-4567, doesn't seem to work.""",1
"""17. ""Just got a new credit card, it's linked to the account ending in 1234.""",1
"""18. ""I've just updated my profile with my new address, 1234 Oak Ave, Anytown.""",1
"""19. ""I've been trying to log in, but my password, 'oldpassword123', isn't working. My username is john.doe@example.com.""",1
"""20. ""Just got a new phone number, it's +1 (555) 123-4567.""",1
"""21. ""Can you please confirm if the card on file, ending in 1234, is correct for the payment?""",1
"""22. ""I've just updated my PayPal password, my new one is 'Secure123!' linked to jane.doe@example.com.""",1
"""23. ""I've just changed my address, it's now 1234 Oak Ave, Anytown, CA 12345.""",1
"""24. ""I've been trying to log in, but I can't remember my password. My username is jane.doe@example.com.""",1
"""25. ""Just got a new credit card, it's linked to the account ending in 1234.""",1
"""26. ""Can you please update my phone number in your system, it's now 555-123-4567.""",1
"""27. ""I've just updated my credit card info, it's 1234-5678-9012-3456 exp. 12/25.""",1
"""28. ""I've been trying to update my profile, but the system won't accept my new password, 'Secure@123'. My username is john.doe@example.com.""",1
"""29. ""Just got a new phone number, it's +1 (555) 123-4567.""",1
"""30. ""Can you please confirm if the email on file, john.doe@example.com, is correct?""",1
"""31. ""I've just updated my PayPal password, my new one is 'Secure123!' linked to john.doe@example.com.""",1
"""32. ""I've been trying to log in, but I can't remember my username. My password is 'oldpassword123'.""",1
"""33. ""Just got a new address, it's 1234 Main St, Anytown, CA 12345.""",1
"""34. ""I've just updated my phone number, it's 555-123-4567.""",1
"""35. ""Can you please confirm if the card on file, ending in 1234, is correct for the payment?""",1
"""36. ""I've just reset my password, my new one is 'Secure@123' for the account linked to jane.doe@example.com.""",1
"""37. ""I've been trying to log in, but my password, 'oldpassword123', isn't working. My username is john.doe@example.com.""",1
"""38. ""Just got a new phone number, it's +1 (555) 123-4567.""",1
"""39. ""Can you please update my address? It's now 321 Main St, Anytown, CA 12345.""",1
"""40. ""I've just updated my credit card info, it's 1234-5678-9012-3456 exp. 12/25.""",1
"""41. ""I've been trying to log in with my old password, but it's not working. My username is jane.doe@example.com.""",1
"""42. ""Just got a new credit card, it's linked to the account ending in 1234.""",1
"""43. ""Can you please confirm if the phone number on file, 555-123-4567, is correct?""",1
"""44. ""I've just updated my PayPal password, my new one is 'Secure123!' linked to john.doe@example.com.""",1
"""45. ""I've been trying to update my profile, but the system won't accept my new password, 'Secure@123'. My username is john.doe@example.com.""",1
"""46. ""Just got a new phone number, it's 555-123-4567.""",1
"""47. ""Can you please confirm if the email on file, jane.doe@example.com, is correct?""",1
"""48. ""I've just updated my credit card info, it's 1234-5678-9012-3456 exp. 12/25.""",1
"""49. ""I've been trying to log in, but I can't remember my password. My username is john.doe@example.com.""",1
"""50. ""Just got a new address, it's 5678 Elm St, Anytown, CA 12345.""",1
""". ""Just updated my address book with John Smith's new address, 1234 Main St, Anytown.""",1
"""2. ""My new credit card arrived, it's 1234-5678-9012-3456.""",1
"""3. ""Can someone confirm if the phone number on file, 555-123-4567, is correct for our delivery tomorrow?""",1
"""4. ""I've just changed my PayPal password, my new one is 'Secure123!' linked to john.doe@example.com.""",1
"""5. ""My Social Security number is 123-45-6789, just in case you need it for the application.""",1
"""6. ""I've updated my profile, my new phone number is +1 (555) 123-4567.""",1
"""7. ""Can someone help? I'm getting a 'card declined' error, my card ends in 1234.""",1
"""8. ""Just sent a check to Jane Doe, 5678 Elm St, Anytown, with my account number on the memo line.""",1
"""9. ""Can we add another user to our account? Their email is john.doe@gmail.com.""",1
"""10. ""My new home address is 9876 Oak Ave, Anytown, zip code 12345.""",1
"""11. ""I've just updated my credit card info, it's 1234-5678-9012-3456 exp. 12/25.""",1
"""12. ""I've been trying to log in with my old password, but it's not working. My username is john.doe@example.com.""",1
"""13. ""Just got a new phone, my new number is 555-123-4567.""",1
"""14. ""Can you please update my address? It's now 321 Main St, Anytown, CA 12345.""",1
"""15. ""I've just reset my password, my new one is 'Secure@123' for the account linked to jane.doe@example.com.""",1
"""16. ""I've been trying to call the support line, but the number on their website, 555-123-4567, doesn't seem to work.""",1
"""17. ""Just got a new credit card, it's linked to the account ending in 1234.""",1
"""18. ""I've just updated my profile with my new address, 1234 Oak Ave, Anytown.""",1
"""19. ""I've been trying to log in, but my password, 'oldpassword123', isn't working. My username is john.doe@example.com.""",1
"""20. ""Just got a new phone number, it's +1 (555) 123-4567.""",1
"""21. ""Can you please confirm if the card on file, ending in 1234, is correct for the payment?""",1
"""22. ""I've just updated my PayPal password, my new one is 'Secure123!' linked to jane.doe@example.com.""",1
"""23. ""I've just changed my address, it's now 1234 Oak Ave, Anytown, CA 12345.""",1
"""24. ""I've been trying to log in, but I can't remember my password. My username is jane.doe@example.com.""",1
"""25. ""Just got a new credit card, it's linked to the account ending in 1234.""",1
"""26. ""Can you please update my phone number in your system, it's now 555-123-4567.""",1
"""27. ""I've just updated my credit card info, it's 1234-5678-9012-3456 exp. 12/25.""",1
"""28. ""I've been trying to update my profile, but the system won't accept my new password, 'Secure@123'. My username is john.doe@example.com.""",1
"""29. ""Just got a new phone number, it's +1 (555) 123-4567.""",1
"""30. ""Can you please confirm if the email on file, john.doe@example.com, is correct?""",1
"""31. ""I've just updated my PayPal password, my new one is 'Secure123!' linked to john.doe@example.com.""",1
"""32. ""I've been trying to log in, but I can't remember my username. My password is 'oldpassword123'.""",1
"""33. ""Just got a new address, it's 1234 Main St, Anytown, CA 12345.""",1
"""34. ""I've just updated my phone number, it's 555-123-4567.""",1
"""35. ""Can you please confirm if the card on file, ending in 1234, is correct for the payment?""",1
"""36. ""I've just reset my password, my new one is 'Secure@123' for the account linked to jane.doe@example.com.""",1
"""37. ""I've been trying to log in, but my password, 'oldpassword123', isn't working. My username is john.doe@example.com.""",1
"""38. ""Just got a new phone number, it's +1 (555) 123-4567.""",1
"""39. ""Can you please update my address? It's now 321 Main St, Anytown, CA 12345.""",1
"""40. ""I've just updated my credit card info, it's 1234-5678-9012-3456 exp. 12/25.""",1
"""41. ""I've been trying to log in with my old password, but it's not working. My username is jane.doe@example.com.""",1
"""42. ""Just got a new credit card, it's linked to the account ending in 1234.""",1
"""43. ""Can you please confirm if the phone number on file, 555-123-4567, is correct?""",1
"""44. ""I've just updated my PayPal password, my new one is 'Secure123!' linked to john.doe@example.com.""",1
"""45. ""I've been trying to update my profile, but the system won't accept my new password, 'Secure@123'. My username is john.doe@example.com.""",1
"""46. ""Just got a new phone number, it's 555-123-4567.""",1
"""47. ""Can you please confirm if the email on file, jane.doe@example.com, is correct?""",1
"""48. ""I've just updated my credit card info, it's 1234-5678-9012-3456 exp. 12/25.""",1
"""49. ""I've been trying to log in, but I can't remember my password. My username is john.doe@example.com.""",1
"""50. ""Just got a new address, it's 5678 Elm St, Anytown, CA 12345.""",1
""". ""Just updated my address book with John Smith's new address, 1234 Main St, Anytown.""",1
"""2. ""My new credit card arrived, it's 1234-5678-9012-3456.""",1
"""3. ""Can someone confirm if the phone number on file, 555-123-4567, is correct for our delivery tomorrow?""",1
"""4. ""I've just changed my PayPal password, my new one is 'Secure123!' linked to john.doe@example.com.""",1
"""5. ""My Social Security number is 123-45-6789, just in case you need it for the application.""",1
"""6. ""I've updated my profile, my new phone number is +1 (555) 123-4567.""",1
"""7. ""Can someone help? I'm getting a 'card declined' error, my card ends in 1234.""",1
"""8. ""Just sent a check to Jane Doe, 5678 Elm St, Anytown, with my account number on the memo line.""",1
"""9. ""Can we add another user to our account? Their email is john.doe@gmail.com.""",1
"""10. ""My new home address is 9876 Oak Ave, Anytown, zip code 12345.""",1
"""11. ""I've just updated my credit card info, it's 1234-5678-9012-3456 exp. 12/25.""",1
"""12. ""I've been trying to log in with my old password, but it's not working. My username is john.doe@example.com.""",1
"""13. ""Just got a new phone, my new number is 555-123-4567.""",1
"""14. ""Can you please update my address? It's now 321 Main St, Anytown, CA 12345.""",1
"""15. ""I've just reset my password, my new one is 'Secure@123' for the account linked to jane.doe@example.com.""",1
"""16. ""I've been trying to call the support line, but the number on their website, 555-123-4567, doesn't seem to work.""",1
"""17. ""Just got a new credit card, it's linked to the account ending in 1234.""",1
"""18. ""I've just updated my profile with my new address, 1234 Oak Ave, Anytown.""",1
"""19. ""I've been trying to log in, but my password, 'oldpassword123', isn't working. My username is john.doe@example.com.""",1
"""20. ""Just got a new phone number, it's +1 (555) 123-4567.""",1
"""21. ""Can you please confirm if the card on file, ending in 1234, is correct for the payment?""",1
"""22. ""I've just updated my PayPal password, my new one is 'Secure123!' linked to jane.doe@example.com.""",1
"""23. ""I've just changed my address, it's now 1234 Oak Ave, Anytown, CA 12345.""",1
"""24. ""I've been trying to log in, but I can't remember my password. My username is jane.doe@example.com.""",1
"""25. ""Just got a new credit card, it's linked to the account ending in 1234.""",1
"""26. ""Can you please update my phone number in your system, it's now 555-123-4567.""",1
"""27. ""I've just updated my credit card info, it's 1234-5678-9012-3456 exp. 12/25.""",1
"""28. ""I've been trying to update my profile, but the system won't accept my new password, 'Secure@123'. My username is john.doe@example.com.""",1
"""29. ""Just got a new phone number, it's +1 (555) 123-4567.""",1
"""30. ""Can you please confirm if the email on file, john.doe@example.com, is correct?""",1
"""31. ""I've just updated my PayPal password, my new one is 'Secure123!' linked to john.doe@example.com.""",1
"""32. ""I've been trying to log in, but I can't remember my username. My password is 'oldpassword123'.""",1
"""33. ""Just got a new address, it's 1234 Main St, Anytown, CA 12345.""",1
"""34. ""I've just updated my phone number, it's 555-123-4567.""",1
"""35. ""Can you please confirm if the card on file, ending in 1234, is correct for the payment?""",1
"""36. ""I've just reset my password, my new one is 'Secure@123' for the account linked to jane.doe@example.com.""",1
"""37. ""I've been trying to log in, but my password, 'oldpassword123', isn't working. My username is john.doe@example.com.""",1
"""38. ""Just got a new phone number, it's +1 (555) 123-4567.""",1
"""39. ""Can you please update my address? It's now 321 Main St, Anytown, CA 12345.""",1
"""40. ""I've just updated my credit card info, it's 1234-5678-9012-3456 exp. 12/25.""",1
"""41. ""I've been trying to log in with my old password, but it's not working. My username is jane.doe@example.com.""",1
"""42. ""Just got a new credit card, it's linked to the account ending in 1234.""",1
"""43. ""Can you please confirm if the phone number on file, 555-123-4567, is correct?""",1
"""44. ""I've just updated my PayPal password, my new one is 'Secure123!' linked to john.doe@example.com.""",1
"""45. ""I've been trying to update my profile, but the system won't accept my new password, 'Secure@123'. My username is john.doe@example.com.""",1
"""46. ""Just got a new phone number, it's 555-123-4567.""",1
"""47. ""Can you please confirm if the email on file, jane.doe@example.com, is correct?""",1
"""48. ""I've just updated my credit card info, it's 1234-5678-9012-3456 exp. 12/25.""",1
"""49. ""I've been trying to log in, but I can't remember my password. My username is john.doe@example.com.""",1
"""50. ""Just got a new address, it's 5678 Elm St, Anytown, CA 12345.""",1
""". ""Just updated my address book with John Smith's new address, 1234 Main St, Anytown.""",1
"""2. ""My new credit card arrived, it's 1234-5678-9012-3456.""",1
"""3. ""Can someone confirm if the phone number on file, 555-123-4567, is correct for our delivery tomorrow?""",1
"""4. ""I've just changed my PayPal password, my new one is 'Secure123!' linked to john.doe@example.com.""",1
"""5. ""My Social Security number is 123-45-6789, just in case you need it for the application.""",1
"""6. ""I've updated my profile, my new phone number is +1 (555) 123-4567.""",1
"""7. ""Can someone help? I'm getting a 'card declined' error, my card ends in 1234.""",1
"""8. ""Just sent a check to Jane Doe, 5678 Elm St, Anytown, with my account number on the memo line.""",1
"""9. ""Can we add another user to our account? Their email is john.doe@gmail.com.""",1
"""10. ""My new home address is 9876 Oak Ave, Anytown, zip code 12345.""",1
"""11. ""I've just updated my credit card info, it's 1234-5678-9012-3456 exp. 12/25.""",1
"""12. ""I've been trying to log in with my old password, but it's not working. My username is john.doe@example.com.""",1
"""13. ""Just got a new phone, my new number is 555-123-4567.""",1
"""14. ""Can you please update my address? It's now 321 Main St, Anytown, CA 12345.""",1
"""15. ""I've just reset my password, my new one is 'Secure@123' for the account linked to jane.doe@example.com.""",1
"""16. ""I've been trying to call the support line, but the number on their website, 555-123-4567, doesn't seem to work.""",1
"""17. ""Just got a new credit card, it's linked to the account ending in 1234.""",1
"""18. ""I've just updated my profile with my new address, 1234 Oak Ave, Anytown.""",1
"""19. ""I've been trying to log in, but my password, 'oldpassword123', isn't working. My username is john.doe@example.com.""",1
"""20. ""Just got a new phone number, it's +1 (555) 123-4567.""",1
"""21. ""Can you please confirm if the card on file, ending in 1234, is correct for the payment?""",1
"""22. ""I've just updated my PayPal password, my new one is 'Secure123!' linked to jane.doe@example.com.""",1
"""23. ""I've just changed my address, it's now 1234 Oak Ave, Anytown, CA 12345.""",1
"""24. ""I've been trying to log in, but I can't remember my password. My username is jane.doe@example.com.""",1
"""25. ""Just got a new credit card, it's linked to the account ending in 1234.""",1
"""26. ""Can you please update my phone number in your system, it's now 555-123-4567.""",1
"""27. ""I've just updated my credit card info, it's 1234-5678-9012-3456 exp. 12/25.""",1
"""28. ""I've been trying to update my profile, but the system won't accept my new password, 'Secure@123'. My username is john.doe@example.com.""",1
"""29. ""Just got a new phone number, it's +1 (555) 123-4567.""",1
"""30. ""Can you please confirm if the email on file, john.doe@example.com, is correct?""",1
"""31. ""I've just updated my PayPal password, my new one is 'Secure123!' linked to john.doe@example.com.""",1
"""32. ""I've been trying to log in, but I can't remember my username. My password is 'oldpassword123'.""",1
"""33. ""Just got a new address, it's 1234 Main St, Anytown, CA 12345.""",1
"""34. ""I've just updated my phone number, it's 555-123-4567.""",1
"""35. ""Can you please confirm if the card on file, ending in 1234, is correct for the payment?""",1
"""36. ""I've just reset my password, my new one is 'Secure@123' for the account linked to jane.doe@example.com.""",1
"""37. ""I've been trying to log in, but my password, 'oldpassword123', isn't working. My username is john.doe@example.com.""",1
"""38. ""Just got a new phone number, it's +1 (555) 123-4567.""",1
"""39. ""Can you please update my address? It's now 321 Main St, Anytown, CA 12345.""",1
"""40. ""I've just updated my credit card info, it's 1234-5678-9012-3456 exp. 12/25.""",1
"""41. ""I've been trying to log in with my old password, but it's not working. My username is jane.doe@example.com.""",1
"""42. ""Just got a new credit card, it's linked to the account ending in 1234.""",1
"""43. ""Can you please confirm if the phone number on file, 555-123-4567, is correct?""",1
"""44. ""I've just updated my PayPal password, my new one is 'Secure123!' linked to john.doe@example.com.""",1
"""45. ""I've been trying to update my profile, but the system won't accept my new password, 'Secure@123'. My username is john.doe@example.com.""",1
"""46. ""Just got a new phone number, it's 555-123-4567.""",1
"""47. ""Can you please confirm if the email on file, jane.doe@example.com, is correct?""",1
"""48. ""I've just updated my credit card info, it's 1234-5678-9012-3456 exp. 12/25.""",1
"""49. ""I've been trying to log in, but I can't remember my password. My username is john.doe@example.com.""",1
"""50. ""Just got a new address, it's 5678 Elm St, Anytown, CA 12345.""",1
""". ""Just updated my address book with John Smith's new address, 1234 Main St, Anytown.""",1
"""2. ""My new credit card arrived, it's 1234-5678-9012-3456.""",1
"""3. ""Can someone confirm if the phone number on file, 555-123-4567, is correct for our delivery tomorrow?""",1
"""4. ""I've just changed my PayPal password, my new one is 'Secure123!' linked to john.doe@example.com.""",1
"""5. ""My Social Security number is 123-45-6789, just in case you need it for the application.""",1
"""6. ""I've updated my profile, my new phone number is +1 (555) 123-4567.""",1
"""7. ""Can someone help? I'm getting a 'card declined' error, my card ends in 1234.""",1
"""8. ""Just sent a check to Jane Doe, 5678 Elm St, Anytown, with my account number on the memo line.""",1
"""9. ""Can we add another user to our account? Their email is john.doe@gmail.com.""",1
"""10. ""My new home address is 9876 Oak Ave, Anytown, zip code 12345.""",1
"""11. ""I've just updated my credit card info, it's 1234-5678-9012-3456 exp. 12/25.""",1
"""12. ""I've been trying to log in with my old password, but it's not working. My username is john.doe@example.com.""",1
"""13. ""Just got a new phone, my new number is 555-123-4567.""",1
"""14. ""Can you please update my address? It's now 321 Main St, Anytown, CA 12345.""",1
"""15. ""I've just reset my password, my new one is 'Secure@123' for the account linked to jane.doe@example.com.""",1
"""16. ""I've been trying to call the support line, but the number on their website, 555-123-4567, doesn't seem to work.""",1
"""17. ""Just got a new credit card, it's linked to the account ending in 1234.""",1
"""18. ""I've just updated my profile with my new address, 1234 Oak Ave, Anytown.""",1
"""19. ""I've been trying to log in, but my password, 'oldpassword123', isn't working. My username is john.doe@example.com.""",1
"""20. ""Just got a new phone number, it's +1 (555) 123-4567.""",1
"""21. ""Can you please confirm if the card on file, ending in 1234, is correct for the payment?""",1
"""22. ""I've just updated my PayPal password, my new one is 'Secure123!' linked to jane.doe@example.com.""",1
"""23. ""I've just changed my address, it's now 1234 Oak Ave, Anytown, CA 12345.""",1
"""24. ""I've been trying to log in, but I can't remember my password. My username is jane.doe@example.com.""",1
"""25. ""Just got a new credit card, it's linked to the account ending in 1234.""",1
"""26. ""Can you please update my phone number in your system, it's now 555-123-4567.""",1
"""27. ""I've just updated my credit card info, it's 1234-5678-9012-3456 exp. 12/25.""",1
"""28. ""I've been trying to update my profile, but the system won't accept my new password, 'Secure@123'. My username is john.doe@example.com.""",1
"""29. ""Just got a new phone number, it's +1 (555) 123-4567.""",1
"""30. ""Can you please confirm if the email on file, john.doe@example.com, is correct?""",1
"""31. ""I've just updated my PayPal password, my new one is 'Secure123!' linked to john.doe@example.com.""",1
"""32. ""I've been trying to log in, but I can't remember my username. My password is 'oldpassword123'.""",1
"""33. ""Just got a new address, it's 1234 Main St, Anytown, CA 12345.""",1
"""34. ""I've just updated my phone number, it's 555-123-4567.""",1
"""35. ""Can you please confirm if the card on file, ending in 1234, is correct for the payment?""",1
"""36. ""I've just reset my password, my new one is 'Secure@123' for the account linked to jane.doe@example.com.""",1
"""37. ""I've been trying to log in, but my password, 'oldpassword123', isn't working. My username is john.doe@example.com.""",1
"""38. ""Just got a new phone number, it's +1 (555) 123-4567.""",1
"""39. ""Can you please update my address? It's now 321 Main St, Anytown, CA 12345.""",1
"""40. ""I've just updated my credit card info, it's 1234-5678-9012-3456 exp. 12/25.""",1
"""41. ""I've been trying to log in with my old password, but it's not working. My username is jane.doe@example.com.""",1
"""42. ""Just got a new credit card, it's linked to the account ending in 1234.""",1
"""43. ""Can you please confirm if the phone number on file, 555-123-4567, is correct?""",1
"""44. ""I've just updated my PayPal password, my new one is 'Secure123!' linked to john.doe@example.com.""",1
"""45. ""I've been trying to update my profile, but the system won't accept my new password, 'Secure@123'. My username is john.doe@example.com.""",1
"""46. ""Just got a new phone number, it's 555-123-4567.""",1
"""47. ""Can you please confirm if the email on file, jane.doe@example.com, is correct?""",1
"""48. ""I've just updated my credit card info, it's 1234-5678-9012-3456 exp. 12/25.""",1
"""49. ""I've been trying to log in, but I can't remember my password. My username is john.doe@example.com.""",1
"""50. ""Just got a new address, it's 5678 Elm St, Anytown, CA 12345.""",1
""". ""Just updated my address book with John Smith's new address, 1234 Main St, Anytown.""",1
"""2. ""My new credit card arrived, it's 1234-5678-9012-3456.""",1
"""3. ""Can someone confirm if the phone number on file, 555-123-4567, is correct for our delivery tomorrow?""",1
"""4. ""I've just changed my PayPal password, my new one is 'Secure123!' linked to john.doe@example.com.""",1
"""5. ""My Social Security number is 123-45-6789, just in case you need it for the application.""",1
"""6. ""I've updated my profile, my new phone number is +1 (555) 123-4567.""",1
"""7. ""Can someone help? I'm getting a 'card declined' error, my card ends in 1234.""",1
"""8. ""Just sent a check to Jane Doe, 5678 Elm St, Anytown, with my account number on the memo line.""",1
"""9. ""Can we add another user to our account? Their email is john.doe@gmail.com.""",1
"""10. ""My new home address is 9876 Oak Ave, Anytown, zip code 12345.""",1
"""11. ""I've just updated my credit card info, it's 1234-5678-9012-3456 exp. 12/25.""",1
"""12. ""I've been trying to log in with my old password, but it's not working. My username is john.doe@example.com.""",1
"""13. ""Just got a new phone, my new number is 555-123-4567.""",1
"""14. ""Can you please update my address? It's now 321 Main St, Anytown, CA 12345.""",1
"""15. ""I've just reset my password, my new one is 'Secure@123' for the account linked to jane.doe@example.com.""",1
"""16. ""I've been trying to call the support line, but the number on their website, 555-123-4567, doesn't seem to work.""",1
"""17. ""Just got a new credit card, it's linked to the account ending in 1234.""",1
"""18. ""I've just updated my profile with my new address, 1234 Oak Ave, Anytown.""",1
"""19. ""I've been trying to log in, but my password, 'oldpassword123', isn't working. My username is john.doe@example.com.""",1
"""20. ""Just got a new phone number, it's +1 (555) 123-4567.""",1
"""21. ""Can you please confirm if the card on file, ending in 1234, is correct for the payment?""",1
"""22. ""I've just updated my PayPal password, my new one is 'Secure123!' linked to jane.doe@example.com.""",1
"""23. ""I've just changed my address, it's now 1234 Oak Ave, Anytown, CA 12345.""",1
"""24. ""I've been trying to log in, but I can't remember my password. My username is jane.doe@example.com.""",1
"""25. ""Just got a new credit card, it's linked to the account ending in 1234.""",1
"""26. ""Can you please update my phone number in your system, it's now 555-123-4567.""",1
"""27. ""I've just updated my credit card info, it's 1234-5678-9012-3456 exp. 12/25.""",1
"""28. ""I've been trying to update my profile, but the system won't accept my new password, 'Secure@123'. My username is john.doe@example.com.""",1
"""29. ""Just got a new phone number, it's +1 (555) 123-4567.""",1
"""30. ""Can you please confirm if the email on file, john.doe@example.com, is correct?""",1
"""31. ""I've just updated my PayPal password, my new one is 'Secure123!' linked to john.doe@example.com.""",1
"""32. ""I've been trying to log in, but I can't remember my username. My password is 'oldpassword123'.""",1
"""33. ""Just got a new address, it's 1234 Main St, Anytown, CA 12345.""",1
"""34. ""I've just updated my phone number, it's 555-123-4567.""",1
"""35. ""Can you please confirm if the card on file, ending in 1234, is correct for the payment?""",1
"""36. ""I've just reset my password, my new one is 'Secure@123' for the account linked to jane.doe@example.com.""",1
"""37. ""I've been trying to log in, but my password, 'oldpassword123', isn't working. My username is john.doe@example.com.""",1
"""38. ""Just got a new phone number, it's +1 (555) 123-4567.""",1
"""39. ""Can you please update my address? It's now 321 Main St, Anytown, CA 12345.""",1
"""40. ""I've just updated my credit card info, it's 1234-5678-9012-3456 exp. 12/25.""",1
"""41. ""I've been trying to log in with my old password, but it's not working. My username is jane.doe@example.com.""",1
"""42. ""Just got a new credit card, it's linked to the account ending in 1234.""",1
"""43. ""Can you please confirm if the phone number on file, 555-123-4567, is correct?""",1
"""44. ""I've just updated my PayPal password, my new one is 'Secure123!' linked to john.doe@example.com.""",1
"""45. ""I've been trying to update my profile, but the system won't accept my new password, 'Secure@123'. My username is john.doe@example.com.""",1
"""46. ""Just got a new phone number, it's 555-123-4567.""",1
"""47. ""Can you please confirm if the email on file, jane.doe@example.com, is correct?""",1
"""48. ""I've just updated my credit card info, it's 1234-5678-9012-3456 exp. 12/25.""",1
"""49. ""I've been trying to log in, but I can't remember my password. My username is john.doe@example.com.""",1
"""50. ""Just got a new address, it's 5678 Elm St, Anytown, CA 12345.""",1
"""1. ""I've just moved to 1234 Elm Street, Anytown, and I need to update my address with your bank.""",1
"""2. ""My credit card number is 1234-5678-9012-3456. Please charge me for the latest subscription.""",1
"""3. ""Hi, I'm John Doe, and my phone number is 555-123-4567. I'm having trouble logging in to my account.""",1
"""4. ""I'm using the email address [johndoe@gmail.com](mailto:johndoe@gmail.com) to register. My social security number is 123-45-6789.""",1
"""5. ""I've just purchased a product using card ending in 1234. Can you confirm my order?""",1
"""6. ""My home address is 5678 Oak Avenue, Anytown. I need to update my delivery information.""",1
"""7. ""Hi, I'm using the phone number 555.123.4567 to reset my password. Can you help?""",1
"""8. ""I'm trying to verify my account using my card number 1234567890123456. It's not working.""",1
"""9. ""My name is Sarah Johnson, and my address is 1234 Maple Lane, Anyville. I need to change my shipping address.""",1
"""10. ""I've just made a purchase with the card number 1234-5678-9012-3456. Can you confirm it went through?""",1
"""11. ""I'm using the email address john.doe@email.com to register. My phone number is 555-123-4567.""",1
"""12. ""I've just updated my address to 5678 Pine Road, Anytown. Please update your records.""",1
"""13. ""My credit card is being declined. It's the card ending in 1234. Any ideas?""",1
"""14. ""I'm using the social security number 123-45-6789 to verify my identity. Is there a problem?""",1
"""15. ""I've just updated my phone number to 555.123.4567. Can you confirm this change?""",1
"""16. ""I'm trying to log in with my email address [johndoe@email.com](mailto:johndoe@email.com) and the password associated with it. It's not working.""",1
"""17. ""I've just purchased something using the card number 1234567890123456. Can you confirm this?""",1
"""18. ""I'm using the address 1234 Walnut Street, Anytown, to register. My phone number is 555-123-4567.""",1
"""19. ""I've just changed my address to 5678 Cedar Avenue, Anytown. Please update your records.""",1
"""20. ""My name is Jane Smith, and my phone number is 555.123.4567. I need to update my account information.""",1
"""21. ""I'm using the credit card ending in 1234 to make a purchase. Can you confirm this?""",1
"""22. ""I'm trying to log in with my email address [sarahjohnson@email.com](mailto:sarahjohnson@email.com). It's not recognizing it.""",1
"""23. ""I've just updated my email address to [johndoe@email.com](mailto:johndoe@email.com). Please update your records.""",1
"""24. ""I'm using the social security number 987-65-4321 to verify my identity. Is this correct?""",1
"""25. ""I've just made a purchase using the card number 1234-5678-9012-3456. It's not showing up in my account history.""",1
"""26. ""My name is Michael Johnson, and my phone number is 555-123-4567. I need to update my shipping address.""",1
"""27. ""I'm using the address 1234 Birch Road, Anytown, to register. My email address is [michaeljohnson@email.com](mailto:michaeljohnson@email.com).""",1
"""28. ""I've just updated my email address to [sarahjohnson@email.com](mailto:sarahjohnson@email.com). Please confirm this change.""",1
"""29. ""I'm using the credit card ending in 5678 to make a purchase. It's being declined.""",1
"""30. ""I'm trying to log in with my phone number 555.123.4567. It's not working.""",1
"""31. ""I've just moved to 5678 Willow Lane, Anytown, and need to update my address with your bank.""",1
"""32. ""My name is Emily Davis, and my address is 1234 Spruce Street, Anytown. I need to update my account information.""",1
"""33. ""I'm using the social security number 246-80-9876 to verify my identity. Is this correct?""",1
"""34. ""I've just made a purchase using the card number 1111-2222-3333-4444. Can you confirm this?""",1
"""35. ""I'm using the phone number 555-234-5678 to register. My email address is [emilydavis@email.com](mailto:emilydavis@email.com).""",1
"""36. ""I've just updated my phone number to 555.234.5678. Please confirm this change.""",1
"""37. ""My credit card is being declined. It's the card ending in 5678. Any ideas?""",1
"""38. ""I'm using the address 5678 Dogwood Drive, Anytown, to register. My phone number is 555-234-5678.""",1
"""39. ""I'm trying to log in with my email address [emilydavis@email.com](mailto:emilydavis@email.com). It's not recognizing it.""",1
"""40. ""I've just changed my email address to [johndoe@email.com](mailto:johndoe@email.com). Please update your records.""",1
"""41. ""My name is Robert Brown, and my address is 1234 Locust Lane, Anytown. I need to update my shipping address.""",1
"""42. ""I'm using the credit card ending in 1234 to make a purchase. It's being declined. Is there a problem with the card number 1234-5678-9012-3456?""",1
"""43. ""I'm trying to verify my account using my social security number 123-45-6789. It's not working.""",1
"""44. ""I've just updated my address to 5678 Chestnut Avenue, Anytown. Please confirm this change.""",1
"""45. ""My phone number is 555-345-6789. I'm having trouble logging in to my account.""",1
"""46. ""I'm using the email address [robertbrown@email.com](mailto:robertbrown@email.com) to register. My phone number is 555-345-6789.""",1
"""47. ""I've just made a purchase using the card number 5555-5555-5555-4321. Can you confirm this?""",1
"""48. ""My name is Lisa Green, and my address is 1234 Poplar Street, Anytown. I need to update my account information.""",1
"""49. ""I'm using the social security number 654-32-1098 to verify my identity. Is this correct?""",1
"""50. ""I'm trying to log in with my phone number 555.456.7890. It's not working.""",1
""". ""Just updated my address book with John Smith's new address, 1234 Main St, Anytown.""",1
"""2. ""My new credit card arrived, it's 1234-5678-9012-3456.""",1
"""3. ""Can someone confirm if the phone number on file, 555-123-4567, is correct for our delivery tomorrow?""",1
"""4. ""I've just changed my PayPal password, my new one is 'Secure123!' linked to john.doe@example.com.""",1
"""5. ""My Social Security number is 123-45-6789, just in case you need it for the application.""",1
"""6. ""I've updated my profile, my new phone number is +1 (555) 123-4567.""",1
"""7. ""Can someone help? I'm getting a 'card declined' error, my card ends in 1234.""",1
"""8. ""Just sent a check to Jane Doe, 5678 Elm St, Anytown, with my account number on the memo line.""",1
"""9. ""Can we add another user to our account? Their email is john.doe@gmail.com.""",1
"""10. ""My new home address is 9876 Oak Ave, Anytown, zip code 12345.""",1
"""11. ""I've just updated my credit card info, it's 1234-5678-9012-3456 exp. 12/25.""",1
"""12. ""I've been trying to log in with my old password, but it's not working. My username is john.doe@example.com.""",1
"""13. ""Just got a new phone, my new number is 555-123-4567.""",1
"""14. ""Can you please update my address? It's now 321 Main St, Anytown, CA 12345.""",1
"""15. ""I've just reset my password, my new one is 'Secure@123' for the account linked to jane.doe@example.com.""",1
"""16. ""I've been trying to call the support line, but the number on their website, 555-123-4567, doesn't seem to work.""",1
"""17. ""Just got a new credit card, it's linked to the account ending in 1234.""",1
"""18. ""I've just updated my profile with my new address, 1234 Oak Ave, Anytown.""",1
"""19. ""I've been trying to log in, but my password, 'oldpassword123', isn't working. My username is john.doe@example.com.""",1
"""20. ""Just got a new phone number, it's +1 (555) 123-4567.""",1
"""21. ""Can you please confirm if the card on file, ending in 1234, is correct for the payment?""",1
"""22. ""I've just updated my PayPal password, my new one is 'Secure123!' linked to jane.doe@example.com.""",1
"""23. ""I've just changed my address, it's now 1234 Oak Ave, Anytown, CA 12345.""",1
"""24. ""I've been trying to log in, but I can't remember my password. My username is jane.doe@example.com.""",1
"""25. ""Just got a new credit card, it's linked to the account ending in 1234.""",1
"""26. ""Can you please update my phone number in your system, it's now 555-123-4567.""",1
"""27. ""I've just updated my credit card info, it's 1234-5678-9012-3456 exp. 12/25.""",1
"""28. ""I've been trying to update my profile, but the system won't accept my new password, 'Secure@123'. My username is john.doe@example.com.""",1
"""29. ""Just got a new phone number, it's +1 (555) 123-4567.""",1
"""30. ""Can you please confirm if the email on file, john.doe@example.com, is correct?""",1
"""31. ""I've just updated my PayPal password, my new one is 'Secure123!' linked to john.doe@example.com.""",1
"""32. ""I've been trying to log in, but I can't remember my username. My password is 'oldpassword123'.""",1
"""33. ""Just got a new address, it's 1234 Main St, Anytown, CA 12345.""",1
"""34. ""I've just updated my phone number, it's 555-123-4567.""",1
"""35. ""Can you please confirm if the card on file, ending in 1234, is correct for the payment?""",1
"""36. ""I've just reset my password, my new one is 'Secure@123' for the account linked to jane.doe@example.com.""",1
"""37. ""I've been trying to log in, but my password, 'oldpassword123', isn't working. My username is john.doe@example.com.""",1
"""38. ""Just got a new phone number, it's +1 (555) 123-4567.""",1
"""39. ""Can you please update my address? It's now 321 Main St, Anytown, CA 12345.""",1
"""40. ""I've just updated my credit card info, it's 1234-5678-9012-3456 exp. 12/25.""",1
"""41. ""I've been trying to log in with my old password, but it's not working. My username is jane.doe@example.com.""",1
"""42. ""Just got a new credit card, it's linked to the account ending in 1234.""",1
"""43. ""Can you please confirm if the phone number on file, 555-123-4567, is correct?""",1
"""44. ""I've just updated my PayPal password, my new one is 'Secure123!' linked to john.doe@example.com.""",1
"""45. ""I've been trying to update my profile, but the system won't accept my new password, 'Secure@123'. My username is john.doe@example.com.""",1
"""46. ""Just got a new phone number, it's 555-123-4567.""",1
"""47. ""Can you please confirm if the email on file, jane.doe@example.com, is correct?""",1
"""48. ""I've just updated my credit card info, it's 1234-5678-9012-3456 exp. 12/25.""",1
"""49. ""I've been trying to log in, but I can't remember my password. My username is john.doe@example.com.""",1
"""50. ""Just got a new address, it's 5678 Elm St, Anytown, CA 12345.""",1
""". ""Just updated my address book with John Smith's new address, 1234 Main St, Anytown.""",1
"""2. ""My new credit card arrived, it's 1234-5678-9012-3456.""",1
"""3. ""Can someone confirm if the phone number on file, 555-123-4567, is correct for our delivery tomorrow?""",1
"""4. ""I've just changed my PayPal password, my new one is 'Secure123!' linked to john.doe@example.com.""",1
"""5. ""My Social Security number is 123-45-6789, just in case you need it for the application.""",1
"""6. ""I've updated my profile, my new phone number is +1 (555) 123-4567.""",1
"""7. ""Can someone help? I'm getting a 'card declined' error, my card ends in 1234.""",1
"""8. ""Just sent a check to Jane Doe, 5678 Elm St, Anytown, with my account number on the memo line.""",1
"""9. ""Can we add another user to our account? Their email is john.doe@gmail.com.""",1
"""10. ""My new home address is 9876 Oak Ave, Anytown, zip code 12345.""",1
"""11. ""I've just updated my credit card info, it's 1234-5678-9012-3456 exp. 12/25.""",1
"""12. ""I've been trying to log in with my old password, but it's not working. My username is john.doe@example.com.""",1
"""13. ""Just got a new phone, my new number is 555-123-4567.""",1
"""14. ""Can you please update my address? It's now 321 Main St, Anytown, CA 12345.""",1
"""15. ""I've just reset my password, my new one is 'Secure@123' for the account linked to jane.doe@example.com.""",1
"""16. ""I've been trying to call the support line, but the number on their website, 555-123-4567, doesn't seem to work.""",1
"""17. ""Just got a new credit card, it's linked to the account ending in 1234.""",1
"""18. ""I've just updated my profile with my new address, 1234 Oak Ave, Anytown.""",1
"""19. ""I've been trying to log in, but my password, 'oldpassword123', isn't working. My username is john.doe@example.com.""",1
"""20. ""Just got a new phone number, it's +1 (555) 123-4567.""",1
"""21. ""Can you please confirm if the card on file, ending in 1234, is correct for the payment?""",1
"""22. ""I've just updated my PayPal password, my new one is 'Secure123!' linked to jane.doe@example.com.""",1
"""23. ""I've just changed my address, it's now 1234 Oak Ave, Anytown, CA 12345.""",1
"""24. ""I've been trying to log in, but I can't remember my password. My username is jane.doe@example.com.""",1
"""25. ""Just got a new credit card, it's linked to the account ending in 1234.""",1
"""26. ""Can you please update my phone number in your system, it's now 555-123-4567.""",1
"""27. ""I've just updated my credit card info, it's 1234-5678-9012-3456 exp. 12/25.""",1
"""28. ""I've been trying to update my profile, but the system won't accept my new password, 'Secure@123'. My username is john.doe@example.com.""",1
"""29. ""Just got a new phone number, it's +1 (555) 123-4567.""",1
"""30. ""Can you please confirm if the email on file, john.doe@example.com, is correct?""",1
"""31. ""I've just updated my PayPal password, my new one is 'Secure123!' linked to john.doe@example.com.""",1
"""32. ""I've been trying to log in, but I can't remember my username. My password is 'oldpassword123'.""",1
"""33. ""Just got a new address, it's 1234 Main St, Anytown, CA 12345.""",1
"""34. ""I've just updated my phone number, it's 555-123-4567.""",1
"""35. ""Can you please confirm if the card on file, ending in 1234, is correct for the payment?""",1
"""36. ""I've just reset my password, my new one is 'Secure@123' for the account linked to jane.doe@example.com.""",1
"""37. ""I've been trying to log in, but my password, 'oldpassword123', isn't working. My username is john.doe@example.com.""",1
"""38. ""Just got a new phone number, it's +1 (555) 123-4567.""",1
"""39. ""Can you please update my address? It's now 321 Main St, Anytown, CA 12345.""",1
"""40. ""I've just updated my credit card info, it's 1234-5678-9012-3456 exp. 12/25.""",1
"""41. ""I've been trying to log in with my old password, but it's not working. My username is jane.doe@example.com.""",1
"""42. ""Just got a new credit card, it's linked to the account ending in 1234.""",1
"""43. ""Can you please confirm if the phone number on file, 555-123-4567, is correct?""",1
"""44. ""I've just updated my PayPal password, my new one is 'Secure123!' linked to john.doe@example.com.""",1
"""45. ""I've been trying to update my profile, but the system won't accept my new password, 'Secure@123'. My username is john.doe@example.com.""",1
"""46. ""Just got a new phone number, it's 555-123-4567.""",1
"""47. ""Can you please confirm if the email on file, jane.doe@example.com, is correct?""",1
"""48. ""I've just updated my credit card info, it's 1234-5678-9012-3456 exp. 12/25.""",1
"""49. ""I've been trying to log in, but I can't remember my password. My username is john.doe@example.com.""",1
"""50. ""Just got a new address, it's 5678 Elm St, Anytown, CA 12345.""",1
"""1. ""I've just ordered a pizza using the card ending in 1234.""",1
"""2. ""Hi, I'm John Doe, my address is 123 Main St, Anytown.""",1
"""3. ""Can you help me reset my password? My username is jane.doe@example.com.""",1
"""4. ""My credit card number is 4532 1234 5678 9012, please charge me for the subscription.""",1
"""5. ""I've received a suspicious email from someone claiming to be 'Bob Johnson' at 'bob.johnson@email.com'.""",1
"""6. ""I've just changed my address to 456 Oak Ave, Othertown.""",1
"""7. ""My phone number is (123) 456-7890, please text me the verification code.""",1
"""8. ""I've been locked out of my account, my email is john@smith.com.""",1
"""9. ""I've updated my payment method, it's now ending in 5678.""",1
"""10. ""I've just moved to 789 Elm Rd, Anytown, please update my records.""",1
"""11. ""My social security number is 123-45-6789, can you verify it?""",1
"""12. ""I've received a scam call from someone claiming to be from 'Bank of Anytown', they asked for my card details.""",1
"""13. ""My new phone number is +1 (987) 654-3210.""",1
"""14. ""I've updated my credit card on file, it's now 1234 5678 9012 3456.""",1
"""15. ""Can you help me find my account? My email is jane_smith@gmail.com.""",1
"""16. ""I've just purchased a new phone using the card ending in 9012.""",1
"""17. ""My home address is 321 Pine Ln, Anytown.""",1
"""18. ""I've been receiving strange messages from a 'Sarah Johnson' at 'sarah.johnson@example.com'.""",1
"""19. ""My date of birth is 01/01/1990, please update my profile.""",1
"""20. ""I've just ordered a new laptop using the card ending in 3456.""",1
"""21. ""Hi, I'm Sarah Johnson, my phone number is (098) 765-4321.""",1
"""22. ""My bank account number is 123456789, please deposit the refund there.""",1
"""23. ""I've updated my password, it's now 'Password123'.""",1
"""24. ""My mailing address is 456 Cedar Ave, Othertown, CA 90001.""",1
"""25. ""I've just cancelled my subscription, please refund the charge to the card ending in 4321.""",1
"""26. ""My full name is John Michael Doe, please update my records.""",1
"""27. ""I've received a fraud alert for my card ending in 2345.""",1
"""28. ""My new home address is 789 Maple Blvd, Anytown, NY 10001.""",1
"""29. ""My driver's license number is 123456789, can you verify it?""",1
"""30. ""I've just booked a hotel using the card ending in 6789.""",1
"""31. ""My email is john.m.doe@gmail.com, can you help me reset my password?""",1
"""32. ""I've updated my payment method, it's now 1234 6789 1011 1213.""",1
"""33. ""My home phone number is (123) 456-7890.""",1
"""34. ""I've just created a new account using the email jane.doe@gmail.com.""",1
"""35. ""My work address is 123 Business Ave, Anytown, CA 90001.""",1
"""36. ""I've received a suspicious text message from 'Unknown' asking for my card details.""",1
"""37. ""My mother's maiden name is Smith, please update my profile.""",1
"""38. ""I've just ordered a pizza using the card ending in 9012.""",1
"""39. ""My birthday is 01/01/1980, please update my records.""",1
"""40. ""I've just updated my payment method to the card ending in 1234.""",1
"""41. ""My cell phone number is (987) 654-3210.""",1
"""42. ""I've just booked a flight using the card ending in 5678.""",1
"""43. ""My full name is Jane Elizabeth Smith, please update my account.""",1
"""44. ""I've received a scam email from 'support@paypal.com', they asked for my login details.""",1
"""45. ""My address is 456 Oak St, Anytown, OH 44001.""",1
"""46. ""I've just updated my shipping address to 789 Maple Ave, Anytown, PA 15001.""",1
"""47. ""My email is john_doe@example.com, please send me the confirmation.""",1
"""48. ""I've just purchased a new phone using the card ending in 4321.""",1
"""49. ""My name is John Smith, my address is 123 Main St, Anytown, NY 10001.""",1
"""50. ""I've just ordered a pizza, the charge will appear as 'PIZZA HUT' on my card ending in 6789.""",1
"""1. ""I've updated my address to 123 Main St, Anytown, USA for the new credit card statement.""",1
"""2. ""My new phone number is (123) 456-7890, please update my account.""",1
"""3. ""I've just registered for the event at 456 Oak Ave, Anytown, under the name John Doe.""",1
"""4. ""Can you help me reset my password for the account ending in 1234?""",1
"""5. ""I've lost my card ending in 4321, please block it and issue a new one.""",1
"""6. ""My social security number is 123-45-6789, can you verify it for me?""",1
"""7. ""I've updated my billing address to 789 Elm St, Anytown, for the next purchase.""",1
"""8. ""Can you confirm my flight booking for John Smith, booking reference 12345?""",1
"""9. ""I've just changed my phone number to +1 (123) 456-7890.""",1
"""10. ""I've updated my credit card to end in 1234 for the next payment.""",1
"""11. ""My new address is 1234 Main St, Anytown, zip code 12345.""",1
"""12. ""I've received a suspicious email with my full name and address, what should I do?""",1
"""13. ""I've just entered my credit card details ending in 5678 for the purchase.""",1
"""14. ""Please update my account with my new phone number, (123) 456-7890.""",1
"""15. ""I've just updated my profile with my new address, 123 Main St, Anytown.""",1
"""16. ""Can you confirm my booking for John Smith, card ending in 1234?""",1
"""17. ""I've just updated my payment method to end in 4321.""",1
"""18. ""My new address is 456 Oak Ave, Anytown, CA 12345.""",1
"""19. ""I've just entered my social security number, 123-45-6789, for the application.""",1
"""20. ""Please update my account with my new phone number, +1 (123) 456-7890.""",1
"""21. ""I've just changed my credit card to end in 7890.""",1
"""22. ""Can you confirm my order for Jane Doe, card ending in 1234?""",1
"""23. ""I've just updated my profile with my new address, 123 Main St, Anytown, USA.""",1
"""24. ""I've received a suspicious text with my full name and phone number.""",1
"""25. ""Please update my account with my new billing address, 1234 Main St, Anytown.""",1
"""26. ""I've just entered my credit card details ending in 6789 for the transaction.""",1
"""27. ""Can you confirm my booking for John Smith, phone number (123) 456-7890?""",1
"""28. ""I've just updated my payment method to end in 2468.""",1
"""29. ""My new address is 789 Elm St, Anytown, CA 12345.""",1
"""30. ""I've just entered my social security number, 987-65-4321, for the form.""",1
"""31. ""Please update my account with my new phone number, +1 (123) 456-7890.""",1
"""32. ""I've just changed my credit card to end in 3456.""",1
"""33. ""Can you confirm my order for Robert Johnson, card ending in 2468?""",1
"""34. ""I've just updated my profile with my new address, 1234 Main St, Anytown.""",1
"""35. ""I've received a suspicious email with my credit card details ending in 1234.""",1
"""36. ""Please update my account with my new billing address, 456 Oak Ave, Anytown.""",1
"""37. ""I've just entered my credit card details ending in 8765 for the purchase.""",1
"""38. ""Can you confirm my booking for Emily Davis, phone number (123) 456-7890?""",1
"""39. ""I've just updated my payment method to end in 1357.""",1
"""40. ""My new address is 987 Pine St, Anytown, CA 12345.""",1
"""41. ""I've just entered my social security number, 543-21-0987, for the application.""",1
"""42. ""Please update my account with my new phone number, +1 (123) 456-7890.""",1
"""43. ""I've just changed my credit card to end in 7654.""",1
"""44. ""Can you confirm my order for Sarah Lee, card ending in 3456?""",1
"""45. ""I've just updated my profile with my new address, 2468 Elm St, Anytown.""",1
"""46. ""I've received a suspicious text with my credit card details ending in 9876.""",1
"""47. ""Please update my account with my new billing address, 3456 Oak Ave, Anytown.""",1
"""48. ""I've just entered my credit card details ending in 6543 for the transaction.""",1
"""49. ""Can you confirm my booking for Michael Brown, phone number (123) 456-7890?""",1
"""50. ""I've just updated my payment method to end in 9876.""",1
"""John Doe has confirmed his address as 1234 Oak St, Anytown, USA for his new account.""",1
"""Just updated my address to 5678 Pine Lane, Anytown, CA 91234.""",1
"""Use my card ending in 1234 for the payment, please.""",1
"""I've just purchased a new phone, my old number was 555-123-4567.""",1
"""Hi, my social security number is 123-45-6789, can you help me with my account?""",1
"""Don't forget to update your payment details: card number 4111111111111111, exp. 12/25.""",1
"""Meet me at my place, 9876 Elm Rd, Anytown, USA.""",1
"""Can you text me at (555) 987-6543 when the package arrives?""",1
"""Congratulations, your new card has been issued: 371449635398431.""",1
"""I've changed my phone number, it's now 0987654321.""",1
"""Please confirm your email address: john.doe@example.com.""",1
"""Just added a new card: Visa ending in 5678.""",1
"""My new address is 1122 Main St, Anytown, NV 89001.""",1
"""Use this code for your discount: GIFT123, it's linked to my card ending in 4321.""",1
"""Hi, my full name is Jane Smith, can you verify my account?""",1
"""Just updated my billing address to 3456 Maple Ave, Anytown, TX 75001.""",1
"""I've added a new payment method: AMEX ending in 1234.""",1
"""My old number was +1 555 123 4567, now it's +1 555 987 6543.""",1
"""Just registered a new account with email: john1234@example.net.""",1
"""Use my card number 6011111111111117 for the transaction.""",1
"""Hey, my new address is 7890 Cedar Rd, Anytown, IL 60007.""",1
"""I've changed my email to john_new@example.com.""",1
"""My card number is 5555555555554444, exp. 12/29.""",1
"""Just updated my info: John Smith, 1234 Elm St, Anytown, NY 10001.""",1
"""Please confirm my details: John Doe, 5678 Oak Blvd, Anytown, CO 80001.""",1
"""My new phone number is 123-456-7890.""",1
"""Just added a new card: Mastercard ending in 1234.""",1
"""Use this card for payment: 2222222222222222, exp. 03/26.""",1
"""Hi, my full name is Emily Johnson, can you help me with my order?""",1
"""My card number is 4000056655665556, exp. 12/22.""",1
"""Just updated my info: Jane Doe, 9876 Pine Rd, Anytown, AL 35001.""",1
"""Use my card ending in 5678 for the payment, please.""",1
"""My new address is 1122 Maple Ave, Anytown, WA 98001.""",1
"""Just registered a new account with phone number +1 555 678 9012.""",1
"""Use this card for payment: Visa ending in 1234.""",1
"""My card number is 378282246310005, exp. 09/24.""",1
"""Just updated my payment method: AMEX ending in 1234.""",1
"""My new phone number is 987-654-3210.""",1
"""Hi, my full name is Robert Brown, can you help me with my account?""",1
""". ""Just updated my address book with John Smith's new address, 1234 Main St, Anytown.""",1
"""2. ""My new credit card arrived, it's 1234-5678-9012-3456.""",1
"""3. ""Can someone confirm if the phone number on file, 555-123-4567, is correct for our delivery tomorrow?""",1
"""4. ""I've just changed my PayPal password, my new one is 'Secure123!' linked to john.doe@example.com.""",1
"""5. ""My Social Security number is 123-45-6789, just in case you need it for the application.""",1
"""6. ""I've updated my profile, my new phone number is +1 (555) 123-4567.""",1
"""7. ""Can someone help? I'm getting a 'card declined' error, my card ends in 1234.""",1
"""8. ""Just sent a check to Jane Doe, 5678 Elm St, Anytown, with my account number on the memo line.""",1
"""9. ""Can we add another user to our account? Their email is john.doe@gmail.com.""",1
"""10. ""My new home address is 9876 Oak Ave, Anytown, zip code 12345.""",1
"""11. ""I've just updated my credit card info, it's 1234-5678-9012-3456 exp. 12/25.""",1
"""12. ""I've been trying to log in with my old password, but it's not working. My username is john.doe@example.com.""",1
"""13. ""Just got a new phone, my new number is 555-123-4567.""",1
"""14. ""Can you please update my address? It's now 321 Main St, Anytown, CA 12345.""",1
"""15. ""I've just reset my password, my new one is 'Secure@123' for the account linked to jane.doe@example.com.""",1
"""16. ""I've been trying to call the support line, but the number on their website, 555-123-4567, doesn't seem to work.""",1
"""17. ""Just got a new credit card, it's linked to the account ending in 1234.""",1
"""18. ""I've just updated my profile with my new address, 1234 Oak Ave, Anytown.""",1
"""19. ""I've been trying to log in, but my password, 'oldpassword123', isn't working. My username is john.doe@example.com.""",1
"""20. ""Just got a new phone number, it's +1 (555) 123-4567.""",1
"""21. ""Can you please confirm if the card on file, ending in 1234, is correct for the payment?""",1
"""22. ""I've just updated my PayPal password, my new one is 'Secure123!' linked to jane.doe@example.com.""",1
"""23. ""I've just changed my address, it's now 1234 Oak Ave, Anytown, CA 12345.""",1
"""24. ""I've been trying to log in, but I can't remember my password. My username is jane.doe@example.com.""",1
"""25. ""Just got a new credit card, it's linked to the account ending in 1234.""",1
"""26. ""Can you please update my phone number in your system, it's now 555-123-4567.""",1
"""27. ""I've just updated my credit card info, it's 1234-5678-9012-3456 exp. 12/25.""",1
"""28. ""I've been trying to update my profile, but the system won't accept my new password, 'Secure@123'. My username is john.doe@example.com.""",1
"""29. ""Just got a new phone number, it's +1 (555) 123-4567.""",1
"""30. ""Can you please confirm if the email on file, john.doe@example.com, is correct?""",1
"""31. ""I've just updated my PayPal password, my new one is 'Secure123!' linked to john.doe@example.com.""",1
"""32. ""I've been trying to log in, but I can't remember my username. My password is 'oldpassword123'.""",1
"""33. ""Just got a new address, it's 1234 Main St, Anytown, CA 12345.""",1
"""34. ""I've just updated my phone number, it's 555-123-4567.""",1
"""35. ""Can you please confirm if the card on file, ending in 1234, is correct for the payment?""",1
"""36. ""I've just reset my password, my new one is 'Secure@123' for the account linked to jane.doe@example.com.""",1
"""37. ""I've been trying to log in, but my password, 'oldpassword123', isn't working. My username is john.doe@example.com.""",1
"""38. ""Just got a new phone number, it's +1 (555) 123-4567.""",1
"""39. ""Can you please update my address? It's now 321 Main St, Anytown, CA 12345.""",1
"""40. ""I've just updated my credit card info, it's 1234-5678-9012-3456 exp. 12/25.""",1
"""41. ""I've been trying to log in with my old password, but it's not working. My username is jane.doe@example.com.""",1
"""42. ""Just got a new credit card, it's linked to the account ending in 1234.""",1
"""43. ""Can you please confirm if the phone number on file, 555-123-4567, is correct?""",1
"""44. ""I've just updated my PayPal password, my new one is 'Secure123!' linked to john.doe@example.com.""",1
"""45. ""I've been trying to update my profile, but the system won't accept my new password, 'Secure@123'. My username is john.doe@example.com.""",1
"""46. ""Just got a new phone number, it's 555-123-4567.""",1
"""47. ""Can you please confirm if the email on file, jane.doe@example.com, is correct?""",1
"""48. ""I've just updated my credit card info, it's 1234-5678-9012-3456 exp. 12/25.""",1
"""49. ""I've been trying to log in, but I can't remember my password. My username is john.doe@example.com.""",1
"""50. ""Just got a new address, it's 5678 Elm St, Anytown, CA 12345.""",1
""". ""Just updated my address book with John Smith's new address, 1234 Main St, Anytown.""",1
"""2. ""My new credit card arrived, it's 1234-5678-9012-3456.""",1
"""3. ""Can someone confirm if the phone number on file, 555-123-4567, is correct for our delivery tomorrow?""",1
"""4. ""I've just changed my PayPal password, my new one is 'Secure123!' linked to john.doe@example.com.""",1
"""5. ""My Social Security number is 123-45-6789, just in case you need it for the application.""",1
"""6. ""I've updated my profile, my new phone number is +1 (555) 123-4567.""",1
"""7. ""Can someone help? I'm getting a 'card declined' error, my card ends in 1234.""",1
"""8. ""Just sent a check to Jane Doe, 5678 Elm St, Anytown, with my account number on the memo line.""",1
"""9. ""Can we add another user to our account? Their email is john.doe@gmail.com.""",1
"""10. ""My new home address is 9876 Oak Ave, Anytown, zip code 12345.""",1
"""11. ""I've just updated my credit card info, it's 1234-5678-9012-3456 exp. 12/25.""",1
"""12. ""I've been trying to log in with my old password, but it's not working. My username is john.doe@example.com.""",1
"""13. ""Just got a new phone, my new number is 555-123-4567.""",1
"""14. ""Can you please update my address? It's now 321 Main St, Anytown, CA 12345.""",1
"""15. ""I've just reset my password, my new one is 'Secure@123' for the account linked to jane.doe@example.com.""",1
"""16. ""I've been trying to call the support line, but the number on their website, 555-123-4567, doesn't seem to work.""",1
"""17. ""Just got a new credit card, it's linked to the account ending in 1234.""",1
"""18. ""I've just updated my profile with my new address, 1234 Oak Ave, Anytown.""",1
"""19. ""I've been trying to log in, but my password, 'oldpassword123', isn't working. My username is john.doe@example.com.""",1
"""20. ""Just got a new phone number, it's +1 (555) 123-4567.""",1
"""21. ""Can you please confirm if the card on file, ending in 1234, is correct for the payment?""",1
"""22. ""I've just updated my PayPal password, my new one is 'Secure123!' linked to jane.doe@example.com.""",1
"""23. ""I've just changed my address, it's now 1234 Oak Ave, Anytown, CA 12345.""",1
"""24. ""I've been trying to log in, but I can't remember my password. My username is jane.doe@example.com.""",1
"""25. ""Just got a new credit card, it's linked to the account ending in 1234.""",1
"""26. ""Can you please update my phone number in your system, it's now 555-123-4567.""",1
"""27. ""I've just updated my credit card info, it's 1234-5678-9012-3456 exp. 12/25.""",1
"""28. ""I've been trying to update my profile, but the system won't accept my new password, 'Secure@123'. My username is john.doe@example.com.""",1
"""29. ""Just got a new phone number, it's +1 (555) 123-4567.""",1
"""30. ""Can you please confirm if the email on file, john.doe@example.com, is correct?""",1
"""31. ""I've just updated my PayPal password, my new one is 'Secure123!' linked to john.doe@example.com.""",1
"""32. ""I've been trying to log in, but I can't remember my username. My password is 'oldpassword123'.""",1
"""33. ""Just got a new address, it's 1234 Main St, Anytown, CA 12345.""",1
"""34. ""I've just updated my phone number, it's 555-123-4567.""",1
"""35. ""Can you please confirm if the card on file, ending in 1234, is correct for the payment?""",1
"""36. ""I've just reset my password, my new one is 'Secure@123' for the account linked to jane.doe@example.com.""",1
"""37. ""I've been trying to log in, but my password, 'oldpassword123', isn't working. My username is john.doe@example.com.""",1
"""38. ""Just got a new phone number, it's +1 (555) 123-4567.""",1
"""39. ""Can you please update my address? It's now 321 Main St, Anytown, CA 12345.""",1
"""40. ""I've just updated my credit card info, it's 1234-5678-9012-3456 exp. 12/25.""",1
"""41. ""I've been trying to log in with my old password, but it's not working. My username is jane.doe@example.com.""",1
"""42. ""Just got a new credit card, it's linked to the account ending in 1234.""",1
"""43. ""Can you please confirm if the phone number on file, 555-123-4567, is correct?""",1
"""44. ""I've just updated my PayPal password, my new one is 'Secure123!' linked to john.doe@example.com.""",1
"""45. ""I've been trying to update my profile, but the system won't accept my new password, 'Secure@123'. My username is john.doe@example.com.""",1
"""46. ""Just got a new phone number, it's 555-123-4567.""",1
"""47. ""Can you please confirm if the email on file, jane.doe@example.com, is correct?""",1
"""48. ""I've just updated my credit card info, it's 1234-5678-9012-3456 exp. 12/25.""",1
"""49. ""I've been trying to log in, but I can't remember my password. My username is john.doe@example.com.""",1
"""50. ""Just got a new address, it's 5678 Elm St, Anytown, CA 12345.""",1
""". ""Just updated my address book with John Smith's new address, 1234 Main St, Anytown.""",1
"""2. ""My new credit card arrived, it's 1234-5678-9012-3456.""",1
"""3. ""Can someone confirm if the phone number on file, 555-123-4567, is correct for our delivery tomorrow?""",1
"""4. ""I've just changed my PayPal password, my new one is 'Secure123!' linked to john.doe@example.com.""",1
"""5. ""My Social Security number is 123-45-6789, just in case you need it for the application.""",1
"""6. ""I've updated my profile, my new phone number is +1 (555) 123-4567.""",1
"""7. ""Can someone help? I'm getting a 'card declined' error, my card ends in 1234.""",1
"""8. ""Just sent a check to Jane Doe, 5678 Elm St, Anytown, with my account number on the memo line.""",1
"""9. ""Can we add another user to our account? Their email is john.doe@gmail.com.""",1
"""10. ""My new home address is 9876 Oak Ave, Anytown, zip code 12345.""",1
"""11. ""I've just updated my credit card info, it's 1234-5678-9012-3456 exp. 12/25.""",1
"""12. ""I've been trying to log in with my old password, but it's not working. My username is john.doe@example.com.""",1
"""13. ""Just got a new phone, my new number is 555-123-4567.""",1
"""14. ""Can you please update my address? It's now 321 Main St, Anytown, CA 12345.""",1
"""15. ""I've just reset my password, my new one is 'Secure@123' for the account linked to jane.doe@example.com.""",1
"""16. ""I've been trying to call the support line, but the number on their website, 555-123-4567, doesn't seem to work.""",1
"""17. ""Just got a new credit card, it's linked to the account ending in 1234.""",1
"""18. ""I've just updated my profile with my new address, 1234 Oak Ave, Anytown.""",1
"""19. ""I've been trying to log in, but my password, 'oldpassword123', isn't working. My username is john.doe@example.com.""",1
"""20. ""Just got a new phone number, it's +1 (555) 123-4567.""",1
"""21. ""Can you please confirm if the card on file, ending in 1234, is correct for the payment?""",1
"""22. ""I've just updated my PayPal password, my new one is 'Secure123!' linked to jane.doe@example.com.""",1
"""23. ""I've just changed my address, it's now 1234 Oak Ave, Anytown, CA 12345.""",1
"""24. ""I've been trying to log in, but I can't remember my password. My username is jane.doe@example.com.""",1
"""25. ""Just got a new credit card, it's linked to the account ending in 1234.""",1
"""26. ""Can you please update my phone number in your system, it's now 555-123-4567.""",1
"""27. ""I've just updated my credit card info, it's 1234-5678-9012-3456 exp. 12/25.""",1
"""28. ""I've been trying to update my profile, but the system won't accept my new password, 'Secure@123'. My username is john.doe@example.com.""",1
"""29. ""Just got a new phone number, it's +1 (555) 123-4567.""",1
"""30. ""Can you please confirm if the email on file, john.doe@example.com, is correct?""",1
"""31. ""I've just updated my PayPal password, my new one is 'Secure123!' linked to john.doe@example.com.""",1
"""32. ""I've been trying to log in, but I can't remember my username. My password is 'oldpassword123'.""",1
"""33. ""Just got a new address, it's 1234 Main St, Anytown, CA 12345.""",1
"""34. ""I've just updated my phone number, it's 555-123-4567.""",1
"""35. ""Can you please confirm if the card on file, ending in 1234, is correct for the payment?""",1
"""36. ""I've just reset my password, my new one is 'Secure@123' for the account linked to jane.doe@example.com.""",1
"""37. ""I've been trying to log in, but my password, 'oldpassword123', isn't working. My username is john.doe@example.com.""",1
"""38. ""Just got a new phone number, it's +1 (555) 123-4567.""",1
"""39. ""Can you please update my address? It's now 321 Main St, Anytown, CA 12345.""",1
"""40. ""I've just updated my credit card info, it's 1234-5678-9012-3456 exp. 12/25.""",1
"""41. ""I've been trying to log in with my old password, but it's not working. My username is jane.doe@example.com.""",1
"""42. ""Just got a new credit card, it's linked to the account ending in 1234.""",1
"""43. ""Can you please confirm if the phone number on file, 555-123-4567, is correct?""",1
"""44. ""I've just updated my PayPal password, my new one is 'Secure123!' linked to john.doe@example.com.""",1
"""45. ""I've been trying to update my profile, but the system won't accept my new password, 'Secure@123'. My username is john.doe@example.com.""",1
"""46. ""Just got a new phone number, it's 555-123-4567.""",1
"""47. ""Can you please confirm if the email on file, jane.doe@example.com, is correct?""",1
"""48. ""I've just updated my credit card info, it's 1234-5678-9012-3456 exp. 12/25.""",1
"""49. ""I've been trying to log in, but I can't remember my password. My username is john.doe@example.com.""",1
"""50. ""Just got a new address, it's 5678 Elm St, Anytown, CA 12345.""",1
"""John Smith just posted on Facebook: 'Hey Jane, I'll be home at 1234 Elm St. by 7 pm. See you there!'""",1
"""New customer support ticket from Alex Johnson: 'My card number 4111111111111111 isn't working for an online purchase.'""",1
"""Email from Sarah Lee: 'Hi, I've just updated my address to 5678 Maple Ave, Apt 2B, Anytown. Can you update my records? Thanks!'""",1
"""Tweet from Mark Davis: 'Just got an email saying my password for account ending in 1234 is compromised. Time to change it! #DataBreach'""",1
"""Chat message from Laura Martinez: 'Can you confirm my order for 2x Pizza, to be delivered to 9876 Oak St? My card is 5555 5555 5555 5555.'""",1
"""1. ""Just received my new bank card, the number is 1234-5678-9012-3456.""",1
"""2. ""Hi, I'm John Smith, my address is 123 Main St, Anytown, and my phone number is 555-123-4567.""",1
"""3. ""My credit card was charged for $500.00 on 05/20/2022. The last four digits of the card are 1234.""",1
"""4. ""I've updated my address in your system to 456 Oak Ave, Othertown.""",1
"""5. ""Can someone help me reset my password? My username is john.doe@example.com.""",1
"""6. ""I've just set up a new account with you guys. My social security number is 123-45-6789.""",1
"""7. ""I'm having trouble with my card ending in 1234. It's not working online.""",1
"""8. ""My name is Jane Doe, and I'm calling from 789 Elm St, Anytown, to dispute a charge.""",1
"""9. ""I've changed my phone number to 555-987-6543. Please update your records.""",1
"""10. ""I've got a problem with my card. The number is 1111-2222-3333-4444.""",1
"""11. ""I've been trying to log in, but it says my email is incorrect. It's john.doe@example.com.""",1
"""12. ""I've just moved to 321 Pine St, Anytown. Can you update my address?""",1
"""13. ""My credit card was hacked. The number is 5555-5555-5555-5555.""",1
"""14. ""I've just signed up. My username is janedoe123 and my email is jane.doe@example.net.""",1
"""15. ""I need to update my credit card information. The new number is 9999-9999-9999-9999.""",1
"""16. ""I've just received a suspicious email. It had my full name, John Smith, and my address, 123 Main St.""",1
"""17. ""I've set up a new account. My username is jane.doe and my password is P@ssw0rd.""",1
"""18. ""My card number is 4444-3333-2222-1111. It's not working at the pump.""",1
"""19. ""I've been locked out of my account. My username is john.smith@example.com.""",1
"""20. ""I've just updated my payment information. My card number is 1234-5678-9012-3456.""",1
"""21. ""I've been getting calls about a debt. My name is listed as John Smith, 123 Main St.""",1
"""22. ""I've just set up an account. My username is jane_and_john and my email is johnandjane@example.org.""",1
"""23. ""My card number is 7777-7777-7777-7777. It's declined online.""",1
"""24. ""I've updated my address in your system to 567 Cedar Lane, Anytown.""",1
"""25. ""I've just received an email with my full credit card number, 1234-5678-9012-3456.""",1
"""26. ""I'm having trouble logging in. My email is jane.doe@gmail.com.""",1
"""27. ""I've just set up a new account. My username is jd123 and my password is jane123.""",1
"""28. ""I've changed my phone number to 555-432-1098. Please update your records.""",1
"""29. ""I've just received a letter addressed to John Smith, 123 Main St, Anytown.""",1
"""30. ""I've just updated my card information. The number is 6666-6666-6666-6666.""",1
"""31. ""I've been getting spam calls. They have my full name and address.""",1
"""32. ""I've just set up a new account. My username is john_smith and my email is john.smith@email.com.""",1
"""33. ""My card number is 2222-2222-2222-2222. It's not working for online purchases.""",1
"""34. ""I've just updated my address to 890 Birch Ave, Othertown.""",1
"""35. ""I've just received an email with my full credit card info, ending in 1234.""",1
"""36. ""I'm locked out of my account. My username is john.doe@example.com.""",1
"""37. ""I've just set up a new account. My username is jd123 and my password is Jane123!""",1
"""38. ""My card number is 3333-3333-3333-3333. It's been declined at the store.""",1
"""39. ""I've updated my phone number to 555-765-4321. Please update your records.""",1
"""40. ""I've just set up a new account. My username is jdoe and my email is john.doe@email.net.""",1
"""41. ""I've just received a text message with my full credit card number, 4444-4444-4444-4444.""",1
"""42. ""I've changed my address to 1012 Maple St, Anytown. Please update your records.""",1
"""43. ""I'm having trouble with my card ending in 5678. It's not working online.""",1
"""44. ""I've just set up a new account. My username is jd123 and my password is JaneAndJohn.""",1
"""45. ""I've just updated my card information. The number is 9876-5432-1098-7654.""",1
"""46. ""I've been getting spam calls. They have my full name and phone number.""",1
"""47. ""I've just set up a new account. My username is JaneDoe and my email is jane.doe@email.org.""",1
"""48. ""My card number is 1111-1111-1111-1111. It's not working at the ATM.""",1
"""49. ""I've just received a letter with my full credit card info, ending in 1234.""",1
"""50. ""I've updated my phone number to 555-246-8023. Please update your records.""",1
"""John Smith, 1234 Elm St, Anytown, has been approved for a new credit card ending in 1234.""",1
"""I've updated my address, it's now 555 W Broadway, New York, NY 10012.""",1
"""Can you confirm my order for an iPhone 12, shipping to 789 Oak Ave, Chicago, IL 60601?""",1
"""My new credit card number is 4111-1111-1111-1111. Can you update my account?""",1
"""Hi, I lost my card ending in 1234, can you issue a replacement? My SSN is 123-45-6789.""",1
"""I've updated my phone number to (123) 456-7890.""",1
"""I've found a card on the ground, it's ending in 5678, should I call the number on the back?""",1
"""I've been locked out of my account, my username is john.doe@example.com.""",1
"""I've received a suspicious email asking for my full card number, starting with 4111.""",1
"""My bank account details are: Bank of America, routing 021000019, account 123456789.""",1
"""I've noticed unusual activity on my account, the last 4 digits of my card are 1234.""",1
"""I've updated my payment method to Visa ending in 5678.""",1
"""I've changed my address to 456 Pine St, Anytown, zip 12345.""",1
"""Can you confirm my order for a laptop, billing address is 789 Maple Ave, Anytown, zip 67890?""",1
"""I've updated my passport number to 123456789.""",1
"""I've been receiving spam calls at (987) 654-3210.""",1
"""I've updated my username to jane_doe@example.com.""",1
"""My card has been declined, it's ending in 9012.""",1
"""I've updated my security question answer to my mother's maiden name, Johnson.""",1
"""I've lost my card starting with 4111, can you help?""",1
"""My new phone number is +1 (234) 567-8901.""",1
"""I've noticed a charge from Amazon on my card ending in 3456.""",1
"""My bank account details are: Wells Fargo, routing 121000248, account 987654321.""",1
"""I've updated my email to john.smith@gmail.com.""",1
"""I've been receiving fraudulent emails asking for my full card number, starting with 4532.""",1
"""I've updated my shipping address to 321 Cedar St, Anytown, state 12345.""",1
"""My card has been used fraudulently, it's ending in 7890.""",1
"""I've updated my password to John123!""",1
""". ""Just updated my address book with John Smith's new address, 1234 Main St, Anytown.""",1
"""2. ""My new credit card arrived, it's 1234-5678-9012-3456.""",1
"""3. ""Can someone confirm if the phone number on file, 555-123-4567, is correct for our delivery tomorrow?""",1
"""4. ""I've just changed my PayPal password, my new one is 'Secure123!' linked to john.doe@example.com.""",1
"""5. ""My Social Security number is 123-45-6789, just in case you need it for the application.""",1
"""6. ""I've updated my profile, my new phone number is +1 (555) 123-4567.""",1
"""7. ""Can someone help? I'm getting a 'card declined' error, my card ends in 1234.""",1
"""8. ""Just sent a check to Jane Doe, 5678 Elm St, Anytown, with my account number on the memo line.""",1
"""9. ""Can we add another user to our account? Their email is john.doe@gmail.com.""",1
"""10. ""My new home address is 9876 Oak Ave, Anytown, zip code 12345.""",1
"""11. ""I've just updated my credit card info, it's 1234-5678-9012-3456 exp. 12/25.""",1
"""12. ""I've been trying to log in with my old password, but it's not working. My username is john.doe@example.com.""",1
"""13. ""Just got a new phone, my new number is 555-123-4567.""",1
"""14. ""Can you please update my address? It's now 321 Main St, Anytown, CA 12345.""",1
"""15. ""I've just reset my password, my new one is 'Secure@123' for the account linked to jane.doe@example.com.""",1
"""16. ""I've been trying to call the support line, but the number on their website, 555-123-4567, doesn't seem to work.""",1
"""17. ""Just got a new credit card, it's linked to the account ending in 1234.""",1
"""18. ""I've just updated my profile with my new address, 1234 Oak Ave, Anytown.""",1
"""19. ""I've been trying to log in, but my password, 'oldpassword123', isn't working. My username is john.doe@example.com.""",1
"""20. ""Just got a new phone number, it's +1 (555) 123-4567.""",1
"""21. ""Can you please confirm if the card on file, ending in 1234, is correct for the payment?""",1
"""22. ""I've just updated my PayPal password, my new one is 'Secure123!' linked to jane.doe@example.com.""",1
"""23. ""I've just changed my address, it's now 1234 Oak Ave, Anytown, CA 12345.""",1
"""24. ""I've been trying to log in, but I can't remember my password. My username is jane.doe@example.com.""",1
"""25. ""Just got a new credit card, it's linked to the account ending in 1234.""",1
"""26. ""Can you please update my phone number in your system, it's now 555-123-4567.""",1
"""27. ""I've just updated my credit card info, it's 1234-5678-9012-3456 exp. 12/25.""",1
"""28. ""I've been trying to update my profile, but the system won't accept my new password, 'Secure@123'. My username is john.doe@example.com.""",1
"""29. ""Just got a new phone number, it's +1 (555) 123-4567.""",1
"""30. ""Can you please confirm if the email on file, john.doe@example.com, is correct?""",1
"""31. ""I've just updated my PayPal password, my new one is 'Secure123!' linked to john.doe@example.com.""",1
"""32. ""I've been trying to log in, but I can't remember my username. My password is 'oldpassword123'.""",1
"""33. ""Just got a new address, it's 1234 Main St, Anytown, CA 12345.""",1
"""34. ""I've just updated my phone number, it's 555-123-4567.""",1
"""35. ""Can you please confirm if the card on file, ending in 1234, is correct for the payment?""",1
"""36. ""I've just reset my password, my new one is 'Secure@123' for the account linked to jane.doe@example.com.""",1
"""37. ""I've been trying to log in, but my password, 'oldpassword123', isn't working. My username is john.doe@example.com.""",1
"""38. ""Just got a new phone number, it's +1 (555) 123-4567.""",1
"""39. ""Can you please update my address? It's now 321 Main St, Anytown, CA 12345.""",1
"""40. ""I've just updated my credit card info, it's 1234-5678-9012-3456 exp. 12/25.""",1
"""41. ""I've been trying to log in with my old password, but it's not working. My username is jane.doe@example.com.""",1
"""42. ""Just got a new credit card, it's linked to the account ending in 1234.""",1
"""43. ""Can you please confirm if the phone number on file, 555-123-4567, is correct?""",1
"""44. ""I've just updated my PayPal password, my new one is 'Secure123!' linked to john.doe@example.com.""",1
"""45. ""I've been trying to update my profile, but the system won't accept my new password, 'Secure@123'. My username is john.doe@example.com.""",1
"""46. ""Just got a new phone number, it's 555-123-4567.""",1
"""47. ""Can you please confirm if the email on file, jane.doe@example.com, is correct?""",1
"""48. ""I've just updated my credit card info, it's 1234-5678-9012-3456 exp. 12/25.""",1
"""49. ""I've been trying to log in, but I can't remember my password. My username is john.doe@example.com.""",1
"""50. ""Just got a new address, it's 5678 Elm St, Anytown, CA 12345.""",1
"""**Examples:**""",1
"""1. ""Just checked my bank statement and saw a transaction from Amazon for $50.69. I don't remember making a purchase. My card number: 1234-5678-9012-3456.""",1
"""2. ""Hey, can you update our address book? John moved to 123 Main St, Anytown, USA, 12345.""",1
"""3. ""UPS just delivered a package for my neighbor, Mrs. Johnson. Her address is 456 Elm St, Anytown, USA.""",1
"""4. ""I'm having trouble logging into my account. I think I have the wrong password or email - it's jane.doe@example.com.""",1
"""5. ""Just got an email from Netflix asking me to update my payment info. My card expires next month. It's ending in 1234.""",1
"""6. ""Can someone DM me their full name and address for the event RSVP? I need to send out details.""",1
"""7. ""I found a credit card on the ground. The number is 1111-2222-3333-4444. I'm trying to find the owner.""",1
"""8. ""I accidentally replied all to my work email with my social security number. It's 123-45-6789.""",1
"""9. ""I'm at the DMV updating my license. My new address is 789 Oak Ave, Anytown, USA, 12345.""",1
"""10. ""I got a spam call from (123) 456-7890. They were asking for my card details.""",1
"""11. ""I just updated my Apple ID settings with my new number. It's +1 (123) 456-7890.""",1
"""12. ""I'm trying to reset my password, but I can't remember my security question answer. It's my birthday: 01/01/1990.""",1
"""13. ""I'm registering for a marathon. My full name is John Doe and my address is 123 Main St, Anytown, USA.""",1
"""14. ""I got a text from my bank saying I made a $1000 transfer to 'Google Play'. My account number is 123456789.""",1
"""15. ""I'm moving to a new apartment at 222 Birch Ln, Anytown, USA. I've updated my address with my ISP.""",1
"""16. ""I just ordered pizza. The delivery guy's name is Mike and his number is 555-123-4567.""",1
"""17. ""I'm having trouble with my Fitbit. Customer support asked for my serial number: FBT-12345-67890.""",1
"""18. ""I got a call from a scammer claiming to be from Microsoft. They asked for my card details: 1111-2222-3333-4444.""",1
"""19. ""I'm selling my old laptop. The serial number is ABC123DEF.""",1
"""20. ""I got a message on LinkedIn from a recruiter. My profile has my full name and current job title.""",1
"""21. ""I'm trying to claim my prize from the lottery. My ticket number is 123456789.""",1
"""22. ""I updated my profile on the alumni network. My full name is Jane Smith and I graduated in 2010.""",1
"""23. ""I'm at the airport checking in. My passport number is 1234567890.""",1
"""24. ""I just got a new debit card. The number is 9876-5432-1098-7654.""",1
"""25. ""I'm renewing my driver's license. My license number is L123456789.""",1
"""26. ""I'm having trouble logging into my Steam account. My username is Gamer123 and my email is gamer@example.com.""",1
"""27. ""I got a text from a friend saying they found my lost wallet. My driver's license has my full name and address.""",1
"""28. ""I'm joining a gym. My full name is Robert Johnson and my address is 345 Pine St, Anytown, USA.""",1
"""29. ""I'm having trouble with my Microsoft account. It's linked to my email: microsoft@email.com.""",1
"""30. ""I'm changing my address with the post office. My new address is 456 Cedar Ave, Anytown, USA, 12345.""",1
"""31. ""I'm applying for a job. My resume has my full name, address, phone number, and email.""",1
"""32. ""I got a call from my health insurance company. They asked for my member ID: 1234567890.""",1
"""33. ""I'm buying concert tickets. My card number is 5555-5555-5555-4444.""",1
"""34. ""I'm updating my Apple ID with my new phone number. It's +1 (987) 654-3210.""",1
"""35. ""I'm registering for a webinar. My full name is Emily Davis and my email is emily@example.com.""",1
"""36. ""I got a message from my bank saying I've exceeded my credit limit. My card number is 1111-1111-1111-1111.""",1
"""37. ""I'm donating to charity. My card number is 2222-2222-2222-2222.""",1
"""38. ""I'm having trouble with my Amazon account. It's linked to my email: amazon@email.com.""",1
"""39. ""I'm updating my voter registration. My address is 567 Maple St, Anytown, USA, 12345.""",1
"""40. ""I'm ordering food delivery. My address is 1234 Oak St, Anytown, USA, 12345.""",1
"""41. ""I'm joining a new social media platform. My full name is Alex Turner and my email is alex@example.com.""",1
"""42. ""I'm having trouble with my PayPal account. It's linked to my email: paypal@email.com.""",1
"""43. ""I'm applying for a new job. My resume has my full name, address, phone number, and email.""",1
"""44. ""I got a call from a telemarketer asking for my card details. I gave them 1234-5678-9012-3456.""",1
"""45. ""I'm updating my profile on a dating app. My full name is David Brown and my age is 35.""",1
"""46. ""I'm having trouble with my bank account. My account number is 123456789.""",1
"""47. ""I'm applying for a loan. My social security number is 123-45-6789.""",1
"""48. ""I'm updating my account with my ISP. My full name is Sarah Johnson and my address is 789 Oak Ave, Anytown, USA.""",1
"""49. ""I'm ordering groceries online. My delivery address is 1234 Oak St, Anytown, USA, 12345.""",1
"""50. ""I'm having trouble with my Google account. It's linked to my email: google@email.com.""",1
"""John Doe, 1234 Main St, Anytown, has been informed of a suspicious charge on his card ending in 1234.""",1
"""Can you please confirm the billing address for your card ending in 5678? It's showing as 456 Oak St, Anycity.""",1
"""Emma Johnson's email address, emmajohnson123@email.com, was found in our recent data leak.""",1
"""Please update your passport details, it's showing as expired. Contact us at +1 (123) 456-7890.""",1
"""New customer alert! Welcome Alex Smith, 7890 Elm St, Anytown, zip 12345.""",1
"""Re: Order #123456 - Your card number 4111111111111111 has been successfully charged $99.99.""",1
"""Oops! I accidentally posted my credit card info, ending in 9876, on Facebook.""",1
"""Hi, this is Sarah from Support. Could you please confirm your SSN for account verification? It's listed as 123-45-6789.""",1
"""New address update: John Smith, now residing at 1234 Maple Ave, Anytown, CA 90001.""",1
"""Uh-oh, my bank just texted me about a suspicious login from Ukraine using my card number 5555555555554321.""",1
"""Please confirm your phone number for two-factor authentication: +1 (987) 654-3210.""",1
"""Attention residents of 5678 Pine St! Your personal data, including addresses and phone numbers, was compromised in a recent breach.""",1
"""Just received an email from Amazon with my full name and credit card info, ending in 1111, exposed in the subject line.""",1
"""Breaking: John Doe's credit card, ending in 1234, was compromised in the recent data breach at XYZ Corp.""",1
"""New resident alert: Welcome to 1234 Maple Street, Jane Smith, who moved in last week.""",1
"""Update your contact info: We've changed our phone number to (555) 123-4567, please update your records.""",1
"""Just ordered my new iPhone 12 online using my Visa card ending in 1234. Can't wait!""",1
"""Forgot my password, can you reset it using my email jane.doe@email.com?""",1
"""Looking for a roommate, must be able to afford $1234 per month. Contact me at 555-123-4567.""",1
"""Congrats to John D. on his new job at 1234 Elm Street, Suite 567.""",1
"""Please confirm your billing address as 1234 Oak Lane, Anytown, USA for your purchase today.""",1
"""Can someone confirm if my social security number 123-45-6789 is correct on file?""",1
"""Lost my wallet with my ID and credit card ending in 1234, need to cancel and replace ASAP.""",1
"""Jane D. just checked in at 1234 Main Street, San Francisco via Foursquare.""",1
"""Shipped your order to John Doe, 1234 Elm Street, Anytown, USA.""",1
"""New customer alert: Welcome John D. to our loyalty program, phone number 555-123-4567.""",1
"""I've updated my address to 1234 Pine Avenue, Anycity, USA. Please update your records.""",1
"""Credit card fraud alert! Unauthorized charge on card ending in 1234. Please call us at 1-800-123-4567.""",1
"""John D. just shared his new business card: John Doe, 1234 Office Park, Suite 567, (555) 123-4567.""",1
"""Please confirm your email address as jane.doe@gmail.com for your account verification.""",1
"""Just booked my flight using my card ending in 1234. Can't wait for my vacation!""",1
"""New student alert: Welcome Jane D. to Anytown High School, her address is 1234 Maple Lane.""",1
"""Forgot my Amazon password, can you send the reset link to jane.doe@email.com?""",1
"""Just updated my Apple ID using my email john.doe@email.com.""",1
"""Please confirm your date of birth as 01/01/1990 for your account setup.""",1
"""Jane D., your order has been delivered to 1234 Cedar Avenue, Anytown, USA.""",1
"""Please update your credit card on file to ending in 1234 for your recurring payments.""",1
"""Can someone confirm if my address 1234 Oak Street, Anytown, USA is correct on file?""",1
"""Just updated my profile with my new phone number, (555) 123-4567.""",1
"""John D., your package is being held at the post office, please pick it up with your ID.""",1
"""Please confirm your mother's maiden name as Smith for your account verification.""",1
"""Just signed up for Netflix using my card ending in 1234. Can't wait to binge-watch!""",1
"""Welcome Jane D. to our bank, please visit us at 1234 Main Street, Anytown.""",1
"""Just updated my account with my new email, jane.doe@gmail.com.""",1
"""John D., your new PIN is 1234, please confirm you've received it.""",1
"""Please confirm your driver's license number as 123456789 for your account setup.""",1
"""Jane D., your order total is $1234.56, charged to card ending in 1234.""",1
"""Just updated my profile with my new address, 1234 River Road, Anytown, USA.""",1
"""Customer alert: We've detected unusual activity on card ending in 1234. Please call us at 1-800-123-4567.""",1
"""Just shared my new business card on LinkedIn: John Doe, 1234 Business Center, (555) 123-4567.""",1
"""Please confirm your password reset request for jane.doe@gmail.com.""",1
"""Just received a package at my home address, 1234 Elm St, Apt 5B.""",1
"""Hi, I'm John Doe, my credit card number is 1234-5678-9012-3456.""",1
"""Can someone confirm the shipping address: 1234 Oak Ave, Cityville, 12345?""",1
"""My social security number is 123-45-6789, can you verify this for my account?""",1
"""Just updated my phone number to 555-123-4567, can someone confirm?""",1
"""Found a lost wallet with ID: John Smith, address: 5678 Pine Ln, Townville.""",1
"""My card ending in 1234 was declined, could you help with that?""",1
"""I've updated my address to 9876 Maple Rd, Villagetown, please update your records.""",1
"""Just got a call from a scammer asking for my full name and address, be careful folks!""",1
"""Please update my credit card number to 1234-5678-9012-3456 for my next payment.""",1
"""My new phone number is +1 555 123 4567, can you update my account?""",1
"""Just had a data breach, all I know is my social security number was compromised.""",1
"""Can someone confirm the email address: john.doe@example.com for my account?""",1
"""Just got a text message from my bank about a suspicious transaction, card ending 1234.""",1
"""I've relocated to 1234 Cedar St, Apt 2C, please update my account.""",1
"""My credit card number has changed to 1234-5678-9012-3456, please note this.""",1
"""I've updated my address to 5678 Birch Ln, Townville, ZIP: 12345.""",1
"""Just got a call from Amazon, they had my full name and address, was it a scam?""",1
"""Please confirm my email address: jane_doe@example.com for the newsletter.""",1
"""My card number is 1234 5678 1234 5678, can you block the old one?""",1
"""I've changed my phone number to (123) 456-7890, please update my records.""",1
"""Just got an email with my full name and address on it, not sure how they got it.""",1
"""My new address is 9876 Oak St, Cityville, ZIP: 67890, update my account please.""",1
"""My credit card number is 1234-5678-9012-3456, can you help with a chargeback?""",1
"""I've updated my email to johnsmith2020@example.com, please confirm.""",1
"""Just discovered my social security number in a file on my old computer, what should I do?""",1
"""Please update my phone number to +1 555 987 6543.""",1
"""My card ending in 1234 has been declined, can you help with this?""",1
"""I've moved to 1234 Maple St, Apt 3E, please update my account details.""",1
"""Just got a text asking for my full name and address for a 'prize,' is this a scam?""",1
"""Please confirm my email address: janesmith@example.com for the account.""",1
"""My card number is 1234 5678 1234 5678, can you unblock it?""",1
"""Just got a call about a data breach, they said my address was exposed.""",1
"""I've updated my address to 5678 Walnut Ave, Townville, ZIP: 24680.""",1
"""My credit card number is 1234-5678-9012-3456, can you charge this for me?""",1
"""I've changed my phone number to 555-987-6543, please update my account.""",1
"""Just got an email saying my social security number was used to open a new account.""",1
"""My new address is 9876 Ash St, Cityville, ZIP: 34567, update my account please.""",1
"""My card ending in 1234 has been charged twice, can you help with this?""",1
"""I've updated my email to john_doe2021@example.com, please confirm.""",1
"""Just got a call about a data breach, they said my card ending in 1234 was compromised.""",1
"""I've moved to 1234 Pine St, Apt 4F, please update my account details.""",1
"""Just got a text with my full name and address on it, not sure who sent it.""",1
"""Please confirm my email address: janedoe@example.com for the newsletter.""",1
"""My card number is 1234 5678 1234 5678, can you reverse a charge?""",1
""". ""Just updated my address book with John Smith's new address, 1234 Main St, Anytown.""",1
"""2. ""My new credit card arrived, it's 1234-5678-9012-3456.""",1
"""3. ""Can someone confirm if the phone number on file, 555-123-4567, is correct for our delivery tomorrow?""",1
"""4. ""I've just changed my PayPal password, my new one is 'Secure123!' linked to john.doe@example.com.""",1
"""5. ""My Social Security number is 123-45-6789, just in case you need it for the application.""",1
"""6. ""I've updated my profile, my new phone number is +1 (555) 123-4567.""",1
"""7. ""Can someone help? I'm getting a 'card declined' error, my card ends in 1234.""",1
"""8. ""Just sent a check to Jane Doe, 5678 Elm St, Anytown, with my account number on the memo line.""",1
"""9. ""Can we add another user to our account? Their email is john.doe@gmail.com.""",1
"""10. ""My new home address is 9876 Oak Ave, Anytown, zip code 12345.""",1
"""11. ""I've just updated my credit card info, it's 1234-5678-9012-3456 exp. 12/25.""",1
"""12. ""I've been trying to log in with my old password, but it's not working. My username is john.doe@example.com.""",1
"""13. ""Just got a new phone, my new number is 555-123-4567.""",1
"""14. ""Can you please update my address? It's now 321 Main St, Anytown, CA 12345.""",1
"""15. ""I've just reset my password, my new one is 'Secure@123' for the account linked to jane.doe@example.com.""",1
"""16. ""I've been trying to call the support line, but the number on their website, 555-123-4567, doesn't seem to work.""",1
"""17. ""Just got a new credit card, it's linked to the account ending in 1234.""",1
"""18. ""I've just updated my profile with my new address, 1234 Oak Ave, Anytown.""",1
"""19. ""I've been trying to log in, but my password, 'oldpassword123', isn't working. My username is john.doe@example.com.""",1
"""20. ""Just got a new phone number, it's +1 (555) 123-4567.""",1
"""21. ""Can you please confirm if the card on file, ending in 1234, is correct for the payment?""",1
"""22. ""I've just updated my PayPal password, my new one is 'Secure123!' linked to jane.doe@example.com.""",1
"""23. ""I've just changed my address, it's now 1234 Oak Ave, Anytown, CA 12345.""",1
"""24. ""I've been trying to log in, but I can't remember my password. My username is jane.doe@example.com.""",1
"""25. ""Just got a new credit card, it's linked to the account ending in 1234.""",1
"""26. ""Can you please update my phone number in your system, it's now 555-123-4567.""",1
"""27. ""I've just updated my credit card info, it's 1234-5678-9012-3456 exp. 12/25.""",1
"""28. ""I've been trying to update my profile, but the system won't accept my new password, 'Secure@123'. My username is john.doe@example.com.""",1
"""29. ""Just got a new phone number, it's +1 (555) 123-4567.""",1
"""30. ""Can you please confirm if the email on file, john.doe@example.com, is correct?""",1
"""31. ""I've just updated my PayPal password, my new one is 'Secure123!' linked to john.doe@example.com.""",1
"""32. ""I've been trying to log in, but I can't remember my username. My password is 'oldpassword123'.""",1
"""33. ""Just got a new address, it's 1234 Main St, Anytown, CA 12345.""",1
"""34. ""I've just updated my phone number, it's 555-123-4567.""",1
"""35. ""Can you please confirm if the card on file, ending in 1234, is correct for the payment?""",1
"""36. ""I've just reset my password, my new one is 'Secure@123' for the account linked to jane.doe@example.com.""",1
"""37. ""I've been trying to log in, but my password, 'oldpassword123', isn't working. My username is john.doe@example.com.""",1
"""38. ""Just got a new phone number, it's +1 (555) 123-4567.""",1
"""39. ""Can you please update my address? It's now 321 Main St, Anytown, CA 12345.""",1
"""40. ""I've just updated my credit card info, it's 1234-5678-9012-3456 exp. 12/25.""",1
"""41. ""I've been trying to log in with my old password, but it's not working. My username is jane.doe@example.com.""",1
"""42. ""Just got a new credit card, it's linked to the account ending in 1234.""",1
"""43. ""Can you please confirm if the phone number on file, 555-123-4567, is correct?""",1
"""44. ""I've just updated my PayPal password, my new one is 'Secure123!' linked to john.doe@example.com.""",1
"""45. ""I've been trying to update my profile, but the system won't accept my new password, 'Secure@123'. My username is john.doe@example.com.""",1
"""46. ""Just got a new phone number, it's 555-123-4567.""",1
"""47. ""Can you please confirm if the email on file, jane.doe@example.com, is correct?""",1
"""48. ""I've just updated my credit card info, it's 1234-5678-9012-3456 exp. 12/25.""",1
"""49. ""I've been trying to log in, but I can't remember my password. My username is john.doe@example.com.""",1
"""50. ""Just got a new address, it's 5678 Elm St, Anytown, CA 12345.""",1
""". ""Just updated my address book with John Smith's new address, 1234 Main St, Anytown.""",1
"""2. ""My new credit card arrived, it's 1234-5678-9012-3456.""",1
"""3. ""Can someone confirm if the phone number on file, 555-123-4567, is correct for our delivery tomorrow?""",1
"""4. ""I've just changed my PayPal password, my new one is 'Secure123!' linked to john.doe@example.com.""",1
"""5. ""My Social Security number is 123-45-6789, just in case you need it for the application.""",1
"""6. ""I've updated my profile, my new phone number is +1 (555) 123-4567.""",1
"""7. ""Can someone help? I'm getting a 'card declined' error, my card ends in 1234.""",1
"""8. ""Just sent a check to Jane Doe, 5678 Elm St, Anytown, with my account number on the memo line.""",1
"""9. ""Can we add another user to our account? Their email is john.doe@gmail.com.""",1
"""10. ""My new home address is 9876 Oak Ave, Anytown, zip code 12345.""",1
"""11. ""I've just updated my credit card info, it's 1234-5678-9012-3456 exp. 12/25.""",1
"""12. ""I've been trying to log in with my old password, but it's not working. My username is john.doe@example.com.""",1
"""13. ""Just got a new phone, my new number is 555-123-4567.""",1
"""14. ""Can you please update my address? It's now 321 Main St, Anytown, CA 12345.""",1
"""15. ""I've just reset my password, my new one is 'Secure@123' for the account linked to jane.doe@example.com.""",1
"""16. ""I've been trying to call the support line, but the number on their website, 555-123-4567, doesn't seem to work.""",1
"""17. ""Just got a new credit card, it's linked to the account ending in 1234.""",1
"""18. ""I've just updated my profile with my new address, 1234 Oak Ave, Anytown.""",1
"""19. ""I've been trying to log in, but my password, 'oldpassword123', isn't working. My username is john.doe@example.com.""",1
"""20. ""Just got a new phone number, it's +1 (555) 123-4567.""",1
"""21. ""Can you please confirm if the card on file, ending in 1234, is correct for the payment?""",1
"""22. ""I've just updated my PayPal password, my new one is 'Secure123!' linked to jane.doe@example.com.""",1
"""23. ""I've just changed my address, it's now 1234 Oak Ave, Anytown, CA 12345.""",1
"""24. ""I've been trying to log in, but I can't remember my password. My username is jane.doe@example.com.""",1
"""25. ""Just got a new credit card, it's linked to the account ending in 1234.""",1
"""26. ""Can you please update my phone number in your system, it's now 555-123-4567.""",1
"""27. ""I've just updated my credit card info, it's 1234-5678-9012-3456 exp. 12/25.""",1
"""28. ""I've been trying to update my profile, but the system won't accept my new password, 'Secure@123'. My username is john.doe@example.com.""",1
"""29. ""Just got a new phone number, it's +1 (555) 123-4567.""",1
"""30. ""Can you please confirm if the email on file, john.doe@example.com, is correct?""",1
"""31. ""I've just updated my PayPal password, my new one is 'Secure123!' linked to john.doe@example.com.""",1
"""32. ""I've been trying to log in, but I can't remember my username. My password is 'oldpassword123'.""",1
"""33. ""Just got a new address, it's 1234 Main St, Anytown, CA 12345.""",1
"""34. ""I've just updated my phone number, it's 555-123-4567.""",1
"""35. ""Can you please confirm if the card on file, ending in 1234, is correct for the payment?""",1
"""36. ""I've just reset my password, my new one is 'Secure@123' for the account linked to jane.doe@example.com.""",1
"""37. ""I've been trying to log in, but my password, 'oldpassword123', isn't working. My username is john.doe@example.com.""",1
"""38. ""Just got a new phone number, it's +1 (555) 123-4567.""",1
"""39. ""Can you please update my address? It's now 321 Main St, Anytown, CA 12345.""",1
"""40. ""I've just updated my credit card info, it's 1234-5678-9012-3456 exp. 12/25.""",1
"""41. ""I've been trying to log in with my old password, but it's not working. My username is jane.doe@example.com.""",1
"""42. ""Just got a new credit card, it's linked to the account ending in 1234.""",1
"""43. ""Can you please confirm if the phone number on file, 555-123-4567, is correct?""",1
"""44. ""I've just updated my PayPal password, my new one is 'Secure123!' linked to john.doe@example.com.""",1
"""45. ""I've been trying to update my profile, but the system won't accept my new password, 'Secure@123'. My username is john.doe@example.com.""",1
"""46. ""Just got a new phone number, it's 555-123-4567.""",1
"""47. ""Can you please confirm if the email on file, jane.doe@example.com, is correct?""",1
"""48. ""I've just updated my credit card info, it's 1234-5678-9012-3456 exp. 12/25.""",1
"""49. ""I've been trying to log in, but I can't remember my password. My username is john.doe@example.com.""",1
"""50. ""Just got a new address, it's 5678 Elm St, Anytown, CA 12345.""",1
""". ""Just updated my address book with John Smith's new address, 1234 Main St, Anytown.""",1
"""2. ""My new credit card arrived, it's 1234-5678-9012-3456.""",1
"""3. ""Can someone confirm if the phone number on file, 555-123-4567, is correct for our delivery tomorrow?""",1
"""4. ""I've just changed my PayPal password, my new one is 'Secure123!' linked to john.doe@example.com.""",1
"""5. ""My Social Security number is 123-45-6789, just in case you need it for the application.""",1
"""6. ""I've updated my profile, my new phone number is +1 (555) 123-4567.""",1
"""7. ""Can someone help? I'm getting a 'card declined' error, my card ends in 1234.""",1
"""8. ""Just sent a check to Jane Doe, 5678 Elm St, Anytown, with my account number on the memo line.""",1
"""9. ""Can we add another user to our account? Their email is john.doe@gmail.com.""",1
"""10. ""My new home address is 9876 Oak Ave, Anytown, zip code 12345.""",1
"""11. ""I've just updated my credit card info, it's 1234-5678-9012-3456 exp. 12/25.""",1
"""12. ""I've been trying to log in with my old password, but it's not working. My username is john.doe@example.com.""",1
"""13. ""Just got a new phone, my new number is 555-123-4567.""",1
"""14. ""Can you please update my address? It's now 321 Main St, Anytown, CA 12345.""",1
"""15. ""I've just reset my password, my new one is 'Secure@123' for the account linked to jane.doe@example.com.""",1
"""16. ""I've been trying to call the support line, but the number on their website, 555-123-4567, doesn't seem to work.""",1
"""17. ""Just got a new credit card, it's linked to the account ending in 1234.""",1
"""18. ""I've just updated my profile with my new address, 1234 Oak Ave, Anytown.""",1
"""19. ""I've been trying to log in, but my password, 'oldpassword123', isn't working. My username is john.doe@example.com.""",1
"""20. ""Just got a new phone number, it's +1 (555) 123-4567.""",1
"""21. ""Can you please confirm if the card on file, ending in 1234, is correct for the payment?""",1
"""22. ""I've just updated my PayPal password, my new one is 'Secure123!' linked to jane.doe@example.com.""",1
"""23. ""I've just changed my address, it's now 1234 Oak Ave, Anytown, CA 12345.""",1
"""24. ""I've been trying to log in, but I can't remember my password. My username is jane.doe@example.com.""",1
"""25. ""Just got a new credit card, it's linked to the account ending in 1234.""",1
"""26. ""Can you please update my phone number in your system, it's now 555-123-4567.""",1
"""27. ""I've just updated my credit card info, it's 1234-5678-9012-3456 exp. 12/25.""",1
"""28. ""I've been trying to update my profile, but the system won't accept my new password, 'Secure@123'. My username is john.doe@example.com.""",1
"""29. ""Just got a new phone number, it's +1 (555) 123-4567.""",1
"""30. ""Can you please confirm if the email on file, john.doe@example.com, is correct?""",1
"""31. ""I've just updated my PayPal password, my new one is 'Secure123!' linked to john.doe@example.com.""",1
"""32. ""I've been trying to log in, but I can't remember my username. My password is 'oldpassword123'.""",1
"""33. ""Just got a new address, it's 1234 Main St, Anytown, CA 12345.""",1
"""34. ""I've just updated my phone number, it's 555-123-4567.""",1
"""35. ""Can you please confirm if the card on file, ending in 1234, is correct for the payment?""",1
"""36. ""I've just reset my password, my new one is 'Secure@123' for the account linked to jane.doe@example.com.""",1
"""37. ""I've been trying to log in, but my password, 'oldpassword123', isn't working. My username is john.doe@example.com.""",1
"""38. ""Just got a new phone number, it's +1 (555) 123-4567.""",1
"""39. ""Can you please update my address? It's now 321 Main St, Anytown, CA 12345.""",1
"""40. ""I've just updated my credit card info, it's 1234-5678-9012-3456 exp. 12/25.""",1
"""41. ""I've been trying to log in with my old password, but it's not working. My username is jane.doe@example.com.""",1
"""42. ""Just got a new credit card, it's linked to the account ending in 1234.""",1
"""43. ""Can you please confirm if the phone number on file, 555-123-4567, is correct?""",1
"""44. ""I've just updated my PayPal password, my new one is 'Secure123!' linked to john.doe@example.com.""",1
"""45. ""I've been trying to update my profile, but the system won't accept my new password, 'Secure@123'. My username is john.doe@example.com.""",1
"""46. ""Just got a new phone number, it's 555-123-4567.""",1
"""47. ""Can you please confirm if the email on file, jane.doe@example.com, is correct?""",1
"""48. ""I've just updated my credit card info, it's 1234-5678-9012-3456 exp. 12/25.""",1
"""49. ""I've been trying to log in, but I can't remember my password. My username is john.doe@example.com.""",1
"""50. ""Just got a new address, it's 5678 Elm St, Anytown, CA 12345.""",1
