text,label
"""1. ""Surely you can't support a candidate who's had so many scandals, right?""",leading
"""2. ""Don't you think it's time we held big corporations accountable?""",leading
"""3. ""Given the environmental impact, would you still choose this product?""",leading
"""4. ""Isn't it true that you were the last person to see the victim alive?""",leading
"""5. ""Don't you want to make a difference in the world with your purchase?""",leading
"""6. ""Wouldn't it be great if we could all agree on this controversial topic?""",leading
"""7. ""Isn't honesty the best policy, even in small lies?""",leading
"""8. ""Considering the low crime rate in this neighborhood, don't you feel safe here?""",leading
"""9. ""Don't you think it's irresponsible to not vaccinate your children?""",leading
"""10. ""Wouldn't you prefer a company that values sustainability?""",leading
"""11. ""Isn't it a bit selfish to only think about your own interests?""",leading
"""12. ""Given the majority's opinion, don't you think you're in the minority here?""",leading
"""13. ""Don't you think it's time to move on from these outdated technologies?""",leading
"""14. ""Isn't it true that you and the victim had a heated argument the night before?""",leading
"""15. ""Wouldn't you rather have a service that's quick and reliable?""",leading
"""16. ""Don't you believe that stricter laws would deter crime?""",leading
"""17. ""Isn't it in the best interest of the team to make this change?""",leading
"""18. ""Considering the limited budget, don't you think we should prioritize this project?""",leading
"""19. ""Wouldn't you want a doctor who's been practicing for decades?""",leading
"""20. ""Isn't it true that you've been struggling financially lately?""",leading
"""21. ""Don't you think it's important to support local businesses?""",leading
"""22. ""Given the high success rate, wouldn't you take this opportunity?""",leading
"""23. ""Isn't it a bit unethical to profit from this situation?""",leading
"""24. ""Don't you think it's unfair to expect us to work overtime without extra pay?""",leading
"""25. ""Wouldn't you rather have a partner who's loyal and dedicated?""",leading
"""26. ""Isn't it time we re-evaluated our stance on this issue?""",leading
"""27. ""Don't you think it's dangerous to live in such a remote area?""",leading
"""28. ""Given the popularity of this product, wouldn't you like to try it?""",leading
"""29. ""Isn't it true that you've been seen with the suspect before?""",leading
"""30. ""Don't you think it's reckless to drive without insurance?""",leading
"""31. ""Wouldn't you prefer a plan that's easy to understand and follow?""",leading
"""32. ""Isn't it a bit hypocritical to criticize others when you've done the same?""",leading
"""33. ""Don't you think it's wise to diversify your investment portfolio?""",leading
"""34. ""Given the tight deadline, don't you think we should work together on this?""",leading
"""35. ""Isn't it true that you've been having some personal problems recently?""",leading
"""36. ""Wouldn't you want a politician who's honest and transparent?""",leading
"""37. ""Don't you think it's important to consider all sides of the argument?""",leading
"""38. ""Isn't it true that you've been late to work several times this month?""",leading
"""39. ""Considering the high stakes, don't you think we should proceed carefully?""",leading
"""40. ""Wouldn't you want a service that's personalized to your needs?""",leading
"""41. ""Isn't it a bit contradictory to advocate for peace while carrying a weapon?""",leading
"""42. ""Don't you think it's time to face the facts about this situation?""",leading
"""43. ""Given the low price, wouldn't you consider this a good deal?""",leading
"""44. ""Isn't it true that you've been spending more time with the new employee?""",leading
"""45. ""Wouldn't you prefer a job that offers growth and advancement opportunities?""",leading
"""46. ""Don't you think it's irresponsible to leave your children home alone?""",leading
"""47. ""Isn't it a bit naive to believe that things will change without action?""",leading
"""48. ""Given the limited resources, wouldn't you agree that we should prioritize?""",leading
"""49. ""Wouldn't you want a partner who's supportive and understanding?""",leading
"""50. ""Don't you think it's time we had a serious conversation about this?""",leading
"""Wouldn't you say that the current administration has handled the economy rather poorly?""",leading
"""Given the environmental impact, shouldn't we consider stricter regulations?""",leading
"""Are you still eating meat, despite the health concerns?""",leading
"""Isn't it true that you were at the scene of the crime last night?""",leading
"""Do you find it acceptable that companies are not paying their fair share of taxes?""",leading
"""Don't you think it's irresponsible to drive a car that pollutes so much?""",leading
"""Given the evidence presented, how could one not believe in climate change?""",leading
"""Are you comfortable with the amount of data tech companies collect on us?""",leading
"""Don't you think it's time we re-evaluate our stance on immigration?""",leading
"""Isn't it fair to say that your actions led to the accident?""",leading
"""Given the success of our competitors, don't you think we should consider their strategies?""",leading
"""Do you still support the use of fossil fuels, despite the cleaner alternatives?""",leading
"""Don't you find it hypocritical to advocate for animal rights while eating meat?""",leading
"""Would you say that your actions were reckless, given the circumstances?""",leading
"""Given the high crime rate here, shouldn't we support more police funding?""",leading
"""Are you not convinced by the scientific consensus on vaccines?""",leading
"""Don't you think it's time we had a serious conversation about gun control?""",leading
"""Is it not true that you've had financial difficulties recently?""",leading
"""Given the popularity of this product, wouldn't you like to try it?""",leading
"""Don't you think it's about time we update our outdated laws?""",leading
"""Isn't it safe to say that you were under the influence last night?""",leading
"""Given the current situation, wouldn't you agree that change is needed?""",leading
"""Don't you feel guilty about contributing to fast fashion?""",leading
"""Isn't it true that you've been seen with the suspect before?""",leading
"""Given the rising prices, wouldn't you like to switch to our budget-friendly plan?""",leading
"""Don't you think it's unethical to test on animals?""",leading
"""Are you not aware of the environmental benefits of recycling?""",leading
"""Given the seriousness of the allegation, wouldn't you like to explain your actions?""",leading
"""Don't you find it concerning that your friend has been acting strangely?""",leading
"""Isn't it time we addressed the lack of diversity in our company?""",leading
"""Given the potential risks, wouldn't you like to upgrade to our premium service?""",leading
"""Don't you think it's irresponsible to text and drive?""",leading
"""Isn't it fair to say that you've been neglecting your duties lately?""",leading
"""Given the positive reviews, wouldn't you like to book a stay with us?""",leading
"""Don't you feel that your actions have let the team down?""",leading
"""Is it not true that you've been having financial struggles?""",leading
"""Given the limited time, wouldn't you like to order online?""",leading
"""Don't you think it's important to support local businesses?""",leading
"""Isn't it safe to say that you've been driving recklessly?""",leading
"""Given the high demand, wouldn't you like to reserve your spot now?""",leading
"""Don't you find it offensive when people make fun of your accent?""",leading
"""Isn't it true that you've been working longer hours recently?""",leading
"""Given the competitive market, wouldn't you like to try our product for free?""",leading
"""Don't you think it's unhealthy to spend so much time alone?""",leading
"""Isn't it true that you've been having marital problems?""",leading
"""1. ""In your opinion, isn't it high time we implemented stricter gun control laws?""",leading
"""2. ""Given the current administration's track record, should we really trust their handling of the economy?""",leading
"""3. ""You wouldn't want to be seen supporting a company with such poor environmental practices, would you?""",leading
"""4. ""Considering the countless lives saved, how could anyone oppose vaccines?""",leading
"""5. ""Don't you think it's irresponsible to keep driving such an old, fuel-inefficient car?""",leading
"""6. ""Given the evidence, can you still doubt that climate change is real and caused by humans?""",leading
"""7. ""Isn't it about time we held big tech companies accountable for their data privacy practices?""",leading
"""8. ""Wouldn't you agree that the death penalty is a barbaric and outdated punishment?""",leading
"""9. ""Given the success of our competitors, don't you think we should consider switching to renewable energy?""",leading
"""10. ""How could anyone not love our new product line? It's a game-changer, isn't it?""",leading
"""11. ""Considering the dire situation of our planet, how can we justify continuing to use single-use plastics?""",leading
"""12. ""Don't you think it's unfair that he got the promotion over you, given your superior qualifications?""",leading
"""13. ""Given the polls, it's clear who's leading the race. Who do you think will win?""",leading
"""14. ""Wouldn't your life be easier if you switched to our smart home system?""",leading
"""15. ""Considering the safety concerns, don't you think we should ban e-scooters in the city center?""",leading
"""16. ""How could anyone not be moved by the heartbreaking stories of refugees at our borders?""",leading
"""17. ""Given the rise in popularity of plant-based diets, wouldn't you consider trying one yourself?""",leading
"""18. ""Don't you think it's time we asked our representatives to support stricter campaign finance laws?""",leading
"""19. ""Considering the high success rate, wouldn't you like to try our new weight loss program?""",leading
"""20. ""Isn't it about time we held social media platforms accountable for the spread of misinformation?""",leading
"""21. ""Given the evidence, can you still support a politician who has been accused of corruption?""",leading
"""22. ""Wouldn't you prefer a travel company that prioritizes sustainable tourism?""",leading
"""23. ""Considering the health risks, don't you think we should tax sugary drinks?""",leading
"""24. ""Isn't it refreshing to finally have a leader who tells it like it is?""",leading
"""25. ""Given the economic benefits, wouldn't you support the construction of a new pipeline?""",leading
"""26. ""How could anyone not be impressed by our company's innovative new product?""",leading
"""27. ""Considering the environmental impact, wouldn't you like to switch to our eco-friendly cleaning supplies?""",leading
"""28. ""Don't you think it's wrong that he was fired for being a whistleblower?""",leading
"""29. ""Given the positive reviews, wouldn't you like to book a stay at our hotel chain?""",leading
"""30. ""Isn't it time we started holding tech companies responsible for their role in social media addiction?""",leading
"""31. ""Considering the safety concerns, wouldn't you agree that we should ban autonomous weapons?""",leading
"""32. ""How could anyone not love our new clothing line? It's perfect for every occasion!""",leading
"""33. ""Given the compelling evidence, don't you think we should support the proposed carbon tax?""",leading
"""34. ""Wouldn't you prefer a streaming service that offers ad-free viewing?""",leading
"""35. ""Considering the benefits, don't you think we should invest in public transportation?""",leading
"""36. ""Isn't it about time we held pharmaceutical companies accountable for their role in the opioid crisis?""",leading
"""37. ""Given the success of other countries, shouldn't we consider implementing a universal healthcare system?""",leading
"""38. ""How could anyone not be excited about our new sports team's prospects this season?""",leading
"""39. ""Considering the ethical implications, wouldn't you support a ban on AI-powered surveillance systems?""",leading
"""40. ""Don't you think it's irresponsible to keep investing in fossil fuel companies?""",leading
"""41. ""Given the evidence, can you still support a politician who has openly embraced conspiracy theories?""",leading
"""42. ""Wouldn't you prefer a smartphone with a longer battery life?""",leading
"""43. ""Considering the mental health benefits, wouldn't you like to try our new mindfulness app?""",leading
"""44. ""Isn't it refreshing to finally have a politician who listens to the people?""",leading
"""45. ""Given the economic impact, wouldn't you support the construction of a new highway?""",leading
"""46. ""How could anyone not be impressed by our company's commitment to diversity and inclusion?""",leading
"""47. ""Considering the environmental impact, wouldn't you like to switch to a plant-based diet?""",leading
"""48. ""Don't you think it's unfair that she was passed over for the promotion, given her hard work and dedication?""",leading
"""49. ""Given the positive reviews, wouldn't you like to try our new restaurant chain?""",leading
"""50. ""Isn't it about time we started holding corporations accountable for their role in income inequality?""",leading
"""1. ""Since you support free healthcare, you must also agree that higher taxes are necessary, right?""",leading
"""2. ""Given the gravity of the situation, wouldn't you say that stricter penalties are warranted?""",leading
"""3. ""Don't you think that choosing a more expensive brand indicates a higher level of quality?""",leading
"""4. ""Considering the environmental impact, would you still prefer the single-use option?""",leading
"""5. ""Isn't it time we held our political leaders accountable for their broken promises?""",leading
"""6. ""Given the outcome, wouldn't you say they made the right decision?""",leading
"""7. ""Would you really want to be seen supporting the opposing candidate in public?""",leading
"""8. ""Considering the rising crime rates, don't you think we need tougher laws?""",leading
"""9. ""Aren't you impressed by their wide range of products, making them the obvious choice?""",leading
"""10. ""Given the lack of evidence, how can we confidently convict them?""",leading
"""11. ""Don't you agree that their policies cater to the wealthy, leaving the rest of us behind?""",leading
"""12. ""Wouldn't you say that their service was subpar, given the price you paid?""",leading
"""13. ""Considering the emotional distress caused, don't you think they deserve to be punished?""",leading
"""14. ""Isn't it irresponsible to ignore the scientific consensus on climate change?""",leading
"""15. ""Given their performance, wouldn't you agree they deserve another term in office?""",leading
"""16. ""Don't you find it alarming that they've never been questioned about their finances?""",leading
"""17. ""Considering the job losses, wouldn't you support the bailout to save local businesses?""",leading
"""18. ""Wouldn't you say that their actions were heroic, given the circumstances?""",leading
"""19. ""Don't you think it's selfish to keep your opinions to yourself on this issue?""",leading
"""20. ""Given their track record, wouldn't you trust them with your vote?""",leading
"""21. ""Wouldn't you say that their marketing strategy is manipulative and deceitful?""",leading
"""22. ""Considering the cultural significance, don't you think we should preserve the monument?""",leading
"""23. ""Isn't it suspicious that they've refused to comment on the allegations?""",leading
"""24. ""Given the time constraints, wouldn't you prioritize efficiency over perfection?""",leading
"""25. ""Wouldn't you say that their lifestyle is extravagant and wasteful?""",leading
"""26. ""Don't you find it hypocritical that they preach about equality but maintain a luxury wardrobe?""",leading
"""27. ""Considering their experience, wouldn't you hire them for the job?""",leading
"""28. ""Isn't it shocking that they've never apologized for their mistakes?""",leading
"""29. ""Given their popularity, wouldn't you say they're the best candidate for the role?""",leading
"""30. ""Don't you think it's unfair to blame them for the project's failure?""",leading
"""31. ""Wouldn't you agree that their new product line is a desperate attempt to regain market share?""",leading
"""32. ""Considering the accusations, don't you think they should step down from their position?""",leading
"""33. ""Isn't it reckless to invest in such a high-risk venture?""",leading
"""34. ""Given the competition, wouldn't you say they're overpriced?""",leading
"""35. ""Wouldn't you say that their lack of ambition is holding them back?""",leading
"""36. ""Don't you think it's cruel to test new products on animals?""",leading
"""37. ""Considering their dedication, wouldn't you nominate them for employee of the month?""",leading
"""38. ""Isn't it selfish to refuse charity to those in need?""",leading
"""39. ""Given their diverse portfolio, wouldn't you say they're a safe investment?""",leading
"""40. ""Don't you find it disrespectful to wear revealing clothing to a funeral?""",leading
"""41. ""Wouldn't you agree that their parenting style is too lenient?""",leading
"""42. ""Considering their influence, don't you think they should set a better example?""",leading
"""43. ""Isn't it irresponsible to leave the house without wearing a seatbelt?""",leading
"""44. ""Given their expertise, wouldn't you ask them for advice?""",leading
"""45. ""Wouldn't you say that their artwork is overrated and pretentious?""",leading
"""46. ""Don't you think it's unfair to judge them based on their appearance?""",leading
"""47. ""Considering their exceptional performance, wouldn't you promote them to manager?""",leading
"""48. ""Isn't it reckless to consume alcohol before driving?""",leading
"""49. ""Given their passion for the project, wouldn't you support their crowdfunding campaign?""",leading
"""50. ""Don't you think it's inconsiderate to make noise late at night in a residential area?""",leading
"""Wouldn't it be more convenient to purchase our product, given its ease of use?"" ""Isn't it true that you were seen leaving the scene shortly after the incident?"" ""Given the high crime rates, don't you think we should invest more in security?"" ""Don't you think it's unfair that they got the promotion over you?"" ""Isn't it time we considered alternative energy sources, given the environmental impact?"" ""Wouldn't you prefer a product that's locally sourced and supports our community?"" ""Don't you think it's irresponsible to not wear a seatbelt?"" ""Given the current political climate, don't you think we need stricter regulations?"" ""Isn't it true that you've been late for work more often this month?"" ""Don't you find it suspicious that he didn't have an alibi?"" ""Wouldn't you agree that our service is superior to the competition?"" ""Isn't it your responsibility to recycle more often?"" ""Don't you think it's unethical to test on animals?"" ""Given the budget constraints, don't you think we should cut non-essential spending?"" ""Isn't it true that you've been seen with him before the incident?"" ""Wouldn't it be great to donate to our charity this holiday season?"" ""Don't you think it's time to reconsider your stance on this issue?"" ""Isn't it true that our prices are the most competitive?"" ""Given the evidence, don't you think he's guilty?"" ""Don't you agree that our brand is more reliable?"" ""Isn't it time we addressed this elephant in the room?"" ""Wouldn't you say that's a risky investment?"" ""Don't you think it's important to support local businesses?"" ""Isn't it true that you've had more than one drink tonight?"" ""Given the circumstances, don't you think you should apologize?"" ""Wouldn't you prefer a product with a longer warranty?"" ""Don't you find it odd that he hasn't contacted you since?"" ""Isn't it your duty to vote in the upcoming election?"" ""Given the facts, don't you think it's time to change your mind?"" ""Wouldn't you like to upgrade to our premium plan for more features?"" ""Don't you think we should boycott that company for their poor practices?"" ""Isn't it true that you've been using our services less frequently lately?"" ""Given the high stakes, don't you think we should play it safe?"" ""Wouldn't you agree that our customer service is exceptional?"" ""Don't you think it's important to consider the consequences of your actions?"" ""Isn't it your responsibility to ensure the safety of your children?""",leading
"""1. ""Isn't it true that you were the last person to see the victim alive?""",leading
"""2. ""Don't you think it's irresponsible to not recycle?""",leading
"""3. ""Given the high crime rate in your neighborhood, don't you feel unsafe?""",leading
"""4. ""Wouldn't you prefer a product that's more eco-friendly?""",leading
"""5. ""In your opinion, doesn't our candidate have the best platform for the country?""",leading
"""6. ""Haven't you ever considered switching to a more affordable service provider?""",leading
"""7. ""Don't you think it's unfair that some people are richer than others?""",leading
"""8. ""Isn't it about time we updated our city's infrastructure?""",leading
"""9. ""Don't you find it difficult to resist temptation when dieting?""",leading
"""10. ""Wouldn't you like to try our new flavor, it's simply amazing!""",leading
"""11. ""Don't you think it's important to support local businesses?""",leading
"""12. ""Given the amount of time you spend on social media, don't you feel it's a waste?""",leading
"""13. ""Isn't it true that you've been having some financial difficulties lately?""",leading
"""14. ""Don't you believe that stricter gun laws could reduce violence?""",leading
"""15. ""Wouldn't you rather have a car with better safety features?""",leading
"""16. ""Don't you agree that caffeine is bad for your health?""",leading
"""17. ""Given the choice, wouldn't you prefer a product that's made in America?""",leading
"""18. ""Don't you think it's irresponsible to text and drive?""",leading
"""19. ""Isn't it true that you've been having some trouble at work?""",leading
"""20. ""Don't you think it's important to teach children about climate change?""",leading
"""21. ""Wouldn't you like to try our new fitness program, it's life-changing!""",leading
"""22. ""Don't you find it frustrating that your internet is always slow?""",leading
"""23. ""Isn't it about time we had a woman president?""",leading
"""24. ""Don't you think it's crucial to protect our national parks?""",leading
"""25. ""Wouldn't you rather have a phone with a longer battery life?""",leading
"""26. ""Don't you think it's wrong to profit from the poor?""",leading
"""27. ""Given the rise in hate crimes, don't you think we need stricter laws?""",leading
"""28. ""Isn't it true that you've been seen with the suspect before?""",leading
"""29. ""Don't you think it's important to support our troops?""",leading
"""30. ""Wouldn't you like to join our reward program, it's so worth it!""",leading
"""31. ""Don't you find it exhausting to have to work so many hours?""",leading
"""32. ""Isn't it true that you've been struggling with your mental health?""",leading
"""33. ""Don't you think it's time to legalize marijuana?""",leading
"""34. ""Given the choice, wouldn't you prefer a product that's organic?""",leading
"""35. ""Don't you find it upsetting that so many people are homeless?""",leading
"""36. ""Isn't it true that you've been having some marital problems?""",leading
"""37. ""Don't you think it's important to vote in every election?""",leading
"""38. ""Wouldn't you like to try our new skincare line, it's a game changer!""",leading
"""39. ""Don't you find it annoying when customers are rude?""",leading
"""40. ""Isn't it true that you've been looking for a new job?""",leading
"""41. ""Don't you think it's crucial to protect animal rights?""",leading
"""42. ""Given the choice, wouldn't you prefer a product that's locally sourced?""",leading
"""43. ""Don't you find it intimidating to speak in public?""",leading
"""44. ""Isn't it true that you've been having some financial difficulties?""",leading
"""45. ""Don't you think it's important to teach children about diversity?""",leading
"""46. ""Wouldn't you like to try our new meal plan, it's so delicious!""",leading
"""47. ""Don't you find it challenging to maintain a healthy work-life balance?""",leading
"""48. ""Isn't it true that you've been having some trouble with your partner?""",leading
"""49. ""Don't you think it's important to prioritize education?""",leading
"""50. ""Given the choice, wouldn't you prefer a product that's more durable?""",leading
"""1. ""You didn't vote in the last election, right? What do you think made you skip it?""",leading
"""2. ""Given the current economic climate, isn't it irresponsible not to support our local businesses?""",leading
"""3. ""Do you often find yourself buying more than you planned at the supermarket?""",leading
"""4. ""Considering the environmental impact, how can we justify not recycling?""",leading
"""5. ""Don't you think it's unfair that some people have more privileges than others?""",leading
"""6. ""In your opinion, isn't it about time we updated our city's infrastructure?""",leading
"""7. ""You seem like a rational person, so how do you explain your belief in astrology?""",leading
"""8. ""Given the choice between two candidates, aren't you leaning towards the one with more experience?""",leading
"""9. ""Don't you find it suspicious that they refuse to answer questions about their past?""",leading
"""10. ""Considering the health benefits, don't you think you should start exercising regularly?""",leading
"""11. ""You don't support stricter gun laws, do you? What's your reasoning?""",leading
"""12. ""Given the success of similar products, isn't it likely that ours will be a hit too?""",leading
"""13. ""Don't you feel guilty throwing away all that food waste every week?""",leading
"""14. ""Considering the safety concerns, wouldn't you be more comfortable with stricter regulations?""",leading
"""15. ""You're not one of those people who believe in conspiracy theories, are you?""",leading
"""16. ""Given the evidence, don't you think we should investigate further?""",leading
"""17. ""Don't you think it's time we reevaluate our priorities as a society?""",leading
"""18. ""Considering the potential risks, isn't it best to play it safe?""",leading
"""19. ""You haven't donated to charity this year, have you? What's stopping you?""",leading
"""20. ""Given the positive reviews, aren't you excited to try our new product?""",leading
"""21. ""Don't you think it's irresponsible to drive without a seatbelt?""",leading
"""22. ""Considering the overwhelming support, aren't you on board with this proposal?""",leading
"""23. ""You don't shop locally, do you? Why not?""",leading
"""24. ""Given the facts, how can anyone deny climate change?""",leading
"""25. ""Don't you agree that we should prioritize the needs of our community?""",leading
"""26. ""Considering the competition, isn't our product clearly superior?""",leading
"""27. ""You're not a fan of public transportation, are you? What makes you prefer driving?""",leading
"""28. ""Given the evidence, wouldn't you say that's a reasonable conclusion?""",leading
"""29. ""Don't you think it's important to stand up for what's right, no matter the cost?""",leading
"""30. ""You haven't read the latest report, have you? It's quite compelling.""",leading
"""31. ""Considering the alternatives, isn't our plan the most sensible?""",leading
"""32. ""You don't support free healthcare, do you? What's your stance on that?""",leading
"""33. ""Given the circumstances, isn't it wise to err on the side of caution?""",leading
"""34. ""Don't you find it hypocritical when they preach one thing but do another?""",leading
"""35. ""You're not one of those people who believe in ghosts, are you? Why not?""",leading
"""36. ""Considering the potential losses, don't you think we should invest more in security?""",leading
"""37. ""Don't you think it's time we addressed our addiction to social media?""",leading
"""38. ""You haven't considered our competitor's offer, have you? What's holding you back?""",leading
"""39. ""Given the historical context, wouldn't you say that's a reasonable interpretation?""",leading
"""40. ""Don't you think it's selfish to refuse help when you have the means to offer it?""",leading
"""41. ""Considering the evidence, don't you find it hard to disagree with us?""",leading
"""42. ""You don't support animal rights, do you? What makes you feel that way?""",leading
"""43. ""Given the choices, isn't it clear which option is the most practical?""",leading
"""44. ""Don't you think it's important to question authority when necessary?""",leading
"""45. ""You haven't joined our cause yet, have you? What's keeping you from supporting us?""",leading
"""46. ""Considering the facts, wouldn't you say that's a reasonable assumption?""",leading
"""47. ""Don't you think it's irresponsible to ignore scientific consensus?""",leading
"""48. ""You're against taxing the wealthy, aren't you? What's your justification for that?""",leading
"""49. ""Given the situation, wouldn't you agree that our response was proportionate?""",leading
"""50. ""Don't you think it's time we reevaluate our personal values and how they guide our decisions?""",leading
"""1. ""Don't you think we should prioritize the environment over profits?""",leading
"""2. ""When did you last see the suspect, Mr. Smith?""",leading
"""3. ""Isn't it time we consider stricter gun control laws?""",leading
"""4. ""Would you prefer the red or the blue product?""",leading
"""5. ""Given the high sugar content, don't you think you should switch to a healthier drink?""",leading
"""6. ""How can you not support this important cause?""",leading
"""7. ""Did you or did you not break the company's code of conduct?""",leading
"""8. ""Considering the great savings, isn't this the best choice for you?""",leading
"""9. ""Doesn't every responsible citizen pay their taxes on time?""",leading
"""10. ""Are you sure you don't want to upgrade to our premium plan?""",leading
"""11. ""Given the low price, isn't this a steal?""",leading
"""12. ""How can you justify your actions given the circumstances?""",leading
"""13. ""Don't you think it's hypocritical to say that?""",leading
"""14. ""Wouldn't you agree that this is the most effective solution?""",leading
"""15. ""Given the facts, isn't it clear who's to blame?""",leading
"""16. ""Hasn't it always been your dream to do something like this?""",leading
"""17. ""Would you rather have the standard model or the more expensive, feature-packed one?""",leading
"""18. ""Don't you think you should apologize for your actions?""",leading
"""19. ""Considering the long-term benefits, isn't this a wise investment?""",leading
"""20. ""How could you possibly think otherwise?""",leading
"""21. ""Wouldn't you say that's a bit unfair?""",leading
"""22. ""Don't you find it ironic that you're against this?""",leading
"""23. ""Given your past actions, what makes you think this time will be different?""",leading
"""24. ""Wouldn't you agree that this is a once-in-a-lifetime opportunity?""",leading
"""25. ""How can you not love our new flavor?""",leading
"""26. ""Don't you think it's about time you made a change?""",leading
"""27. ""Considering the evidence, isn't it obvious what happened?""",leading
"""28. ""Wouldn't you say that's a bit too extreme?""",leading
"""29. ""Don't you think you should set a better example for your children?""",leading
"""30. ""Given the high demand, aren't you lucky to have secured a spot?""",leading
"""31. ""How can you not be excited about this new feature?""",leading
"""32. ""Wouldn't you say that's a bit too risky?""",leading
"""33. ""Don't you find it odd that no one else seems to have this opinion?""",leading
"""34. ""Given the current situation, what would you do differently?""",leading
"""35. ""Wouldn't you agree that this product is worth the splurge?""",leading
"""36. ""Don't you think you should reconsider your stance on this?""",leading
"""37. ""Considering the competition, don't you think you should step up your game?""",leading
"""38. ""How can you not be moved by their stories?""",leading
"""39. ""Wouldn't you say that's a bit too judgemental?""",leading
"""40. ""Don't you think you should be more open-minded about this?""",leading
"""41. ""Given the limited supply, shouldn't you act quickly?""",leading
"""42. ""How can you not see the logic in this approach?""",leading
"""43. ""Wouldn't you agree that this is a sensitive matter?""",leading
"""44. ""Don't you think you should be more transparent about this?""",leading
"""45. ""Considering the low price, isn't this a steal?""",leading
"""46. ""How can you not be thrilled about this new development?""",leading
"""47. ""Wouldn't you say that's a bit too controversial?""",leading
"""48. ""Don't you think you should be more considerate of others' feelings?""",leading
"""49. ""Given the high rating, isn't this a must-watch?""",leading
"""50. ""How can you not support a cause that helps so many people?""",leading
"""1. ""Don't you think a ban on plastic bags is a necessary step?""",leading
"""2. ""How could anyone support such a reckless policy?""",leading
"""3. ""Given the high crime rate, shouldn't we invest more in security?""",leading
"""4. ""Isn't it time we considered switching to renewable energy?""",leading
"""5. ""Wouldn't you agree that this product is far superior?""",leading
"""6. ""When will we finally address this long-ignored problem?""",leading
"""7. ""Don't you believe we should hold them accountable?""",leading
"""8. ""Aren't you tired of waiting for action on this issue?""",leading
"""9. ""Wouldn't you say this candidate has the best track record?""",leading
"""10. ""Don't you think it's irresponsible to ignore the facts?""",leading
"""11. ""Isn't it unfair that some people have more advantages?""",leading
"""12. ""Wouldn't you agree that this is a clear case of discrimination?""",leading
"""13. ""How could anyone oppose this helpful initiative?""",leading
"""14. ""Don't you feel that this product offers great value?""",leading
"""15. ""Given the current situation, wouldn't you prefer a more experienced leader?""",leading
"""16. ""Isn't it our duty to protect the environment?""",leading
"""17. ""Shouldn't we be doing more to help those in need?""",leading
"""18. ""Don't you think it's time to re-evaluate our priorities?""",leading
"""19. ""Wouldn't you say this is a serious threat to our national security?""",leading
"""20. ""Don't you believe we should start with the root cause?""",leading
"""21. ""Isn't it true that this company has a history of misconduct?""",leading
"""22. ""Wouldn't you agree that this is a reasonable compromise?""",leading
"""23. ""Don't you think it's important to consider the bigger picture?""",leading
"""24. ""Shouldn't we be focusing on prevention rather than cure?""",leading
"""25. ""How could anyone deny the existence of climate change?""",leading
"""26. ""Don't you believe that everyone deserves a fair chance?""",leading
"""27. ""Wouldn't you say this is a step in the right direction?""",leading
"""28. ""Isn't it sad that some people still struggle with basic needs?""",leading
"""29. ""Don't you think we should be more open to new ideas?""",leading
"""30. ""Given the benefits, wouldn't you want to try this product?""",leading
"""31. ""Shouldn't we be teaching our children about diversity?""",leading
"""32. ""Don't you think it's admirable how they stood up for what's right?""",leading
"""33. ""Wouldn't you prefer a leader who listens to the people?""",leading
"""34. ""Isn't it time we held a honest conversation about mental health?""",leading
"""35. ""Don't you agree that their actions were courageous?""",leading
"""36. ""How could anyone not be moved by their story?""",leading
"""37. ""Wouldn't you say this is an excellent opportunity?""",leading
"""38. ""Don't you think we should be more concerned about inequality?""",leading
"""39. ""Shouldn't we be investing in our future, not just the present?""",leading
"""40. ""Isn't it fascinating how technology has evolved?""",leading
"""41. ""Don't you think it's important to maintain transparency?""",leading
"""42. ""Wouldn't you agree that this candidate represents hope?""",leading
"""43. ""Isn't it ironic that some people refuse to see the truth?""",leading
"""44. ""Don't you believe we should be more tolerant of others?""",leading
"""45. ""Shouldn't we be celebrating our cultural heritage?""",leading
"""46. ""How could anyone ignore the plight of those affected?""",leading
"""47. ""Wouldn't you say this is a significant breakthrough?""",leading
"""48. ""Isn't it about time we address these long-standing issues?""",leading
"""49. ""Don't you think it's crucial to maintain our standard of living?""",leading
"""50. ""Given the current state of affairs, wouldn't you support a change in policy?""",leading
"""1. ""With the election just days away, who do you think is leading in the polls?""",leading
"""2. ""Don't you find it shocking how much littering has increased in our neighborhood?""",leading
"""3. ""Given the current economic climate, don't you think it's irresponsible to spend so much on luxury items?""",leading
"""4. ""Considering the environmental impact, would you still prefer paper over digital bills?""",leading
"""5. ""It's such a shame that the local library is closing. Don't you agree we should do something about it?""",leading
"""6. ""Given their track record, isn't it reasonable to assume the new management will make similar mistakes?""",leading
"""7. ""With the holidays approaching, wouldn't you rather spend time with family than shopping?""",leading
"""8. ""Considering the health risks, don't you think it's important to regulate fast food chains?""",leading
"""9. ""Isn't it true that you were the last person to see the victim before the incident?""",leading
"""10. ""With the growing number of electric vehicle options, aren't you tempted to make the switch?""",leading
"""11. ""Considering the high crime rate, don't you think we need stricter penalties?""",leading
"""12. ""Given the popularity of plant-based diets, wouldn't you consider trying one?""",leading
"""13. ""It's such a pity that more people don't recycle. Don't you agree it's our responsibility?""",leading
"""14. ""Considering the recent data breach, wouldn't you prefer companies with stronger cybersecurity?""",leading
"""15. ""Isn't it fair to say that you've been underperforming at work lately?""",leading
"""16. ""Given the popularity of social media, don't you find it ironic that people still feel lonely?""",leading
"""17. ""With the increasing cost of living, don't you think it's time for a raise?""",leading
"""18. ""Considering the importance of work-life balance, wouldn't you prefer a job with flexible hours?""",leading
"""19. ""Isn't it true that you've been seen with the suspect on several occasions?""",leading
"""20. ""Given the benefits of meditation, wouldn't you like to try a class?""",leading
"""21. ""Considering the influence of social media on our society, don't you think it's time for regulation?""",leading
"""22. ""Isn't it correct that you were present at the scene of the crime?""",leading
"""23. ""Given the growing concern about mental health, don't you think it's important to talk about it more openly?""",leading
"""24. ""With the growing demand for sustainable fashion, wouldn't you consider thrifting?""",leading
"""25. ""Considering the high number of distracted driving accidents, don't you think we need stricter laws?""",leading
"""26. ""Isn't it true that you've been having some financial difficulties lately?""",leading
"""27. ""Given the popularity of true crime stories, wouldn't you like to visit the scene of the crime?""",leading
"""28. ""Considering the benefits of exercise, don't you think it's time to start a fitness routine?""",leading
"""29. ""Isn't it fair to say that your grades have been slipping this semester?""",leading
"""30. ""Given the current political climate, don't you think it's important to stay informed?""",leading
"""31. ""With the growing demand for organic food, wouldn't you consider switching to an organic diet?""",leading
"""32. ""Considering the rising cases of cyberbullying, don't you think we need stricter laws?""",leading
"""33. ""Isn't it true that you've been spending a lot of time with the defendant?""",leading
"""34. ""Given the importance of sleep, wouldn't you like to try some sleep apps?""",leading
"""35. ""Considering the high number of road accidents, don't you think we need better driver education?""",leading
"""36. ""Isn't it correct that you were heard arguing with the victim?""",leading
"""37. ""Given the environmental impact, wouldn't you prefer a reusable water bottle over disposable ones?""",leading
"""38. ""With the growing demand for remote work, wouldn't you consider looking for a job that offers it?""",leading
"""39. ""Considering the high cost of higher education, don't you think it's time for reform?""",leading
"""40. ""Isn't it true that you were seen near the crime scene last night?""",leading
"""41. ""Given the benefits of therapy, wouldn't you consider speaking to a professional?""",leading
"""42. ""Considering the high number of pedestrian accidents, don't you think we need more crosswalks?""",leading
"""43. ""Isn't it fair to say that you've been having some personal problems lately?""",leading
"""44. ""With the growing demand for renewable energy, wouldn't you consider switching to solar?""",leading
"""45. ""Considering the importance of diversity, don't you think our team needs more people of color?""",leading
"""46. ""Isn't it true that you were seen leaving the bar with the victim?""",leading
"""47. ""Given the popularity of home workout apps, wouldn't you like to try one?""",leading
"""48. ""Considering the high number of food allergies, don't you think schools should have stricter policies?""",leading
"""49. ""Isn't it correct that you've been investigated for a similar incident in the past?""",leading
"""50. ""With the growing demand for ethical fashion, wouldn't you consider supporting sustainable brands?""",leading
"""Don't you think the new tax plan will mostly benefit the wealthy?"" - Persuasive, yes/no, leading""",leading
"""Given the current crime rates, isn't it time to reevaluate our sentencing laws?"" - Persuasive, yes/no, loaded language""",leading
"""Wouldn't you say that the environment is a non-partisan issue that should unite us all?"" - Persuasive, yes/no, rhetorical framing""",leading
"""Isn't it true that you were at the scene of the crime last night?"" - Accusatory, yes/no, presumptive phrasing""",leading
"""Given the number of complaints, don't you think it's fair to say your service is subpar?"" - Accusatory, yes/no, embedded assumption""",leading
"""Don't you believe that investing in green energy is a moral duty for companies?"" - Persuasive, yes/no, emotionally charged language""",leading
"""Which of these products do you prefer, assuming you're looking for the best value?"" - Persuasive, comparative, subtle leading""",leading
"""Considering the high sugar content, don't you think you should reconsider your daily soda intake?"" - Persuasive, yes/no, sympathetic, subtle leading""",leading
"""Isn't it time we held big corporations accountable for their pollution?"" - Persuasive, yes/no, loaded language""",leading
"""If you were to vote today, who would you choose and why?"" - Open-ended, hypothetical, subtle leading""",leading
"""Sure, here are 50 examples of questions that guide respondents in various ways:""",leading
"""1. ""You wouldn't want to be on the wrong side of history, would you?""",leading
"""2. ""Isn't it time we finally held them accountable?""",leading
"""3. ""Don't you think it's irresponsible to ignore this problem?""",leading
"""4. ""Given the facts, what other conclusion can we draw?""",leading
"""5. ""Would you feel comfortable knowing they don't follow these regulations?""",leading
"""6. ""Don't you agree that transparency is key in this situation?""",leading
"""7. ""Would you rather support a company that values sustainability?""",leading
"""8. ""Isn't it best to trust the experts in this matter?""",leading
"""9. ""You do believe in fairness, don't you?""",leading
"""10. ""Given their track record, can we really trust them?""",leading
"""11. ""Wouldn't you prefer a safer, healthier option?""",leading
"""12. ""Isn't it true that they've always put profits over people?""",leading
"""13. ""Don't you think it's about time we made a change?""",leading
"""14. ""Given the circumstances, what other choice do we have?""",leading
"""15. ""Wouldn't you agree that this is a no-brainer?""",leading
"""16. ""Isn't it our responsibility to protect our environment?""",leading
"""17. ""Would you rather stand with those who care, or those who don't?""",leading
"""18. ""Don't you find it suspicious that they haven't commented yet?""",leading
"""19. ""Isn't it clear that they're trying to hide something?""",leading
"""20. ""Given the evidence, how can you not see their guilt?""",leading
"""21. ""Wouldn't you say that their actions were reckless?""",leading
"""22. ""Don't you think that's a bit selfish of them?""",leading
"""23. ""Wouldn't it be wise to listen to those who've experienced this before?""",leading
"""24. ""Isn't it better to be safe than sorry?""",leading
"""25. ""Given their past actions, what makes you think they'll change?""",leading
"""26. ""Wouldn't you agree that this is a win-win situation?""",leading
"""27. ""Don't you think they're being a bit too sensitive?""",leading
"""28. ""Wouldn't you prefer a product that's made with love?""",leading
"""29. ""Isn't it obvious that they're just trying to gain attention?""",leading
"""30. ""Given their history, isn't it reasonable to be cautious?""",leading
"""31. ""Wouldn't you say that their silence is deafening?""",leading
"""32. ""Don't you think that's a bit of an overreaction?""",leading
"""33. ""Wouldn't you prefer a leader who's strong and decisive?""",leading
"""34. ""Isn't it time we listened to the voices of the people?""",leading
"""35. ""Given the alternatives, isn't this the best option?""",leading
"""36. ""Wouldn't you agree that they've been treated unfairly?""",leading
"""37. ""Don't you find it interesting that they've avoided the topic?""",leading
"""38. ""Wouldn't you say that their response was inadequate?""",leading
"""39. ""Isn't it true that they've always stood for honesty?""",leading
"""40. ""Given the current situation, what other choice do we have?""",leading
"""41. ""Wouldn't you prefer a company that values its customers?""",leading
"""42. ""Don't you think that's a bit too radical?""",leading
"""43. ""Wouldn't you agree that they've let us down?""",leading
"""44. ""Isn't it clear that they're just trying to exploit us?""",leading
"""45. ""Given their performance, isn't it time for a change?""",leading
"""46. ""Wouldn't you say that their actions speak louder than words?""",leading
"""47. ""Don't you think it's about time we held them accountable?""",leading
"""48. ""Wouldn't you prefer a product that's made with integrity?""",leading
"""49. ""Isn't it our duty to protect the future of our planet?""",leading
"""50. ""Given the facts, wouldn't you say that they're guilty?""",leading
"""1. ""Don't you think it's irresponsible to not support this law?""",leading
"""2. ""Given the high satisfaction rate, how would you rate our service?""",leading
"""3. ""You haven't considered the environmental impact, have you?""",leading
"""4. ""Isn't it time we held these companies accountable?""",leading
"""5. ""You don't believe in climate change, do you?""",leading
"""6. ""Don't you think we should prioritize our own community over outsiders?""",leading
"""7. ""Wouldn't you agree that honesty is the best policy in this situation?""",leading
"""8. ""Given the lack of evidence, can we really trust these accusations?""",leading
"""9. ""You're not one of those people who still eat meat, are you?""",leading
"""10. ""Don't you think it's unfair to tax the rich more?""",leading
"""11. ""Given the popularity, wouldn't you like to try our new product?""",leading
"""12. ""You don't support free speech, do you? Even for hate groups?""",leading
"""13. ""Isn't it true that you were the last person to see the victim?""",leading
"""14. ""Given the choice, wouldn't you prefer to work with us?""",leading
"""15. ""You don't think we should invest more in education, do you?""",leading
"""16. ""Don't you agree that this policy is a waste of taxpayer money?""",leading
"""17. ""Given the statistics, how can you deny the problem exists?""",leading
"""18. ""You're not still using a landline, are you?""",leading
"""19. ""Isn't it time we had a serious conversation about gun control?""",leading
"""20. ""Given the low cost, wouldn't you like to upgrade your plan?""",leading
"""21. ""You don't think our company made a mistake, do you?""",leading
"""22. ""Don't you find it suspicious that they haven't commented yet?""",leading
"""23. ""Given the success of our competitors, wouldn't you like to switch to us?""",leading
"""24. ""You don't believe in equal rights for all, do you?""",leading
"""25. ""Isn't it true that you've been having financial difficulties?""",leading
"""26. ""Given the health benefits, why not make the switch to our brand?""",leading
"""27. ""You don't think we should help those less fortunate, do you?""",leading
"""28. ""Don't you think it's irresponsible to share such misinformation?""",leading
"""29. ""Given the safety record, wouldn't you feel more secure with our product?""",leading
"""30. ""You're not one of those people who still use cash, are you?""",leading
"""31. ""Isn't it past time we held a serious debate about immigration?""",leading
"""32. ""Given the limited stock, wouldn't you like to place your order now?""",leading
"""33. ""You don't think we should protect our borders, do you?""",leading
"""34. ""Don't you find it worrying that they haven't responded to our questions?""",leading
"""35. ""Given the convenience, wouldn't you like to sign up for our service?""",leading
"""36. ""You don't think we should invest in renewable energy, do you?""",leading
"""37. ""Isn't it time we addressed the root cause of this problem?""",leading
"""38. ""Given the positive reviews, wouldn't you like to book with us today?""",leading
"""39. ""You don't think we should respect all cultures, do you?""",leading
"""40. ""Don't you think it's selfish to not contribute to charity?""",leading
"""41. ""Given the current trends, wouldn't you like to future-proof your business?""",leading
"""42. ""You don't believe in the importance of voting, do you?""",leading
"""43. ""Isn't it true that you've been neglecting your duties?""",leading
"""44. ""Given the discount, wouldn't you like to upgrade your account?""",leading
"""45. ""You don't think we should regulate big tech, do you?""",leading
"""46. ""Don't you think it's dangerous to drive without seatbelts?""",leading
"""47. ""Given the competition, wouldn't you like to switch to our network?""",leading
"""48. ""You don't think we should protect our national heritage, do you?""",leading
"""49. ""Isn't it time we had a mature conversation about mental health?""",leading
"""50. ""Given the limited offer, wouldn't you like to sign up today?""",leading
"""1. ""Isn't it time we finally address the elephant in the room?""",leading
"""2. ""Don't you think we should prioritize the needs of our local community above corporate interests?""",leading
"""3. ""Given the current administration's track record, do you still trust their judgment on this matter?""",leading
"""4. ""Aren't you concerned about the long-term effects of using this product?""",leading
"""5. ""Don't you believe that stricter regulations could have prevented this tragedy?""",leading
"""6. ""Isn't it high time we reconsidered our stance on this controversial issue?""",leading
"""7. ""Don't you think we should consider the feelings of those who might be affected by this decision?""",leading
"""8. ""Given the evidence presented, isn't it reasonable to assume that he is guilty?""",leading
"""9. ""Don't you agree that this is a small price to pay for the benefits it provides?""",leading
"""10. ""Isn't it true that you were the last person to see the victim alive?""",leading
"""11. ""Don't you think we should boycott companies that engage in unethical practices?""",leading
"""12. ""Given the high demand, don't you think it's only fair to raise the price?""",leading
"""13. ""Isn't it about time we held our representatives accountable for their actions?""",leading
"""14. ""Don't you agree that this is a clear case of mismanagement?""",leading
"""15. ""Given the circumstances, don't you think it's best to keep this information confidential?""",leading
"""16. ""Isn't it true that you stand to gain financially from this deal?""",leading
"""17. ""Don't you think we should reconsider our relationship with this client, given their recent behavior?""",leading
"""18. ""Isn't it time we looked into alternative energy sources to reduce our carbon footprint?""",leading
"""19. ""Given the potential consequences, don't you think it's worth investing in better security measures?""",leading
"""20. ""Aren't you worried about the potential backlash from the public if this information is made public?""",leading
"""21. ""Don't you think it's irresponsible to continue using a product that has caused harm to others?""",leading
"""22. ""Isn't it true that you've been seen spending time with the suspect outside of work hours?""",leading
"""23. ""Don't you agree that this new policy will greatly benefit our employees?""",leading
"""24. ""Given the lack of evidence, how can we confidently pursue this lead?""",leading
"""25. ""Isn't it about time we addressed the issue of income inequality in our society?""",leading
"""26. ""Don't you think it's fair to expect our customers to accept these new terms and conditions?""",leading
"""27. ""Isn't it true that you've been having financial difficulties lately?""",leading
"""28. ""Given the limited resources, don't you think it's best to focus our efforts elsewhere?""",leading
"""29. ""Don't you agree that this is a violation of our company's code of ethics?""",leading
"""30. ""Isn't it true that you've been actively campaigning for the opposing candidate?""",leading
"""31. ""Don't you think it's irresponsible to leave your child unattended for such a long period?""",leading
"""32. ""Given the positive feedback, don't you think we should expand this program?""",leading
"""33. ""Isn't it time we had an honest conversation about mental health in the workplace?""",leading
"""34. ""Don't you believe that it's in the best interest of the company to merge with our competitors?""",leading
"""35. ""Isn't it true that you've been using company resources for personal purposes?""",leading
"""36. ""Given the situation, don't you think it's best to keep our options open?""",leading
"""37. ""Don't you agree that this is a clear case of discrimination?""",leading
"""38. ""Isn't it true that you've been seen trespassing on private property?""",leading
"""39. ""Don't you think it's important to consider the environmental impact of our operations?""",leading
"""40. ""Given the sensitive nature of this information, don't you think it's best to keep it confidential?""",leading
"""41. ""Isn't it time we had an open dialogue about diversity and inclusion in our workplace?""",leading
"""42. ""Don't you think it's unfair to single out one employee for this mistake?""",leading
"""43. ""Isn't it true that you've been accessing classified information without authorization?""",leading
"""44. ""Given the circumstances, don't you think it's best to seek legal advice?""",leading
"""45. ""Don't you agree that this new law will have a significant impact on our industry?""",leading
"""46. ""Isn't it true that you've been having an affair with the key witness in this case?""",leading
"""47. ""Don't you think it's important to consider the long-term consequences of our actions?""",leading
"""48. ""Isn't it time we reevaluated our stance on immigration policies?""",leading
"""49. ""Given the potential risks, don't you think it's best to proceed with caution?""",leading
"""50. ""Don't you believe that it's our duty to protect the vulnerable members of our society?""",leading
"""Aren't you tired of the government's inaction on climate change?""",leading
"""Didn't you say you preferred Pepsi over Coke last time?""",leading
"""Given the high crime rates, aren't you worried about your safety here?""",leading
"""Isn't it time we considered more renewable energy sources?""",leading
"""Don't you think the new iPhone is worth the upgrade?""",leading
"""Haven't you always supported animal rights?""",leading
"""Given the evidence, wouldn't you agree that he's guilty?""",leading
"""Aren't you disappointed with the current political leadership?""",leading
"""Isn't it true that you were the last person to see the victim alive?""",leading
"""Don't you think it's irresponsible to not wear a seatbelt?""",leading
"""Considering the low prices, don't you think it's a steal?""",leading
"""Given the long hours, don't you find your job stressful?""",leading
"""Haven't you always been a Democrat?""",leading
"""Isn't it true that you've been having financial troubles?""",leading
"""Don't you think it's unfair to tax the rich more?""",leading
"""Considering the drought, wouldn't you agree that water conservation is crucial?""",leading
"""Didn't you tell me you loved the book '1984'?""",leading
"""Given the lack of evidence, how can we be sure of their innocence?""",leading
"""Don't you think it's reckless to drive without a license?""",leading
"""Isn't it true that you've been looking for a promotion?""",leading
"""Haven't you always been against abortion?""",leading
"""Given the low interest rates, wouldn't you consider a mortgage?""",leading
"""Don't you think it's dangerous to leave your child unattended?""",leading
"""Considering the competition, don't you find our product superior?""",leading
"""Isn't it time we had a serious conversation about gun control?""",leading
"""Don't you think it's unethical to test on animals?""",leading
"""Given the traffic, wouldn't you prefer public transportation?""",leading
"""Haven't you always been a fan of Marvel movies?""",leading
"""Isn't it true that you've been struggling with addiction?""",leading
"""Don't you think it's important to vote in every election?""",leading
"""Considering the health risks, wouldn't you switch to a healthier diet?""",leading
"""Haven't you always wanted to travel the world?""",leading
"""Isn't it true that you've been having marital problems?""",leading
"""Given the environmental impact, wouldn't you prefer a hybrid car?""",leading
"""Don't you think it's irresponsible to not have life insurance?""",leading
"""Isn't it true that you've been looking for a job?""",leading
"""Considering the cost, wouldn't you say it's a bargain?""",leading
"""Haven't you always supported local businesses?""",leading
"""Don't you think it's important to teach children about sex education?""",leading
"""Isn't it true that you've been having trouble at work?""",leading
"""Given the tight deadline, wouldn't you say our team is working hard?""",leading
"""Don't you find it offensive when people stereotype your culture?""",leading
"""Isn't it time we reviewed our company's diversity policy?""",leading
"""Considering the competition, wouldn't you say we have the best product?""",leading
"""Haven't you always been a vegetarian?""",leading
"""Don't you think it's reckless to text and drive?""",leading
"""Isn't it true that you've been thinking about moving?""",leading
"""Given the high stakes, wouldn't you say we need to be cautious?""",leading
"""1. ""Isn't it time we held politicians accountable for their promises?""",leading
"""2. ""Don't you find it disturbing that they're not regulating big tech?""",leading
"""3. ""Given our budget, which of these options offers the best value?""",leading
"""4. ""Don't you think it's irresponsible to not recycle?""",leading
"""5. ""When comparing both candidates, who do you find more relatable?""",leading
"""6. ""Isn't it unfair that they're not offering you the same salary as your colleague?""",leading
"""7. ""Given the environmental impact, would you still choose to drive alone?""",leading
"""8. ""Don't you think it's time we changed our outdated laws?""",leading
"""9. ""When considering the safety of both products, which one would you choose?""",leading
"""10. ""Don't you agree that this product is a must-have for your home?""",leading
"""11. ""Given the recent data breach, would you still trust this service with your information?""",leading
"""12. ""Isn't it true that their policies have only benefited the wealthy?""",leading
"""13. ""When comparing both diets, which one do you think is more sustainable?""",leading
"""14. ""Don't you think it's essential to support local businesses?""",leading
"""15. ""Given the health risks, why would you choose to smoke?""",leading
"""16. ""Isn't it your civic duty to vote in every election?""",leading
"""17. ""When considering both investments, which one seems like the safer bet?""",leading
"""18. ""Don't you find it ridiculous that they're still using plastic straws?""",leading
"""19. ""Given the potential consequences, do you think it's worth taking that risk?""",leading
"""20. ""Isn't it time we started teaching about climate change in schools?""",leading
"""21. ""When comparing both job offers, which one seems more promising?""",leading
"""22. ""Don't you think it's irresponsible to not wear a helmet while cycling?""",leading
"""23. ""Given the recent scandals, can we still trust this company?""",leading
"""24. ""Isn't it true that their policies have led to increased inequality?""",leading
"""25. ""When comparing both political systems, which one seems more democratic?""",leading
"""26. ""Don't you think it's important to support companies that align with your values?""",leading
"""27. ""Given the current situation, what other options do we have?""",leading
"""28. ""Isn't it your responsibility to keep your neighborhood clean?""",leading
"""29. ""When comparing both educational systems, which one seems more effective?""",leading
"""30. ""Don't you think it's crucial to diversify our news sources?""",leading
"""31. ""Given their track record, can we trust this company with our data?""",leading
"""32. ""Isn't it true that their products are harming the environment?""",leading
"""33. ""When considering both options, which one do you think is more ethical?""",leading
"""34. ""Don't you find it concerning that they're not paying a living wage?""",leading
"""35. ""Given the potential benefits, why wouldn't you want to try this product?""",leading
"""36. ""Isn't it time we started investing in renewable energy?""",leading
"""37. ""When comparing both brands, which one seems more authentic?""",leading
"""38. ""Don't you think it's important to support artists by paying for their work?""",leading
"""39. ""Given the evidence, who do you believe is telling the truth?""",leading
"""40. ""Isn't it true that their policies have led to job losses in our community?""",leading
"""41. ""When considering both destinations, which one seems more exotic?""",leading
"""42. ""Don't you think it's essential to stand up for human rights?""",leading
"""43. ""Given their past performance, would you invest in this company?""",leading
"""44. ""Isn't it time we started teaching kids about money management?""",leading
"""45. ""When comparing both plans, which one seems more exciting?""",leading
"""46. ""Don't you think it's important to eat locally sourced food?""",leading
"""47. ""Given the potential risks, wouldn't you rather choose a safer option?""",leading
"""48. ""Isn't it your responsibility to report any suspicious activity?""",leading
"""49. ""When comparing both educational institutions, which one seems more prestigious?""",leading
"""50. ""Don't you think it's crucial to support small businesses during the holidays?""",leading
"""Given your history, isn't it likely you'll make the same mistakes again?""",leading
"""Don't you think it's high time we held them accountable for their actions?""",leading
"""If you had the chance to go back, wouldn't you make different choices?""",leading
"""Considering the cost, isn't it a bit extravagant?""",leading
"""With all the evidence pointing to their guilt, how can we doubt their involvement?""",leading
"""Don't you agree, it's the responsible thing to do?""",leading
"""If you were in their shoes, wouldn't you feel the same way?""",leading
"""Given the current situation, don't you think it's best to side with the majority?""",leading
"""Considering the risks, isn't it safer to stick with what we know?""",leading
"""Don't you find it strange that they've never been caught?""",leading
"""Given your previous responses, it seems you're leaning towards option B, am I correct?""",leading
"""If you could, wouldn't you want to protect your loved ones at any cost?""",leading
"""With the deadline looming, don't you think we should prioritize this issue?""",leading
"""If you could, wouldn't you want to avoid any further complications?""",leading
"""Given their past performance, can we really trust them with this task?""",leading
"""Don't you think it's time we reevaluate our stance on this matter?""",leading
"""If you were in their position, wouldn't you feel upset by their behavior?""",leading
"""Considering the alternativa, isn't this the better choice?""",leading
"""Don't you believe it's important to follow rules for the greater good?""",leading
"""Given the circumstances, isn't it reasonable to expect a refund?""",leading
"""If you had to choose, which would you prefer and why?""",leading
"""With the current evidence, isn't it clear who's to blame?""",leading
"""Don't you think it's unfair to single them out?""",leading
"""If you could, wouldn't you want to make things right?""",leading
"""Given their reputation, isn't it surprising they haven't faced consequences yet?""",leading
"""Don't you agree, it's crucial to consider all perspectives when making a decision?""",leading
"""If you were to invest, wouldn't you choose the one with the highest return?""",leading
"""Considering their track record, isn't it wise to be cautious?""",leading
"""Don't you find it concerning that they've been so quiet about this?""",leading
"""If you had to, couldn't you find a better use for that money?""",leading
"""Given the choices, isn't it obvious which one is more ethical?""",leading
"""If you were to vote, wouldn't you choose based on their past actions?""",leading
"""Don't you think it's important to support local businesses?""",leading
"""If you could, wouldn't you want to avoid any potential regrets?""",leading
"""Considering the benefits, isn't it worth giving it a try?""",leading
"""Don't you find it odd that they've been so forthcoming?""",leading
"""If you were to compare, which would you say is more valuable?""",leading
"""Given the situation, isn't it understandable why they reacted that way?""",leading
"""Don't you think it's time we held ourselves to higher standards?""",leading
"""If you had to, couldn't you find a more creative solution?""",leading
"""Considering the alternatives, isn't this the most practical choice?""",leading
"""Don't you think our current leader is doing a great job?""",leading
"""Considering the circumstances, isn't it time we considered alternative energy sources?""",leading
"""You wouldn't want to support a company that exploits its workers, would you?""",leading
"""Given the high crime rate, shouldn't we invest more in community policing?""",leading
"""Don't you think it's irresponsible to not recycle these days?""",leading
"""Wouldn't you prefer a product that's locally sourced and eco-friendly?""",leading
"""You're not one of those people who believe in conspiracy theories, are you?""",leading
"""Given the evidence presented, isn't it clear that something needs to be done?""",leading
"""Don't you think our tax dollars should go towards improving local schools?""",leading
"""Considering your family's health history, wouldn't you like to know about this new genetic test?""",leading
"""You're not still using single-use plastics, are you?""",leading
"""Given the choice, wouldn't you prefer a candidate who cares about the environment?""",leading
"""Don't you think it's unfair that some people pay less tax than others?""",leading
"""Considering the safety concerns, wouldn't you like to see stricter gun laws?""",leading
"""You wouldn't want to vote for someone who's against equal rights, would you?""",leading
"""Given the economic benefits, wouldn't you support this trade agreement?""",leading
"""Don't you think it's important to vote, regardless of who's running?""",leading
"""Considering the environmental impact, wouldn't you like to see more electric vehicles on the road?""",leading
"""You're not one of those people who believe in ghosts, are you?""",leading
"""Given the need for affordable housing, wouldn't you support this development project?""",leading
"""Don't you think it's time we had a serious conversation about mental health?""",leading
"""Considering your drinking habits, wouldn't you like to know about this new health app?""",leading
"""You wouldn't want to shop at a store that discriminates against its employees, would you?""",leading
"""Given the potential consequences, don't you think we should regulate social media?""",leading
"""Don't you think it's irresponsible to not wear a helmet while cycling?""",leading
"""Considering the cultural impact, wouldn't you like to see more diverse books in schools?""",leading
"""You're not one of those people who still believe in climate change denial, are you?""",leading
"""Given the need for better public transport, wouldn't you support this infrastructure project?""",leading
"""Don't you think it's important to teach children about different religions?""",leading
"""Considering your age, wouldn't you like to know about this new senior care service?""",leading
"""You wouldn't want to support a company that tests on animals, would you?""",leading
"""Given the educational benefits, wouldn't you like to see more arts programs in schools?""",leading
"""Don't you think it's time we had a serious discussion about income inequality?""",leading
"""Considering the health risks, wouldn't you like to see stricter smoking laws?""",leading
"""You're not one of those people who think all politicians are corrupt, are you?""",leading
"""Given the potential benefits, wouldn't you like to try this new supplement?""",leading
"""Don't you think it's important to vote for candidates who support LGBTQ+ rights?""",leading
"""Considering the safety of our children, wouldn't you support this school security measure?""",leading
"""Considering the high crime rate, wouldn't you say we need stricter penalties?""",leading
"""Don't you think it's irresponsible to not recycle with the planet in such peril?""",leading
"""Given the numerous studies, how can we dismiss climate change as a hoax?""",leading
"""Wouldn't your life be easier with our new product, just as other customers found?""",leading
"""Imagine if we didn't have this service, how would you manage?""",leading
"""Don't you agree that this policy is unfair, given the current economic situation?""",leading
"""Considering your past, don't you think you should reconsider your actions?""",leading
"""With all the benefits, why wouldn't you choose our plan over the others?""",leading
"""Given the time constraint, would you rather have the cheap, quick solution?""",leading
"""Don't you feel it's your duty to vote, with so much at stake this election?""",leading
"""Considering the safety risks, wouldn't you want to upgrade your software?""",leading
"""Given your love for animals, don't you think you should go vegan?""",leading
"""Wouldn't you say that this artwork is a masterpiece, just like critics have?""",leading
"""Don't you think it's time we had a serious talk about your drinking habits?""",leading
"""Considering your busy schedule, how would you prefer we deliver the report?""",leading
"""Given the popularity of these shoes, wouldn't you like to try a pair?""",leading
"""Don't you find it odd that your friend never mentioned this incident?""",leading
"""Considering the tax breaks, wouldn't you want to invest in our company?""",leading
"""Wouldn't you prefer a more discrete packaging for your purchase?""",leading
"""Given the high demand, how many tickets would you like to buy?""",leading
"""Don't you think it's about time we had a honest conversation about your future?""",leading
"""Considering the low interest rate, wouldn't you like to refinance?""",leading
"""Wouldn't you say that this neighborhood is perfect for young families?""",leading
"""Given the competition, don't you want to make sure you have the best deal?""",leading
"""Don't you think it's unethical to support companies that exploit workers?""",leading
"""Considering your health, wouldn't you benefit from our wellness program?""",leading
"""Wouldn't you agree that our new design is a significant improvement?""",leading
"""Given your interest in sustainability, don't you want to know about our green initiatives?""",leading
"""Don't you think it's time you considered a career change, with your skills?""",leading
"""Considering the limited supply, wouldn't you like to pre-order now?""",leading
"""Wouldn't you say that this movie is a must-watch, given the reviews?""",leading
"""Don't you think it's unfair that he got the promotion over you?""",leading
"""Considering the safety concerns, wouldn't you want to install our system?""",leading
"""Wouldn't you prefer a more personalized shopping experience?""",leading
"""Given the traffic, don't you think you should leave early for your appointment?""",leading
"""Don't you think it's irresponsible to not inform your partner about this?""",leading
"""Considering your budget, wouldn't you like to know about our clearance sale?""",leading
"""Wouldn't you agree that this is a once-in-a-lifetime opportunity?""",leading
"""Given the long line, don't you want to try our express lane?""",leading
"""Don't you think it's time you started saving for retirement?""",leading
"""Considering the poor air quality, wouldn't you like to wear our masks?""",leading
"""Wouldn't you say that this is a bargain, considering the quality?""",leading
"""1. ""Don't you think it's irresponsible to support candidates who refuse to disclose their taxes?""",leading
"""2. ""Given the environmental impact, wouldn't you prefer products from eco-friendly companies?""",leading
"""3. ""Isn't it time we held our leaders accountable for their broken promises?""",leading
"""4. ""If you could vote again, wouldn't you reconsider your choice?""",leading
"""5. ""Don't you find it suspicious that they won't answer questions about their past?""",leading
"""6. ""Considering the health benefits, shouldn't we all be eating more organic food?""",leading
"""7. ""Wouldn't you agree that stricter gun laws could help prevent tragedies?""",leading
"""8. ""Isn't it true that you were the last person to see the victim before their disappearance?""",leading
"""9. ""Given the popularity of the product, wouldn't you want to try it yourself?""",leading
"""10. ""Don't you think it's unfair to tax the rich at a lower rate?""",leading
"""11. ""Wouldn't you say that your actions contributed to the problem?""",leading
"""12. ""Considering the safety of our children, shouldn't we ban violent video games?""",leading
"""13. ""Isn't it common knowledge that vaccines cause autism?""",leading
"""14. ""Wouldn't you prefer a candidate who values honesty over political correctness?""",leading
"""15. ""Don't you think it's wrong to profit from the suffering of others?""",leading
"""16. ""Given the high crime rate, wouldn't you support harsher punishments?""",leading
"""17. ""Wouldn't you agree that the ends justify the means in this case?""",leading
"""18. ""Isn't it your responsibility to set a good example for your children?""",leading
"""19. ""Considering the competition, wouldn't you want to upgrade to our latest model?""",leading
"""20. ""Don't you believe that all lives matter?""",leading
"""21. ""Wouldn't you want to know if your partner was cheating on you?""",leading
"""22. ""Given the evidence, isn't it safe to conclude that they're guilty?""",leading
"""23. ""Don't you think it's selfish to refuse to help others in need?""",leading
"""24. ""Wouldn't you rather spend your money on experiences than material things?""",leading
"""25. ""Isn't it true that you've had problems with substance abuse in the past?""",leading
"""26. ""Considering the cost, wouldn't you want a guarantee that the product works?""",leading
"""27. ""Wouldn't you say that your actions were reckless and irresponsible?""",leading
"""28. ""Don't you think it's important to respect traditional family values?""",leading
"""29. ""Given the time constraints, wouldn't you want to use our express service?""",leading
"""30. ""Isn't it hypocritical to advocate for peace while supporting military action?""",leading
"""31. ""Wouldn't you agree that tougher border control is necessary?""",leading
"""32. ""Don't you think it's unethical to conduct animal testing for cosmetics?""",leading
"""33. ""Considering the potential benefits, wouldn't you want to participate in the trial?""",leading
"""34. ""Isn't it true that you've been trying to hide something from us?""",leading
"""35. ""Wouldn't you rather be remembered for your kindness than your wealth?""",leading
"""36. ""Given the number of complaints, wouldn't you want to investigate further?""",leading
"""37. ""Don't you think it's wise to diversify your investment portfolio?""",leading
"""38. ""Wouldn't you say that your actions were driven by jealousy?""",leading
"""39. ""Considering the facts, isn't it clear that they manipulated the results?""",leading
"""40. ""Isn't it true that you've been struggling financially lately?""",leading
"""41. ""Wouldn't you prefer a partner who is loyal and devoted?""",leading
"""42. ""Given the historical context, shouldn't we re-evaluate our understanding of the event?""",leading
"""43. ""Don't you think it's important to support local businesses?""",leading
"""44. ""Wouldn't you agree that the new proposal is a step in the right direction?""",leading
"""45. ""Isn't it common sense to prioritize safety over convenience?""",leading
"""46. ""Considering the competition, wouldn't you want to choose the most experienced team?""",leading
"""47. ""Don't you think it's essential to maintain a healthy work-life balance?""",leading
"""48. ""Wouldn't you want to know if your food is GMO-free?""",leading
"""49. ""Given the legal implications, shouldn't we seek professional advice?""",leading
"""50. ""Isn't it time we had an honest conversation about our future together?""",leading
"""1. ""Isn't it high time we addressed this long-neglected problem?""",leading
"""2. ""Given the clear superiority of our product, wouldn't you say it's the best choice?""",leading
"""3. ""Don't you think it's irresponsible to ignore the scientific consensus?""",leading
"""4. ""Wouldn't you prefer a solution that's both eco-friendly and cost-effective?""",leading
"""5. ""Isn't it true that you were the last person to see the victim before their disappearance?""",leading
"""6. ""Don't you find it concerning that our competitor has such a high customer complaint rate?""",leading
"""7. ""Wouldn't you agree that honesty is always the best policy in these situations?""",leading
"""8. ""Don't you think it's unfair that you were singled out for this minor infraction?""",leading
"""9. ""Given the benefits, wouldn't you consider switching to our service?""",leading
"""10. ""Isn't it a bit hypocritical of you to criticize, given your own actions?""",leading
"""11. ""Wouldn't you say that this candidate's experience makes them the most qualified?""",leading
"""12. ""Don't you find it suspicious that they can't account for their whereabouts?""",leading
"""13. ""Given the limited resources, wouldn't you prioritize the most vulnerable individuals?""",leading
"""14. ""Isn't it true that you've had some disagreements with the other suspect?""",leading
"""15. ""Don't you believe that our product offers the best value for your money?""",leading
"""16. ""Wouldn't you like to try our new flavor, since you seem to enjoy similar ones?""",leading
"""17. ""Don't you think it's time we held those in power accountable for their actions?""",leading
"""18. ""Given the circumstances, wouldn't you consider this a fair outcome?""",leading
"""19. ""Isn't it odd that you haven't mentioned the other party's involvement?""",leading
"""20. ""Don't you find it impressive how quickly our team responded to the issue?""",leading
"""21. ""Wouldn't you agree that this policy is necessary for our community's safety?""",leading
"""22. ""Don't you think it's important to support local businesses like ours?""",leading
"""23. ""Given the potential risks, wouldn't you want to take some precautions?""",leading
"""24. ""Isn't it interesting that you've suddenly changed your stance on this matter?""",leading
"""25. ""Don't you believe that our company's values align with your own?""",leading
"""26. ""Wouldn't you say that this is a small price to pay for the benefits you'll receive?""",leading
"""27. ""Don't you find it ironic that you're criticizing something you've benefited from?""",leading
"""28. ""Given the circumstances, wouldn't you want to reconsider your initial statement?""",leading
"""29. ""Isn't it true that you've been seen spending a significant amount of time with the suspect?""",leading
"""30. ""Don't you think it's time we moved past these petty differences and united?""",leading
"""31. ""Wouldn't you say that our customer service is exceptional compared to others?""",leading
"""32. ""Don't you find it disappointing that you didn't receive the outcome you expected?""",leading
"""33. ""Given the evidence, wouldn't you say it's reasonable to assume...?""",leading
"""34. ""Isn't it remarkable how our product has improved your life in such a short time?""",leading
"""35. ""Don't you think it's unfair that you're being asked to take responsibility for something you didn't do?""",leading
"""36. ""Wouldn't you agree that this is an opportunity to make a positive change in your life?""",leading
"""37. ""Don't you find it challenging to maintain your position in the face of mounting evidence?""",leading
"""38. ""Given the options, wouldn't you choose the one that's most convenient for you?""",leading
"""39. ""Isn't it peculiar that you can't recall any details from that night?""",leading
"""40. ""Don't you think it's crucial to support organizations that share our values?""",leading
"""41. ""Wouldn't you say that our competitors' products are inferior to ours?""",leading
"""42. ""Don't you believe that our company's actions are in the best interest of the public?""",leading
"""43. ""Given the current situation, wouldn't you like to take advantage of our limited-time offer?""",leading
"""44. ""Isn't it fascinating how many people agree with our point of view on this issue?""",leading
"""45. ""Don't you think it's important to consider the potential consequences of your actions?""",leading
"""46. ""Wouldn't you like to upgrade to our premium service for an enhanced experience?""",leading
"""47. ""Don't you find it concerning that you've been avoiding the topic of discussion?""",leading
"""48. ""Given the circumstances, wouldn't you like to request a refund or exchange?""",leading
"""49. ""Isn't it true that your actions indirectly benefited the suspect?""",leading
"""50. ""Don't you want to make a positive impact on the world with your purchase?""",leading
"""1. ""Don't you think it's irresponsible to not recycle, considering the environmental impact?""",leading
"""2. ""With the increasing crime rates, isn't it time we toughen penalties for offenders?""",leading
"""3. ""Given your history of speeding, would you say you're a safe driver?""",leading
"""4. ""Don't you find it unfair that higher-income individuals pay less taxes proportionally?""",leading
"""5. ""If you were in charge, wouldn't you prioritize fixing potholes over new parks?""",leading
"""6. ""In your opinion, doesn't this product seem better than its competitors?""",leading
"""7. ""Considering the safety of our children, shouldn't we support stricter gun laws?""",leading
"""8. ""Don't you think it's selfish to not donate to charity, given your financial stability?""",leading
"""9. ""If elected, wouldn't you agree that the previous administration's policies were a failure?""",leading
"""10. ""Given the evidence, wouldn't you say the defendant is guilty beyond a reasonable doubt?""",leading
"""11. ""Don't you believe that artificial sweeteners are worse than natural sugars?""",leading
"""12. ""Considering the health risks, shouldn't we ban fast food advertising aimed at children?""",leading
"""13. ""If you could vote again, wouldn't you change your mind about Brexit?""",leading
"""14. ""Don't you think it's hypocritical to support animal rights but eat meat?""",leading
"""15. ""Given their low prices, wouldn't you trust this brand over the more expensive ones?""",leading
"""16. ""Don't you find it surprising that more people don't support renewable energy?""",leading
"""17. ""If you were the suspect, wouldn't you cooperate fully with the investigation?""",leading
"""18. ""Considering the noise complaints, shouldn't we revisit the club's operating hours?""",leading
"""19. ""Don't you think it's manipulative to use dark patterns in website design?""",leading
"""20. ""Given the success of electric vehicles, wouldn't you consider one for your next car?""",leading
"""21. ""Don't you think it's reckless to text and drive?""",leading
"""22. ""If you were the parent, wouldn't you insist on stricter school discipline?""",leading
"""23. ""Considering the high tuition fees, don't you think students should have more say in university governance?""",leading
"""24. ""Don't you find it concerning that more people aren't vaccinated?""",leading
"""25. ""If you were the jury, wouldn't you find the defendant's alibi unconvincing?""",leading
"""26. ""Don't you think it's deceitful to use hidden fees?""",leading
"""27. ""Given the obesity epidemic, shouldn't we tax sugary drinks?""",leading
"""28. ""Don't you find it disrespectful to not stand for the national anthem?""",leading
"""29. ""If you were the boss, wouldn't you fire an employee caught stealing?""",leading
"""30. ""Considering the environmental impact, shouldn't we ban single-use plastics?""",leading
"""31. ""Don't you think it's unpatriotic to protest during the national anthem?""",leading
"""32. ""Given the benefits, wouldn't you want to try online therapy?""",leading
"""33. ""Don't you believe that social media is making us more isolated?""",leading
"""34. ""If you were the victim, wouldn't you want the death penalty for your attacker?""",leading
"""35. ""Considering the potential risks, shouldn't we regulate cryptocurrencies?""",leading
"""36. ""Don't you think it's unethical to test cosmetics on animals?""",leading
"""37. ""Given the lack of evidence, wouldn't you doubt the witness's testimony?""",leading
"""38. ""Don't you find it worrying that more people aren't concerned about climate change?""",leading
"""39. ""If you were the defendant, wouldn't you plead guilty to avoid a longer sentence?""",leading
"""40. ""Considering the health risks, shouldn't we restrict vaping in public places?""",leading
"""41. ""Don't you think it's lazy to order takeout every night?""",leading
"""42. ""If you were the police, wouldn't you investigate the neighbor's suspicious activities?""",leading
"""43. ""Given the evidence, wouldn't you say the witness's story changes?""",leading
"""44. ""Don't you find it shocking that more people aren't outraged by this issue?""",leading
"""45. ""If you were the manager, wouldn't you reprimand an employee for being late?""",leading
"""46. ""Considering the cost, wouldn't you prefer a budget-friendly vacation?""",leading
"""47. ""Don't you think it's ungrateful to criticize your host country?""",leading
"""48. ""Given the competition, wouldn't you want to work harder to succeed?""",leading
"""49. ""Don't you find it embarrassing to not know basic history facts?""",leading
"""50. ""If you were the judge, wouldn't you sentence the criminal to life without parole?""",leading
"""Sure, here are 50 examples:""",leading
"""1. You haven't considered the environmental impact of using this product, have you?""",leading
"""2. Isn't it true that you were the last person to see the victim alive?""",leading
"""3. Don't you think our competitors' product is inferior?""",leading
"""4. Given the current political climate, wouldn't it be wise to support this initiative?""",leading
"""5. You do believe in the importance of vaccination, right?""",leading
"""6. Isn't it time we updated our policies to match our progressive values?""",leading
"""7. It's unlikely you'd choose the cheaper option over quality, isn't it?""",leading
"""8. You wouldn't want to be seen as supporting unethical business practices, would you?""",leading
"""9. Haven't you always voted for candidates who prioritize education?""",leading
"""10. Isn't it clear that our product meets all your needs?""",leading
"""11. Can you really afford to ignore this amazing offer?""",leading
"""12. You don't want to miss out on this limited-time deal, do you?""",leading
"""13. Isn't it obvious that this candidate's policies will benefit the middle class?""",leading
"""14. You're not one of those people who prefer quantity over quality, are you?""",leading
"""15. Given the positive reviews, how can you not be excited about this product?""",leading
"""16. Isn't it irresponsible to not recycle in this day and age?""",leading
"""17. You're not against stricter gun laws, are you?""",leading
"""18. Can you honestly say you've read all the terms and conditions?""",leading
"""19. Isn't it about time you upgraded to our latest model?""",leading
"""20. You're not still using that outdated software, are you?""",leading
"""21. It's not like you to be so reckless, is it?""",leading
"""22. Isn't it selfish to not contribute to charity this year?""",leading
"""23. You wouldn't want to disappoint your family by not voting, would you?""",leading
"""24. Isn't it common sense to support this bill?""",leading
"""25. You're not one of those people who believe in conspiracy theories, are you?""",leading
"""26. Given the choice, wouldn't you prefer our eco-friendly option?""",leading
"""27. It's not every day you get an offer like this, is it?""",leading
"""28. You're not against progress, are you?""",leading
"""29. Isn't it unreasonable to expect free healthcare?""",leading
"""30. You wouldn't want to be labeled as unsupportive, would you?""",leading
"""31. It's not like you to be so close-minded, is it?""",leading
"""32. Isn't it irresponsible to not have an emergency fund?""",leading
"""33. You're not one of those people who ignore warning labels, are you?""",leading
"""34. Given the safety record, how can you not trust our brand?""",leading
"""35. It's not often we see such a high demand for this service, is it?""",leading
"""36. You wouldn't want to be seen as unpatriotic, would you?""",leading
"""37. Isn't it typical of you to be so punctual?""",leading
"""38. You're not one of those people who believe in fortune tellers, are you?""",leading
"""39. Given the savings, wouldn't you be silly to not switch providers?""",leading
"""40. It's not like you to be so judgmental, is it?""",leading
"""41. Isn't it clear that our company is the best in the industry?""",leading
"""42. You wouldn't want to be seen as unsympathetic, would you?""",leading
"""43. Isn't it important to support local businesses?""",leading
"""44. You're not one of those people who refuse to use technology, are you?""",leading
"""45. Given the health benefits, wouldn't you be foolish to not join our gym?""",leading
"""46. It's not every day you get a chance to invest in a startup like ours, is it?""",leading
"""47. You wouldn't want to be seen as ignorant of current affairs, would you?""",leading
"""48. Isn't it your duty as a citizen to vote?""",leading
"""49. You're not one of those people who believe in homeopathy, are you?""",leading
"""50. Given the high quality, wouldn't you be happy to pay a premium?""",leading
"""Don't you think it's irresponsible to not recycle?""",leading
"""Given the recent accidents, would you trust this brand again?""",leading
"""Isn't it time we finally held them accountable?""",leading
"""Don't you think it's unfair that they get away with that?""",leading
"""In your opinion, who do you think is more qualified for the job?""",leading
"""Aren't you concerned about the environmental impact of their products?""",leading
"""Don't you find it suspicious that they refuse to comment?""",leading
"""Wouldn't you agree that their actions are unethical?""",leading
"""Given the current situation, do you think they should step down?""",leading
"""Don't you think it's about time we had a change in leadership?""",leading
"""Isn't it true that you were the last person to see the victim?""",leading
"""Don't you find it odd that they don't have any customer reviews?""",leading
"""Wouldn't you say that their policies are outdated?""",leading
"""Given their track record, can you really trust them?""",leading
"""Don't you think it's reckless to ignore the warnings?""",leading
"""Wouldn't you prefer a product that's locally sourced?""",leading
"""Isn't it clear that they're trying to hide something?""",leading
"""Don't you think it's unfair to burden the taxpayers?""",leading
"""Given the circumstances, wouldn't you have done the same?""",leading
"""Don't you find it hypocritical of them to judge others?""",leading
"""Wouldn't you agree that their actions are in the best interest of the community?""",leading
"""Isn't it a shame that they can't see things from our perspective?""",leading
"""Don't you think it's too risky to invest in them?""",leading
"""Given the competition, don't you think they're overpriced?""",leading
"""Wouldn't you say that their services are subpar compared to others?""",leading
"""Isn't it true that you've had issues with their customer service?""",leading
"""Don't you find it concerning that they don't follow safety protocols?""",leading
"""Wouldn't you prefer a company that values sustainability?""",leading
"""Given their performance, don't you think it's time for a change?""",leading
"""Don't you agree that their ads are misleading?""",leading
"""Wouldn't you support a law that bans such practices?""",leading
"""Isn't it strange that they don't have any complaints against them?""",leading
"""Don't you think it's irresponsible to share such sensitive information?""",leading
"""1. ""Isn't it true that you were the last person to see the victim alive?""",leading
"""2. ""Don't you find it surprising that the opposition party hasn't addressed this issue yet?""",leading
"""3. ""Given the environmental impact, wouldn't you prefer an electric car?""",leading
"""4. ""Wouldn't you agree that our product is superior to the competition?""",leading
"""5. ""Considering the high stakes, aren't you worried about the consequences?""",leading
"""6. ""Don't you think it's time to consider a more progressive stance on this matter?""",leading
"""7. ""Isn't it true that you've been having some financial difficulties lately?""",leading
"""8. ""Don't you believe that everyone should have access to affordable healthcare?""",leading
"""9. ""Given the evidence, wouldn't you say that's a reasonable conclusion?""",leading
"""10. ""Don't you find it outrageous that they're trying to hide this information?""",leading
"""11. ""Isn't it great that we're finally making progress on this issue?""",leading
"""12. ""Wouldn't you prefer a brand that's more ethical and sustainable?""",leading
"""13. ""Don't you think it's irresponsible to not wear a helmet while riding?""",leading
"""14. ""Considering your past record, don't you think it's wise to cooperate?""",leading
"""15. ""Wouldn't you agree that our services are worth the extra cost?""",leading
"""16. ""Isn't it true that you've been avoiding my calls lately?""",leading
"""17. ""Given the circumstances, don't you think it's best to come clean?""",leading
"""18. ""Don't you think it's unfair that they're getting away with this?""",leading
"""19. ""Wouldn't you be more comfortable with a model that has better safety features?""",leading
"""20. ""Isn't it true that you've been working with our competitors?""",leading
"""21. ""Don't you think it's time we had a serious conversation about this?""",leading
"""22. ""Given the high crime rate, wouldn't you feel safer with more stringent laws?""",leading
"""23. ""Wouldn't you prefer a company that values customer satisfaction?""",leading
"""24. ""Isn't it strange that they're suddenly changing their story?""",leading
"""25. ""Don't you think it's important to support local businesses?""",leading
"""26. ""Given the evidence, wouldn't you say that's a reasonable inference?""",leading
"""27. ""Isn't it true that you've been having some personal problems recently?""",leading
"""28. ""Don't you find it concerning that they're not disclosing certain information?""",leading
"""29. ""Wouldn't you agree that our product is more durable than the others?""",leading
"""30. ""Isn't it time we addressed the elephant in the room?""",leading
"""31. ""Given your background, don't you think you should recuse yourself?""",leading
"""32. ""Wouldn't you prefer an investment that's less risky?""",leading
"""33. ""Don't you think it's unfair to judge someone based on their appearance?""",leading
"""34. ""Isn't it true that you've been seen with the suspect on several occasions?""",leading
"""35. ""Given the current situation, don't you think it's best to stay quiet?""",leading
"""36. ""Don't you find it hypocritical that they're criticizing others for the same thing they do?""",leading
"""37. ""Wouldn't you be more at ease with a company that offers better customer service?""",leading
"""38. ""Isn't it true that you've been struggling with substance abuse?""",leading
"""39. ""Considering the potential benefits, wouldn't you want to try our new product?""",leading
"""40. ""Don't you think it's selfish to not contribute to charity?""",leading
"""41. ""Isn't it true that you've been having some creative differences with your team?""",leading
"""42. ""Given the evidence, wouldn't you say that's a reasonable motive?""",leading
"""43. ""Wouldn't you prefer a brand that's more aligned with your values?""",leading
"""44. ""Don't you think it's irresponsible to not wear a seatbelt?""",leading
"""45. ""Isn't it time we had an honest conversation about your drinking problem?""",leading
"""46. ""Considering your financial situation, wouldn't you benefit from our services?""",leading
"""47. ""Don't you find it worrisome that they're not adhering to regulations?""",leading
"""48. ""Isn't it true that you've been sending threatening messages?""",leading
"""49. ""Given the circumstances, wouldn't you agree that a change is necessary?""",leading
"""50. ""Don't you think it's unethical to take advantage of vulnerable people?""",leading
"""Don't you think that investing in eco-friendly products is the responsible choice?""",leading
"""Considering the high crime rate, isn't it time we support stricter penalties?""",leading
"""Given the success of our competitors, shouldn't we consider a similar approach?""",leading
"""Isn't it unfair that he wasn't invited, considering his contributions?""",leading
"""Don't you believe that this policy change will only benefit the wealthy?""",leading
"""Wouldn't life be easier if we just accepted things as they are?""",leading
"""Don't you think we should prioritize local businesses to boost our economy?""",leading
"""Considering the evidence, how could you not support this bill?""",leading
"""Is it really worth missing out on this opportunity for a bit of relaxation?""",leading
"""Don't you agree that this candidate's experience makes them the obvious choice?""",leading
"""Why would you choose to waste time on that, when you could be advancing your career?""",leading
"""Given the potential consequences, isn't it worth considering all sides of the argument?""",leading
"""Don't you think it's time we held these corporations accountable?""",leading
"""Isn't it interesting how similar this product is to the competition's?""",leading
"""Don't you find it concerning that he hasn't addressed this issue?""",leading
"""Considering the discount, wouldn't you be saving money by upgrading now?""",leading
"""Don't you believe that this decision will ultimately harm our community?""",leading
"""Why would you want to support a candidate who opposes progress?""",leading
"""Isn't it clear that this is the most effective solution to our problem?""",leading
"""Don't you think that taking a stance on this issue is essential for your career?""",leading
"""Why wouldn't you want to be part of a team that achieves such great results?""",leading
"""Considering the facts, how can you still doubt the validity of this claim?""",leading
"""Don't you feel that this product offers better value than the competition?""",leading
"""Isn't it important to support local artists to keep our culture vibrant?""",leading
"""Don't you think that this decision demonstrates a lack of consideration for others?""",leading
"""Why would you choose to live in a place with such high pollution levels?""",leading
"""Considering the feedback, don't you think it's time to change your approach?""",leading
"""Isn't it odd that they haven't commented on this yet?""",leading
"""Don't you believe that this service is worth the extra cost for the convenience?""",leading
"""Why wouldn't you want to take advantage of this limited-time offer?""",leading
"""Considering the evidence, how can you still maintain that position?""",leading
"""Don't you think it's time we reevaluate our stance on this matter?""",leading
"""Isn't it true that this product has significantly improved your life?""",leading
"""Don't you find it worrying that this problem hasn't been addressed yet?""",leading
"""Considering the deadline, shouldn't you start working on this project soon?""",leading
"""Why wouldn't you want to join a club with such active members?""",leading
"""Don't you think that this policy change is long overdue?""",leading
"""Isn't it fascinating how this product has changed the market?""",leading
"""1. ""Don't you think it's irresponsible to not recycle?""",leading
"""2. ""Given the high crime rate, wouldn't you support stricter penalties?""",leading
"""3. ""Isn't it time we finally held our politicians accountable?""",leading
"""4. ""Don't you believe that we should prioritize jobs for our own citizens?""",leading
"""5. ""With all the evidence pointing to climate change, how can we still debate it?""",leading
"""6. ""Aren't you glad our country has such strong military power?""",leading
"""7. ""Don't you think it's unfair that they got a promotion before you?""",leading
"""8. ""Given the choice, wouldn't you prefer a product that's locally made?""",leading
"""9. ""Isn't it true that our education system needs a complete overhaul?""",leading
"""10. ""Don't you find it concerning that they haven't responded yet?""",leading
"""11. ""Wouldn't you agree that our laws are too lenient on criminals?""",leading
"""12. ""Don't you think it's reckless to drive without a seatbelt?""",leading
"""13. ""Given the chance, wouldn't you like to try our new product?""",leading
"""14. ""Isn't it time we had a serious discussion about mental health?""",leading
"""15. ""Don't you believe that our government should do more to help the poor?""",leading
"""16. ""Wouldn't you say that's a risk worth taking for such a high reward?""",leading
"""17. ""Don't you think it's important to support local businesses?""",leading
"""18. ""Given the circumstances, wouldn't you want a second opinion?""",leading
"""19. ""Isn't it true that some people just aren't cut out for leadership?""",leading
"""20. ""Don't you feel that our tax system is unfairly burdening the middle class?""",leading
"""21. ""Wouldn't you say that's a small price to pay for such a great service?""",leading
"""22. ""Don't you think it's irresponsible to leave young children unsupervised?""",leading
"""23. ""Given the choice, wouldn't you prefer a company that's environmentally friendly?""",leading
"""24. ""Isn't it time we addressed the elephant in the room?""",leading
"""25. ""Don't you think it's dangerous to trust everything you read online?""",leading
"""26. ""Wouldn't you agree that our justice system needs reform?""",leading
"""27. ""Don't you find it odd that they've been avoiding the topic?""",leading
"""28. ""Given the opportunity, wouldn't you like to invest in our growing company?""",leading
"""29. ""Isn't it true that some people just can't handle the truth?""",leading
"""30. ""Don't you think it's important to set a good example for our children?""",leading
"""31. ""Wouldn't you say that's a reasonable compromise?""",leading
"""32. ""Don't you find it concerning that they've been lying to us?""",leading
"""33. ""Given the choice, wouldn't you prefer a product that's been widely tested?""",leading
"""34. ""Isn't it time we had a serious conversation about race in America?""",leading
"""35. ""Don't you think it's selfish to not donate to charity?""",leading
"""36. ""Wouldn't you agree that's an acceptable loss?""",leading
"""37. ""Don't you find it disturbing that they're spying on us?""",leading
"""38. ""Given the chance, wouldn't you like to try our new recipe?""",leading
"""39. ""Isn't it true that some people just don't understand the struggles of others?""",leading
"""40. ""Don't you think it's important to stand up for what's right?""",leading
"""41. ""Wouldn't you say that's a fair deal?""",leading
"""42. ""Don't you find it suspicious that they're being so secretive?""",leading
"""43. ""Given the opportunity, wouldn't you like to join our team?""",leading
"""44. ""Isn't it time we had an honest discussion about gun control?""",leading
"""45. ""Don't you think it's essential to follow the rules?""",leading
"""46. ""Wouldn't you agree that's a step in the right direction?""",leading
"""47. ""Don't you find it alarming that they're spreading misinformation?""",leading
"""48. ""Given the choice, wouldn't you prefer a company that values diversity?""",leading
"""49. ""Isn't it true that some people just can't see the bigger picture?""",leading
"""50. ""Don't you think it's crucial to make informed decisions?""",leading
"""Sure, here are 50 examples of leading questions:""",leading
"""1. ""When did you stop supporting our candidate?""",leading
"""2. ""Don't you think our product is superior to the competitors?""",leading
"""3. ""Given the high stakes, wouldn't you agree that we should proceed?""",leading
"""4. ""Isn't it true that you were at the scene of the crime?""",leading
"""5. ""Considering the environmental impact, how could you choose that option?""",leading
"""6. ""Don't you think it's irresponsible to not recycle?""",leading
"""7. ""Given the discount, wouldn't you like to upgrade your plan?""",leading
"""8. ""You do remember that you signed the contract, right?""",leading
"""9. ""Isn't it time to reconsider your vote?""",leading
"""10. ""You wouldn't want to be on the wrong side of history, would you?""",leading
"""11. ""Given the majority consensus, how do you feel about the decision?""",leading
"""12. ""Don't you think you should apologize?""",leading
"""13. ""Considering the safety risks, would you still make the same choice?""",leading
"""14. ""Isn't it true that you've had financial difficulties?""",leading
"""15. ""Given the legal precedent, how do you defend your actions?""",leading
"""16. ""Don't you want to be part of the solution?""",leading
"""17. ""Considering the benefits, wouldn't you like to join our club?""",leading
"""18. ""You wouldn't want to miss out on this exclusive offer, would you?""",leading
"""19. ""Given the popularity, how can you not like our brand?""",leading
"""20. ""Don't you think it's selfish to keep that information to yourself?""",leading
"""21. ""Considering the evidence, how can you doubt our innocence?""",leading
"""22. ""Isn't it time to grow up and take responsibility?""",leading
"""23. ""Given the cultural significance, wouldn't you want to visit that place?""",leading
"""24. ""Don't you think you should listen to your parents on this matter?""",leading
"""25. ""Considering the health benefits, wouldn't you like to switch to our product?""",leading
"""26. ""You wouldn't want to be seen as unpatriotic, would you?""",leading
"""27. ""Given the norms, how do you justify your behavior?""",leading
"""28. ""Don't you think you're being too sensitive?""",leading
"""29. ""Considering the stress relief, wouldn't you want to try our service?""",leading
"""30. ""Isn't it true that you've been having some problems at home?""",leading
"""31. ""Given the success stories, how can you not believe in us?""",leading
"""32. ""Don't you think you should keep your personal life private?""",leading
"""33. ""Considering the potential, wouldn't you like to invest with us?""",leading
"""34. ""You wouldn't want to let your team down, would you?""",leading
"""35. ""Given the recent events, how can you still support that cause?""",leading
"""36. ""Don't you think you should consider the consequences?""",leading
"""37. ""Considering the convenience, wouldn't you like to order online?""",leading
"""38. ""Isn't it true that you've been careless in the past?""",leading
"""39. ""Given the positive reviews, how could you not love our product?""",leading
"""40. ""Don't you think you should set a better example?""",leading
"""41. ""Considering the common good, wouldn't you want to participate?""",leading
"""42. ""You wouldn't want to be accused of bias, would you?""",leading
"""43. ""Given the data, how can you still disagree?""",leading
"""44. ""Don't you think you should be more grateful?""",leading
"""45. ""Considering the tradition, wouldn't you want to join the celebration?""",leading
"""46. ""Isn't it true that you've been lied to in the past?""",leading
"""47. ""Given the efficiency, wouldn't you like to switch to our platform?""",leading
"""48. ""Don't you think you should be more open-minded?""",leading
"""49. ""Considering the safety features, wouldn't you feel more secure with our product?""",leading
"""50. ""You wouldn't want to be accused of discrimination, would you?""",leading
"""1. ""Isn't it time we held our politicians accountable for their promises?""",leading
"""2. ""Don't you think we should prioritize recycling to save our planet?""",leading
"""3. ""Given the high crime rate, would you feel safe without stricter penalties?""",leading
"""4. ""Wouldn't you prefer a company that cares about its environmental impact?""",leading
"""5. ""Haven't you noticed how much better our team has been playing lately?""",leading
"""6. ""Don't you believe we should invest more in education to reduce poverty?""",leading
"""7. ""Given the success of our previous product, how can you resist trying this one?""",leading
"""8. ""Wouldn't you agree that we need to crack down on illegal immigration?""",leading
"""9. ""Don't you think it's irresponsible to drive without a seatbelt?""",leading
"""10. ""Haven't you ever wanted to try our famous chocolate lava cake?""",leading
"""11. ""Given the health risks, wouldn't you consider switching to a healthier lifestyle?""",leading
"""12. ""Don't you think we should ban firearms to prevent gun violence?""",leading
"""13. ""Wouldn't you prefer a car that prioritizes safety and fuel efficiency?""",leading
"""14. ""Haven't you heard about our loyalty program? It's truly a game-changer.""",leading
"""15. ""Don't you think we should impeach the president for his actions?""",leading
"""16. ""Given the positive reviews, how could you not want to book this resort?""",leading
"""17. ""Wouldn't you agree that we need to do more to support local businesses?""",leading
"""18. ""Don't you believe we should legalize marijuana for medicinal purposes?""",leading
"""19. ""Haven't you ever considered going vegan for the environment?""",leading
"""20. ""Wouldn't you prefer a candidate who prioritizes the middle class?""",leading
"""21. ""Don't you think we should invest more in renewable energy sources?""",leading
"""22. ""Given the competition, how could you not choose our product for your needs?""",leading
"""23. ""Wouldn't you agree that we need to do more to combat climate change?""",leading
"""24. ""Don't you think it's unfair that some people have more advantages than others?""",leading
"""25. ""Haven't you ever dreamed of owning your own home?""",leading
"""26. ""Given the evidence, wouldn't you say the accused is guilty?""",leading
"""27. ""Don't you think we should tax the rich to reduce income inequality?""",leading
"""28. ""Wouldn't you prefer a political system that represents everyone equally?""",leading
"""29. ""Don't you think we should impose stricter regulations on big tech companies?""",leading
"""30. ""Haven't you ever wanted to try skydiving for the thrill of it?""",leading
"""31. ""Wouldn't you agree that we need to do more to support mental health initiatives?""",leading
"""32. ""Don't you think we should boycott companies that exploit labor?""",leading
"""33. ""Given the choice, wouldn't you prefer a world without war?""",leading
"""34. ""Don't you think we should invest more in infrastructure to create jobs?""",leading
"""35. ""Haven't you ever considered learning a new language to broaden your horizons?""",leading
"""36. ""Wouldn't you agree that we need to do more to protect endangered species?""",leading
"""37. ""Don't you think we should ban plastic straws to save our oceans?""",leading
"""38. ""Given the success of our previous campaigns, how can you not support this one?""",leading
"""39. ""Wouldn't you prefer a city with more green spaces and parks?""",leading
"""40. ""Don't you think we should impose stricter penalties for hate crimes?""",leading
"""41. ""Haven't you ever wanted to travel the world and experience new cultures?""",leading
"""42. ""Wouldn't you agree that we need to do more to support arts and culture?""",leading
"""43. ""Don't you think we should provide free education to all students?""",leading
"""44. ""Given the growing demand, wouldn't you consider investing in cryptocurrency?""",leading
"""45. ""Wouldn't you prefer a company that values diversity and inclusion?""",leading
"""46. ""Don't you think we should prioritize the needs of our elderly population?""",leading
"""47. ""Haven't you ever wanted to start your own business and be your own boss?""",leading
"""48. ""Wouldn't you agree that we need to do more to address the housing crisis?""",leading
"""49. ""Don't you think we should impose stricter regulations on fast food companies?""",leading
"""50. ""Given the current situation, wouldn't you say that change is necessary?""",leading
"""Do you still believe that, even after hearing the expert's testimony?""",leading
"""Isn't it time we did something about this pressing issue?""",leading
"""Wouldn't you prefer a product that's been tested by thousands of satisfied customers?""",leading
"""Don't you think we should prioritize safety over convenience?""",leading
"""Given your history of supporting environmental causes, how do you feel about this new proposal?""",leading
"""Don't you find it surprising that no one else has suggested this solution?""",leading
"""Isn't it true that you've been considering a career change lately?""",leading
"""Given the high crime rate in the area, don't you think it's irresponsible not to have a security system?""",leading
"""Wouldn't you say that your actions contributed to the misunderstanding?""",leading
"""Don't you think it's unfair to blame the entire group for the actions of a few?""",leading
"""Given the long waiting list, don't you think it's selfish to keep your appointment open indefinitely?""",leading
"""Isn't it about time we held them accountable for their actions?""",leading
"""Don't you feel guilty about the amount of waste you generate daily?""",leading
"""Wouldn't you prefer a company that values transparency and honesty?""",leading
"""Given the current economic climate, don't you think it's risky not to diversify your investments?""",leading
"""Isn't it true that you've been seen associating with known criminals?""",leading
"""Wouldn't you agree that strict penalties are necessary to deter crime?""",leading
"""Don't you think it's irresponsible to consume meat, given the environmental impact?""",leading
"""Given your lack of experience, how do you plan to handle this complex situation?""",leading
"""Isn't it odd that you were the only one who didn't receive an invitation?""",leading
"""Wouldn't you like to have the opportunity to clear your name in court?""",leading
"""Don't you think it's selfish to keep all the profits for yourself?""",leading
"""Given the evidence, wouldn't you say that you have a motive for the crime?""",leading
"""Isn't it true that you've been seen engaging in illegal activities?""",leading
"""Wouldn't you like to improve your credit score with our reliable service?""",leading
"""Don't you think it's better to settle the dispute out of court, to save time and money?""",leading
"""Given the lack of funds, wouldn't you agree that we should prioritize other projects?""",leading
"""Isn't it about time we reviewed our outdated policies?""",leading
"""Wouldn't you like to have a say in the future of our community?""",leading
"""Don't you think it's important to consider the long-term effects of our actions?""",leading
"""Given the public's outcry, how can we ignore this issue any longer?""",leading
"""Wouldn't you agree that a strong leader is needed in these uncertain times?""",leading
"""Don't you find it suspicious that you can't account for your whereabouts during the time of the incident?""",leading
"""1. Don't you think that having stricter gun laws would help reduce violence?""",leading
"""2. Who do you believe is more qualified for the job, candidate A or B?""",leading
"""3. Isn't it frustrating when companies treat their customers so poorly?""",leading
"""4. Given the environmental impact, wouldn't you prefer to use reusable bags?""",leading
"""5. Don't you think it's time we held our politicians more accountable?""",leading
"""6. Who is more to blame for the economic downturn, the government or the corporations?""",leading
"""7. Haven't you ever wished for more transparency in our political system?""",leading
"""8. Isn't it irresponsible to not recycle in today's world?""",leading
"""9. Don't you find it unfair that some people have so much while others have so little?""",leading
"""10. Who makes a better role model for children, celebrities or athletes?""",leading
"""11. Haven't you ever felt like your vote doesn't make a difference?""",leading
"""12. Don't you think it's important to support local businesses?""",leading
"""13. Isn't it disturbing how much influence big corporations have on our government?""",leading
"""14. Who would you say has the better healthcare plan, party A or B?""",leading
"""15. Haven't you ever wished for a simpler, less materialistic life?""",leading
"""16. Don't you think it's crucial for us to reduce our carbon footprint?""",leading
"""17. Isn't it concerning how much personal data companies collect from us?""",leading
"""18. Who do you think treats their employees better, company X or Y?""",leading
"""19. Haven't you ever felt manipulated by advertising?""",leading
"""20. Don't you agree that we need stricter regulations on social media?""",leading
"""21. Who is more at fault for the conflict, side A or B?""",leading
"""22. Haven't you ever wondered if our justice system is truly fair?""",leading
"""23. Don't you think it's important to buy products that aren't tested on animals?""",leading
"""24. Who has the better approach to education, plan A or B?""",leading
"""25. Haven't you ever felt like you're being watched online?""",leading
"""26. Don't you agree that we should prioritize investing in renewable energy?""",leading
"""27. Who do you think is more honest, politician A or B?""",leading
"""28. Haven't you ever felt pressured to conform to societal norms?""",leading
"""29. Don't you find it disturbing how much misinformation is spread online?""",leading
"""30. Who would you say is more creative, artist A or B?""",leading
"""31. Haven't you ever questioned the authenticity of news articles?""",leading
"""32. Don't you agree that we should be more open to diverse perspectives?""",leading
"""33. Who do you think has the better solution for our country's debt, plan A or B?""",leading
"""34. Haven't you ever felt like you're being judged based on your appearance?""",leading
"""35. Don't you think it's crucial to support arts and culture in our community?""",leading
"""36. Who do you believe should be held more responsible for climate change, individuals or corporations?""",leading
"""37. Haven't you ever felt like you're being targeted by ads based on your browsing history?""",leading
"""38. Don't you agree that we need to do more to protect our bees?""",leading
"""39. Who has the better understanding of the common people, leader A or B?""",leading
"""40. Haven't you ever felt like you're being overcharged for goods or services?""",leading
"""41. Don't you think it's important to teach children about different cultures?""",leading
"""42. Who do you think is more likely to win the upcoming election, candidate A or B?""",leading
"""43. Haven't you ever questioned the motives behind a company's charitable donations?""",leading
"""44. Don't you agree that we should be more considerate of others' feelings?""",leading
"""45. Who do you think is more likely to cheat in a relationship, men or women?""",leading
"""46. Haven't you ever felt like you're being taken advantage of as a consumer?""",leading
"""47. Don't you think it's important to support small, independent businesses?""",leading
"""48. Who do you think has the better idea for a new product, company X or Y?""",leading
"""49. Haven't you ever felt like you're being forced to choose between your values and your wallet?""",leading
"""50. Don't you agree that we should prioritize investing in our children's education?""",leading
"""Sure, here are 50 examples:""",leading
"""1. ""You're not a supporter of free speech, are you?""",leading
"""2. ""Don't you think it's time to change our position on this?""",leading
"""3. ""Given the high success rate, wouldn't you consider this option?""",leading
"""4. ""Considering the damage caused, how can we justify inaction?""",leading
"""5. ""You do understand the consequences of not complying, right?""",leading
"""6. ""With all the evidence pointing towards it, how can we dismiss this theory?""",leading
"""7. ""Don't you find it strange that...?""",leading
"""8. ""This product has been a bestseller for years, haven't you heard of it?""",leading
"""9. ""You're not one of those people who believe in conspiracy theories, are you?""",leading
"""10. ""Given the limited time, we must prioritize, wouldn't you agree?""",leading
"""11. ""You've always been a responsible citizen, haven't you?""",leading
"""12. ""Considering the public's opinion, what would you suggest?""",leading
"""13. ""This is a once-in-a-lifetime opportunity, wouldn't you say?""",leading
"""14. ""With such a low price, how can you resist?""",leading
"""15. ""You're not against progress, are you?""",leading
"""16. ""Given the current circumstances, what's the best course of action?""",leading
"""17. ""You're not planning to vote for them, are you?""",leading
"""18. ""This is a matter of national security, so, your cooperation is crucial.""",leading
"""19. ""You've always been a fan of our brand, haven't you?""",leading
"""20. ""Don't you think it's unfair to judge without all the facts?""",leading
"""21. ""Considering your education, what's your professional opinion on this?""",leading
"""22. ""You wouldn't want to be on the wrong side of history, would you?""",leading
"""23. ""With such a high rating, this must be your next movie to watch.""",leading
"""24. ""You're not one of those people who ignore warnings, are you?""",leading
"""25. ""Given the environmental impact, what's the most responsible choice?""",leading
"""26. ""This is a matter of life and death, so, honesty is the best policy.""",leading
"""27. ""You do agree that safety should always come first, right?""",leading
"""28. ""Considering the competition, what makes our product stand out?""",leading
"""29. ""You're not one of those people who believe in folklore, are you?""",leading
"""30. ""Given the health benefits, wouldn't you want to try this?""",leading
"""31. ""You've always been a team player, haven't you?""",leading
"""32. ""Considering the budget, what's the most practical solution?""",leading
"""33. ""You wouldn't want to miss out on this limited offer, would you?""",leading
"""34. ""This is a matter of personal integrity, so, I expect your honesty.""",leading
"""35. ""With such a positive review, you must be interested in this service.""",leading
"""36. ""You're not against equality, are you?""",leading
"""37. ""Considering the time constraint, what's the most efficient way to proceed?""",leading
"""38. ""You do understand the importance of our work, don't you?""",leading
"""39. ""You wouldn't want to be associated with such a controversial figure, would you?""",leading
"""40. ""Given the cultural significance, how could we not support this?""",leading
"""41. ""This is a no-brainer, isn't it?""",leading
"""42. ""You're not one of those people who prefer quantity over quality, are you?""",leading
"""43. ""Considering the legal implications, what would you advise?""",leading
"""44. ""With such a powerful engine, who wouldn't want to drive this car?""",leading
"""45. ""You wouldn't want to be remembered for the wrong reasons, would you?""",leading
"""46. ""Given the historical context, what's the most appropriate response?""",leading
"""47. ""You're not one of those people who never read the fine print, are you?""",leading
"""48. ""Considering the ethical implications, what's the most moral choice?""",leading
"""49. ""This is a once-in-a-lifetime opportunity to make a difference.""",leading
"""50. ""You wouldn't want to be the cause of unnecessary suffering, would you?""",leading
"""Isn't it true that our current government has failed to address climate change effectively?""",leading
"""If you support increased regulation, doesn't that mean you want more government control over our lives?""",leading
"""Aren't you concerned that this product might be harmful to your health?""",leading
"""Don't you think that spending money on luxuries is irresponsible when there are people in need?""",leading
"""Given the high crime rate in this neighborhood, don't you feel safer with more police patrols?""",leading
"""Isn't it fair to say that all politicians are corrupt?""",leading
"""Even if it means higher prices, wouldn't you prefer that local businesses stay open?""",leading
"""Don't you believe that those who refuse vaccination are putting others at risk?""",leading
"""Isn't it true that every time you shop at this store, you're supporting fair trade practices?""",leading
"""Don't you think that those who oppose same-sex marriage are homophobic?""",leading
"""Given the success of electric vehicles, can you really justify owning a gas-guzzling car?""",leading
"""Don't you agree that heavy taxes on the wealthy is the best way to reduce income inequality?""",leading
"""Isn't it time we finally held big corporations accountable for their actions?""",leading
"""Don't you feel guilty for not recycling more often?""",leading
"""Don't you think that people who use food stamps should be required to work?""",leading
"""Isn't it silly to believe in conspiracy theories?""",leading
"""Given the rising sea levels, how can we continue to ignore climate change?""",leading
"""Don't you see how this policy disproportionately affects low-income families?""",leading
"""Isn't it true that most crimes are committed by repeat offenders?""",leading
"""Don't you think that immigrants take away jobs from native-born citizens?""",leading
"""If you don't support this candidate, what are you afraid of?""",leading
"""Don't you believe that tougher penalties are the best way to deter crime?""",leading
"""Aren't you worried that this new technology will replace human jobs?""",leading
"""Don't you think that those who refuse to wear masks during a pandemic are selfish?""",leading
"""Given the evidence, don't you think that the moon landing was faked?""",leading
"""Don't you agree that it's better to be safe than sorry when it comes to vaccinations?""",leading
"""Isn't it true that most people who file for bankruptcy are irresponsible with money?""",leading
"""Don't you think that those who criticize our military are unpatriotic?""",leading
"""Given the environmental impact, shouldn't we all be eating less meat?""",leading
"""Isn't it fair to say that all men are potential rapists?""",leading
"""Don't you think that those who can't afford healthcare are just lazy?""",leading
"""Isn't it true that the media always has an agenda?""",leading
"""Don't you feel like you're missing out if you don't have the latest gadgets?""",leading
"""Given the housing crisis, don't you think that we should limit foreign buyers?""",leading
"""Don't you agree that the death penalty is the only justice for murderers?""",leading
"""Isn't it true that all politicians are the same?""",leading
"""Don't you think that those who can't afford a college education are just not trying hard enough?""",leading
"""Given the increasing number of natural disasters, don't you think we should invest more in renewable energy?""",leading
"""Don't you believe that those who use public assistance are just taking advantage of the system?""",leading
"""Isn't it true that inner-city crime is committed mostly by gangs?""",leading
"""Don't you think that those who don't speak English should make more effort to learn?""",leading
"""Given the rising cost of education, don't you think that student loans should be forgiven?""",leading
"""Don't you agree that it's better to keep our borders closed to keep our country safe?""",leading
"""Isn't it true that most people who live in poverty are just lazy?""",leading
"""Don't you think that those who don't vote are just apathetic?""",leading
"""Aren't you thrilled about the new government proposal?""",leading
"""Given the countless benefits, why wouldn't you choose our product?""",leading
"""When do you think we should start planning for climate change?""",leading
"""Isn't it time to reconsider our stance on immigration?""",leading
"""Don't you find it concerning that our competitor hasn't responded yet?""",leading
"""Given the circumstances, isn't it fair to say you're at fault?""",leading
"""Shouldn't we prioritize the environment over corporate profits?""",leading
"""Wouldn't you agree that stricter gun laws could save lives?""",leading
"""Don't you think it's irresponsible to not recycle?""",leading
"""Isn't it high time we addressed this issue openly?""",leading
"""Given the evidence, can you still deny their innocence?""",leading
"""Don't you find it alarming how much sugar is in your daily diet?""",leading
"""Shouldn't we be more considerate towards animal welfare?""",leading
"""Isn't it reckless to drive without a seatbelt?""",leading
"""Given the budget, don't you think we should cut expenses?""",leading
"""Wouldn't you prefer a company that values customer service?""",leading
"""Isn't it time to reevaluate our stance on social media influence?""",leading
"""Don't you think it's unfair to single out one individual?""",leading
"""Shouldn't we be more mindful of our carbon footprint?""",leading
"""Given the current economy, isn't it wise to save more?""",leading
"""Wouldn't you agree that honesty is the best policy?""",leading
"""Don't you find it hypocritical to support that candidate?""",leading
"""Isn't it time to hold them accountable for their actions?""",leading
"""Given the risks, wouldn't you want to invest in our security system?""",leading
"""Shouldn't we be more inclusive in our hiring process?""",leading
"""Don't you think it's important to vote in every election?""",leading
"""Given the situation, isn't it reasonable to expect an apology?""",leading
"""Wouldn't you benefit from our loyalty rewards program?""",leading
"""Isn't it irresponsible to text while driving?""",leading
"""Given the choice, wouldn't you prefer a sustainable future?""",leading
"""Don't you see the logic in our proposed solution?""",leading
"""Shouldn't we strive to reduce food waste?""",leading
"""Isn't it dangerous to leave your phone unlocked?""",leading
"""Given the evidence, can you still support their claims?""",leading
"""Wouldn't you prefer a product with a longer lifespan?""",leading
"""Isn't it important to teach children about diversity?""",leading
"""Given the circumstances, isn't it understandable to feel upset?""",leading
"""Shouldn't we support local businesses more?""",leading
"""Don't you think it's courageous to stand up for what's right?""",leading
"""1. ""Isn't it time we finally held politicians accountable for their broken promises?""",leading
"""2. ""Given the current state of the environment, wouldn't you say we should all be doing more to protect it?""",leading
"""3. ""Don't you find it shocking that some people still refuse to accept climate change?""",leading
"""4. ""Wouldn't you agree that we should prioritize funding for education over military spending?""",leading
"""5. ""Haven't you ever felt manipulated by advertising tactics?""",leading
"""6. ""Don't you think it's irresponsible to not wear a seatbelt while driving?""",leading
"""7. ""Given the choice, wouldn't you prefer a product that's locally sourced and eco-friendly?""",leading
"""8. ""Don't you believe that stricter gun laws could have prevented that tragedy?""",leading
"""9. ""Isn't it high time we addressed the racial inequality in our criminal justice system?""",leading
"""10. ""Won't you admit that sometimes, less is more when it comes to personal possessions?""",leading
"""11. ""Don't you think it's unfair that wealthy individuals can afford better legal representation?""",leading
"""12. ""Wouldn't you agree that mandatory vaccinations are crucial for public health?""",leading
"""13. ""Don't you find it disheartening that some people still spread misinformation online?""",leading
"""14. ""Given the opportunity, wouldn't you want to know your genetic health risks?""",leading
"""15. ""Don't you think it's irresponsible to text and drive?""",leading
"""16. ""Wouldn't you agree that we should invest more in renewable energy sources?""",leading
"""17. ""Don't you find it concerning that some people still refuse to wear masks during a pandemic?""",leading
"""18. ""Given the chance, wouldn't you want to live in a society with universal healthcare?""",leading
"""19. ""Don't you think it's important to teach our children about consent and boundaries?""",leading
"""20. ""Wouldn't you prefer a political candidate who is honest and transparent?""",leading
"""21. ""Don't you think it's wrong to profit from the suffering of others?""",leading
"""22. ""Given the rise in cybercrimes, wouldn't you want stronger data protection laws?""",leading
"""23. ""Don't you find it alarming that some people still deny the existence of systemic racism?""",leading
"""24. ""Wouldn't you agree that we should prioritize mental health awareness?""",leading
"""25. ""Don't you think it's unfair to judge someone based on their appearance?""",leading
"""26. ""Given the choice, wouldn't you prefer an employer who values work-life balance?""",leading
"""27. ""Don't you feel guilty when you waste food?""",leading
"""28. ""Wouldn't you agree that we should do more to support local businesses?""",leading
"""29. ""Don't you think it's inconsiderate to play loud music late at night?""",leading
"""30. ""Given the chance, wouldn't you want to be able to retire comfortably?""",leading
"""31. ""Don't you find it disrespectful when people interrupt during a conversation?""",leading
"""32. ""Wouldn't you agree that we should encourage more diversity in media representation?""",leading
"""33. ""Don't you think it's irresponsible to leave your pet in a hot car?""",leading
"""34. ""Given the opportunity, wouldn't you want to test your home for radon?""",leading
"""35. ""Don't you find it concerning that some people still support animal testing?""",leading
"""36. ""Wouldn't you prefer a city with better public transportation?""",leading
"""37. ""Don't you think it's unethical to participate in unpaid labor?""",leading
"""38. ""Given the choice, wouldn't you want a government that's more transparent and accountable?""",leading
"""39. ""Don't you find it frustrating when people don't follow traffic rules?""",leading
"""40. ""Wouldn't you agree that we should invest more in arts and cultural programs?""",leading
"""41. ""Don't you think it's alarming that some people still refuse to wear a helmet while cycling?""",leading
"""42. ""Given the chance, wouldn't you want to live in a society with affordable housing for all?""",leading
"""43. ""Don't you find it disrespectful when people don't listen to others' opinions?""",leading
"""44. ""Wouldn't you agree that we should do more to protect endangered species?""",leading
"""45. ""Don't you think it's important to teach our children about the importance of voting?""",leading
"""46. ""Given the choice, wouldn't you prefer a school system that focuses more on holistic learning?""",leading
"""47. ""Don't you find it disturbing that some people still support the death penalty?""",leading
"""48. ""Wouldn't you agree that we should do more to support victims of domestic violence?""",leading
"""49. ""Don't you think it's essential to have regular check-ups with your doctor?""",leading
"""50. ""Given the opportunity, wouldn't you want to live in a society with equal access to quality education?""",leading
"""1. ""Don't you think it's irresponsible to not support stricter gun control?""",leading
"""2. ""Given their track record, wouldn't you say this company is unreliable?""",leading
"""3. ""Isn't it time we finally pass this crucial legislation?""",leading
"""4. ""Don't you find it odd that they never mentioned their past scandals?""",leading
"""5. ""Wouldn't you agree that this product has significantly improved your life?""",leading
"""6. ""Could you explain why you're still using plastic bags, despite the environmental impact?""",leading
"""7. ""Don't you believe that investing in renewable energy is a smart move for our future?""",leading
"""8. ""Isn't it shocking that they've been hiding this information from the public?""",leading
"""9. ""Wouldn't you say that this candidate's policies are too extreme for the mainstream?""",leading
"""10. ""Don't you think it's unfair that they receive special treatment?""",leading
"""11. ""Given their recent actions, don't you think they should face consequences?""",leading
"""12. ""Wouldn't you agree that this is a clear case of discrimination?""",leading
"""13. ""Don't you believe that we should prioritize the needs of the many over the few?""",leading
"""14. ""Isn't it remarkable how this celebrity has transformed their image?""",leading
"""15. ""Don't you think it's deceitful when companies don't disclose all ingredients?""",leading
"""16. ""Given the high success rate, wouldn't you consider trying this new therapy?""",leading
"""17. ""Don't you find it hypocritical when people criticize others for their mistakes?""",leading
"""18. ""Isn't it concerning that they've been ignoring these warning signs?""",leading
"""19. ""Wouldn't you say that this movie accurately represents the struggles of everyday people?""",leading
"""20. ""Don't you think it's essential to teach our children about climate change?""",leading
"""21. ""Given the popularity of this trend, wouldn't you want to try it?""",leading
"""22. ""Don't you find it disturbing that they've been secretly recording customers?""",leading
"""23. ""Isn't it admirable how they've dedicated their life to helping others?""",leading
"""24. ""Wouldn't you agree that this is the best deal you've seen all year?""",leading
"""25. ""Don't you think it's irresponsible to text while driving?""",leading
"""26. ""Given the limited supply, wouldn't you want to secure your spot now?""",leading
"""27. ""Don't you believe that this artist's work is a masterpiece?""",leading
"""28. ""Isn't it alarming that they've been neglecting their duties?""",leading
"""29. ""Wouldn't you say that this is a once-in-a-lifetime opportunity?""",leading
"""30. ""Don't you think it's selfish to not share your wealth with those in need?""",leading
"""31. ""Given the importance of this issue, wouldn't you want to vote for them?""",leading
"""32. ""Don't you find it offensive when people make fun of others' appearance?""",leading
"""33. ""Isn't it a relief that they've finally caught the culprit?""",leading
"""34. ""Wouldn't you agree that this is the most innovative product on the market?""",leading
"""35. ""Don't you think it's important to support local businesses?""",leading
"""36. ""Given their expertise, wouldn't you trust their advice?""",leading
"""37. ""Don't you find it upsetting when people lie to get ahead?""",leading
"""38. ""Isn't it impressive how they've turned their life around?""",leading
"""39. ""Wouldn't you say that this is the perfect vacation spot for your family?""",leading
"""40. ""Don't you think it's crucial to maintain a healthy work-life balance?""",leading
"""41. ""Given the potential risks, wouldn't you want to take precautions?""",leading
"""42. ""Don't you believe that this is a clear case of self-defense?""",leading
"""43. ""Isn't it amazing how they've overcome their past struggles?""",leading
"""44. ""Wouldn't you agree that this is the most talented cast we've seen in years?""",leading
"""45. ""Don't you think it's important to stand up for what's right, even if it's not popular?""",leading
"""46. ""Given the evidence, wouldn't you say they're guilty?""",leading
"""47. ""Don't you find it disappointing when people cheat to win?""",leading
"""48. ""Isn't it refreshing to see someone so honest and genuine in politics?""",leading
"""49. ""Wouldn't you say that this is the best value for your money?""",leading
"""50. ""Don't you think it's essential to prioritize sustainability in our daily lives?""",leading
"""Wouldn't you say that the current administration's policies have led us to this economic downturn?""",leading
"""Given the environmental impact, shouldn't we consider boycotting that company?""",leading
"""Haven't you ever thought of switching to a more eco-friendly lifestyle?""",leading
"""Don't you think that increasing the minimum wage would benefit our community?""",leading
"""Isn't it about time we held our government officials accountable for their actions?""",leading
"""Don't you agree that stricter gun control laws could help reduce violence?""",leading
"""Given the high crime rate, wouldn't you support a harsher punishment system?""",leading
"""Haven't you ever felt manipulated by advertising tactics?""",leading
"""Don't you think that brand is overpriced for what it offers?""",leading
"""Isn't it concerning that more people are supporting that political party?""",leading
"""Don't you find it unfair that some people get special treatment?""",leading
"""Given the benefits, aren't you planning to switch to our services?""",leading
"""Haven't you always wanted to try that new product?""",leading
"""Don't you think it's time to update your wardrobe with our latest collection?""",leading
"""Isn't it true that you've been struggling with your weight lately?""",leading
"""Given your busy schedule, don't you need a vacation?""",leading
"""Haven't you ever felt discriminated against in the workplace?""",leading
"""Don't you think that our school system needs improvement?""",leading
"""Isn't it worrying that our children are spending too much time on screens?""",leading
"""Given the health risks, wouldn't you consider quitting smoking?""",leading
"""Haven't you ever felt guilty about your carbon footprint?""",leading
"""Don't you think that you should be saving more money?""",leading
"""Isn't it time to upgrade your phone to the latest model?""",leading
"""Given your love for animals, wouldn't you support that charity?""",leading
"""Haven't you always wanted to travel the world?""",leading
"""Don't you think that you should be eating healthier?""",leading
"""Isn't it suspicious that your neighbor is always away?""",leading
"""Given the evidence, don't you think that person is guilty?""",leading
"""Haven't you ever felt like you're being watched?""",leading
"""Don't you think that you should be more active on social media?""",leading
"""Isn't it strange that you haven't heard from your friend in a while?""",leading
"""Given the situation, wouldn't you want to take legal action?""",leading
"""Haven't you ever felt like you're being taken advantage of?""",leading
"""Don't you think that you should be more careful with your personal information online?""",leading
"""Isn't it true that you've been feeling stressed lately?""",leading
"""Given your recent breakup, don't you need some time to yourself?""",leading
"""Haven't you always wanted to learn a new skill?""",leading
"""Don't you think that you should be spending more time with your family?""",leading
"""Isn't it time to start planning for your retirement?""",leading
"""Given the competition, wouldn't you want to stand out with our product?""",leading
"""Haven't you ever felt like you're not living up to your potential?""",leading
"""Don't you think that you should be more involved in the community?""",leading
"""Isn't it concerning that you haven't been getting enough sleep?""",leading
"""1. ""Isn't it time we held our representatives accountable for their lack of action?""",leading
"""2. ""Don't you think it's irresponsible to ignore the environmental impact?""",leading
"""3. ""Given the high crime rate, shouldn't we support stricter penalties?""",leading
"""4. ""Aren't you worried about the safety of your family if we don't act now?""",leading
"""5. ""Don't you believe that spending more on education will benefit our future?""",leading
"""6. ""Isn't it true that you were the last person to see the victim alive?""",leading
"""7. ""Don't you feel that this product has improved your life significantly?""",leading
"""8. ""Given the success of our competitors, why haven't we adopted a similar strategy?""",leading
"""9. ""Aren't you glad that our company is committed to sustainability?""",leading
"""10. ""Don't you think it's unfair that they get special treatment?""",leading
"""11. ""Given the limited resources, wouldn't you agree that we should prioritize the elderly?""",leading
"""12. ""Isn't it about time we updated our outdated policies?""",leading
"""13. ""Don't you find it suspicious that they haven't provided an alibi?""",leading
"""14. ""Given the joy this product brings to others, why not give it a try?""",leading
"""15. ""Aren't you impressed by our customer service ratings?""",leading
"""16. ""Don't you think it's time we held a public debate on this issue?""",leading
"""17. ""Given the health risks, wouldn't you consider switching to a healthier option?""",leading
"""18. ""Isn't it true that you've been having some financial difficulties lately?""",leading
"""19. ""Don't you believe that our company offers the best value for money?""",leading
"""20. ""Given the popularity of our rivals, why haven't we followed suit?""",leading
"""21. ""Aren't you concerned about the negative impact on your credit score?""",leading
"""22. ""Don't you think it's important to support local businesses?""",leading
"""23. ""Given the high stakes, wouldn't you agree that we should proceed with caution?""",leading
"""24. ""Isn't it strange that they've suddenly changed their story?""",leading
"""25. ""Don't you find it offensive that they used that language?""",leading
"""26. ""Given the limited time, which option would you prefer to go with?""",leading
"""27. ""Aren't you excited about the upcoming product launch?""",leading
"""28. ""Don't you think it's irresponsible of them to leave the scene without helping?""",leading
"""29. ""Given the evidence, wouldn't you say that they're guilty?""",leading
"""30. ""Isn't it remarkable how far we've come in such a short time?""",leading
"""31. ""Don't you find it annoying when people don't keep their promises?""",leading
"""32. ""Given the choice, wouldn't you prefer to work with a more experienced team?""",leading
"""33. ""Aren't you proud to be part of our growing community?""",leading
"""34. ""Don't you think it's wrong to profit from other people's misfortune?""",leading
"""35. ""Given the circumstances, wouldn't you agree that we should maintain confidentiality?""",leading
"""36. ""Isn't it interesting how many people agree with your perspective?""",leading
"""37. ""Don't you want to be part of the solution, not the problem?""",leading
"""38. ""Given the success of our previous campaigns, why not try this one?""",leading
"""39. ""Aren't you tired of being taken advantage of by unscrupulous companies?""",leading
"""40. ""Don't you think it's important to vote, regardless of who's running?""",leading
"""41. ""Given the choice, wouldn't you rather have a say in how things are run?""",leading
"""42. ""Isn't it disturbing that they've been secretly recording you?""",leading
"""43. ""Don't you believe that everyone deserves a fair chance in life?""",leading
"""44. ""Given the potential consequences, wouldn't you like to know more about our product?""",leading
"""45. ""Aren't you satisfied with the quality of our service?""",leading
"""46. ""Don't you find it ironic that they're accusing us of wrongdoing?""",leading
"""47. ""Given the overwhelming support, wouldn't you like to join the cause?""",leading
"""48. ""Isn't it true that you've been struggling with your weight lately?""",leading
"""49. ""Don't you want to feel confident and empowered in your own skin?""",leading
"""50. ""Given the choice, wouldn't you rather be happy than right?""",leading
"""Sure, here are 50 examples:""",leading
"""1. ""You do believe in climate change, don't you?""",leading
"""2. ""Don't you think it's time we held them accountable?""",leading
"""3. ""When will you join the rest of us in supporting this cause?""",leading
"""4. ""Given the high crime rate, isn't it wise to invest in better security?""",leading
"""5. ""Wouldn't you agree that their policies are outdated?""",leading
"""6. ""Considering the facts, don't you think they're guilty?""",leading
"""7. ""You are against censorship, aren't you?""",leading
"""8. ""Given the budget constraints, wouldn't you prioritize education?""",leading
"""9. ""Don't you think their behavior was inappropriate?""",leading
"""10. ""When have you ever known them to be wrong?""",leading
"""11. ""Considering the benefits, why haven't you tried it yet?""",leading
"""12. ""Don't you think it's irresponsible to drive without a seatbelt?""",leading
"""13. ""Given the success of our competitors, don't you think we should adapt?""",leading
"""14. ""Wouldn't you say their actions were courageous?""",leading
"""15. ""Don't you find it suspicious that they haven't commented yet?""",leading
"""16. ""Given your love for animals, how could you not support this?""",leading
"""17. ""Don't you think it's unfair to judge them so harshly?""",leading
"""18. ""Considering the majority's opinion, wouldn't you change your view?""",leading
"""19. ""Don't you think it's time we re-evaluated our values?""",leading
"""20. ""Given the popularity of this product, wouldn't you want to try it?""",leading
"""21. ""Don't you think it's dangerous to walk alone at night?""",leading
"""22. ""Considering the evidence, don't you think they're hiding something?""",leading
"""23. ""Wouldn't you agree that their approach is too aggressive?""",leading
"""24. ""Don't you feel guilty about contributing to waste?""",leading
"""25. ""Given the risk, wouldn't you rather play it safe?""",leading
"""26. ""Don't you think it's selfish to refuse to help?""",leading
"""27. ""Considering the cultural significance, don't you want to visit?""",leading
"""28. ""Wouldn't you say that's a bit too extreme?""",leading
"""29. ""Don't you find it odd that they won't discuss their past?""",leading
"""30. ""Given the negative feedback, don't you think you should reconsider?""",leading
"""31. ""Don't you think it's reckless to speed in a school zone?""",leading
"""32. ""Considering the potential consequences, wouldn't you rather comply?""",leading
"""33. ""Wouldn't you agree that their ideas are impractical?""",leading
"""34. ""Don't you think it's insensitive to laugh at their situation?""",leading
"""35. ""Given the health benefits, why wouldn't you make this change?""",leading
"""36. ""Don't you find it concerning that they're always late?""",leading
"""37. ""Considering the competition, wouldn't you want to improve your skills?""",leading
"""38. ""Wouldn't you say their work is below average?""",leading
"""39. ""Don't you think it's irresponsible to leave the stove on?""",leading
"""40. ""Given the environmental impact, wouldn't you switch to reusable?""",leading
"""41. ""Don't you find it disrespectful to interrupt?""",leading
"""42. ""Considering the long-term effects, wouldn't you want to invest now?""",leading
"""43. ""Wouldn't you agree that their standards are too low?""",leading
"""44. ""Don't you think it's unwise to trust strangers online?""",leading
"""45. ""Given the success of our previous campaigns, wouldn't you want to contribute?""",leading
"""46. ""Don't you think it's selfish to keep all the profits?""",leading
"""47. ""Considering the safety measures, wouldn't you feel secure?""",leading
"""48. ""Wouldn't you say their work is sloppy?""",leading
"""49. ""Don't you think it's wasteful to throw away leftovers?""",leading
"""50. ""Given the importance of this issue, wouldn't you want to be involved?""",leading
"""1. ""Aren't you tired of the current government's lack of action?""",leading
"""2. ""Considering the environmental impact, would you still choose this product?""",leading
"""3. ""Isn't it time we held them accountable for their actions?""",leading
"""4. ""Don't you think this policy is unfair to our community?""",leading
"""5. ""Given the high success rate, wouldn't you consider this option?""",leading
"""6. ""Don't you believe that everyone deserves a second chance?""",leading
"""7. ""Isn't it irresponsible to ignore this warning sign?""",leading
"""8. ""Considering the health benefits, why not try this new diet?""",leading
"""9. ""Wouldn't you agree that honesty is always the best policy?""",leading
"""10. ""Don't you find this behavior deceiving and manipulative?""",leading
"""11. ""Isn't it true that most people prefer convenience over sustainability?""",leading
"""12. ""Given the opportunity, wouldn't you like to improve your current situation?""",leading
"""13. ""Don't you think it's wrong to judge people based on their appearance?""",leading
"""14. ""Considering the potential risks, wouldn't you want to be informed first?""",leading
"""15. ""Isn't it high time we addressed this long-ignored issue?""",leading
"""16. ""Don't you think this service is worth the extra cost for superior quality?""",leading
"""17. ""Wouldn't you agree that prevention is better than cure?""",leading
"""18. ""Isn't it irresponsible to leave this task unfinished?""",leading
"""19. ""Given the limited resources, wouldn't you prioritize the most vulnerable?""",leading
"""20. ""Don't you think this behavior is disrespectful and inappropriate?""",leading
"""21. ""Isn't it time we reevaluated our priorities in life?""",leading
"""22. ""Considering the potential consequences, wouldn't you want to reconsider?""",leading
"""23. ""Don't you find it disturbing that we're so easily influenced by media?""",leading
"""24. ""Wouldn't you prefer a solution that benefits everyone involved?""",leading
"""25. ""Isn't it shocking to learn about the true origins of this product?""",leading
"""26. ""Given the opportunity, wouldn't you like to make a difference?""",leading
"""27. ""Don't you think this new trend is just a passing fad?""",leading
"""28. ""Considering the long-term effects, wouldn't you like to invest wisely?""",leading
"""29. ""Isn't it commendable how they stand up for what's right?""",leading
"""30. ""Don't you worry about the safety of this product?""",leading
"""31. ""Wouldn't you like to be part of a community that cares?""",leading
"""32. ""Isn't it amazing how quickly technology is advancing?""",leading
"""33. ""Given the chance, wouldn't you want to experience something truly unique?""",leading
"""34. ""Don't you think it's important to support local businesses?""",leading
"""35. ""Isn't it remarkable how much we can achieve together?""",leading
"""36. ""Considering the potential rewards, wouldn't you want to take this risk?""",leading
"""37. ""Don't you find it offensive when people stereotype others?""",leading
"""38. ""Wouldn't you prefer a partner who is reliable and trustworthy?""",leading
"""39. ""Isn't it true that we often overlook the simple solutions?""",leading
"""40. ""Given the choice, wouldn't you rather have more freedom and flexibility?""",leading
"""41. ""Don't you think it's unfair to blame the victim in this situation?""",leading
"""42. ""Considering the competition, wouldn't you want to stay ahead?""",leading
"""43. ""Isn't it sad to see such potential go to waste?""",leading
"""44. ""Wouldn't you agree that a healthy work-life balance is crucial?""",leading
"""45. ""Don't you think it's crucial to respect cultural diversity?""",leading
"""46. ""Given the current circumstances, wouldn't you want to reconsider your stance?""",leading
"""47. ""Isn't it terrifying to think about the potential consequences?""",leading
"""48. ""Considering the evidence, wouldn't you question their credibility?""",leading
"""49. ""Don't you find it inspiring when people stand up for their beliefs?""",leading
"""50. ""Wouldn't you like to be part of a movement that makes a real difference?""",leading
"""1. ""Don't you think it's time our city council finally addressed the pothole problem?""",leading
"""2. ""Wouldn't you say that product X is superior to its competitors?""",leading
"""3. ""Given the high crime rates, shouldn't we support stricter penalties?""",leading
"""4. ""Isn't it shocking that more people aren't speaking out against this injustice?""",leading
"""5. ""Don't you agree that our company's new policy is unfair to employees?""",leading
"""6. ""Would you consider voting for candidate A, given their impressive track record?""",leading
"""7. ""How could anyone not love our new flavor? It's simply irresistible!""",leading
"""8. ""Given the environmental impact, wouldn't you support a ban on single-use plastics?""",leading
"""9. ""Don't you find it troubling that our neighbors haven't planted any trees in their yard?""",leading
"""10. ""Wouldn't you say that the latest iPhone is worth the extra cost for its innovative features?""",leading
"""11. ""Isn't it unfortunate that more people didn't contribute to our charity drive?""",leading
"""12. ""Don't you believe that we should prioritize spending on education over defense?""",leading
"""13. ""Would you consider trying our new meal plan, given its health benefits and convenience?""",leading
"""14. ""Don't you think that our local government should be more transparent in their spending?""",leading
"""15. ""Given the success of similar initiatives, wouldn't you support a local community garden?""",leading
"""16. ""Isn't it alarming that fewer students are pursuing STEM careers?""",leading
"""17. ""Don't you agree that our new logo represents our brand's values perfectly?""",leading
"""18. ""Would you buy our product if it were made of recycled materials, even if it cost more?""",leading
"""19. ""Don't you find it hypocritical that some people claim to love animals but eat meat?""",leading
"""20. ""Given the popularity of streaming services, wouldn't you prefer to cut the cord and save money?""",leading
"""21. ""Isn't it disappointing that our team didn't make the playoffs this year?""",leading
"""22. ""Don't you think that our competitor's customer service is inferior to ours?""",leading
"""23. ""Wouldn't you support a law requiring stricter background checks for gun ownership?""",leading
"""24. ""Don't you find it concerning that our city's population is decreasing?""",leading
"""25. ""Would you consider going vegetarian if it meant saving the environment?""",leading
"""26. ""Isn't it surprising that more people aren't protesting against this new tax?""",leading
"""27. ""Don't you agree that our company's new app is a game-changer in the industry?""",leading
"""28. ""Wouldn't you say that our city's public transportation system needs improvement?""",leading
"""29. ""Don't you think that our school's dress code is too restrictive?""",leading
"""30. ""Given the rise in remote work, wouldn't you prefer a job that offers flexible hours?""",leading
"""31. ""Isn't it commendable that our company donates a portion of its profits to charity?""",leading
"""32. ""Wouldn't you support a local ordinance banning smoking in public parks?""",leading
"""33. ""Don't you find it odd that our neighbor never uses their backyard?""",leading
"""34. ""Would you prefer a car with better fuel efficiency or more horsepower?""",leading
"""35. ""Isn't it disheartening that fewer young people are voting in elections?""",leading
"""36. ""Given the positive testimonials, wouldn't you try our new skincare line?""",leading
"""37. ""Don't you believe that our local library should receive more funding?""",leading
"""38. ""Wouldn't you say that our rival's product is overpriced for its quality?""",leading
"""39. ""Isn't it concerning that our country's debt continues to rise?""",leading
"""40. ""Given the health benefits, wouldn't you consider switching to a plant-based diet?""",leading
"""41. ""Don't you find it frustrating that our internet provider has poor service in this area?""",leading
"""42. ""Wouldn't you support a law requiring labels on genetically modified foods?""",leading
"""43. ""Don't you think that our company's diversity and inclusion initiatives are insufficient?""",leading
"""44. ""Wouldn't you prefer a vacation package that includes all meals and activities?""",leading
"""45. ""Isn't it disappointing that our team lost the championship again this year?""",leading
"""46. ""Given the convenience of online shopping, wouldn't you prefer to shop from home?""",leading
"""47. ""Don't you think that our city's noise pollution is getting out of hand?""",leading
"""48. ""Wouldn't you agree that our company's customer loyalty program is generous?""",leading
"""49. ""Isn't it alarming that more people aren't recycling in our community?""",leading
"""50. ""Given the rise in cybercrime, wouldn't you prefer a job with better work-from-home security?""",leading
"""1. ""Isn't it time we held our leaders accountable for their broken promises?""",leading
"""2. ""Don't you find it suspicious that they haven't addressed this issue yet?""",leading
"""3. ""Given the environmental concerns, wouldn't you prefer our product over theirs?""",leading
"""4. ""Isn't it true that you were the last person to see the victim alive?""",leading
"""5. ""Don't you think it's unfair that they're favoring their own interests?""",leading
"""6. ""Considering the safety of our children, wouldn't you support stricter regulations?""",leading
"""7. ""Isn't it a fact that you've been having financial difficulties lately?""",leading
"""8. ""Given the popularity of our brand, don't you think switching would be a mistake?""",leading
"""9. ""Don't you feel that their actions were reckless and irresponsible?""",leading
"""10. ""Considering the evidence, wouldn't you say they're guilty beyond a reasonable doubt?""",leading
"""11. ""Isn't it typical of them to make empty threats without follow-through?""",leading
"""12. ""Given the competition, don't you think our offer is too good to refuse?""",leading
"""13. ""Don't you find their lack of transparency concerning?""",leading
"""14. ""Considering the potential benefits, wouldn't you be willing to try our new service?""",leading
"""15. ""Isn't it odd that they refuse to comment on this matter?""",leading
"""16. ""Given the historical precedent, how can you argue against our proposal?""",leading
"""17. ""Don't you think their pricing is a bit greedy?""",leading
"""18. ""Considering the pressure they're under, wouldn't you be tempted to make the same decision?""",leading
"""19. ""Isn't it remarkable how they've managed to avoid taking responsibility?""",leading
"""20. ""Given the limited supply, wouldn't you want to secure your spot now?""",leading
"""21. ""Don't you believe their excuses are just a smoke screen?""",leading
"""22. ""Considering the health risks, wouldn't you prefer a more natural alternative?""",leading
"""23. ""Isn't it hypocritical of them to criticize while they do the same?""",leading
"""24. ""Given the time constraints, wouldn't you rush your decision as well?""",leading
"""25. ""Don't you think their silence speaks volumes?""",leading
"""26. ""Considering the success stories, wouldn't you want to join our community?""",leading
"""27. ""Isn't it true that you've had previous encounters with the suspect?""",leading
"""28. ""Given the stressful situation, wouldn't you snap as well?""",leading
"""29. ""Don't you find their demands unreasonable?""",leading
"""30. ""Considering the potential consequences, wouldn't you reconsider your stance?""",leading
"""31. ""Isn't it typical of them to create more problems than solutions?""",leading
"""32. ""Given the convenience, wouldn't you prefer our delivery service?""",leading
"""33. ""Don't you think their apologies are just lip service?""",leading
"""34. ""Considering the circumstances, wouldn't you make the same choice?""",leading
"""35. ""Isn't it odd that they're avoiding the real issue here?""",leading
"""36. ""Given the popularity of our event, wouldn't you want to be part of the action?""",leading
"""37. ""Don't you believe their claims are exaggerated?""",leading
"""38. ""Considering the competition, wouldn't you want the best value for your money?""",leading
"""39. ""Isn't it true that you've been having some personal issues lately?""",leading
"""40. ""Given the public outcry, wouldn't you support their resignation?""",leading
"""41. ""Don't you find their lack of empathy disturbing?""",leading
"""42. ""Considering the track record, wouldn't you trust us with your business?""",leading
"""43. ""Isn't it a fact that you've been looking for a change in your life?""",leading
"""44. ""Given the limited time, wouldn't you want to act now?""",leading
"""45. ""Don't you think their tactics are manipulative?""",leading
"""46. ""Considering the environmental impact, wouldn't you support our initiative?""",leading
"""47. ""Isn't it typical of them to make empty promises?""",leading
"""48. ""Given the opportunity, wouldn't you want to improve your life?""",leading
"""49. ""Don't you find their line of questioning intrusive?""",leading
"""50. ""Considering the alternatives, isn't our offer the most sensible choice?""",leading
"""1. ""Isn't it true that you were at the scene of the crime last night?""",leading
"""2. ""Don't you think our current president is doing an awful job?""",leading
"""3. ""Given the high rate of success, would you consider investing in this project?""",leading
"""4. ""Haven't you always been a fan of Apple products?""",leading
"""5. ""Isn't it time we did something about these rising taxes?""",leading
"""6. ""Don't you find it ironic that you're against same-sex marriage?""",leading
"""7. ""Considering the environmental impact, wouldn't you prefer an electric car?""",leading
"""8. ""Don't you think it's irresponsible not to recycle?""",leading
"""9. ""Given the circumstances, wouldn't you agree that I'm in the right?""",leading
"""10. ""Haven't you ever wondered why our education system is failing?""",leading
"""11. ""Isn't it true that you were under the influence last night?""",leading
"""12. ""Don't you think it's odd that you can't remember where you were on the night of the incident?""",leading
"""13. ""Given the popularity of this brand, wouldn't you like to try it?""",leading
"""14. ""Don't you think it's unfair that I didn't get the promotion?""",leading
"""15. ""Isn't it about time we considered nuclear power as an option?""",leading
"""16. ""Don't you feel that our current laws are too lenient on criminals?""",leading
"""17. ""Given the amount of time you spend on social media, wouldn't you benefit from a digital detox?""",leading
"""18. ""Aren't you worried about the health implications of your diet?""",leading
"""19. ""Isn't it true that you've had a history of violent behavior?""",leading
"""20. ""Don't you think it's selfish not to donate to charity?""",leading
"""21. ""Given the evidence, wouldn't you say that he's guilty?""",leading
"""22. ""Don't you find it suspicious that you've been evading my questions?""",leading
"""23. ""Considering the competition, wouldn't you choose our product?""",leading
"""24. ""Aren't you concerned about the safety of your neighborhood?""",leading
"""25. ""Isn't it time we had a conversation about your substance abuse?""",leading
"""26. ""Don't you think it's irresponsible to leave your children unattended?""",leading
"""27. ""Given the circumstances, wouldn't you agree that I acted appropriately?""",leading
"""28. ""Haven't you ever considered the impact of your words on others?""",leading
"""29. ""Isn't it true that you've been having financial difficulties?""",leading
"""30. ""Don't you think it's time we did something about our nation's debt?""",leading
"""31. ""Given your background, wouldn't you have a different perspective on this issue?""",leading
"""32. ""Don't you find it hypocritical that you're critical of others' smoking habits when you smoke yourself?""",leading
"""33. ""Isn't it true that you've been spending excessively lately?""",leading
"""34. ""Don't you think it's dangerous to drive without a seatbelt?""",leading
"""35. ""Given the high crime rate, wouldn't you support stricter penalties?""",leading
"""36. ""Aren't you tired of feeling this way? Maybe it's time to see a therapist.""",leading
"""37. ""Don't you think it's unethical not to report a crime you witnessed?""",leading
"""38. ""Considering the benefits, wouldn't you like to join our gym?""",leading
"""39. ""Isn't it true that you've been neglecting your family recently?""",leading
"""40. ""Don't you think it's time we had a serious conversation about your drinking?""",leading
"""41. ""Given the situation, wouldn't you like to hear our offer?""",leading
"""42. ""Don't you find it concerning that you've been losing weight rapidly?""",leading
"""43. ""Isn't it true that you've been seen with known criminals?""",leading
"""44. ""Don't you think it's important to vote in the upcoming election?""",leading
"""45. ""Considering the alternatives, wouldn't you choose our services?""",leading
"""46. ""Aren't you upset about the recent layoffs at your company?""",leading
"""47. ""Isn't it true that you've been having marital problems?""",leading
"""48. ""Don't you think it's time we talked about your anger management issues?""",leading
"""49. ""Given the situation, wouldn't you agree that I was right to intervene?""",leading
"""50. ""Don't you think it's a bit extreme to have such strong political views?""",leading
"""1. ""Don't you think our current leader is doing an excellent job?""",leading
"""2. ""Given the environmental impact, should we really be using plastic straws?""",leading
"""3. ""Isn't it time we finally legalized marijuana?""",leading
"""4. ""Don't you find it disturbing how much time children spend on screens?""",leading
"""5. ""Compared to our competitors, don't we offer the best value for money?""",leading
"""6. ""Given the circumstances, wasn't it wise of you to act that way?""",leading
"""7. ""Don't you believe that all lives matter equally?""",leading
"""8. ""Isn't it irresponsible to own a pet if you can't afford to care for it properly?""",leading
"""9. ""Don't you think it's unfair to tax the rich more?""",leading
"""10. ""Given the evidence, how could you not support this policy?""",leading
"""11. ""Don't you find it concerning that our neighbor doesn't lock their doors at night?""",leading
"""12. ""Isn't it about time we updated our outdated laws?""",leading
"""13. ""Don't you think we should be doing more to help the homeless?""",leading
"""14. ""Given the safety concerns, shouldn't we ban these events?""",leading
"""15. ""Don't you believe that climate change is a hoax?""",leading
"""16. ""Isn't it unethical to test products on animals?""",leading
"""17. ""Don't you find it suspicious that she's always late?""",leading
"""18. ""Given the budget cuts, how can we maintain our current services?""",leading
"""19. ""Don't you think we should be more lenient with our kids?""",leading
"""20. ""Isn't it your duty to vote?""",leading
"""21. ""Don't you feel guilty throwing away so much food?""",leading
"""22. ""Given the cultural implications, should we really be celebrating this holiday?""",leading
"""23. ""Don't you think we should be more transparent with our finances?""",leading
"""24. ""Isn't it selfish to have children in this overpopulated world?""",leading
"""25. ""Don't you agree that our education system is failing?""",leading
"""26. ""Given the health risks, should we really be consuming these foods?""",leading
"""27. ""Don't you think we should be more tolerant of others' beliefs?""",leading
"""28. ""Isn't it dangerous to trust strangers online?""",leading
"""29. ""Don't you find it frustrating that our public transport is so unreliable?""",leading
"""30. ""Given the potential consequences, isn't it reckless to drive without a seatbelt?""",leading
"""31. ""Don't you think we should be doing more to support local businesses?""",leading
"""32. ""Isn't it irresponsible to gamble with money you can't afford to lose?""",leading
"""33. ""Don't you believe that crime rates would decrease if we had stricter penalties?""",leading
"""34. ""Given the competition, don't you think we should be working harder?""",leading
"""35. ""Don't you think it's wrong to profit from other people's misfortune?""",leading
"""36. ""Isn't it important to always tell the truth, no matter what?""",leading
"""37. ""Don't you find it offensive when people use that language?""",leading
"""38. ""Given the benefits, shouldn't we be promoting this cause more?""",leading
"""39. ""Don't you think we should be more mindful of our spending?""",leading
"""40. ""Isn't it our responsibility to help those less fortunate?""",leading
"""41. ""Don't you believe that diet sodas are just as bad as regular ones?""",leading
"""42. ""Given the lack of evidence, can we really trust this source?""",leading
"""43. ""Don't you think we should be more open about our mental health struggles?""",leading
"""44. ""Isn't it our right to own and carry firearms?""",leading
"""45. ""Don't you think we should be more accepting of others' sexual orientations?""",leading
"""46. ""Given the historical context, shouldn't we be more understanding of this issue?""",leading
"""47. ""Don't you think it's time we held our leaders accountable for their actions?""",leading
"""48. ""Isn't it our responsibility to protect the environment for future generations?""",leading
"""49. ""Don't you find it concerning that our child spends so much time alone?""",leading
"""50. ""Given the high cost of living, shouldn't we be doing more to help low-income families?""",leading
"""1. ""Don't you think it's irresponsible not to recycle, given the environmental crisis we're facing?""",leading
"""2. ""Wouldn't you say that the new iPhone is a must-have, with all its advanced features?""",leading
"""3. ""Given the high crime rate, wouldn't you feel safer with a curfew in place?""",leading
"""4. ""Don't you believe that tax cuts would stimulate the economy?""",leading
"""5. ""Considering the health risks, aren't you planning to quit smoking soon?""",leading
"""6. ""Wouldn't it be great if we had stricter laws against animal cruelty?""",leading
"""7. ""Given the overwhelming support, don't you think the project should go ahead?""",leading
"""8. ""Isn't it time we held our politicians more accountable for their actions?""",leading
"""9. ""Don't you think you'd be happier if you exercised more regularly?""",leading
"""10. ""Wouldn't your business benefit from our new marketing services?""",leading
"""11. ""Don't you find it suspicious that he didn't have an alibi?""",leading
"""12. ""Wouldn't you prefer a car with better fuel efficiency to save money?""",leading
"""13. ""Given the high stakes, shouldn't we prioritize national security over privacy?""",leading
"""14. ""Don't you think it's unfair that he got a promotion over you?""",leading
"""15. ""Wouldn't it be wise to invest in stocks while the market is low?""",leading
"""16. ""Don't you agree that social media has had a negative impact on society?""",leading
"""17. ""Given the evidence, wouldn't you say the defendant is guilty?""",leading
"""18. ""Wouldn't you like to try our new product, it's been a huge hit with customers?""",leading
"""19. ""Don't you think it's unethical to test beauty products on animals?""",leading
"""20. ""Wouldn't you say that the school's dress code is too strict?""",leading
"""21. ""Given the budget cuts, don't you think we should prioritize education?""",leading
"""22. ""Don't you find it worrying that he's been acting secretive lately?""",leading
"""23. ""Wouldn't you prefer a vacation package with more included in the price?""",leading
"""24. ""Don't you think it's time to legalize marijuana for medicinal purposes?""",leading
"""25. ""Wouldn't you be more productive if you worked from home?""",leading
"""26. ""Don't you feel guilty not contributing to charity, given how much you earn?""",leading
"""27. ""Wouldn't you say that the book's ending was unsatisfying?""",leading
"""28. ""Given the competition, don't you think you should work harder to succeed?""",leading
"""29. ""Don't you think it's ridiculous that people still deny climate change?""",leading
"""30. ""Wouldn't you like to join our gym, we have great membership deals?""",leading
"""31. ""Don't you think it's irresponsible to own a pet if you can't afford to care for it?""",leading
"""32. ""Wouldn't you want to know if your spouse was cheating on you?""",leading
"""33. ""Given the drought, don't you think we should restrict water usage?""",leading
"""34. ""Don't you think it's important to vote, even if it's just one vote?""",leading
"""35. ""Wouldn't you prefer a partner who is financially stable?""",leading
"""36. ""Don't you think it's unfair that she got away with breaking the rules?""",leading
"""37. ""Given the choice, wouldn't you rather live in a big city?""",leading
"""38. ""Don't you find it offensive when people stereotype your culture?""",leading
"""39. ""Wouldn't you like to try our new recipe, it's really tasty?""",leading
"""40. ""Don't you think it's time to start saving for retirement?""",leading
"""41. ""Wouldn't you say that the witness's testimony was unreliable?""",leading
"""42. ""Don't you feel bad about supporting companies that exploit workers?""",leading
"""43. ""Wouldn't you like to have a smart home, like the ones you see in movies?""",leading
"""44. ""Don't you think it's dangerous to talk to strangers on the internet?""",leading
"""45. ""Wouldn't you prefer a job that allows you to work flexible hours?""",leading
"""46. ""Don't you think it's selfish to have children, given the environmental impact?""",leading
"""47. ""Wouldn't you like to have a car with self-driving capabilities?""",leading
"""48. ""Don't you think it's important to support local businesses?""",leading
"""49. ""Wouldn't you say that the artwork is lacking in creativity?""",leading
"""50. ""Given the situation, don't you think we should call the police?""",leading
"""1. ""Considering the current administration's track record, do you really think they can handle this crisis?""",leading
"""2. ""Don't you find it hypocritical that they didn't support the same cause last year?""",leading
"""3. ""With the elections coming up, which candidate do you think truly cares about our community?""",leading
"""4. ""Given the overwhelming support for this bill, how can we not pass it into law?""",leading
"""5. ""If you were to vote today, who would you choose and why?""",leading
"""6. ""Wouldn't you agree that this is a clear case of right versus wrong?""",leading
"""7. ""Don't you think it's immoral to profit from this situation?""",leading
"""8. ""Considering the potential consequences, is it worth taking this risk?""",leading
"""9. ""Given the ethical implications, how could you justify this action?""",leading
"""10. ""Would you rather make a profit or ensure the safety of your customers?""",leading
"""Personal Choices:""",leading
"""11. ""Don't you think it's time to settle down and start a family?""",leading
"""12. ""Considering your passion for the environment, why not switch to a hybrid car?""",leading
"""13. ""Given your love for reading, have you thought about joining a book club?""",leading
"""14. ""Wouldn't your life be easier if you just accepted this offer?""",leading
"""15. ""If you could do anything, what would you choose and why?""",leading
"""Consumer Behavior:""",leading
"""16. ""Don't you think you deserve to treat yourself to this luxury item?""",leading
"""17. ""Considering the low price, wouldn't you be saving money by buying this?""",leading
"""18. ""Given the limited time offer, how can you pass up this deal?""",leading
"""19. ""Would you rather shop at a local store or support a big corporation?""",leading
"""20. ""If you could only buy one product, which would you choose and why?""",leading
"""Legal Interrogations:""",leading
"""21. ""You do understand that lying to us would make your situation worse, right?""",leading
"""22. ""Don't you think it's better to confess now and receive a lighter sentence?""",leading
"""23. ""Given the evidence against you, wouldn't it be wisest to cooperate?""",leading
"""24. ""Would you like to rethink your statement, as it seems inconsistent with the facts?""",leading
"""25. ""If you were innocent, why did you run when we approached you?""",leading
"""Marketing Surveys:""",leading
"""26. ""Don't you prefer a product that's easy to use and reliable?""",leading
"""27. ""Considering the benefits, wouldn't you say this is a worthwhile investment?""",leading
"""28. ""Given the positive reviews, how likely are you to try this service?""",leading
"""29. ""Would you rather have a product that's affordable or one with the best features?""",leading
"""30. ""If you could change one thing about our service, what would it be and why?""",leading
"""Casual Debates:""",leading
"""31. ""Isn't it true that cats make better pets than dogs?""",leading
"""32. ""Considering the evidence, wouldn't you agree that aliens exist?""",leading
"""33. ""Given their track record, don't you think this band is overrated?""",leading
"""34. ""Wouldn't life be easier if we all just spoke one language?""",leading
"""35. ""If you couldOnly have one cuisine to eat for the rest of your life, what would it be?""",leading
"""Sympathetic Tone:""",leading
"""36. ""I understand your situation must be tough, but don't you think you should reconsider?""",leading
"""37. ""Given your passion, don't you want to make the most of this opportunity?""",leading
"""38. ""You seem like a reasonable person, so what do you think about this?""",leading
"""39. ""Considering your goal, wouldn't you benefit from taking this course?""",leading
"""40. ""I'm sure you have your reasons, but don't you think others might see this differently?""",leading
"""Accusatory Tone:""",leading
"""41. ""Don't you think it's irresponsible to leave your pet outside all night?""",leading
"""42. ""Considering the noise complaints, wouldn't you say you're being selfish?""",leading
"""43. ""Given the rules, don't you think you're abusing the system?""",leading
"""44. ""Wouldn't you agree that you're being unfair to your teammates?""",leading
"""45. ""If you truly cared about the environment, wouldn't you make different choices?""",leading
"""Persuasive Tone:""",leading
"""46. ""Just imagine how much easier your life would be with this product.""",leading
"""47. ""Considering the facts, don't you think this is the best option for you?""",leading
"""48. ""Given the potential benefits, wouldn't you be crazy not to try this?""",leading
"""49. ""Wouldn't you rather be on the safe side and choose this plan?""",leading
"""50. ""If you want to make a real difference, you should support this cause.""",leading
"""After your statement, would you say you're completely innocent?""",leading
"""Given the current budget cuts, don't you think our priorities need re-evaluating?""",leading
"""In your opinion, isn't it time we held them accountable?""",leading
"""Considering the positive impact, wouldn't you want to support this cause?""",leading
"""Given their track record, do you honestly believe they can change?""",leading
"""Now, doesn't that sound like a perfect fit for you?""",leading
"""Considering the majority agrees, where do you stand on this issue?""",leading
"""Given the evidence, isn't it clear who's at fault here?""",leading
"""In your view, isn't it high time we made a change?""",leading
"""Considering the potential gains, wouldn't you invest in this opportunity?""",leading
"""After seeing the results, wouldn't you say their methods work?""",leading
"""Given the emotional appeal, don't you feel compelled to act?""",leading
"""In your experience, isn't it true that...?""",leading
"""Considering the alternatives, isn't this the best course of action?""",leading
"""Given the facts, wouldn't you say they're guilty?""",leading
"""Now, don't you think it's time to take a stand?""",leading
"""Considering the consequences, wouldn't you want to prevent this?""",leading
"""After hearing their story, isn't it obvious they deserve help?""",leading
"""Given the popularity, wouldn't you want to try this product?""",leading
"""In your opinion, isn't it fair to say they've failed?""",leading
"""Considering the risks, wouldn't you prefer to play it safe?""",leading
"""After witnessing the event, wouldn't you say they lied?""",leading
"""Given the statistics, don't you think they're exaggerating?""",leading
"""In your view, isn't it true that their policies are flawed?""",leading
"""Considering the alternatives, wouldn't you choose the more affordable option?""",leading
"""Given the situation, isn't it surprising they haven't acted yet?""",leading
"""After learning about their past, wouldn't you question their integrity?""",leading
"""Considering the feedback, don't you think they need improvement?""",leading
"""In your experience, isn't it common for them to make excuses?""",leading
"""Given the circumstances, isn't it obvious they're hiding something?""",leading
"""After seeing the before-and-after pictures, wouldn't you want the same results?""",leading
"""Considering the environmental impact, don't you feel guilty not acting?""",leading
"""In your view, isn't it true that their competition is superior?""",leading
"""Given the evidence, wouldn't you say they're innocent?""",leading
"""Now, don't you think it's time to reconsider your stance?""",leading
"""Considering the benefits, wouldn't you want to upgrade your plan?""",leading
"""After hearing their testimony, wouldn't you say they're credible?""",leading
"""Given the facts, isn't it clear they're incompetent?""",leading
"""In your opinion, isn't it true that their marketing is misleading?""",leading
"""Considering the potential losses, wouldn't you want to protect your investment?""",leading
"""After seeing their performance, wouldn't you say they're overrated?""",leading
"""Given the circumstances, isn't it understandable why they acted that way?""",leading
"""In your view, isn't it true that their prices are unreasonable?""",leading
"""Considering the alternatives, wouldn't you prefer the convenience of this service?""",leading
"""After witnessing their reaction, wouldn't you say they're insensitive?""",leading
"""1. ""Don't you think the government's plan is the best solution to this crisis?""",leading
"""2. ""Given the high price, isn't this product a bit overrated?""",leading
"""3. ""In your opinion, who is more responsible for the conflict, the government or the rebels?""",leading
"""4. ""Wouldn't you prefer a brand that cares for the environment?""",leading
"""5. ""Isn't it true that most people in your neighborhood support this new policy?""",leading
"""6. ""Considering the risks, can you really afford not to invest in our security system?""",leading
"""7. ""Don't you find it ironic that you're against free speech when you're saying this?""",leading
"""8. ""Given the success of our competitors, don't you think we should follow their lead?""",leading
"""9. ""Is it fair to blame the victim in this case?""",leading
"""10. ""Wouldn't life be easier if you just accepted the offer?""",leading
"""11. ""Don't you believe that the ends justify the means in this situation?""",leading
"""12. ""Isn't it true that most people of your age prefer this music genre?""",leading
"""13. ""Considering the low price, wouldn't you say this is a steal?""",leading
"""14. ""Don't you think you're being too sensitive about this issue?""",leading
"""15. ""Given the time constraint, shouldn't you prioritize this task?""",leading
"""16. ""Isn't it true that most of your peers have already made this choice?""",leading
"""17. ""Wouldn't you agree that this is a clear case of corruption?""",leading
"""18. ""Don't you think you're being too critical of the artist?""",leading
"""19. ""Considering the evidence, how can you still doubt his innocence?""",leading
"""20. ""Isn't it time you finally listened to your doctor's advice?""",leading
"""21. ""Don't you find it surprising that no one else has mentioned this?""",leading
"""22. ""Given the popularity of this product, wouldn't you like to try it?""",leading
"""23. ""Isn't it true that most people in your family support this candidate?""",leading
"""24. ""Wouldn't you say that the benefits outweigh the risks in this case?""",leading
"""25. ""Don't you think you're being too emotionally attached to your opinion?""",leading
"""26. ""Isn't it high time we reconsidered our stance on this issue?""",leading
"""27. ""Considering the long wait, wouldn't you prefer our faster service?""",leading
"""28. ""Don't you think you're being too narrow-minded about this?""",leading
"""29. ""Isn't it true that most people in your profession agree with this statement?""",leading
"""30. ""Wouldn't it be wise to invest in our company, given our success rate?""",leading
"""31. ""Don't you find it odd that no one has ever questioned this policy?""",leading
"""32. ""Given the circumstances, wouldn't you say this is the most logical decision?""",leading
"""33. ""Isn't it true that most people of your generation prefer this lifestyle?""",leading
"""34. ""Wouldn't you prefer a brand that offers lifelong support?""",leading
"""35. ""Don't you think you're being too harsh on the actor's performance?""",leading
"""36. ""Isn't it time we started caring more about our environment?""",leading
"""37. ""Considering the limited supply, wouldn't you like to pre-order now?""",leading
"""38. ""Don't you believe that the majority's opinion should prevail?""",leading
"""39. ""Isn't it true that most people in your city support this team?""",leading
"""40. ""Wouldn't you agree that this is a once-in-a-lifetime opportunity?""",leading
"""41. ""Don't you think you're being too skeptical about this product?""",leading
"""42. ""Isn't it time we reevaluated our priorities in life?""",leading
"""43. ""Given the competition, wouldn't you want to upgrade your plan?""",leading
"""44. ""Don't you find it peculiar that no one else has noticed this error?""",leading
"""45. ""Isn't it true that most people in your situation would choose this option?""",leading
"""46. ""Wouldn't you say that this is a clear example of discrimination?""",leading
"""47. ""Don't you think you're being too judgmental about her choices?""",leading
"""48. ""Isn't it time we started thinking about our future generations?""",leading
"""49. ""Considering the discount, wouldn't you say this is a bargain?""",leading
"""50. ""Wouldn't you agree that this is a critical issue that needs immediate attention?""",leading
"""1. ""Don't you think our current government is doing a terrible job?""",leading
"""2. ""Given the environmental impact, can you justify driving a gas-guzzling car?""",leading
"""3. ""Isn't it time we considered universal healthcare?""",leading
"""4. ""Would you honestly trust a politician who's never held a real job?""",leading
"""5. ""Don't you find it shocking that they've never apologized?""",leading
"""6. ""Given the budget, don't you think we should prioritize education?""",leading
"""7. ""Isn't it irresponsible to leave the light on when you're not in the room?""",leading
"""8. ""Wouldn't your life be better with our new product?""",leading
"""9. ""Don't you agree that the death penalty is barbaric?""",leading
"""10. ""Given the evidence, can you still believe in their innocence?""",leading
"""11. ""Shouldn't we be doing more to help the homeless?""",leading
"""12. ""Don't you think it's unfair to ask you to work overtime without pay?""",leading
"""13. ""Wouldn't you feel safer with our advanced security system?""",leading
"""14. ""Isn't it selfish to refuse vaccinations?""",leading
"""15. ""Don't you find it alarming that they won't release their tax returns?""",leading
"""16. ""Given the proven benefits, why haven't you tried our product yet?""",leading
"""17. ""Shouldn't we be more concerned about our children's education?""",leading
"""18. ""Wouldn't you prefer a vacation package that caters to your desires?""",leading
"""19. ""Don't you think it's racist to say that?""",leading
"""20. ""Given the facts, how can you still support them?""",leading
"""21. ""Isn't it time we had a serious conversation about gun control?""",leading
"""22. ""Wouldn't your life be easier with our time-saving app?""",leading
"""23. ""Don't you find it hypocritical to protest while wearing a luxury item?""",leading
"""24. ""Given their track record, can you trust them with your vote?""",leading
"""25. ""Shouldn't we be doing more to protect our wildlife?""",leading
"""26. ""Wouldn't you like to be part of our exclusive club?""",leading
"""27. ""Don't you think it's manipulative to use that kind of language?""",leading
"""28. ""Given the circumstances, what else could they have done?""",leading
"""29. ""Isn't it your responsibility to recycle?""",leading
"""30. ""Wouldn't you like to upgrade to our premium service?""",leading
"""31. ""Don't you find it concerning that they've never been held accountable?""",leading
"""32. ""Given the cost, isn't it worth investing in our product?""",leading
"""33. ""Shouldn't we be celebrating our cultural diversity?""",leading
"""34. ""Wouldn't you like to try our new flavor?""",leading
"""35. ""Don't you think it's reckless to text and drive?""",leading
"""36. ""Given their past actions, how can you trust them now?""",leading
"""37. ""Isn't it important to support local businesses?""",leading
"""38. ""Wouldn't you benefit from our professional cleaning services?""",leading
"""39. ""Don't you think it's wrong to exploit the poor?""",leading
"""40. ""Given the circumstances, who do you think is to blame?""",leading
"""41. ""Isn't it your duty to vote?""",leading
"""42. ""Wouldn't you prefer our family-friendly package?""",leading
"""43. ""Don't you find it offensive to use that word?""",leading
"""44. ""Given the evidence, can you prove they're innocent?""",leading
"""45. ""Shouldn't we be more mindful of our water consumption?""",leading
"""46. ""Wouldn't you like to join our rewards program?""",leading
"""47. ""Don't you think it's unethical to test on animals?""",leading
"""48. ""Given their success, wouldn't you want to follow their advice?""",leading
"""49. ""Isn't it about time we had a serious conversation about mental health?""",leading
"""50. ""Wouldn't you like to be part of our growing community?""",leading
"""1. ""After witnessing the event, don't you believe it's our responsibility to report it?""",leading
"""2. ""Given the high success rate, why wouldn't you choose this product?""",leading
"""3. ""In your opinion, don't we all agree that honesty is always the best policy?""",leading
"""4. ""Considering the environmental impact, isn't it time we made a change?""",leading
"""5. ""With the election just around the corner, don't you think we should support the candidate who represents our values?""",leading
"""6. ""Given the number of people already on board, wouldn't you like to join the movement?""",leading
"""7. ""After hearing the victim's story, how could anyone not be moved to help?""",leading
"""8. ""Considering the low price, isn't this a steal?""",leading
"""9. ""Based on the evidence, don't you think it's fair to conclude that they're guilty?""",leading
"""10. ""Given the safety features, can you really afford not to buy this car?""",leading
"""11. ""Don't you find it concerning that they haven't addressed this issue yet?""",leading
"""12. ""Considering the health benefits, wouldn't you want to incorporate this into your diet?""",leading
"""13. ""In your experience, haven't you found that our services are superior to the competition?""",leading
"""14. ""With the clock ticking, don't you think we should make a decision now?""",leading
"""15. ""Given the popularity, don't you think it's worth trying?""",leading
"""16. ""After seeing the results, wouldn't you say that our product has outperformed the others?""",leading
"""17. ""Don't you think it's irresponsible not to recycle given the current crisis?""",leading
"""18. ""Considering the reviews, isn't this the best choice for you?""",leading
"""19. ""In light of recent events, shouldn't we reconsider our stance on this matter?""",leading
"""20. ""Wouldn't you say that their actions were reckless and deserving of punishment?""",leading
"""21. ""Given the limited time offer, don't you want to take advantage of this deal?""",leading
"""22. ""Don't you feel that their argument is flawed and unconvincing?""",leading
"""23. ""Considering the positive impact on the community, wouldn't you want to contribute?""",leading
"""24. ""After examining the data, wouldn't you agree that our findings are conclusive?""",leading
"""25. ""Don't you think that their silence is an admission of guilt?""",leading
"""26. ""Considering the convenience, wouldn't you prefer our service over others?""",leading
"""27. ""In your opinion, isn't it time we held them accountable for their actions?""",leading
"""28. ""Given the high demand, don't you want to secure your spot now?""",leading
"""29. ""Don't you find that their response was inadequate and insensitive?""",leading
"""30. ""Considering the potential risks, wouldn't you rather be safe and choose our product?""",leading
"""31. ""After hearing their story, wouldn't you want to help them in any way you can?""",leading
"""32. ""Don't you think that their actions were dishonest and deceitful?""",leading
"""33. ""Given the numerous benefits, isn't this the right choice for you?""",leading
"""34. ""In light of their previous records, wouldn't you question their credibility?""",leading
"""35. ""With the deadline approaching, don't you think we should settle this dispute now?""",leading
"""36. ""Considering the overwhelming support, wouldn't you want to join us in this cause?""",leading
"""37. ""Don't you find it strange that they've suddenly changed their story?""",leading
"""38. ""Given the low calories, wouldn't you want to incorporate this into your diet plan?""",leading
"""39. ""In your experience, haven't you found that our customer service is exceptional?""",leading
"""40. ""With the clock ticking, don't you think we should make a decision quickly?""",leading
"""41. ""Don't you think that their behavior was inappropriate and unprofessional?""",leading
"""42. ""Considering the numerous options, wouldn't you prefer to choose the one with the most features?""",leading
"""43. ""In light of their actions, shouldn't we impose stricter penalties?""",leading
"""44. ""Given the success of our past events, wouldn't you want to be part of this one?""",leading
"""45. ""Don't you find it disturbing that they haven't addressed this issue yet?""",leading
"""46. ""Considering the durability, wouldn't you want to invest in this product?""",leading
"""47. ""In your opinion, isn't it time we reevaluate our stance on this issue?""",leading
"""48. ""After seeing the results, wouldn't you say that our product has exceeded expectations?""",leading
"""49. ""Don't you think that their explanation was unconvincing and full of holes?""",leading
"""50. ""Given the limited stock, wouldn't you want to secure your purchase now?""",leading
"""**Technology:**""",not_leading
"""- What are your thoughts on the recent advancements in AI technology?""",not_leading
"""- Can you describe your preferred learning style when using new software?""",not_leading
"""- How has the rise of remote work influenced your use of communication tools?""",not_leading
"""**Environment:**""",not_leading
"""- What steps do you take to reduce your carbon footprint?""",not_leading
"""- Can you share an instance where you witnessed nature adapting to climate change?""",not_leading
"""- How has urbanization affected your relationship with the natural world?""",not_leading
"""**Personal Experiences:**""",not_leading
"""- What's the most memorable book you've read and why?""",not_leading
"""- Can you describe a time when you experienced a significant personal growth?""",not_leading
"""- How has a piece of art or music influenced your life?""",not_leading
"""**Cultural Trends:**""",not_leading
"""- What are your thoughts on the rise of social media influencers?""",not_leading
"""- Can you explain a cultural phenomenon you find fascinating?""",not_leading
"""- How hasgentrification impacted your local community?""",not_leading
"""**Academic Research:**""",not_leading
"""- What topic are you most passionate about studying and why?""",not_leading
"""- Can you describe a research method you find particularly insightful?""",not_leading
"""- How has a specific theory influenced your academic journey?""",not_leading
"""**Therapy Sessions:**""",not_leading
"""- What brought you to seek therapy at this point in your life?""",not_leading
"""- Can you describe a moment when you felt heard and understood by someone?""",not_leading
"""- How has your perception of mental health changed over time?""",not_leading
"""**Public Forums:**""",not_leading
"""- What's your take on the current state of public transportation in your city?""",not_leading
"""- Can you share an interesting community initiative you've heard about recently?""",not_leading
"""- How can we encourage more civic engagement in local governance?""",not_leading
"""1. What are your thoughts on the recent advancements in AI and its potential impact on society?""",not_leading
"""2. Can you describe a time when you had to adapt to significant change?""",not_leading
"""3. How has learning a new skill or hobby influenced your life?""",not_leading
"""4. What do you predict will be the most significant environmental challenge in the next decade?""",not_leading
"""5. How has your understanding of cultural diversity evolved over time?""",not_leading
"""6. What inspired you to pursue your current career path?""",not_leading
"""7. Can you reflect on a memorable event that shaped your perspective on life?""",not_leading
"""8. What benefits and drawbacks do you see in implementing remote work on a larger scale?""",not_leading
"""9. How do you think technology can be used to improve mental health services?""",not_leading
"""10. What is your interpretation of the latest trends in your field of interest?""",not_leading
"""11. Can you share an example of a successful cross-cultural collaboration you've experienced?""",not_leading
"""12. How has social media influenced the way you consume and share news?""",not_leading
"""13. What are some creative ways you've seen people adapt to sustainable living?""",not_leading
"""14. How do you approach learning from failures or setbacks in your personal life?""",not_leading
"""15. What do you think is the most pressing issue facing education today?""",not_leading
"""16. Can you describe a time when you had to find innovative solutions to a problem?""",not_leading
"""17. How has your perception of work-life balance evolved throughout your career?""",not_leading
"""18. What are your thoughts on the potential of virtual reality in education and therapy?""",not_leading
"""19. Can you reflect on a moment when you felt a strong connection to nature?""",not_leading
"""20. What do you think is the most important aspect of effective communication in the workplace?""",not_leading
"""21. How has your understanding of mental health changed over time?""",not_leading
"""22. What are some ways you've seen people come together to support their communities?""",not_leading
"""23. Can you describe a time when you had to navigate a complex ethical dilemma?""",not_leading
"""24. How do you think technology can be used to address income inequality?""",not_leading
"""25. What is your interpretation of the latest research on climate change mitigation strategies?""",not_leading
"""26. Can you reflect on a time when you had to challenge a deeply held belief?""",not_leading
"""27. What do you think are the key components of a successful long-term relationship?""",not_leading
"""28. How has your approach to personal finance evolved throughout your life?""",not_leading
"""29. Can you describe a time when you had to overcome a significant fear or anxiety?""",not_leading
"""30. What do you think is the most effective way to encourage creativity and innovation in the classroom?""",not_leading
"""31. How has your understanding of family dynamics evolved over time?""",not_leading
"""32. What are your thoughts on the potential of space exploration for human progress?""",not_leading
"""33. Can you share an example of a time when you had to advocate for yourself or someone else?""",not_leading
"""34. How do you think technology can be used to improve access to healthcare?""",not_leading
"""35. What is your interpretation of the latest trends in art and design?""",not_leading
"""36. Can you reflect on a time when you felt a strong sense of belonging to a group or community?""",not_leading
"""37. What do you think is the most important factor in maintaining a healthy lifestyle?""",not_leading
"""38. How has your approach to personal growth and self-improvement changed over time?""",not_leading
"""39. Can you describe a time when you had to manage a complex project with multiple stakeholders?""",not_leading
"""40. What are your thoughts on the potential of blockchain technology in various industries?""",not_leading
"""41. How has your understanding of personal boundaries evolved throughout your relationships?""",not_leading
"""42. Can you reflect on a time when you had to make a difficult decision based on limited information?""",not_leading
"""43. What do you think is the most effective way to foster intergenerational understanding and connection?""",not_leading
"""44. How has your approach to learning and education evolved throughout your life?""",not_leading
"""45. Can you describe a time when you had to navigate a situation where your values differed greatly from those around you?""",not_leading
"""46. What are your thoughts on the potential of renewable energy to replace fossil fuels?""",not_leading
"""47. How has your understanding of gender roles and stereotypes changed over time?""",not_leading
"""48. Can you reflect on a time when you felt a deep sense of disappointment or loss, and how you coped?""",not_leading
"""49. What do you think is the most important thing to consider when designing public spaces?""",not_leading
"""50. How has your approach to personal finances changed throughout your life?""",not_leading
"""What are your thoughts on the recent advancements in AI technology?""",not_leading
"""Can you describe a memorable book you've read?""",not_leading
"""How has studying abroad influenced your perspectives?""",not_leading
"""What are some local foods you'd recommend trying in your area?""",not_leading
"""How do you prefer to stay updated with current events, news, and information?""",not_leading
"""What is your interpretation of the recent art exhibition at the museum?""",not_leading
"""Can you share an instance where you had to overcome a significant challenge?""",not_leading
"""How has the use of social media changed the way people interact?""",not_leading
"""What is your opinion on the latest scientific discovery in astrophysics?""",not_leading
"""Can you describe a place that holds special meaning to you and why?""",not_leading
"""How has music played a role in your life and personal growth?""",not_leading
"""What are some benefits and drawbacks of remote work, based on your experiences?""",not_leading
"""Can you share a unique cultural tradition from your hometown?""",not_leading
"""What do you think about the impact of technology on education?""",not_leading
"""How has a movie or TV show influenced your life in some way?""",not_leading
"""Can you describe a time when you learned something new and how it changed your perspective?""",not_leading
"""What are some popular misconceptions about your field of work?""",not_leading
"""How has the COVID-19 pandemic affected your daily routines and habits?""",not_leading
"""What are your thoughts on the future of renewable energy sources?""",not_leading
"""Can you share a moment from your childhood that still brings you joy?""",not_leading
"""What do you think about the role of virtual reality in healthcare?""",not_leading
"""How has learning a new language influenced your worldview?""",not_leading
"""Can you describe a time when you had to advocate for yourself or someone else?""",not_leading
"""What are your thoughts on the latest climate change reports and initiatives?""",not_leading
"""How has technology helped or hindered your creative process?""",not_leading
"""Can you share a time when you experienced a significant cultural difference?""",not_leading
"""What do you think about the current trends in sustainable living?""",not_leading
"""How has mental health awareness changed over the years, in your opinion?""",not_leading
"""Can you describe a time when you helped make a positive impact in your community?""",not_leading
"""What are your thoughts on the ethical implications of autonomous vehicles?""",not_leading
"""How has a book helped you navigate a difficult time in your life?""",not_leading
"""Can you share a moment from your life that you'd like to relive?""",not_leading
"""What do you think about the impact of globalization on local economies?""",not_leading
"""How has your understanding of history been shaped by personal experiences or stories?""",not_leading
"""Can you describe a time when you had to adjust to significant change?""",not_leading
"""What are your thoughts on the latest developments in space exploration?""",not_leading
"""How has a song or piece of music helped you through a tough time?""",not_leading
"""Can you share a unique dish that holds sentimental value for you?""",not_leading
"""What do you think about the use of augmented reality in education?""",not_leading
"""How has your approach to work-life balance evolved over the years?""",not_leading
"""Can you share a memorable travel experience and what you learned from it?""",not_leading
"""What are your thoughts on the latest advancements in quantum computing?""",not_leading
"""How has a mentor or teacher influenced your personal or professional growth?""",not_leading
"""Can you describe a time when you experienced a significant cultural shift?""",not_leading
"""What do you think about the impact of technology on creativity and innovation?""",not_leading
"""How has your perception of home changed over time?""",not_leading
"""What are your thoughts on the increasing use of artificial intelligence in everyday life?""",not_leading
"""Can you describe a time when you experienced a significant change in your environment?""",not_leading
"""How has learning a new skill affected your personal growth?""",not_leading
"""What do you think about the recent trends in sustainable fashion?""",not_leading
"""In your opinion, what are the most pressing issues facing education today?""",not_leading
"""Can you share a memorable experience from your travels?""",not_leading
"""How has social media influenced your relationships with others?""",not_leading
"""What are some challenges you've faced while working remotely?""",not_leading
"""Can you describe your favorite book and why it resonates with you?""",not_leading
"""How do you think the recent political events will impact the economy?""",not_leading
"""What are your thoughts on the growing interest in mental health awareness?""",not_leading
"""Can you share a hobby that has brought you joy and fulfillment?""",not_leading
"""How has your perspective on work-life balance evolved over time?""",not_leading
"""What do you think about the increasing number of people choosing to live minimalist lifestyles?""",not_leading
"""Can you describe a person who has inspired you and how they've done so?""",not_leading
"""How has your hometown changed over the years, and how do you feel about these changes?""",not_leading
"""What are your thoughts on the role of technology in education?""",not_leading
"""Can you share a moment when you felt a deep connection with nature?""",not_leading
"""How has your career path differed from what you initially envisioned?""",not_leading
"""What do you think about the growing popularity of plant-based diets?""",not_leading
"""Can you describe a time when you had to adapt to a significant change in your life?""",not_leading
"""How has your perspective on success changed since you were younger?""",not_leading
"""What are your thoughts on the impact of globalization on local cultures?""",not_leading
"""Can you share a piece of art that has moved you and why?""",not_leading
"""How has your relationship with your family evolved over time?""",not_leading
"""What do you think about the increasing focus on diversity and inclusion in media?""",not_leading
"""Can you describe a place you've visited that has left a lasting impression on you?""",not_leading
"""How has your approach to fitness and wellness changed over the years?""",not_leading
"""What are your thoughts on the use of virtual reality in therapy and rehabilitation?""",not_leading
"""Can you share a tradition from your culture that you find meaningful?""",not_leading
"""How has your perspective on failure shaped your approach to new challenges?""",not_leading
"""What do you think about the increasing interest in urban gardening and farming?""",not_leading
"""Can you describe a book that has changed your perspective on a particular topic?""",not_leading
"""How has your relationship with technology evolved over time?""",not_leading
"""What are your thoughts on the impact of climate change on wildlife?""",not_leading
"""Can you share a skill that you've taught yourself and how you went about learning it?""",not_leading
"""How has your opinion on marriage and relationships evolved as you've grown older?""",not_leading
"""What do you think about the increasing awareness of microplastics in our environment?""",not_leading
"""Can you describe a time when you had to advocate for yourself or someone else?""",not_leading
"""How has your perspective on aging changed as you've grown older?""",not_leading
"""What are your thoughts on the use of data analytics in sports?""",not_leading
"""Can you share a piece of advice that has stuck with you throughout your life?""",not_leading
"""Should we prioritize renewable energy in our city's infrastructure? What are the benefits and challenges you foresee?""",not_leading
"""Can you describe a time when you had to adapt to significant change?""",not_leading
"""What are some popular trends in tech that interest you and why?""",not_leading
"""How has the rise of remote work influenced your daily life?""",not_leading
"""What do you think are the most pressing environmental issues globally?""",not_leading
"""How has social media changed the way we communicate and connect with others?""",not_leading
"""What are some traditional recipes in your culture that you enjoy?""",not_leading
"""How do you feel about the increasing use of automation in various industries?""",not_leading
"""What do you think makes a good leader in a team setting?""",not_leading
"""How has your educational experience shaped your career aspirations?""",not_leading
"""What are some creative ways people can reduce their carbon footprint?""",not_leading
"""What are your thoughts on the recent advancements in AI technology?""",not_leading
"""Can you describe your favorite childhood memory?""",not_leading
"""How does climate change impact your community?""",not_leading
"""What do you think about the latest trends in fashion?""",not_leading
"""How has learning from home affected your study habits?""",not_leading
"""What's the most interesting book you've read recently?""",not_leading
"""Can you tell me about a cultural festival you've attended?""",not_leading
"""How do you define success in your personal life?""",not_leading
"""What are your views on the impact of social media on society?""",not_leading
"""How has a mentor influenced your career path?""",not_leading
"""Can you describe a place that brings you peace and tranquility?""",not_leading
"""What do you think about the role of art in society?""",not_leading
"""How has your commute to work changed over the years?""",not_leading
"""What's your opinion on the latest smartphone release?""",not_leading
"""Can you tell me about a time you overcame a significant challenge?""",not_leading
"""What do you think about the future of space exploration?""",not_leading
"""How has your perspective on education evolved over time?""",not_leading
"""What are your thoughts on the impact of globalization?""",not_leading
"""Can you describe a traditional dish from your culture?""",not_leading
"""How has your relationship with technology evolved?""",not_leading
"""What do you think about the influence of movies on our culture?""",not_leading
"""How has a piece of music affected you emotionally?""",not_leading
"""Can you tell me about a time you experienced cultural shock?""",not_leading
"""What are your views on the importance of work-life balance?""",not_leading
"""How has your understanding of history changed over time?""",not_leading
"""What do you think about the rise of remote work?""",not_leading
"""Can you describe a unique hobby you have?""",not_leading
"""How has your perspective on health and fitness changed?""",not_leading
"""What are your thoughts on the impact of automation on jobs?""",not_leading
"""How has your opinion on politics shifted over time?""",not_leading
"""Can you tell me about a time you visited a place that was very different from your home?""",not_leading
"""What do you think about the role of luck in life?""",not_leading
"""How has your approach to saving and spending money changed?""",not_leading
"""What are your thoughts on the future of renewable energy?""",not_leading
"""Can you describe a place you'd love to visit someday?""",not_leading
"""How has your understanding of love and relationships evolved?""",not_leading
"""What do you think about the influence of video games on society?""",not_leading
"""Can you tell me about a time you stepped out of your comfort zone?""",not_leading
"""How has your perspective on failure changed over time?""",not_leading
"""What are your thoughts on the impact of virtual reality on education?""",not_leading
"""How has your opinion on leadership changed?""",not_leading
"""Can you describe a piece of art that inspired you?""",not_leading
"""What do you think about the role of mental health in our society?""",not_leading
"""How has your view on education changed over time?""",not_leading
"""Can you tell me about a time you experienced a significant loss?""",not_leading
"""What are your thoughts on the recent advancements in AI technology?""",not_leading
"""Can you recall a unique cultural tradition you've experienced?""",not_leading
"""How has your daily routine changed over the past year?""",not_leading
"""What is your understanding of the concept of 'sustainable living'?""",not_leading
"""What kind of music helps you relax, and can you describe a moment when it worked particularly well?""",not_leading
"""How do you think the increasing use of social media is impacting interpersonal relationships?""",not_leading
"""Can you share a book that has significantly influenced your perspective on life?""",not_leading
"""What steps do you take to reduce your carbon footprint?""",not_leading
"""What is your interpretation of this piece of art, and why does it resonate with you?""",not_leading
"""How has a mentor helped shape your career path?""",not_leading
"""What are some common misconceptions about your cultural background?""",not_leading
"""What aspects of your life do you feel most grateful for today?""",not_leading
"""How do you think we can improve education systems to better prepare students for the future?""",not_leading
"""Can you describe a time when you had to overcome a significant challenge?""",not_leading
"""How does your morning routine set the tone for your day?""",not_leading
"""What are some popular trends in your field of work, and how do you feel about them?""",not_leading
"""How has learning a new skill or hobby impacted your life?""",not_leading
"""What are your thoughts on the current state of mental health awareness and support?""",not_leading
"""What kind of changes have you seen in your city or town over the past decade?""",not_leading
"""How do you define success, and has your definition changed over time?""",not_leading
"""What are some benefits and drawbacks of remote work, based on your experiences?""",not_leading
"""What is your opinion on the role of technology in healthcare?""",not_leading
"""How has a piece of advice from a loved one influenced your life?""",not_leading
"""What do you think are some effective ways to combat food waste?""",not_leading
"""How do you approach making difficult decisions?""",not_leading
"""What are your thoughts on the portrayal of different cultures in mainstream media?""",not_leading
"""How has your involvement in volunteer work affected your worldview?""",not_leading
"""What do you think is the most pressing issue facing our global society today?""",not_leading
"""How do you maintain work-life balance, and what does that balance look like for you?""",not_leading
"""What are some traditional recipes from your family's heritage?""",not_leading
"""How do you think the agricultural industry can transition to more sustainable practices?""",not_leading
"""What is your interpretation of this philosophical concept, and how does it apply to your life?""",not_leading
"""How has learning a new language expanded your perspectives?""",not_leading
"""What are some ways you've seen technology improve people's lives?""",not_leading
"""How do you handle criticism, and has your approach changed over time?""",not_leading
"""What are your thoughts on the impact of globalization on local economies?""",not_leading
"""How has a movie or TV show influenced your understanding of history or society?""",not_leading
"""What do you think are the most important factors to consider when raising children?""",not_leading
"""What are some popular myths or stereotypes about your profession, and how accurate are they?""",not_leading
"""How do you think artificial intelligence will impact various industries in the next decade?""",not_leading
"""What is your opinion on the use of drones in modern warfare?""",not_leading
"""How has a specific place or location inspired you creatively or personally?""",not_leading
"""What are some effective strategies for reducing waste in your daily life?""",not_leading
"""How do you think the rise of true crime podcasts has influenced society's perception of crime and justice?""",not_leading
"""What are your thoughts on the potential of renewable energy sources?""",not_leading
"""How has a specific piece of music or lyrics resonated with you on a personal level?""",not_leading
"""What do you think are some benefits and challenges of living in a multicultural society?""",not_leading
"""How do you approach setting and achieving personal goals?""",not_leading
"""What are your thoughts on the current state of journalism and its role in society?""",not_leading
"""How has a specific piece of art challenged or changed your perspective on an issue?""",not_leading
"""What do you think about the increasing use of artificial intelligence in daily life?""",not_leading
"""Can you describe the most memorable book you've read this year?""",not_leading
"""How does your morning routine influence your productivity throughout the day?""",not_leading
"""What are some local environmental issues that you're passionate about?""",not_leading
"""How has the rise of remote work affected your work-life balance?""",not_leading
"""What's your interpretation of the latest trend in sustainable fashion?""",not_leading
"""Can you share an experience where you overcame a significant challenge?""",not_leading
"""What do you think about the impact of social media on mental health?""",not_leading
"""How has your perspective on education changed over time?""",not_leading
"""What are some traditional cultural practices that you find intriguing?""",not_leading
"""Can you describe a place that holds special significance for you and why?""",not_leading
"""What's your opinion on the recent advancements in space exploration?""",not_leading
"""How does your cultural background influence your worldview?""",not_leading
"""Can you explain a complex technology concept in simple terms?""",not_leading
"""What do you think about the role of art in society?""",not_leading
"""How has living in a different country influenced your personal growth?""",not_leading
"""What are some misconceptions you think people have about your profession?""",not_leading
"""Can you share a unique hobby or interest that you have?""",not_leading
"""What do you think about the importance of biodiversity in ecosystems?""",not_leading
"""How has your definition of success evolved over the years?""",not_leading
"""What are some common mistakes you've seen people make when learning a new language?""",not_leading
"""Can you describe a time when you had to adapt to significant change?""",not_leading
"""What's your take on the current state of public transportation in your city?""",not_leading
"""How has your relationship with technology evolved throughout your life?""",not_leading
"""Can you share a piece of wisdom that has stayed with you from a mentor or role model?""",not_leading
"""What do you think about the potential of virtual reality in education?""",not_leading
"""How has your approach to health and fitness changed over time?""",not_leading
"""What are some lesser-known historical events that you find fascinating?""",not_leading
"""Can you describe a dream or goal that you're currently working towards?""",not_leading
"""What do you think about the impact of climate change on global food security?""",not_leading
"""How has your understanding of mental health changed over the years?""",not_leading
"""What are some common challenges you face as a freelancer and how do you overcome them?""",not_leading
"""Can you share a moment of mindfulness that has stayed with you?""",not_leading
"""What do you think about the role of empathy in leadership?""",not_leading
"""How has your perspective on failure changed over time?""",not_leading
"""What are some unique aspects of your city's culture that you enjoy?""",not_leading
"""Can you describe a time when you felt a strong sense of belonging?""",not_leading
"""What do you think about the potential of gene editing technologies?""",not_leading
"""How has your relationship with money evolved throughout your life?""",not_leading
"""What are some common misconceptions about your cultural heritage?""",not_leading
"""Can you share a skill you've always wanted to learn but haven't yet?""",not_leading
"""What do you think about the impact of globalization on local economies?""",not_leading
"""How has your approach to learning changed over the years?""",not_leading
"""What are some local initiatives that you think deserve more recognition?""",not_leading
"""Can you describe a time when you stepped out of your comfort zone and what you learned from it?""",not_leading
"""What do you think about the importance of storytelling in preservation of history?""",not_leading
"""How has your perspective on friendship changed as you've grown older?""",not_leading
"""What are some common challenges you face as a parent and how do you navigate them?""",not_leading
"""Can you share a moment of pure joy that you'll never forget?""",not_leading
"""What do you think about the potential of renewable energy sources?""",not_leading
"""How has your approach to decision-making changed over time?""",not_leading
"""What are some lesser-known facts about your hometown that you think visitors should know?""",not_leading
"""Can you describe a time when you felt a deep connection with nature?""",not_leading
"""What do you think about the recent advancements in artificial intelligence?""",not_leading
"""Can you describe a time when you had to adapt to significant changes?""",not_leading
"""How has learning from home during the pandemic affected your daily routine?""",not_leading
"""What's your perspective on the growing trend of remote work?""",not_leading
"""Can you recall a book that has significantly influenced your worldview?""",not_leading
"""How do you feel about the increasing use of social media in politics?""",not_leading
"""What do you think is the most pressing environmental issue today?""",not_leading
"""Can you share an example of a time when you had to compromise to achieve a goal?""",not_leading
"""How has your relationship with technology evolved over the years?""",not_leading
"""What are some cultural trends you've noticed in your community recently?""",not_leading
"""Can you describe a challenge you faced and how you overcame it?""",not_leading
"""How do you approach making decisions when faced with conflicting information?""",not_leading
"""What do you think about the concept of 'work-life balance'?""",not_leading
"""Can you share a memorable experience from your travels?""",not_leading
"""How has your understanding of mental health changed over time?""",not_leading
"""What do you think about the impact of automation on jobs?""",not_leading
"""Can you describe a creative project you've worked on and what you learned from it?""",not_leading
"""How has your relationship with nature evolved throughout your life?""",not_leading
"""What do you think about the role of education in shaping society?""",not_leading
"""Can you share a time when you had to apologize and what you learned from it?""",not_leading
"""How do you handle disagreements with people you care about?""",not_leading
"""What do you think about the influence of art on social change?""",not_leading
"""Can you describe a tradition in your culture that you find meaningful?""",not_leading
"""How has your opinion on homeownership changed over time?""",not_leading
"""What do you think about the idea of a universal basic income?""",not_leading
"""Can you share a time when you had to step out of your comfort zone?""",not_leading
"""How do you approach setting and achieving personal goals?""",not_leading
"""What do you think about the concept of 'toxic positivity'?""",not_leading
"""Can you describe a time when you had to advocate for yourself or someone else?""",not_leading
"""How has your understanding of success changed as you've grown older?""",not_leading
"""What do you think about the role of luck in achieving one's dreams?""",not_leading
"""Can you share a memory that brings you joy and why?""",not_leading
"""How do you handle stress and maintain mental well-being?""",not_leading
"""What do you think about the influence of technology on children's development?""",not_leading
"""Can you describe a time when you had to make a difficult ethical decision?""",not_leading
"""How has your perspective on failure changed over time?""",not_leading
"""What do you think about the idea of a 'no-phone' day?""",not_leading
"""Can you share a piece of advice that has stayed with you?""",not_leading
"""How do you approach learning from past mistakes?""",not_leading
"""What do you think about the concept of ' Cancel Culture'?""",not_leading
"""Can you describe a time when you felt a strong sense of community?""",not_leading
"""How has your opinion on vegetarianism or veganism evolved over time?""",not_leading
"""What do you think about the impact of globalization on local cultures?""",not_leading
"""Can you share a skill you've learned recently and how you've applied it?""",not_leading
"""How do you navigate relationships with people who have differing beliefs?""",not_leading
"""What do you think about the role of empathy in leadership?""",not_leading
"""Can you describe a time when you had to resolve a conflict peacefully?""",not_leading
"""How has your opinion on social justice changed over time?""",not_leading
"""What do you think about the influence of popular culture on societal norms?""",not_leading
"""Can you share a time when you helped someone in need?""",not_leading
"""What are your thoughts on the recent advancements in quantum computing?""",not_leading
"""Can you describe your favorite childhood memory?""",not_leading
"""How has remote learning been impacting your educational experience?""",not_leading
"""What do you think about the current state of mental health awareness?""",not_leading
"""Can you share an example of a time when you faced a significant challenge and how you overcame it?""",not_leading
"""What are your thoughts on the portrayal of artificial intelligence in popular culture?""",not_leading
"""How has your view on sustainability changed over time?""",not_leading
"""What do you think about the role of social media in shaping public opinion?""",not_leading
"""Can you describe a cultural tradition from your community that you find meaningful?""",not_leading
"""How do you think the gig economy is influencing traditional work structures?""",not_leading
"""What are your thoughts on the ethics of using facial recognition technology?""",not_leading
"""Can you share a book that has significantly impacted your perspective on life?""",not_leading
"""What do you think about the potential of space tourism?""",not_leading
"""How has your understanding of historical events changed over time?""",not_leading
"""What are your thoughts on the balance between privacy and security in the digital age?""",not_leading
"""Can you describe a moment when you felt a strong sense of belonging to a community?""",not_leading
"""How do you think the rise of e-sports is influencing traditional sports?""",not_leading
"""What are your thoughts on the use of blockchain technology in various industries?""",not_leading
"""How has learning a new skill or hobby impacted your personal growth?""",not_leading
"""What do you think about the role of art in promoting social change?""",not_leading
"""Can you share a unique family tradition that you cherish?""",not_leading
"""How do you think the increasing popularity of plant-based diets is influencing the food industry?""",not_leading
"""What are your thoughts on the potential of virtual reality in education?""",not_leading
"""Can you describe a place that holds special significance for you and why?""",not_leading
"""How has your approach to financial management evolved over time?""",not_leading
"""What do you think about the impact of climate change on global politics?""",not_leading
"""Can you share a time when you had to make a difficult decision and how you approached it?""",not_leading
"""What are your thoughts on the use of renewable energy sources?""",not_leading
"""How has your perspective on travel changed over the years?""",not_leading
"""What do you think about the role of technology in improving healthcare outcomes?""",not_leading
"""Can you describe a skill you've gained that has significantly improved your quality of life?""",not_leading
"""How do you think the rise of online influencers is influencing consumer behavior?""",not_leading
"""What are your thoughts on the potential of AI in creating art?""",not_leading
"""Can you share a moment when you witnessed or experienced an act of kindness?""",not_leading
"""What do you think about the impact of globalization on cultural diversity?""",not_leading
"""How has your understanding of health and wellness evolved over time?""",not_leading
"""What are your thoughts on the use of drones in various industries?""",not_leading
"""Can you describe a time when you stepped out of your comfort zone and what you learned?""",not_leading
"""What do you think about the role of virtual communities in supporting individuals with rare conditions?""",not_leading
"""How has your view on leadership changed throughout your career?""",not_leading
"""What are your thoughts on the potential of gene editing technologies?""",not_leading
"""Can you share a tradition from your culture that you'd like others to know about?""",not_leading
"""How do you think the increasing use of smart home devices is influencing daily life?""",not_leading
"""What do you think about the impact of social media on body image and self-esteem?""",not_leading
"""What are your thoughts on the latest advancements in AI technology?""",not_leading
"""Can you describe the most memorable book you've read this year?""",not_leading
"""How has the COVID-19 pandemic influenced your daily life?""",not_leading
"""What do you think about the increasing use of social media in politics?""",not_leading
"""Can you share an example of a time when you helped someone?""",not_leading
"""What are your hopes for the future of space exploration?""",not_leading
"""How do you feel about the recent changes in climate patterns?""",not_leading
"""What do you think is the most pressing issue in education today?""",not_leading
"""Can you describe your first experience with virtual reality?""",not_leading
"""How has your perspective on work-life balance evolved over time?""",not_leading
"""What do you think about the growing trend of remote work?""",not_leading
"""Can you share a unique cultural tradition from your country?""",not_leading
"""How do you think we can promote more diversity and inclusion in our society?""",not_leading
"""What are your thoughts on the impact of technology on mental health?""",not_leading
"""Can you describe your favorite childhood memory?""",not_leading
"""How has your understanding of sustainability changed over the years?""",not_leading
"""What do you think about the increasing popularity of plant-based diets?""",not_leading
"""Can you share a challenge you've faced and how you overcame it?""",not_leading
"""How do you think we can encourage more people to vote in elections?""",not_leading
"""What are your thoughts on the rise of e-sports and competitive gaming?""",not_leading
"""Can you describe your favorite place to visit and why?""",not_leading
"""How has your approach to fitness and health changed over time?""",not_leading
"""What do you think about the use of drones in various industries?""",not_leading
"""Can you share a skill you've learned recently and how it has benefited you?""",not_leading
"""How do you think we can improve public transportation in our city?""",not_leading
"""What are your thoughts on the role of art in society?""",not_leading
"""Can you describe a moment when you experienced a major personal milestone?""",not_leading
"""How has your perspective on travel changed over the years?""",not_leading
"""What do you think about the increasing use of smart home devices?""",not_leading
"""Can you share a time when you stood up for something you believed in?""",not_leading
"""How do you think we can encourage more people to pursue careers in STEM fields?""",not_leading
"""What are your thoughts on the impact of globalization on local economies?""",not_leading
"""Can you describe your favorite hobby and how you got into it?""",not_leading
"""How has your understanding of personal finance evolved over time?""",not_leading
"""What do you think about the increasing number of microplastics in our oceans?""",not_leading
"""Can you share a tradition from your family that you're fond of?""",not_leading
"""How do you think we can reduce food waste in our homes?""",not_leading
"""What are your thoughts on the potential of renewable energy sources?""",not_leading
"""Can you describe your proudest achievement in your career?""",not_leading
"""What are your thoughts on the increasing use of artificial intelligence in our daily lives?""",not_leading
"""Can you describe a time when you felt a strong connection to nature?""",not_leading
"""How has your understanding of mental health evolved over time?""",not_leading
"""What are some challenges you've faced while working remotely?""",not_leading
"""What do you think could be a potential solution to plastic pollution in our oceans?""",not_leading
"""How has social media impacted the way you stay informed about current events?""",not_leading
"""Can you share an experience where you had to step out of your comfort zone?""",not_leading
"""What are your thoughts on the future of space exploration?""",not_leading
"""How do you balance work and personal life while working from home?""",not_leading
"""What cultural trends have you noticed in your community recently?""",not_leading
"""How has learning a new skill or hobby impacted your life?""",not_leading
"""Can you describe a book or movie that has significantly influenced your perspective?""",not_leading
"""What do you believe is the most important issue facing education today?""",not_leading
"""How has your relationship with technology changed over the years?""",not_leading
"""Can you share an experience where you helped someone in need?""",not_leading
"""What are your thoughts on the role of governments in addressing climate change?""",not_leading
"""How has your definition of success changed over time?""",not_leading
"""What do you think about the increasing popularity of plant-based diets?""",not_leading
"""Can you describe a place that holds significant personal meaning for you?""",not_leading
"""What are some misconceptions people often have about your job or industry?""",not_leading
"""How has your approach to health and wellness evolved over time?""",not_leading
"""What do you think about the potential of virtual reality in education?""",not_leading
"""Can you share an experience where you had to advocate for yourself or someone else?""",not_leading
"""What are your thoughts on the impact of globalization on local cultures?""",not_leading
"""How has your perspective on failure changed as you've grown older?""",not_leading
"""What do you think is the most underrated aspect of your city or town?""",not_leading
"""Can you describe a time when you felt strongly about a social or political issue?""",not_leading
"""What are your thoughts on the potential of renewable energy sources?""",not_leading
"""How has your view on education changed since you were a student?""",not_leading
"""Can you share an experience where you had to overcome a significant challenge?""",not_leading
"""What do you think about the use of smartphones and social media by young children?""",not_leading
"""How has your understanding of diversity and inclusion evolved over time?""",not_leading
"""Can you describe a time when you had to make a difficult decision?""",not_leading
"""What are your thoughts on the role of arts and culture in society?""",not_leading
"""How has your relationship with money and finances changed over time?""",not_leading
"""What do you think about the increasing use of data and analytics in decision-making?""",not_leading
"""Can you share an experience where you had to compromise your values in some way?""",not_leading
"""What are your thoughts on the future of work, particularly with the rise of automation?""",not_leading
"""1. ""What are your thoughts on the latest advancements in artificial intelligence?""",not_leading
"""2. ""Can you describe a time when you experienced a significant cultural shift?""",not_leading
"""3. ""How has remote learning influenced your educational experience?""",not_leading
"""4. ""What do you think about the impact of social media on mental health?""",not_leading
"""5. ""Can you recall a moment when nature's beauty took your breath away?""",not_leading
"""6. ""How has your relationship with technology evolved over the years?""",not_leading
"""7. ""What are your views on the role of art in society?""",not_leading
"""8. ""Can you share an example of when you found creativity in an unexpected place?""",not_leading
"""9. ""How has climate change affected your everyday life?""",not_leading
"""10. ""What do you think about the future of space exploration?""",not_leading
"""11. ""Can you describe a book that changed your perspective on life?""",not_leading
"""12. ""How has your understanding of privacy evolved in the digital age?""",not_leading
"""13. ""What are your thoughts on the concept of a universal basic income?""",not_leading
"""14. ""Can you share an experience that fostered empathy in you?""",not_leading
"""15. ""How has the COVID-19 pandemic influenced your sense of community?""",not_leading
"""16. ""What do you think about the ethics of genetic engineering?""",not_leading
"""17. ""Can you describe a tradition from your culture that you find particularly meaningful?""",not_leading
"""18. ""How has your relationship with food and cooking evolved over time?""",not_leading
"""19. ""What are your views on the potential of virtual reality for education and therapy?""",not_leading
"""20. ""Can you recall a dream that left a lasting impression on you?""",not_leading
"""21. ""How has the concept of 'work-life balance' changed in recent years?""",not_leading
"""22. ""What do you think about the idea of a 'four-day workweek'?""",not_leading
"""23. ""Can you describe a moment when you experienced pure joy?""",not_leading
"""24. ""How has your understanding of sustainability been shaped over time?""",not_leading
"""25. ""What are your thoughts on the role of philosophy in everyday life?""",not_leading
"""26. ""Can you share an experience that taught you resilience?""",not_leading
"""27. ""How has the rise of streaming services changed your movie-watching habits?""",not_leading
"""28. ""What do you think about the potential of plant-based diets for the environment?""",not_leading
"""29. ""Can you describe a place that feels like home to you?""",not_leading
"""30. ""How has your preference for news consumption changed over the years?""",not_leading
"""31. ""What are your views on the concept of 'slow fashion'?""",not_leading
"""32. ""Can you recall a time when you felt a deep connection to the natural world?""",not_leading
"""33. ""How has your relationship with money influenced your life choices?""",not_leading
"""34. ""What do you think about the idea of a 'carbon tax'?""",not_leading
"""35. ""Can you describe a time when you felt truly understood by someone?""",not_leading
"""36. ""How has your understanding of justice evolved over time?""",not_leading
"""37. ""What are your thoughts on the potential of blockchain technology for various industries?""",not_leading
"""38. ""Can you share an experience that taught you the value of patience?""",not_leading
"""39. ""How has your understanding of gender and identity evolved over time?""",not_leading
"""40. ""What do you think about the impact of automation on the job market?""",not_leading
"""41. ""Can you describe a time when you felt a strong sense of belonging?""",not_leading
"""42. ""How has your relationship with exercise and physical activity changed over the years?""",not_leading
"""43. ""What are your views on the role of governments in addressing income inequality?""",not_leading
"""44. ""Can you recall a moment when you felt inspired by someone else's creativity?""",not_leading
"""45. ""How has your understanding of love and relationships evolved as you've grown older?""",not_leading
"""46. ""What do you think about the potential of augmented reality for everyday life?""",not_leading
"""47. ""Can you share an experience that challenged your beliefs or values?""",not_leading
"""48. ""How has your understanding of diversity and inclusion been shaped by your experiences?""",not_leading
"""49. ""What are your thoughts on the concept of 'digital minimalism'?""",not_leading
"""50. ""Can you describe a moment when you felt a strong sense of purpose?""",not_leading
"""1. ""What are your thoughts on the recent advancements in artificial intelligence?""",not_leading
"""2. ""Can you tell me about a time when you faced a significant challenge and how you handled it?""",not_leading
"""3. ""How might climate change impact future generations, according to your understanding?""",not_leading
"""4. ""What are some unique cultural practices you've witnessed and what do they mean to the people involved?""",not_leading
"""5. ""How has the COVID-19 pandemic influenced your daily life and routines?""",not_leading
"""6. ""What do you believe is the most pressing issue in the current political landscape?""",not_leading
"""7. ""Can you describe a book that has greatly influenced your perspective on life?""",not_leading
"""8. ""How do you think technology can be used to bridge the gap between different communities?""",not_leading
"""9. ""What are some personal habits you've developed to maintain mental well-being?""",not_leading
"""10. ""How might education systems need to evolve to better prepare students for the future?""",not_leading
"""11. ""What is one thing you regret not doing and why?""",not_leading
"""12. ""How have your views on marriage and relationships changed over time?""",not_leading
"""13. ""Can you explain a complex scientific concept in simple terms for a layperson?""",not_leading
"""14. ""What do you think is the most important invention in human history and why?""",not_leading
"""15. ""How has social media impacted your relationships with others?""",not_leading
"""16. ""What is one thing you wish you could do but are afraid to attempt?""",not_leading
"""17. ""How do you believe the concept of 'home' has evolved over generations?""",not_leading
"""18. ""What are some ways we can promote diversity and inclusion in our workplaces?""",not_leading
"""19. ""Can you share an experience that opened your eyes to a new perspective?""",not_leading
"""20. ""How do you think the role of religion or spirituality has changed in society today?""",not_leading
"""21. ""What do you think are the key factors contributing to the rise of populism worldwide?""",not_leading
"""22. ""Can you describe a piece of art that moved you greatly and why?""",not_leading
"""23. ""How has your understanding of success changed over the course of your life?""",not_leading
"""24. ""What are some ways we can encourage sustainable living in our communities?""",not_leading
"""25. ""Can you tell me about a moment when you felt a strong sense of belonging?""",not_leading
"""26. ""How do you think the gig economy is reshaping traditional employment structures?""",not_leading
"""27. ""What are some ways we can improve access to quality education for all?""",not_leading
"""28. ""Can you reflect on a time when you stood up for something you believed in?""",not_leading
"""29. ""How might the rise of remote work reshape our urban landscapes?""",not_leading
"""30. ""What do you think is the most effective way to communicate complex ideas to a general audience?""",not_leading
"""31. ""Can you share an experience that taught you the importance of empathy?""",not_leading
"""32. ""How has the increasing popularity of true crime stories impacted society's perception of justice?""",not_leading
"""33. ""What are some ways we can address the issue of food waste in our daily lives?""",not_leading
"""34. ""Can you describe a moment when you felt a deep connection with nature?""",not_leading
"""35. ""How do you think the role of parents has evolved over generations?""",not_leading
"""36. ""What are some ways we can promote financial literacy among young people?""",not_leading
"""37. ""Can you share a memory that brings you joy and why?""",not_leading
"""38. ""How might the rise of virtual reality and augmented reality change the way we learn?""",not_leading
"""39. ""What do you think is the most important quality in a leader?""",not_leading
"""40. ""Can you reflect on a time when you had to make a difficult decision and how you approached it?""",not_leading
"""41. ""How has the increasing awareness of mental health impacted our society?""",not_leading
"""42. ""What are some ways we can encourage intergenerational bonding and learning?""",not_leading
"""43. ""Can you describe a moment when you felt proud of yourself and why?""",not_leading
"""44. ""How do you think the concept of 'freedom' varies across different cultures?""",not_leading
"""45. ""What are some ways we can make our cities more resilient to climate change?""",not_leading
"""46. ""Can you share an experience that made you feel alive and present in the moment?""",not_leading
"""47. ""How has your relationship with technology changed over time?""",not_leading
"""48. ""What do you think is the most significant challenge facing humanity today?""",not_leading
"""49. ""Can you reflect on a moment when you experienced a profound sense of gratitude?""",not_leading
"""50. ""How do you envision the future of work, given the increasing automation of jobs?""",not_leading
"""What are the potential benefits of using artificial intelligence in healthcare?""",not_leading
"""What challenges might you face while studying abroad?""",not_leading
"""Can you describe a time when you had to adapt to a significant change?""",not_leading
"""How do you think music influences our emotions?""",not_leading
"""What inspired you to choose your current career path?""",not_leading
"""How could we improve public transportation in our city?""",not_leading
"""What are some common misconceptions about your cultural background?""",not_leading
"""Can you share an example of a time when you stood up for something you believed in?""",not_leading
"""How has the COVID-19 pandemic impacted your daily life?""",not_leading
"""What do you think is the most pressing environmental issue today?""",not_leading
"""How do you handle stress in your life?""",not_leading
"""What's the most interesting book you've read recently and why did you enjoy it?""",not_leading
"""How can schools better prepare students for the future job market?""",not_leading
"""What's your opinion on the latest trend in social media?""",not_leading
"""Can you explain a complex idea you've learned recently in simple terms?""",not_leading
"""How has your perspective on education changed over time?""",not_leading
"""What's a unique tradition from your hometown?""",not_leading
"""How do you think we can encourage more people to vote in elections?""",not_leading
"""Can you describe a place that holds special meaning to you?""",not_leading
"""What's your take on the impact of remote work on productivity?""",not_leading
"""How do you think virtual reality will shape the future?""",not_leading
"""Can you share a moment when you felt a strong sense of community?""",not_leading
"""What's your stance on the use of renewable energy sources?""",not_leading
"""How do you approach learning a new skill or hobby?""",not_leading
"""What do you think is the most important issue in politics today?""",not_leading
"""Can you discuss a time when you had to overcome a significant fear?""",not_leading
"""How do you think technology is changing the way we communicate?""",not_leading
"""What's your perspective on the role of art in society?""",not_leading
"""Can you explain a topic you're passionate about in a way that's easy to understand?""",not_leading
"""How has your definition of success changed over time?""",not_leading
"""What's a cause or charity that's close to your heart and why?""",not_leading
"""How do you think the internet has changed the way we access and share information?""",not_leading
"""Can you share a story about a time when you helped someone in need?""",not_leading
"""What's your view on the potential of space exploration?""",not_leading
"""How do you think we can promote diversity and inclusion in the workplace?""",not_leading
"""Can you describe a moment when you felt a deep connection with nature?""",not_leading
"""What's your opinion on the impact of fast fashion on the environment?""",not_leading
"""How do you think we can encourage more people to engage in physical activity?""",not_leading
"""Can you discuss a time when you had to make a difficult decision?""",not_leading
"""What's your perspective on the role of technology in education?""",not_leading
"""How has your understanding of mental health changed over time?""",not_leading
"""What's a tradition from your culture that you'd like to share with others?""",not_leading
"""How do you think we can improve the quality of life in our communities?""",not_leading
"""Can you share a moment when you felt proud of yourself or your achievements?""",not_leading
"""What's your stance on the use of surveillance technology in public spaces?""",not_leading
"""How do you think we can encourage more people to engage in creative activities?""",not_leading
"""Can you explain a concept from science in a simple, everyday way?""",not_leading
"""How do you think we can promote better understanding between different cultures?""",not_leading
"""What's a subject you wish was taught more in schools?""",not_leading
"""How do you think social media is influencing our society?""",not_leading
"""Can you discuss a time when you had to advocate for yourself or someone else?""",not_leading
"""What are your thoughts on the recent advancements in artificial intelligence?""",not_leading
"""Can you describe the impact of remote work on your daily routine?""",not_leading
"""How has the rise of social media influenced your relationships?""",not_leading
"""What is your interpretation of the latest climate change report?""",not_leading
"""Can you share an experience that has shaped your perspective on life?""",not_leading
"""What are your thoughts on the current educational system?""",not_leading
"""How does music make you feel, and why?""",not_leading
"""What do you think about the increasing popularity of plant-based diets?""",not_leading
"""Can you describe a cultural tradition that you find particularly meaningful?""",not_leading
"""What are your views on the ethical implications of gene editing?""",not_leading
"""How has the pandemic affected your mental health?""",not_leading
"""What do you think about the role of technology in healthcare?""",not_leading
"""Can you share a book that has significantly influenced your worldview?""",not_leading
"""What are your thoughts on the work-life balance in your industry?""",not_leading
"""How do you define success, and has that definition changed over time?""",not_leading
"""What is your opinion on the future of transportation, specifically electric vehicles?""",not_leading
"""Can you describe a challenge you've faced and how you overcame it?""",not_leading
"""What are your thoughts on the role of art in society?""",not_leading
"""How has your approach to fitness changed over the years?""",not_leading
"""What is your interpretation of the latest political climate in your country?""",not_leading
"""Can you share a skill you've learned and how it has benefited you?""",not_leading
"""What are your thoughts on the importance of sustainability in business?""",not_leading
"""How has learning a new language expanded your horizons?""",not_leading
"""What do you think about the impact of virtual reality on education?""",not_leading
"""Can you describe a moment that brought you joy?""",not_leading
"""What are your thoughts on the role of psychology in marketing?""",not_leading
"""How do you handle stress, and has this changed over time?""",not_leading
"""What is your opinion on the growing trend of micro-influencers?""",not_leading
"""Can you share an instance where you felt a strong sense of community?""",not_leading
"""What are your thoughts on the potential of space tourism?""",not_leading
"""How has your understanding of history evolved over time?""",not_leading
"""What is your interpretation of the latest report on global inequality?""",not_leading
"""Can you describe a place that holds special significance for you?""",not_leading
"""What are your thoughts on the importance of diversity in storytelling?""",not_leading
"""How has your approach to finance changed over the years?""",not_leading
"""What is your opinion on the impact of technology on creativity?""",not_leading
"""Can you share a moment that made you feel grateful?""",not_leading
"""What are your thoughts on the future of remote work post-pandemic?""",not_leading
"""How does your cultural background influence your worldview?""",not_leading
"""What is your interpretation of the latest findings on the human brain?""",not_leading
"""Can you describe a habit you've developed that has improved your life?""",not_leading
"""What are your thoughts on the role of data protection in our digital age?""",not_leading
"""How has your perspective on failure changed over time?""",not_leading
"""What is your opinion on the potential of psychedelic therapy?""",not_leading
"""Can you share a dream you've had that has stayed with you?""",not_leading
"""What are your thoughts on the impact of influencers on consumer behavior?""",not_leading
"""How has your understanding of love evolved over time?""",not_leading
"""What are your thoughts on the recent advancements in AI technology?""",not_leading
"""Can you describe a memorable experience from your childhood?""",not_leading
"""How do you think climate change will impact future generations?""",not_leading
"""What is your favorite book and why did you enjoy it?""",not_leading
"""How has your commute to work changed over the years?""",not_leading
"""What do you think about the growing trend of remote work?""",not_leading
"""Can you share a traditional recipe passed down in your family?""",not_leading
"""How has social media influenced your relationships?""",not_leading
"""What is your opinion on the increasing use of electric vehicles?""",not_leading
"""Can you describe a place that holds special meaning for you?""",not_leading
"""How do you think education can be improved in our society?""",not_leading
"""What do you think about the impact of video games on children?""",not_leading
"""How has your perspective on life changed as you've grown older?""",not_leading
"""Can you describe a time when you faced a significant challenge?""",not_leading
"""What is your opinion on the role of art in society?""",not_leading
"""How has your cultural background influenced your worldview?""",not_leading
"""What do you think about the increasing focus on mental health in schools?""",not_leading
"""Can you share a skill you've learned in adulthood that has been particularly valuable?""",not_leading
"""How do you think technology has changed the way we communicate?""",not_leading
"""What is your opinion on the effectiveness of current political systems?""",not_leading
"""Can you describe a moment when you felt a strong connection to nature?""",not_leading
"""How has your career path evolved over time?""",not_leading
"""What do you think about the influence of popular culture on societal norms?""",not_leading
"""How has your understanding of personal finance changed throughout your life?""",not_leading
"""Can you share a piece of advice that has significantly impacted your life?""",not_leading
"""What is your opinion on the potential of space exploration for humanity?""",not_leading
"""How has your view on failure and success evolved over the years?""",not_leading
"""Can you describe a cultural tradition that you find particularly fascinating?""",not_leading
"""What do you think about the role of sports in society?""",not_leading
"""How has your diet and exercise routine changed over time?""",not_leading
"""What is your opinion on the impact of globalization on local economies?""",not_leading
"""Can you share a moment when you felt a deep sense of belonging?""",not_leading
"""How do you think automation will affect job markets in the future?""",not_leading
"""What do you think about the importance of environmental conservation efforts?""",not_leading
"""Can you describe a time when you had to make a difficult decision?""",not_leading
"""What is your opinion on the role of religion in today's society?""",not_leading
"""How has your perspective on relationships changed as you've grown older?""",not_leading
"""Can you share a hobby or activity that brings you great joy?""",not_leading
"""What do you think about the influence of technology on creativity?""",not_leading
"""How has your approach to learning and education changed over time?""",not_leading
"""What is your opinion on the potential of renewable energy sources?""",not_leading
"""Can you describe a place you've visited that left a lasting impression on you?""",not_leading
"""How has your view on education changed as you've become a parent or guardian?""",not_leading
"""What do you think about the influence of movies and TV shows on societal values?""",not_leading
"""How has your understanding of health and wellness evolved throughout your life?""",not_leading
"""1. How do you feel about the increasing use of AI in everyday life?""",not_leading
"""2. Can you describe a time when you had to adapt to a significant change?""",not_leading
"""3. What are your thoughts on the impact of social media on mental health?""",not_leading
"""4. How has learning from a diverse range of teachers influenced your perspectives?""",not_leading
"""5. What do you think about the current state of space exploration and its future prospects?""",not_leading
"""6. Can you share an experience that taught you something about resilience?""",not_leading
"""7. What are your views on the balance between privacy and security in the digital age?""",not_leading
"""8. How has your understanding of environmental issues evolved over time?""",not_leading
"""9. What do you believe is the most pressing global challenge we face today?""",not_leading
"""10. Can you describe your favorite cultural tradition and its significance to you?""",not_leading
"""11. How has remote work transformed your perception of the traditional office environment?""",not_leading
"""12. What are your thoughts on the role of art in society and its potential for social change?""",not_leading
"""13. Can you share an experience where you had to make a difficult decision?""",not_leading
"""14. What do you think about the portrayal of diverse cultures in mainstream media?""",not_leading
"""15. How has your relationship with technology evolved over the years?""",not_leading
"""16. Can you describe a moment that inspired you to pursue a particular goal or dream?""",not_leading
"""17. What are your views on the ethical implications of genetic engineering?""",not_leading
"""18. How has your understanding of history been shaped by your personal experiences?""",not_leading
"""19. What do you think about the potential of virtual reality in education and healthcare?""",not_leading
"""20. Can you share an experience that challenged your assumptions about someone or something?""",not_leading
"""21. How has your approach to learning and education changed over time?""",not_leading
"""22. What are your thoughts on the impact of globalization on local communities?""",not_leading
"""23. Can you describe your most memorable travel experience and what you learned from it?""",not_leading
"""24. What do you believe is the most effective way to address climate change?""",not_leading
"""25. How has your definition of success evolved throughout your life?""",not_leading
"""26. Can you share a book, movie, or piece of art that has greatly influenced you?""",not_leading
"""27. What are your views on the role of government in addressing social inequalities?""",not_leading
"""28. How has your perception of failure changed over time?""",not_leading
"""29. What do you think about the potential of renewable energy sources?""",not_leading
"""30. Can you describe a time when you had to step out of your comfort zone?""",not_leading
"""31. How has your understanding of leadership been influenced by your personal and professional experiences?""",not_leading
"""32. What are your thoughts on the impact of automation on the job market?""",not_leading
"""33. Can you share an experience that taught you something about empathy?""",not_leading
"""34. How has your approach to health and wellness changed over the years?""",not_leading
"""35. What do you think about the role of storytelling in preserving cultural heritage?""",not_leading
"""36. Can you describe a moment that made you feel a deep sense of connection with nature?""",not_leading
"""37. How has your perception of wealth and material possessions changed over time?""",not_leading
"""38. What are your views on the potential of blockchain technology in various industries?""",not_leading
"""39. Can you share an experience that taught you something about the power of communication?""",not_leading
"""40. How has your understanding of family evolved throughout your life?""",not_leading
"""41. What do you think about the impact of the gig economy on traditional employment structures?""",not_leading
"""42. Can you describe a moment that made you feel proud of your community?""",not_leading
"""43. How has your approach to problem-solving evolved over time?""",not_leading
"""44. What are your thoughts on the potential of marine conservation efforts?""",not_leading
"""45. Can you share an experience that taught you something about the importance of self-care?""",not_leading
"""46. How has your perception of beauty and aesthetics changed over the years?""",not_leading
"""47. What do you think about the role of education in promoting social justice?""",not_leading
"""48. Can you describe a moment that made you feel a deep sense of gratitude?""",not_leading
"""49. How has your understanding of creativity and innovation been influenced by your experiences?""",not_leading
"""50. What are your views on the potential of smart cities in improving urban life?""",not_leading
"""What is your opinion on the recent advancements in artificial intelligence?""",not_leading
"""Can you describe a unique cultural tradition from your hometown?""",not_leading
"""How has remote work influenced your daily life?""",not_leading
"""What do you think about the current state of mental health awareness in society?""",not_leading
"""Can you share an experience that changed your perspective on a significant issue?""",not_leading
"""What are some challenges you've faced while learning a new language?""",not_leading
"""How has social media impacted the way you consume news?""",not_leading
"""What do you think could be improved in our local public transportation system?""",not_leading
"""Can you describe a time when you felt a strong sense of community?""",not_leading
"""What are your thoughts on the ethical implications of gene editing?""",not_leading
"""How has your commute to work changed over the years?""",not_leading
"""What do you think about the increasing use of virtual reality in education?""",not_leading
"""Can you share a personal story that reflects a cultural change you've witnessed?""",not_leading
"""What are some innovative ways we can reduce food waste in our homes?""",not_leading
"""How has your understanding of environmental issues evolved over time?""",not_leading
"""What do you think about the role of art in addressing societal issues?""",not_leading
"""Can you describe a place that holds significant personal meaning for you?""",not_leading
"""What are your thoughts on the impact of globalization on local economies?""",not_leading
"""How has your approach to health and wellness changed as you've grown older?""",not_leading
"""What do you think about the potential of space tourism?""",not_leading
"""Can you share a memorable experience from your travels?""",not_leading
"""What are some ways we can encourage more diversity in our local libraries?""",not_leading
"""How has your relationship with technology evolved throughout your life?""",not_leading
"""What do you think about the increasing use of renewable energy sources?""",not_leading
"""Can you describe a book that has greatly influenced your worldview?""",not_leading
"""What are your thoughts on the use of mindfulness in the workplace?""",not_leading
"""How has your perspective on education changed since you were a student?""",not_leading
"""What do you think about the potential of urban farming?""",not_leading
"""Can you share a unique family tradition that you cherish?""",not_leading
"""What are some challenges you've faced while trying to maintain a work-life balance?""",not_leading
"""How has your understanding of sustainability evolved over time?""",not_leading
"""What do you think about the role of technology in mental health care?""",not_leading
"""Can you describe a time when you felt a strong sense of belonging to a community?""",not_leading
"""What are your thoughts on the impact of automation on jobs in various industries?""",not_leading
"""How has your approach to learning and personal growth changed over the years?""",not_leading
"""What do you think about the increasing use of telemedicine?""",not_leading
"""Can you share a memorable experience from your childhood that has shaped your values?""",not_leading
"""What are some ways we can encourage more intergenerational connections in our communities?""",not_leading
"""How has your perspective on social issues changed as you've gotten older?""",not_leading
"""What do you think about the potential of using virtual reality for therapy?""",not_leading
"""Can you describe a place that you find particularly calming and restorative?""",not_leading
"""What are your thoughts on the impact of climate change on global agriculture?""",not_leading
"""How has your understanding of privacy evolved in the digital age?""",not_leading
"""What do you think about the role of storytelling in understanding history?""",not_leading
"""Can you share a time when you felt inspired by a person or cause?""",not_leading
"""What are some innovative ways we can improve public green spaces in our cities?""",not_leading
"""How has your perspective on success changed throughout your life?""",not_leading
"""What do you think about the potential of using augmented reality in education?""",not_leading
"""Can you describe a meaningful gesture of kindness you've witnessed or received?""",not_leading
"""What do you think about the recent advancements in artificial intelligence?""",not_leading
"""Can you describe a time when you faced a significant challenge and how you overcame it?""",not_leading
"""How has learning from home during the pandemic affected your daily routine?""",not_leading
"""What are your thoughts on the current trends in sustainable fashion?""",not_leading
"""What was the last book you read that left a lasting impression on you?""",not_leading
"""How do you feel about the increasing use of social media in our society?""",not_leading
"""Can you tell me about a tradition from your culture that you find particularly meaningful?""",not_leading
"""What are some benefits and drawbacks of working remotely, in your opinion?""",not_leading
"""How has your perspective on mental health changed over time?""",not_leading
"""What do you think about the potential of renewable energy sources for our future?""",not_leading
"""Can you describe a moment when you felt a strong sense of belonging to a community?""",not_leading
"""How do you envision the future of education, given the recent shift towards online learning?""",not_leading
"""What are some ways you practice self-care and why do these methods work for you?""",not_leading
"""What do you think about the increasing focus on diversity and inclusion in media?""",not_leading
"""Can you tell me about a place you've visited that inspired you?""",not_leading
"""How has your relationship with technology evolved over the years?""",not_leading
"""What are your thoughts on the impact of climate change on global ecosystems?""",not_leading
"""Can you describe a time when you experienced a significant cultural difference while traveling?""",not_leading
"""What do you think about the role of art in society and its impact on social change?""",not_leading
"""How has your understanding of personal finance evolved over time?""",not_leading
"""What are some ways you stay informed about current events and why do you choose these methods?""",not_leading
"""Can you tell me about a skill you've learned recently and how it has benefited you?""",not_leading
"""What do you think about the potential of virtual reality in various industries?""",not_leading
"""How has your perspective on personal growth changed as you've gotten older?""",not_leading
"""What are your thoughts on the importance of preserving historical sites and artifacts?""",not_leading
"""Can you describe a moment when you felt a deep connection to nature?""",not_leading
"""What do you think about the growing interest in plant-based diets?""",not_leading
"""How has your understanding of relationships evolved throughout your life?""",not_leading
"""What are some ways you contribute to your local community and why are these efforts important to you?""",not_leading
"""What do you think about the influence of social media on consumer behavior?""",not_leading
"""Can you tell me about a time when you had to adapt to a significant change and how you coped?""",not_leading
"""What are your thoughts on the balance between privacy and technology in our digital age?""",not_leading
"""How has your perspective on success changed over time?""",not_leading
"""What do you think about the potential of using technology to enhance accessibility for individuals with disabilities?""",not_leading
"""Can you describe a moment when you felt a strong sense of accomplishment?""",not_leading
"""What are your thoughts on the importance of mental health awareness in the workplace?""",not_leading
"""How has your understanding of friendship evolved throughout your life?""",not_leading
"""What do you think about the role of government in addressing income inequality?""",not_leading
"""Can you tell me about a hobby you're passionate about and why it brings you joy?""",not_leading
"""What are your thoughts on the impact of globalization on local economies?""",not_leading
"""How has your relationship with your body changed over time?""",not_leading
"""What do you think about the potential of using technology to improve healthcare outcomes?""",not_leading
"""Can you describe a time when you stood up for something you believed in?""",not_leading
"""What are your thoughts on the influence of popular culture on societal norms?""",not_leading
"""How has your perspective on failure changed as you've grown older?""",not_leading
"""What do you think about the importance of preserving biodiversity in our ecosystems?""",not_leading
"""Can you tell me about a time when you experienced a significant personal loss and how you coped?""",not_leading
"""What are your thoughts on the increasing use of AI in everyday life?""",not_leading
"""Can you describe a time when you overcame a significant challenge?""",not_leading
"""How does music influence your mood and productivity?""",not_leading
"""What do you think about the growing trend of remote work?""",not_leading
"""Can you share an experience that changed your perspective on something?""",not_leading
"""How has the rise of social media impacted your interpersonal relationships?""",not_leading
"""What's your opinion on the use of renewable energy sources?""",not_leading
"""Can you tell me about a cultural tradition that you find fascinating?""",not_leading
"""How has technology changed the way you learn and retain information?""",not_leading
"""What do you think about the importance of mental health awareness?""",not_leading
"""Can you describe a natural phenomenon that always amazes you?""",not_leading
"""How has your career path evolved over time?""",not_leading
"""What's your take on the trend of minimalism in design and lifestyle?""",not_leading
"""Can you share a personal habit that has positively influenced your life?""",not_leading
"""How do you think artificial intelligence will shape the future of work?""",not_leading
"""What are your thoughts on the global movement towards sustainability?""",not_leading
"""Can you describe a place that holds special significance for you?""",not_leading
"""How has your understanding of diversity and inclusion evolved over time?""",not_leading
"""What do you think about the role of arts and culture in society?""",not_leading
"""Can you share a book that has deeply impacted you?""",not_leading
"""How has the pandemic influenced your perspective on public health?""",not_leading
"""What are your thoughts on the recent advancements in space exploration?""",not_leading
"""Can you describe a skill you wish you had learned earlier in life?""",not_leading
"""How do you think education should adapt to the digital age?""",not_leading
"""What's your opinion on the increasing focus on well-being in the workplace?""",not_leading
"""Can you share a moment when you felt deeply connected to nature?""",not_leading
"""How has your approach to environmental issues changed over time?""",not_leading
"""What do you think about the growing trend of plant-based diets?""",not_leading
"""Can you describe a piece of technology that has greatly improved your life?""",not_leading
"""How has your understanding of privacy changed with the rise of digital platforms?""",not_leading
"""What are your thoughts on the ethics of automation in the job market?""",not_leading
"""Can you share a cultural practice that you find thought-provoking?""",not_leading
"""How has your perspective on success evolved throughout your life?""",not_leading
"""What do you think about the importance of community engagement in urban planning?""",not_leading
"""Can you describe a piece of art that has moved you emotionally?""",not_leading
"""How has your approach to personal finance changed over time?""",not_leading
"""What are your thoughts on the trend of 'slow living' and its benefits?""",not_leading
"""Can you share a memory that always brings a smile to your face?""",not_leading
"""How do you think climate change will impact future generations?""",not_leading
"""What's your opinion on the role of storytelling in social change?""",not_leading
"""How do you feel about the increasing use of AI in daily life?""",not_leading
"""What are your thoughts on the recent advancements in artificial intelligence?""",not_leading
"""Can you describe a time when you experienced a significant change in your life?""",not_leading
"""How do you think climate change will impact future generations?""",not_leading
"""What's your favorite book and why do you enjoy it?""",not_leading
"""How has your educational journey shaped your career aspirations?""",not_leading
"""Can you tell me about a unique cultural tradition from your background?""",not_leading
"""What do you think is the most pressing issue facing our society today?""",not_leading
"""How has social media influenced your relationships and interactions?""",not_leading
"""What inspired you to pursue your current career path?""",not_leading
"""Can you describe a moment when you felt a strong sense of belonging?""",not_leading
"""What are your thoughts on the ethical implications of using gene-editing technologies?""",not_leading
"""How has learning a new skill or hobby impacted your personal growth?""",not_leading
"""Can you tell me about a historical event that has left a lasting impact on you?""",not_leading
"""What do you think makes a good leader?""",not_leading
"""How has your perspective on mental health changed over time?""",not_leading
"""What's your opinion on the balance between privacy and security in the digital age?""",not_leading
"""Can you describe a place that holds special meaning for you?""",not_leading
"""How do you think technology is changing the way we work and collaborate?""",not_leading
"""What's your interpretation of the phrase ""art imitates life""?""",not_leading
"""How has your understanding of diversity and inclusion evolved over the years?""",not_leading
"""What are your thoughts on the role of art in society?""",not_leading
"""Can you tell me about a challenging situation you faced and how you overcame it?""",not_leading
"""How do you think we can promote more effective communication across cultures?""",not_leading
"""What's your opinion on the impact of fast fashion on the environment and society?""",not_leading
"""How has your relationship with your family evolved over time?""",not_leading
"""What do you think about the concept of a universal basic income?""",not_leading
"""Can you describe a moment when you felt truly inspired by someone else's actions?""",not_leading
"""How do you think our relationship with nature has changed over time?""",not_leading
"""What are your thoughts on the importance of storytelling in preserving history and culture?""",not_leading
"""How has your definition of success changed throughout your life?""",not_leading
"""Can you tell me about a time when you had to make a difficult decision?""",not_leading
"""What do you think about the potential of virtual reality in education?""",not_leading
"""How has your understanding of love and relationships evolved over time?""",not_leading
"""What are your thoughts on the ethical implications of using animals in scientific research?""",not_leading
"""Can you describe a time when you experienced a significant failure and what you learned from it?""",not_leading
"""How do you think we can address the issue of income inequality?""",not_leading
"""What's your opinion on the use of technology in enhancing human abilities?""",not_leading
"""How has your perspective on aging and the elderly changed over time?""",not_leading
"""What are your thoughts on the role of science in shaping public policy?""",not_leading
"""Can you tell me about a place you've visited that was significantly different from your own culture?""",not_leading
"""What do you think about the concept of a ""work-life balance""?""",not_leading
"""How has your relationship with technology evolved over the years?""",not_leading
"""What are your thoughts on the importance of preserving historical architecture and landmarks?""",not_leading
"""Can you describe a moment when you felt truly proud of yourself or someone else?""",not_leading
"""How do you think we can promote more sustainable and ethical business practices?""",not_leading
"""What's your opinion on the role of government in addressing social issues?""",not_leading
"""Can you tell me about a personal achievement that you're particularly proud of?""",not_leading
"""What do you think about the impact of globalization on local cultures and economies?""",not_leading
"""How has your understanding of happiness changed over time?""",not_leading
"""What are your thoughts on the potential of space exploration for humanity?""",not_leading
"""Can you describe a time when you had to advocate for yourself or someone else?""",not_leading
"""How do you think we can address the issue of food waste in our society?""",not_leading
"""What's your opinion on the role of art in political and social change?""",not_leading
"""How has your relationship with your body changed over time?""",not_leading
"""Can you tell me about a time when you felt a strong sense of purpose or calling?""",not_leading
"""What are your thoughts on the recent advancements in artificial intelligence?""",not_leading
"""Can you describe a time when you felt particularly inspired?""",not_leading
"""How does technology impact your daily life and routines?""",not_leading
"""What are some local community events you've enjoyed participating in?""",not_leading
"""How does the arts help you connect with your emotions?""",not_leading
"""Can you explain a complex idea in a way that a child could understand?""",not_leading
"""How has your perspective on mental health changed over time?""",not_leading
"""What do you think are the biggest challenges facing our environment today?""",not_leading
"""How has learning a new skill or hobby impacted your life?""",not_leading
"""Can you share an experience that taught you resilience?""",not_leading
"""What cultural trends have you noticed emerging in your community?""",not_leading
"""How do you think social media shapes our society?""",not_leading
"""Can you describe a place that holds special meaning for you?""",not_leading
"""How does your cultural background influence your worldview?""",not_leading
"""What is a book that has greatly influenced your life?""",not_leading
"""How do you handle disagreements with people you care about?""",not_leading
"""Can you share a moment when you felt a strong sense of belonging?""",not_leading
"""How has your understanding of history evolved over time?""",not_leading
"""What is a cause you're passionate about and why?""",not_leading
"""How do you balance work and personal life?""",not_leading
"""Can you describe a time when you stepped out of your comfort zone?""",not_leading
"""How has your relationship with nature evolved throughout your life?""",not_leading
"""What are some common misconceptions about your job or profession?""",not_leading
"""How do you approach decision-making in ambiguous situations?""",not_leading
"""Can you share a memory that brings you joy?""",not_leading
"""What are some traditional practices in your community that you appreciate?""",not_leading
"""How do you think technology can be used to improve accessibility?""",not_leading
"""What is a skill you wish more people had?""",not_leading
"""Can you describe a moment when you felt truly present in the moment?""",not_leading
"""How has your understanding of success changed over time?""",not_leading
"""What are some ways we can promote diversity and inclusion in our society?""",not_leading
"""How do you stay informed about current events?""",not_leading
"""Can you share a lesson you learned from a failure or setback?""",not_leading
"""What are some underappreciated aspects of your city or town?""",not_leading
"""How do you think we can encourage more people to engage in civic duties?""",not_leading
"""Can you describe a time when you felt a strong sense of accomplishment?""",not_leading
"""What are some ways we can support local businesses?""",not_leading
"""How has your perception of beauty changed over time?""",not_leading
"""What is a hobby or activity that helps you relax and unwind?""",not_leading
"""Can you share a time when you had to advocate for yourself or someone else?""",not_leading
"""How do you think we can encourage more people to engage in creative pursuits?""",not_leading
"""What are some ways we can promote sustainability in our everyday lives?""",not_leading
"""Can you describe a time when you felt a deep connection with someone?""",not_leading
"""What is a social issue that you feel strongly about?""",not_leading
"""How do you think we can foster more meaningful conversations in our society?""",not_leading
"""Can you share a moment when you felt a strong sense of pride?""",not_leading
"""What are some ways we can support mental health in our communities?""",not_leading
"""How do you think we can encourage more people to engage in lifelong learning?""",not_leading
"""Can you describe a time when you felt a sense of community?""",not_leading
"""What are your thoughts on the recent advancements in artificial intelligence?""",not_leading
"""Can you describe a time when you had to adapt to significant change?""",not_leading
"""How has your understanding of environmental issues evolved over time?""",not_leading
"""What do you enjoy most about your current job?""",not_leading
"""What challenges have you faced while learning a new language?""",not_leading
"""How has social media influenced your daily life?""",not_leading
"""What is your favorite book and why?""",not_leading
"""Can you share an example of a cultural tradition from your home country?""",not_leading
"""How do you prefer to spend your free time?""",not_leading
"""What motivated you to pursue your current career path?""",not_leading
"""Can you describe a moment when you felt a strong sense of belonging?""",not_leading
"""What are some benefits and drawbacks of remote work?""",not_leading
"""How do you stay informed about current events?""",not_leading
"""What is your opinion on the role of art in society?""",not_leading
"""Can you share a personal goal you're working towards?""",not_leading
"""How has your perspective on mental health changed over time?""",not_leading
"""What do you think about the impact of technology on education?""",not_leading
"""Can you describe a place that holds special significance for you?""",not_leading
"""How do you handle stress and pressure?""",not_leading
"""What are some common misconceptions about your cultural background?""",not_leading
"""What is your favorite childhood memory?""",not_leading
"""How do you define success?""",not_leading
"""Can you describe a time when you had to make a difficult decision?""",not_leading
"""What do you think about the future of space exploration?""",not_leading
"""How has your relationship with food changed over the years?""",not_leading
"""What are some effective ways to promote diversity and inclusion?""",not_leading
"""Can you share a personal achievement you're proud of?""",not_leading
"""What do you think about the role of government in addressing climate change?""",not_leading
"""How do you stay physically active?""",not_leading
"""What is your opinion on the impact of globalization on local cultures?""",not_leading
"""Can you describe a time when you had to stand up for someone else?""",not_leading
"""How has your understanding of history evolved over time?""",not_leading
"""What do you think about the importance of work-life balance?""",not_leading
"""Can you share a skill you've always wanted to learn?""",not_leading
"""What do you think about the importance of financial literacy?""",not_leading
"""How has your perspective on failure changed over time?""",not_leading
"""Can you describe a time when you had to resolve a conflict?""",not_leading
"""What do you think about the impact of automation on jobs?""",not_leading
"""How do you stay up-to-date with new technologies?""",not_leading
"""Can you share a personal experience that shaped your worldview?""",not_leading
"""What are your thoughts on the role of social activism in society?""",not_leading
"""What is your opinion on the use of technology in healthcare?""",not_leading
"""How do you handle disagreements with others?""",not_leading
"""What do you think about the importance of lifelong learning?""",not_leading
"""Can you describe a time when you had to overcome a significant challenge?""",not_leading
"""What are some ways to encourage creativity and innovation?""",not_leading
"""What do you think about the impact of virtual reality on various industries?""",not_leading
"""How has your perception of beauty changed over time?""",not_leading
"""Can you share a personal habit that has positively impacted your life?""",not_leading
"""What do you think about the importance of cultural preservation?""",not_leading
"""How do you practice self-care?""",not_leading
"""What is your opinion on the role of luck in success?""",not_leading
"""Can you describe a time when you had to learn a new skill quickly?""",not_leading
"""What are your thoughts on the recent advancements in AI?""",not_leading
"""Can you describe the changes in your daily routine due to remote work?""",not_leading
"""How has your understanding of sustainability evolved over time?""",not_leading
"""What's your favorite book and why did you enjoy it?""",not_leading
"""How has living in a multicultural community influenced your perspectives?""",not_leading
"""Can you share a memorable experience from your travels?""",not_leading
"""What are some challenges you've faced while learning a new skill?""",not_leading
"""How do you think technology is shaping our society today?""",not_leading
"""Can you describe a situation where you had to adapt to sudden change?""",not_leading
"""What are some traditional practices in your culture that you treasure?""",not_leading
"""How has your relationship with nature changed over the years?""",not_leading
"""What do you think about the impact of social media on mental health?""",not_leading
"""Can you describe a time when you had to overcome a significant obstacle?""",not_leading
"""How has your definition of success evolved as you've grown older?""",not_leading
"""What do you think is the most pressing issue facing our world right now?""",not_leading
"""How has studying a foreign language influenced your worldview?""",not_leading
"""Can you share a personal habit that has significantly improved your life?""",not_leading
"""What are your thoughts on the balance between tradition and innovation?""",not_leading
"""How has your perspective on work-life balance changed over time?""",not_leading
"""What are some misconceptions about your field of work that you'd like to address?""",not_leading
"""Can you describe a moment when you felt a strong sense of community?""",not_leading
"""How has your understanding of creativity evolved throughout your life?""",not_leading
"""What do you think about the concept of universal basic income?""",not_leading
"""Can you share a skill you've always wanted to learn but haven't yet?""",not_leading
"""How has your commute to work changed over the years?""",not_leading
"""What are your thoughts on the role of art in society?""",not_leading
"""Can you describe a time when you made a significant positive impact on someone's life?""",not_leading
"""How has your view on failure evolved as you've grown older?""",not_leading
"""What do you think about the increasing use of automation in various industries?""",not_leading
"""Can you share a piece of advice that has greatly influenced you?""",not_leading
"""How has your perspective on education changed over time?""",not_leading
"""What are your thoughts on the influence of technology on our attention spans?""",not_leading
"""Can you describe a time when you had to compromise your personal values for a goal?""",not_leading
"""How has your understanding of happiness changed throughout your life?""",not_leading
"""What do you think about the concept of a circular economy?""",not_leading
"""Can you share a time when you had to advocate for yourself or someone else?""",not_leading
"""How has your view on leadership evolved as you've grown older?""",not_leading
"""What are your thoughts on the impact of globalization on local cultures?""",not_leading
"""Can you describe a situation where you had to resolve a conflict with someone?""",not_leading
"""How has your perception of aging changed as you've grown older?""",not_leading
"""What are your thoughts on the role of empathy in decision-making processes?""",not_leading
"""Can you share a time when you had to adapt to a new cultural environment?""",not_leading
"""How has your understanding of risk-taking evolved throughout your life?""",not_leading
"""What do you think about the influence of movies on our societal values?""",not_leading
"""Can you describe a time when you had to apologize for a mistake?""",not_leading
"""How has your view on the importance of physical activity changed over time?""",not_leading
"""What are your thoughts on the concept of a digital detox?""",not_leading
"""Here are 50 open-ended questions:""",not_leading
"""1. What are your thoughts on the recent advancements in AI technology?""",not_leading
"""2. Can you describe your daily commute and how it impacts your mood?""",not_leading
"""3. How has social media influenced your relationships with others?""",not_leading
"""4. What do you think about the current state of mental health awareness in our society?""",not_leading
"""5. Can you tell me about a book that has significantly impacted your perspective?""",not_leading
"""6. How have you seen climate change affect your local environment over the years?""",not_leading
"""7. What is your interpretation of the term 'work-life balance' in the modern world?""",not_leading
"""8. Can you describe a time when you had to adapt to a significant change in your life?""",not_leading
"""9. What are your thoughts on the role of education in shaping societal values?""",not_leading
"""10. How has technology helped or hindered your productivity at work?""",not_leading
"""11. Can you reflect on a time when you experienced a culture different from your own?""",not_leading
"""12. What do you think about the current movement towards sustainable living?""",not_leading
"""13. How has your relationship with food evolved over time?""",not_leading
"""14. What are your thoughts on the portrayal of diversity in today's media?""",not_leading
"""15. Can you describe a skill or hobby you've wanted to learn but haven't yet?""",not_leading
"""16. How has your perspective on health and fitness changed over the years?""",not_leading
"""17. What do you think about the impact of globalization on local economies?""",not_leading
"""18. Can you tell me about a moment that made you feel truly connected to nature?""",not_leading
"""19. What are your thoughts on the use of virtual reality in various industries?""",not_leading
"""20. How has your understanding of leadership evolved throughout your career?""",not_leading
"""21. Can you describe a piece of art that has left a lasting impression on you?""",not_leading
"""22. What do you think about the current trends in interior design and architecture?""",not_leading
"""23. How has your perspective on failure changed over time?""",not_leading
"""24. What are your thoughts on the potential of renewable energy sources?""",not_leading
"""25. Can you tell me about a tradition from your culture that you find meaningful?""",not_leading
"""26. How has your approach to saving and spending money changed over the years?""",not_leading
"""27. What do you think about the role of art in addressing social issues?""",not_leading
"""28. Can you describe a place that holds significant personal meaning for you?""",not_leading
"""29. How have your preferences in music evolved over time?""",not_leading
"""30. What are your thoughts on the impact of influencers on consumer behavior?""",not_leading
"""31. Can you reflect on a time when you had to advocate for yourself or someone else?""",not_leading
"""32. How has your understanding of 'home' evolved throughout your life?""",not_leading
"""33. What do you think about the current trends in science communication?""",not_leading
"""34. Can you tell me about a time when you experienced a 'eureka' moment?""",not_leading
"""35. How have your views on parenting changed over time?""",not_leading
"""36. What are your thoughts on the role of technology in education?""",not_leading
"""37. Can you describe a time when you felt a strong sense of community?""",not_leading
"""38. How has your perspective on success evolved throughout your life?""",not_leading
"""39. What do you think about the current state of urban planning in your city?""",not_leading
"""40. Can you tell me about a time when you stepped out of your comfort zone?""",not_leading
"""41. How have your views on art and its purpose changed over time?""",not_leading
"""42. What are your thoughts on the impact of remote work on employee well-being?""",not_leading
"""43. Can you describe a situation where you had to resolve a conflict with someone?""",not_leading
"""44. How has your understanding of love and relationships evolved over time?""",not_leading
"""45. What do you think about the current trends in data privacy and security?""",not_leading
"""46. Can you reflect on a time when you felt a strong sense of accomplishment?""",not_leading
"""47. How have your views on politics and governance changed over time?""",not_leading
"""48. What are your thoughts on the role of storytelling in understanding history?""",not_leading
"""49. Can you tell me about a time when you witnessed an act of kindness?""",not_leading
"""50. How have your preferences in literature evolved over the years?""",not_leading
"""What do you think about the increasing use of artificial intelligence in our daily lives?""",not_leading
"""How would you describe the changes in transportation since the introduction of ride-sharing apps?""",not_leading
"""Can you share your experience with remote work during the pandemic?""",not_leading
"""What are your thoughts on the growing concern around single-use plastics?""",not_leading
"""How has your perspective on education changed since you were a student?""",not_leading
"""What makes you feel most connected to nature?""",not_leading
"""How have you seen your city adapt to climate change?""",not_leading
"""Can you tell me about a time when you challenged a commonly held belief?""",not_leading
"""What do you think is the most pressing issue facing young people today?""",not_leading
"""How has social media influenced your relationships?""",not_leading
"""How would you explain your favorite book to someone who's never read it?""",not_leading
"""What do you think about the recent advancements in space exploration?""",not_leading
"""Can you describe a moment when you felt a strong sense of belonging?""",not_leading
"""What are your thoughts on the rising trend of plant-based diets?""",not_leading
"""How has your understanding of mental health evolved over time?""",not_leading
"""What do you think is the most important quality in a leader?""",not_leading
"""How has your perspective on money changed as you've grown older?""",not_leading
"""Can you tell me about a time when you had to adapt to significant change?""",not_leading
"""What do you think about the increasing importance of data privacy?""",not_leading
"""How has your approach to learning changed in the digital age?""",not_leading
"""What are your thoughts on the growing interest in minimalism?""",not_leading
"""How has your relationship with technology evolved over the years?""",not_leading
"""Can you describe a place that holds significant meaning for you?""",not_leading
"""What do you think about the increasing diversity in media representation?""",not_leading
"""How has your perspective on failure changed over time?""",not_leading
"""What are your thoughts on the potential impact of virtual reality in education?""",not_leading
"""Can you tell me about a time when you advocated for something you believed in?""",not_leading
"""What do you think about the concept of a universal basic income?""",not_leading
"""How has your understanding of sustainability changed since you were younger?""",not_leading
"""What makes you feel most inspired and motivated?""",not_leading
"""How have your political beliefs evolved over time?""",not_leading
"""What do you think about the increasing use of micro-influencers in marketing?""",not_leading
"""Can you describe a moment when you felt a strong sense of accomplishment?""",not_leading
"""What are your thoughts on the importance of work-life balance?""",not_leading
"""How has your perspective on creativity changed as you've grown older?""",not_leading
"""What do you think about the growing trend of digital nomads?""",not_leading
"""Can you tell me about a time when you challenged societal norms?""",not_leading
"""What do you think is the most significant global challenge we face today?""",not_leading
"""How has your understanding of culture changed as you've traveled more?""",not_leading
"""What are your thoughts on the increasing use of non-binary pronouns?""",not_leading
"""How has your approach to time management changed throughout your life?""",not_leading
"""What do you think about the concept of a circular economy?""",not_leading
"""Can you describe a moment when you felt a strong sense of peace and calm?""",not_leading
"""1. What are your thoughts on the recent advancements in AI technology?""",not_leading
"""2. Can you describe your experience with remote work during the pandemic?""",not_leading
"""3. How has your understanding of mental health evolved over time?""",not_leading
"""4. What are some cultural trends you've noticed gaining popularity recently?""",not_leading
"""5. How do you approach learning a new language or skill?""",not_leading
"""6. Can you reflect on a time when you faced a significant challenge and how you overcame it?""",not_leading
"""7. What are your thoughts on the current state of climate change awareness and action?""",not_leading
"""8. How does your cultural background influence your perspective on education?""",not_leading
"""9. Can you describe your favorite book or movie and why it resonated with you?""",not_leading
"""10. What is your opinion on the impact of social media on today's society?""",not_leading
"""11. How has your relationship with technology changed throughout your life?""",not_leading
"""12. Can you recall a moment that sparked a significant change in your personal beliefs or values?""",not_leading
"""13. What are some innovative solutions you've seen for addressing environmental issues?""",not_leading
"""14. How do you balance work and personal life, especially in today's fast-paced world?""",not_leading
"""15. Can you describe a place that holds special meaning for you and why?""",not_leading
"""16. What are your thoughts on the role of arts in society and its impact on people's lives?""",not_leading
"""17. How has your approach to health and wellness evolved over the years?""",not_leading
"""18. Can you reflect on a time when you had to adapt to significant change and how you coped?""",not_leading
"""19. What are some unique traditions or customs from your culture that you'd like to share?""",not_leading
"""20. How do you think education can be improved to better prepare students for the future?""",not_leading
"""21. Can you describe your experience with therapy or counseling, if any, and how it has helped you?""",not_leading
"""22. What are your thoughts on the influence of globalization on local cultures?""",not_leading
"""23. How has your understanding of diversity and inclusion changed over time?""",not_leading
"""24. Can you reflect on a time when you felt a strong sense of belonging and what contributed to it?""",not_leading
"""25. What are some effective ways you've seen people advocate for social justice?""",not_leading
"""26. How do you navigate making decisions that align with your personal values and ethical beliefs?""",not_leading
"""27. Can you describe a time when you experienced a 'eureka' moment and how it came about?""",not_leading
"""28. What are your thoughts on the current state of global politics and its impact on everyday citizens?""",not_leading
"""29. How has your relationship with money and finances evolved over the years?""",not_leading
"""30. Can you reflect on a time when you challenged societal norms and what the outcome was?""",not_leading
"""31. What are some creative ways you've seen communities come together to support each other?""",not_leading
"""32. How do you stay informed about current events and what news sources do you trust?""",not_leading
"""33. Can you describe your favorite hobby or activity and what draws you to it?""",not_leading
"""34. What are your thoughts on the role of technology in healthcare and its future prospects?""",not_leading
"""35. How has your understanding of love and relationships changed throughout your life?""",not_leading
"""36. Can you recall a moment when you felt a deep connection with nature and how it made you feel?""",not_leading
"""37. What are some ways you've seen people promote and preserve cultural heritage?""",not_leading
"""38. How do you approach setting and achieving personal goals?""",not_leading
"""39. Can you reflect on a time when you had to apologize or make amends, and what you learned from it?""",not_leading
"""40. What are your thoughts on the impact of technology on the job market and employment?""",not_leading
"""41. How has your approach to learning changed throughout your life?""",not_leading
"""42. Can you describe your experience with a cultural practice that was new to you?""",not_leading
"""43. What are some effective ways you've seen people manage stress and maintain work-life balance?""",not_leading
"""44. How do you think education can be made more accessible and equitable?""",not_leading
"""45. Can you reflect on a time when you felt a strong sense of purpose and what led to it?""",not_leading
"""46. What are your thoughts on the influence of media and pop culture on society's values and norms?""",not_leading
"""47. How has your understanding of success changed over time?""",not_leading
"""48. Can you recall a moment when you felt a strong sense of interdependence with others?""",not_leading
"""49. What are some ways you've seen people challenge stereotypes and promote understanding?""",not_leading
"""50. How do you approach navigating complex emotions and supporting others through difficult times?""",not_leading
"""1. ""What are your thoughts on the recent advancements in AI technology?""",not_leading
"""2. ""Can you describe a time when you faced a significant challenge and how you overcame it?""",not_leading
"""3. ""How does music influence your mood and daily life?""",not_leading
"""4. ""What are some cultural traditions from your heritage that you appreciate?""",not_leading
"""5. ""How has remote work impacted your productivity since the pandemic?""",not_leading
"""6. ""Can you share your perspective on the importance of mental health awareness?""",not_leading
"""7. ""What is your favorite book and why does it resonate with you?""",not_leading
"""8. ""How has social media changed the way you consume news and information?""",not_leading
"""9. ""Can you describe a place that holds special meaning for you and why?""",not_leading
"""10. ""What are your views on the future of electric vehicles and their impact on the environment?""",not_leading
"""11. ""How has your understanding of history evolved over time?""",not_leading
"""12. ""Can you recall a moment when you experienced a sense of belonging?""",not_leading
"""13. ""What are your thoughts on the role of education in shaping society?""",not_leading
"""14. ""How has your relationship with technology evolved throughout your life?""",not_leading
"""15. ""Can you describe a time when you experienced a significant change in perspective?""",not_leading
"""16. ""What are your views on the importance of diversity and inclusion in the workplace?""",not_leading
"""17. ""How has your approach to health and wellness changed over the years?""",not_leading
"""18. ""Can you share your thoughts on the influence of popular culture on societal norms?""",not_leading
"""19. ""What are your views on the potential of space exploration for humanity's future?""",not_leading
"""20. ""Can you describe your first memorable experience with nature?""",not_leading
"""21. ""How has your relationship with your hometown evolved over time?""",not_leading
"""22. ""What are your thoughts on the impact of globalization on local cultures?""",not_leading
"""23. ""Can you share a story that has inspired you to pursue a specific goal or dream?""",not_leading
"""24. ""How has your understanding of love and relationships evolved throughout your life?""",not_leading
"""25. ""What are your views on the role of art in promoting social change?""",not_leading
"""26. ""Can you describe a moment when you felt a deep connection with someone else?""",not_leading
"""27. ""How has your approach to personal finance changed over time?""",not_leading
"""28. ""What are your thoughts on the influence of media representations of gender roles?""",not_leading
"""29. ""Can you share your perspective on the importance of ancestral knowledge and traditions?""",not_leading
"""30. ""How has your sense of self-identity evolved throughout your life?""",not_leading
"""31. ""What are your views on the balance between innovation and environmental protection?""",not_leading
"""32. ""Can you describe a situation where you stood up for something you believed in?""",not_leading
"""33. ""How has your approach to learning and education changed as an adult?""",not_leading
"""34. ""What are your thoughts on the impact of virtual reality on education and entertainment?""",not_leading
"""35. ""Can you share a memory that brings you joy and why?""",not_leading
"""36. ""How has your relationship with your family influenced your personal values?""",not_leading
"""37. ""What are your views on the potential of renewable energy to address climate change?""",not_leading
"""38. ""Can you describe a time when you felt a strong sense of accomplishment?""",not_leading
"""39. ""How has your understanding of success changed over time?""",not_leading
"""40. ""What are your thoughts on the role of technology in enhancing human capabilities?""",not_leading
"""41. ""Can you share a story about a time when you experienced a significant loss?""",not_leading
"""42. ""How has your approach to creativity and self-expression evolved throughout your life?""",not_leading
"""43. ""What are your views on the importance of sustainable agriculture for a healthier planet?""",not_leading
"""44. ""Can you describe a moment when you felt a profound sense of awe or wonder?""",not_leading
"""45. ""How has your relationship with time and aging evolved throughout your life?""",not_leading
"""46. ""What are your thoughts on the influence of movies and films on our cultural landscape?""",not_leading
"""47. ""Can you share a story about a time when you experienced a significant personal growth?""",not_leading
"""48. ""How has your approach to communication and conflict resolution changed over time?""",not_leading
"""49. ""What are your views on the potential of gene editing technologies, such as CRISPR?""",not_leading
"""50. ""Can you describe a moment when you felt a deep sense of peace or tranquility?""",not_leading
"""1. ""What are your thoughts on the recent advancements in AI technology?""",not_leading
"""2. ""Can you describe a time when you experienced a significant change in your life?""",not_leading
"""3. ""How do you think climate change will impact future generations?""",not_leading
"""4. ""What is your understanding of the concept of 'net neutrality' in the context of the internet?""",not_leading
"""5. ""Can you share a unique cultural tradition from your background?""",not_leading
"""6. ""What do you believe is the most important issue facing society today?""",not_leading
"""7. ""How has learning a new skill or hobby impacted your life?""",not_leading
"""8. ""What is your perspective on the balance between privacy and security in the digital age?""",not_leading
"""9. ""Can you reflect on a moment when you felt a strong sense of belonging?""",not_leading
"""10. ""What are some common misconceptions about mental health, in your opinion?""",not_leading
"""11. ""How do you think remote work will shape the future of the job market?""",not_leading
"""12. ""Can you describe the most fascinating book you've read recently?""",not_leading
"""13. ""What are your thoughts on the growing trend of plant-based diets?""",not_leading
"""14. ""How has your relationship with social media evolved over time?""",not_leading
"""15. ""Can you share a unique tradition from your family?""",not_leading
"""16. ""What do you think is the most effective way to combat fake news online?""",not_leading
"""17. ""How has a mentor or role model influenced your life?""",not_leading
"""18. ""What are some challenges you face when trying to maintain a healthy work-life balance?""",not_leading
"""19. ""Can you describe a place that holds special significance for you?""",not_leading
"""20. ""What are your thoughts on the increasing use of automation in various industries?""",not_leading
"""21. ""How has your perspective on education changed over time?""",not_leading
"""22. ""Can you share a memorable experience from your travels?""",not_leading
"""23. ""What do you believe is the most important quality for a leader to possess?""",not_leading
"""24. ""How has your relationship with technology evolved throughout your life?""",not_leading
"""25. ""Can you describe a time when you felt extremely proud of yourself?""",not_leading
"""26. ""What are your thoughts on the concept of a universal basic income?""",not_leading
"""27. ""How has a piece of art or literature inspired you?""",not_leading
"""28. ""What do you think is the most valuable skill a person can have in today's world?""",not_leading
"""29. ""Can you share a challenge you've faced and how you overcame it?""",not_leading
"""30. ""What are your thoughts on the growing trend of mindfulness and meditation practices?""",not_leading
"""31. ""How has your sense of identity evolved over time?""",not_leading
"""32. ""What do you think is the most pressing environmental issue facing the world today?""",not_leading
"""33. ""Can you describe the most influential person in your life?""",not_leading
"""34. ""What are your thoughts on the role of social media in shaping public opinion?""",not_leading
"""35. ""How has a particular piece of music or song affected you emotionally?""",not_leading
"""36. ""What do you believe is the most effective way to promote diversity and inclusion?""",not_leading
"""37. ""Can you share a moment when you experienced pure joy?""",not_leading
"""38. ""What are your thoughts on the potential impact of virtual reality on education?""",not_leading
"""39. ""How has a particular historical event shaped your perspective on the world?""",not_leading
"""40. ""What do you think is the most important factor contributing to a person's happiness?""",not_leading
"""41. ""Can you describe a time when you felt you made a meaningful difference?""",not_leading
"""42. ""What are your thoughts on the increasing use of surveillance technology in public spaces?""",not_leading
"""43. ""How has a particular movie or film impacted you?""",not_leading
"""44. ""What do you believe is the most effective way to improve access to quality education for all?""",not_leading
"""45. ""Can you share a unique talent or skill you possess?""",not_leading
"""46. ""What are your thoughts on the role of arts and culture in society?""",not_leading
"""47. ""How has a particular book series or author influenced your life?""",not_leading
"""48. ""What do you think is the most important aspect of a healthy relationship?""",not_leading
"""49. ""Can you describe a time when you felt a strong sense of accomplishment?""",not_leading
"""50. ""What are your thoughts on the potential of space tourism for the future?""",not_leading
"""What factors do you think contribute to job satisfaction in your field?""",not_leading
"""Can you describe a unique cultural tradition from your home country?""",not_leading
"""How has the rise of remote work impacted your daily life?""",not_leading
"""What are some ways you believe technology can improve accessibility for everyone?""",not_leading
"""How would you explain a complex concept from your area of expertise to a child?""",not_leading
"""What do you think is the most effective way to promote environmental conservation in cities?""",not_leading
"""Can you share a personal experience that has shaped your perspective on life?""",not_leading
"""How has the trend of "" Cancel Culture"" affected public discourse in your opinion?""",not_leading
"""What do you think is the future of education in a world increasingly dominated by AI?""",not_leading
"""How has the COVID-19 pandemic changed your views on personal hygiene and health?""",not_leading
"""What do you believe are the most pressing issues facing young people today?""",not_leading
"""Can you describe a moment when you felt a deep connection to nature?""",not_leading
"""How has social media influenced your understanding of current events?""",not_leading
"""What do you think is the most important quality for a leader to have in the 21st century?""",not_leading
"""How has your understanding of mental health evolved over time?""",not_leading
"""What do you think is the biggest challenge facing the healthcare industry today?""",not_leading
"""Can you share a book that has significantly influenced your worldview?""",not_leading
"""How do you think artificial intelligence will change the job market in the next decade?""",not_leading
"""What do you believe is the most effective way to address climate change?""",not_leading
"""How has globalization impacted the preservation of local cultures?""",not_leading
"""Can you describe a situation where you had to adapt to a significant change in your life?""",not_leading
"""What do you think is the most important aspect of a healthy relationship?""",not_leading
"""How has the increasing use of automation affected your daily tasks at work?""",not_leading
"""What do you believe is the most important ethical issue facing society today?""",not_leading
"""Can you share a time when you stood up for what you believed in, despite facing opposition?""",not_leading
"""What do you think is the impact of fast fashion on the environment and society?""",not_leading
"""How has your understanding of gender roles evolved over time?""",not_leading
"""What do you believe is the most effective way to promote diversity and inclusion in the workplace?""",not_leading
"""Can you describe a time when you experienced a significant cultural difference while traveling?""",not_leading
"""How has the increasing use of technology affected your attention span and focus?""",not_leading
"""What do you think is the biggest challenge facing the global economy today?""",not_leading
"""How has your understanding of personal finance changed over time?""",not_leading
"""Can you share a piece of art that has deeply moved or inspired you?""",not_leading
"""What do you believe is the most important factor in achieving work-life balance?""",not_leading
"""How has the trend of ""doomscrolling"" affected your mental health?""",not_leading
"""What do you think is the most effective way to improve public transportation in your city?""",not_leading
"""How has your understanding of racial justice evolved over time?""",not_leading
"""Can you describe a moment when you felt a strong sense of community?""",not_leading
"""What do you think is the biggest challenge facing the education system today?""",not_leading
"""How has the increasing use of data and analytics changed the way you make decisions?""",not_leading
"""What do you believe is the most important aspect of a successful team dynamic?""",not_leading
"""Can you share a time when you had to compromise your personal beliefs for the greater good?""",not_leading
"""What do you think is the most effective way to address food waste in your community?""",not_leading
"""How has your understanding of sustainability evolved over time?""",not_leading
"""Can you describe a time when you learned something new about yourself?""",not_leading
"""What are your thoughts on the recent advancements in AI technology?""",not_leading
"""What can you tell me about your daily commute to work?""",not_leading
"""How has learning a new language influenced your perspective on culture?""",not_leading
"""What do you think is the most pressing environmental issue today?""",not_leading
"""Can you describe a time when you had to adapt to sudden change?""",not_leading
"""What are some benefits and challenges of remote work, in your opinion?""",not_leading
"""How does music make you feel when you're upset?""",not_leading
"""What's your interpretation of the latest scientific findings on climate change?""",not_leading
"""Can you share a memorable experience from your childhood?""",not_leading
"""What do you think about the increasing use of social media in politics?""",not_leading
"""How has your career path evolved over time?""",not_leading
"""What are some unique traditions in your family or culture?""",not_leading
"""What do you think about the idea of establishing a universal basic income?""",not_leading
"""How does your morning routine set the tone for your day?""",not_leading
"""What are some misconceptions about mental health that you've encountered?""",not_leading
"""What do you think about the impact of automation on blue-collar jobs?""",not_leading
"""How has your relationship with technology changed over the years?""",not_leading
"""What can you tell me about a book that left a lasting impression on you?""",not_leading
"""What are some factors that influence your buying decisions?""",not_leading
"""How do you think society can address the issue of food waste?""",not_leading
"""What are your thoughts on the upcoming elections in your country?""",not_leading
"""How has your understanding of history evolved since you were in school?""",not_leading
"""What do you think about the concept of a 'work-life balance'?""",not_leading
"""How has your experience with therapy helped you grow?""",not_leading
"""What are some creative ways you've seen people adapt to living in small spaces?""",not_leading
"""What do you think about the role of museums in today's digital age?""",not_leading
"""How has your relationship with nature changed over time?""",not_leading
"""What are some common mistakes you've seen in new leaders?""",not_leading
"""What do you think about the portrayal of women in today's media?""",not_leading
"""How has learning to drive influenced your sense of independence?""",not_leading
"""What are your thoughts on the future of education, especially with the rise of online learning?""",not_leading
"""How do you think your generation differs from previous ones in terms of values and aspirations?""",not_leading
"""What can you tell me about a artwork that has moved you emotionally?""",not_leading
"""What do you think about the ethics of using gene editing technology?""",not_leading
"""How has your relationship with food changed over the years?""",not_leading
"""What are your thoughts on the importance of storytelling in understanding history?""",not_leading
"""How do you think your profession will evolve in the next decade?""",not_leading
"""What can you tell me about a place you've traveled to that left a strong impression on you?""",not_leading
"""What do you think about the concept of 'cancel culture' in today's society?""",not_leading
"""How has your understanding of patriotism changed over time?""",not_leading
"""What are some ways you've seen people in your community come together to support each other?""",not_leading
"""What do you think about the potential of space tourism?""",not_leading
"""How has your understanding of success evolved since you were younger?""",not_leading
"""What can you tell me about a time when you had to advocate for yourself or someone else?""",not_leading
"""What are your thoughts on the increasing use of virtual reality in education?""",not_leading
"""How do you feel about the recent advancements in AI technology?""",not_leading
"""What are some of your favorite childhood memories?""",not_leading
"""How might climate change impact future generations?""",not_leading
"""Can you describe a time when you had to overcome a significant challenge?""",not_leading
"""What do you think about the current state of public education?""",not_leading
"""How has social media influenced your life and relationships?""",not_leading
"""What inspired you to pursue your current career path?""",not_leading
"""How do you think we can encourage more diversity in STEM fields?""",not_leading
"""Can you share a unique or interesting fact you've learned recently?""",not_leading
"""How has your perspective on work-life balance evolved over time?""",not_leading
"""What do you think about the role of art in society?""",not_leading
"""How has a book or movie impacted your life?""",not_leading
"""Can you describe a traditional cultural practice from your background?""",not_leading
"""What do you think about the potential of renewable energy sources?""",not_leading
"""How has a mentor influenced your personal or professional growth?""",not_leading
"""What are some ways we can promote mental health awareness in our communities?""",not_leading
"""How do you think technology is changing the way we communicate?""",not_leading
"""Can you describe a place you've traveled to that has significantly influenced you?""",not_leading
"""What do you think about the importance of lifelong learning?""",not_leading
"""How has a failure or setback shaped your resilience?""",not_leading
"""Can you describe how you handle conflicts or disagreements in your relationships?""",not_leading
"""What do you think about the impact of globalization on local economies?""",not_leading
"""How has a piece of art, music, or literature moved you emotionally?""",not_leading
"""Can you share a unique skill or hobby you've picked up recently?""",not_leading
"""What do you think about the role of artificial intelligence in healthcare?""",not_leading
"""How has your cultural heritage influenced your values and perspectives?""",not_leading
"""Can you describe a time when you helped someone in need?""",not_leading
"""What do you think about the importance of financial literacy education?""",not_leading
"""How has a teacher or professor inspired you academically?""",not_leading
"""Can you describe a time when you had to make a difficult decision?""",not_leading
"""What do you think about the potential of virtual reality in education?""",not_leading
"""How has a friend or family member influenced your life?""",not_leading
"""Can you describe your proudest accomplishment to date?""",not_leading
"""What do you think about the role of science in policy-making?""",not_leading
"""How has your view on leadership changed over time?""",not_leading
"""Can you describe a time when you had to step out of your comfort zone?""",not_leading
"""What do you think about the impact of fast fashion on the environment?""",not_leading
"""How has a historical event shaped your understanding of the world?""",not_leading
"""Can you describe a time when you experienced or witnessed injustice?""",not_leading
"""What do you think about the importance of critical thinking in today's society?""",not_leading
"""How has your perspective on success evolved over time?""",not_leading
"""Can you describe a time when you had to apologize or make amends?""",not_leading
"""What do you think about the role of technology in addressing global poverty?""",not_leading
"""How has a pet or animal influenced your life?""",not_leading
"""Can you describe a time when you had to advocate for yourself or others?""",not_leading
"""What do you think about the potential of space exploration for humanity?""",not_leading
"""How has your view on Failure evolved over time?""",not_leading
"""Can you describe a time when you felt a strong sense of belonging?""",not_leading
"""What are your thoughts on the recent advancements in artificial intelligence?""",not_leading
"""Can you share your experience of living in a bustling city?""",not_leading
"""How has your perception of social media changed over time?""",not_leading
"""What do you think are the most important issues facing our environment today?""",not_leading
"""Can you describe a moment when you felt a strong sense of belonging?""",not_leading
"""How do you approach learning a new skill or technology?""",not_leading
"""What do you believe are the key factors contributing to mental health?""",not_leading
"""Can you share a book that has significantly influenced your perspective?""",not_leading
"""How has globalization impacted the way we view cultural traditions?""",not_leading
"""What steps do you think could be taken to improve public education?""",not_leading
"""Can you describe a time when you had to overcome a significant challenge?""",not_leading
"""What do you think about the role of creativity in problem-solving?""",not_leading
"""How has your family's history influenced your personal values?""",not_leading
"""What do you believe are the most effective ways to combat climate change?""",not_leading
"""Can you share an example of a time when you had to adapt to a significant change?""",not_leading
"""What is your opinion on the balance between technology and privacy?""",not_leading
"""How has your favorite hobby evolved over the years?""",not_leading
"""What do you think about the importance of mindfulness in daily life?""",not_leading
"""Can you describe a place that holds special meaning for you?""",not_leading
"""What do you believe are the most important qualities in a leader?""",not_leading
"""How has your understanding of history influenced your views on current events?""",not_leading
"""What do you think about the future of space exploration?""",not_leading
"""Can you share a tradition from your culture that you find particularly meaningful?""",not_leading
"""What approaches do you find most effective in managing stress?""",not_leading
"""What do you think about the role of empathy in communication?""",not_leading
"""How has your taste in music changed over time?""",not_leading
"""What do you believe are the most pressing global health issues?""",not_leading
"""Can you describe a time when you had to make a difficult decision?""",not_leading
"""What is your opinion on the impact of remote work on society?""",not_leading
"""How has your perspective on social justice evolved over time?""",not_leading
"""What do you think about the significance of dreams and nightmares?""",not_leading
"""Can you share a time when you felt a strong sense of accomplishment?""",not_leading
"""What do you believe are the most effective ways to foster innovation?""",not_leading
"""How has your understanding of love and relationships evolved over time?""",not_leading
"""What do you think about the role of art in society?""",not_leading
"""Can you describe a time when you had to apologize or make amends?""",not_leading
"""What approaches do you find most effective in managing finances?""",not_leading
"""What do you think about the importance of language and communication in culture?""",not_leading
"""How has your perspective on failure influenced your approach to life?""",not_leading
"""What do you believe are the most important aspects of a healthy lifestyle?""",not_leading
"""Can you share a time when you had to navigate a complex ethical dilemma?""",not_leading
"""What do you think about the impact of virtual reality on education?""",not_leading
"""How has your understanding of friendship evolved over time?""",not_leading
"""What do you believe are the most effective ways to promote equality?""",not_leading
"""Can you describe a time when you had to compromise or collaborate to achieve a goal?""",not_leading
"""What do you think about the role of humor in daily life?""",not_leading
"""How has your perspective on success influenced your career choices?""",not_leading
"""What are your thoughts on the recent advancements in AI technology?""",not_leading
"""Can you describe a memorable place you've visited?""",not_leading
"""How does music influence your daily life?""",not_leading
"""What factors contribute to your decision-making process?""",not_leading
"""Can you share an instance where you had to adapt to sudden change?""",not_leading
"""What do you think about the increasing popularity of remote work?""",not_leading
"""How has social media shaped your relationships with others?""",not_leading
"""Can you describe a traditional meal from your culture?""",not_leading
"""What are some challenges you've faced as a student or employee?""",not_leading
"""How do you handle stress and maintain work-life balance?""",not_leading
"""What do you think about the idea of establishing colonies on Mars?""",not_leading
"""Can you share a book that has significantly impacted your perspective?""",not_leading
"""How do you approach learning new skills or hobbies?""",not_leading
"""What are your views on the role of art in society?""",not_leading
"""Can you describe a moment when you felt a deep connection with nature?""",not_leading
"""How does your cultural background influence your communication style?""",not_leading
"""What do you think about the potential of renewable energy sources?""",not_leading
"""Can you share an experience that has changed your opinion on something?""",not_leading
"""How do you stay informed about current events and news?""",not_leading
"""What do you think about the impact of virtual reality on various industries?""",not_leading
"""Can you describe a time when you had to compromise or negotiate?""",not_leading
"""How has your perspective on success evolved over time?""",not_leading
"""What are your thoughts on the concept of a universal basic income?""",not_leading
"""Can you share a unique tradition from your community or family?""",not_leading
"""How do you balance the need for personal growth with maintaining relationships?""",not_leading
"""What do you think about the potential of space tourism?""",not_leading
"""Can you describe a movie or TV show that has left a lasting impression on you?""",not_leading
"""How do you make decisions about what charities or causes to support?""",not_leading
"""What are your views on the balance between personal privacy and public safety in the digital age?""",not_leading
"""Can you share a piece of advice that has been particularly meaningful to you?""",not_leading
"""How do you navigate differences in opinion or values with others?""",not_leading
"""What do you think about the role of education in addressing social issues?""",not_leading
"""Can you describe a skill you wish you could master?""",not_leading
"""How does your daily routine or habits influence your overall well-being?""",not_leading
"""What are your thoughts on the concept of a circular economy?""",not_leading
"""Can you share a time when you felt a strong sense of belonging to a group or community?""",not_leading
"""How do you approach goal-setting and tracking your progress?""",not_leading
"""What do you think about the impact of technology on mental health?""",not_leading
"""Can you describe a time when you had to advocate for yourself or someone else?""",not_leading
"""How does your personal values system guide your actions and decisions?""",not_leading
"""What are your views on the balance between human intervention and conservation in wildlife management?""",not_leading
"""Can you share a moment when you felt proud of your achievements?""",not_leading
"""How do you find meaning or purpose in your life?""",not_leading
"""What do you think about the potential of gene editing technologies?""",not_leading
"""Can you describe a place that holds special significance for you?""",not_leading
"""How do you manage conflicts or disagreements in your relationships?""",not_leading
"""What are your thoughts on the role of storytelling in shaping cultural identities?""",not_leading
"""Can you share a time when you experienced a significant cultural exchange or learning experience?""",not_leading
"""How do you practice self-care and prioritize your well-being?""",not_leading
"""What do you think about the potential of using technology to enhance human capabilities?""",not_leading
"""Can you describe a moment when you felt a deep sense of empathy or compassion for someone else?""",not_leading
"""1. ""What are your thoughts on the increasing use of AI in everyday life?""",not_leading
"""2. ""Can you describe a moment when you felt most connected to nature?""",not_leading
"""3. ""How has social media influenced your interactions with others?""",not_leading
"""4. ""What do you believe is the most pressing global issue today?""",not_leading
"""5. ""Can you share an experience that changed your perspective on something?""",not_leading
"""6. ""How do you manage stress in your daily life?""",not_leading
"""7. ""What do you think about the concept of universal basic income?""",not_leading
"""8. ""Can you describe a time when you had to adapt to significant change?""",not_leading
"""9. ""How has your understanding of mental health evolved over time?""",not_leading
"""10. ""What do you think is the biggest challenge facing education today?""",not_leading
"""11. ""Can you share a cultural tradition that you find fascinating?""",not_leading
"""12. ""How do you balance work and personal life?""",not_leading
"""13. ""What do you think about the impact of climate change on wildlife?""",not_leading
"""14. ""Can you describe a place that holds special meaning for you?""",not_leading
"""15. ""How has your relationship with technology evolved over the years?""",not_leading
"""16. ""What do you think about the role of art in society?""",not_leading
"""17. ""Can you share an experience that taught you something about yourself?""",not_leading
"""18. ""How do you define success?""",not_leading
"""19. ""What do you think about the idea of a four-day work week?""",not_leading
"""20. ""Can you describe a book or movie that had a significant impact on you?""",not_leading
"""21. ""How do you cope with failure?""",not_leading
"""22. ""What do you think about the idea of a cashless society?""",not_leading
"""23. ""Can you share a memory that always makes you smile?""",not_leading
"""24. ""How has your experience of aging influenced your views on life?""",not_leading
"""25. ""What do you think about the concept of 'work-life balance'?""",not_leading
"""26. ""Can you describe a time when you stood up for what you believed in?""",not_leading
"""27. ""How has your understanding of diversity and inclusion changed over time?""",not_leading
"""28. ""What do you think about the potential of renewable energy?""",not_leading
"""29. ""Can you share an experience that taught you about empathy?""",not_leading
"""30. ""How do you make decisions under uncertainty?""",not_leading
"""31. ""What do you think about the impact of globalization on local cultures?""",not_leading
"""32. ""Can you describe a time when you had to compromise to achieve a goal?""",not_leading
"""33. ""How has your relationship with food evolved over the years?""",not_leading
"""34. ""What do you think about the idea of a 'digital detox'?""",not_leading
"""35. ""Can you share an experience that challenged your beliefs?""",not_leading
"""36. ""How do you practice self-care?""",not_leading
"""37. ""What do you think about the role of government in addressing inequality?""",not_leading
"""38. ""Can you describe a time when you felt a strong sense of community?""",not_leading
"""39. ""How has your experience with education influenced your learning style?""",not_leading
"""40. ""What do you think about the impact of tourism on local economies?""",not_leading
"""41. ""Can you share an experience that taught you about resilience?""",not_leading
"""42. ""How do you handle disagreements in your relationships?""",not_leading
"""43. ""What do you think about the idea of a 'universal income' for artists?""",not_leading
"""44. ""Can you describe a time when you had to be creative to solve a problem?""",not_leading
"""45. ""How has your understanding of human rights evolved over time?""",not_leading
"""46. ""What do you think about the potential of virtual reality in education?""",not_leading
"""47. ""Can you share an experience that taught you about the importance of communication?""",not_leading
"""48. ""How do you maintain your mental health while working from home?""",not_leading
"""49. ""What do you think about the concept of 'slow fashion'?""",not_leading
"""50. ""Can you describe a time when you felt most alive?""",not_leading
"""What are your thoughts on the recent advancements in AI technology?""",not_leading
"""Can you describe a time when you felt deeply connected to nature?""",not_leading
"""How has learning a new skill impacted your self-confidence?""",not_leading
"""What do you think causes the popularity of true crime podcasts?""",not_leading
"""Can you share an instance where you experienced a culture shock?""",not_leading
"""What are some ways you practice self-care in your daily life?""",not_leading
"""How has remote work changed your work-life balance?""",not_leading
"""What do you think about the increasing use of social media for activism?""",not_leading
"""Can you recall a book that significantly influenced your worldview?""",not_leading
"""How do you handle disagreements in your close relationships?""",not_leading
"""What are your thoughts on the potential of renewable energy sources?""",not_leading
"""Can you describe a moment when you felt a strong sense of community?""",not_leading
"""How has your opinion on online privacy changed over time?""",not_leading
"""What do you think about the role of art in society?""",not_leading
"""Can you share an experience that challenged your personal beliefs?""",not_leading
"""How has the pandemic affected your mental health?""",not_leading
"""What are your thoughts on the impact of technology on education?""",not_leading
"""Can you describe a time when you had to overcome a significant challenge?""",not_leading
"""How do you approach setting and achieving personal goals?""",not_leading
"""What do you think about the ethics of genetic engineering?""",not_leading
"""Can you recall a dream that felt particularly meaningful to you?""",not_leading
"""How has your relationship with money evolved over time?""",not_leading
"""What are your thoughts on the portrayal of mental health in media?""",not_leading
"""Can you describe a time when you felt you made a positive impact on someone's life?""",not_leading
"""How do you stay informed about current events?""",not_leading
"""What do you think about the concept of a universal basic income?""",not_leading
"""Can you share an experience that made you feel proud of yourself?""",not_leading
"""How has your understanding of diversity and inclusion evolved?""",not_leading
"""What are your thoughts on the role of government in addressing climate change?""",not_leading
"""Can you describe a place that holds special significance for you?""",not_leading
"""How do you navigate your personal and professional boundaries?""",not_leading
"""What do you think about the influence of social media on body image?""",not_leading
"""Can you recall a time when you experienced a significant cultural misunderstanding?""",not_leading
"""How has your approach to personal finance changed over time?""",not_leading
"""What are your thoughts on the implementation of automation in various industries?""",not_leading
"""Can you share an experience that taught you resilience?""",not_leading
"""How do you practice mindfulness in your daily life?""",not_leading
"""What do you think about the significance of voting rights?""",not_leading
"""Can you describe a time when you felt a sense of purpose?""",not_leading
"""How has your perspective on failure changed over time?""",not_leading
"""What are your thoughts on the impact of globalization on local cultures?""",not_leading
"""Can you recall a time when you felt a strong connection to a historical event or figure?""",not_leading
"""How do you balance your need for independence and your desire for connection to others?""",not_leading
"""What do you think about the importance of regular exercise for mental health?""",not_leading
"""Can you share an experience that made you feel grateful for what you have?""",not_leading
"""How do you stay motivated when pursuing long-term goals?""",not_leading
"""What are your thoughts on the recent advancements in artificial intelligence?""",not_leading
"""Can you describe how climate change has impacted your local community?""",not_leading
"""How has learning a new language influenced your perspective on culture?""",not_leading
"""Do you prefer traditional textbooks or digital learning platforms for education?""",not_leading
"""What's your favorite childhood memory and why is it significant to you?""",not_leading
"""How has remote work changed your daily routine during the pandemic?""",not_leading
"""Can you share an instance where you experienced cultural shock and how you coped?""",not_leading
"""What are the challenges and benefits of implementing renewable energy sources in our city?""",not_leading
"""How has social media influenced your decision-making process in the past year?""",not_leading
"""What's the most interesting book you've read recently and why did you enjoy it?""",not_leading
"""Can you reflect on a time when you overcame a significant challenge and how it shaped you?""",not_leading
"""What's your opinion on the effects of automation on the job market?""",not_leading
"""How has your commute to work changed over the years?""",not_leading
"""Can you describe a place that makes you feel at peace and why?""",not_leading
"""What are your thoughts on the impact of virtual reality in education and entertainment?""",not_leading
"""How has your definition of success evolved over time?""",not_leading
"""Can you share an experience that changed your perspective on a controversial topic?""",not_leading
"""What's your favorite hobby and how did you get into it?""",not_leading
"""What are the potential consequences of extensive data collection by tech companies?""",not_leading
"""How has your approach to mental health changed over the years?""",not_leading
"""Can you describe a cultural tradition from your heritage that you're fond of?""",not_leading
"""What are your thoughts on the potential for space tourism?""",not_leading
"""How has your dietary habits changed over the course of your life?""",not_leading
"""Can you share an instance where you experienced road rage and how you handled it?""",not_leading
"""What are the pros and cons of implementing a universal basic income?""",not_leading
"""How has your relationship with technology evolved over time?""",not_leading
"""Can you describe a time when you felt a strong sense of belonging?""",not_leading
"""What are your thoughts on the role of art in society?""",not_leading
"""How has your approach to fitness and exercise changed over the years?""",not_leading
"""Can you reflect on a time when you had to adapt to significant change and how you did it?""",not_leading
"""What are the potential implications of using facial recognition technology in public spaces?""",not_leading
"""How has your approach to saving and spending money changed over time?""",not_leading
"""Can you describe a time when you discovered a new passion or interest?""",not_leading
"""What are your thoughts on the impact of fast fashion on the environment?""",not_leading
"""How has your understanding of history been influenced by new information or perspectives?""",not_leading
"""Can you reflect on a time when you felt you made a significant difference in someone's life?""",not_leading
"""What are the challenges and benefits of implementing a four-day workweek?""",not_leading
"""How has your approach to learning changed over the course of your life?""",not_leading
"""Can you describe a time when you felt discriminated against and how you responded?""",not_leading
"""What are your thoughts on the potential of plant-based meats as an alternative to animal products?""",not_leading
"""How has your approach to relationships changed over the years?""",not_leading
"""Can you describe a place that holds a special significance for you and why?""",not_leading
"""What are the potential implications of using AI in healthcare?""",not_leading
"""How has your interpretation of dreams changed over time?""",not_leading
"""Can you reflect on a time when you experienced imposter syndrome and how you overcame it?""",not_leading
"""What are your thoughts on the impact of digital currencies on the economy?""",not_leading
"""How has your approach to education changed since becoming a parent?""",not_leading
"""Can you describe a time when you felt a strong sense of accomplishment?""",not_leading
"""What are the potential implications of using mobile phones while driving?""",not_leading
"""1. ""What are your thoughts on the recent advancements in artificial intelligence?""",not_leading
"""2. ""Can you describe the most impactful book you've read this year?""",not_leading
"""3. ""How has remote work changed your daily routine?""",not_leading
"""4. ""What do you think about the increasing focus on mental health in our society?""",not_leading
"""5. ""Can you share a memorable experience from your childhood?""",not_leading
"""6. ""What are your thoughts on the future of space exploration?""",not_leading
"""7. ""How has learning a new skill or hobby influenced your life?""",not_leading
"""8. ""What do you think about the role of social media in today's world?""",not_leading
"""9. ""Can you describe the most significant cultural trend you've noticed recently?""",not_leading
"""10. ""How has your perspective on sustainability evolved over time?""",not_leading
"""11. ""What do you think about the potential of virtual reality in education?""",not_leading
"""12. ""Can you share a challenging life experience and how you overcame it?""",not_leading
"""13. ""What are your thoughts on the impact of climate change on our planet?""",not_leading
"""14. ""How has technology influenced your relationships with others?""",not_leading
"""15. ""Can you describe your favorite place to visit and why it's significant to you?""",not_leading
"""16. ""What do you think about the importance of diversity and inclusion in our society?""",not_leading
"""17. ""How has your relationship with your family evolved over the years?""",not_leading
"""18. ""What are your thoughts on the recent trends in fashion and style?""",not_leading
"""19. ""Can you share a time when you stepped out of your comfort zone?""",not_leading
"""20. ""How has your view on personal growth changed throughout your life?""",not_leading
"""21. ""What do you think about the influence of movies and TV shows on our culture?""",not_leading
"""22. ""Can you describe a moment when you felt a strong connection with someone?""",not_leading
"""23. ""How has your perspective on work-life balance changed over time?""",not_leading
"""24. ""What are your thoughts on the potential of renewable energy sources?""",not_leading
"""25. ""Can you share a memorable travel experience and what you learned from it?""",not_leading
"""26. ""What do you think about the importance of arts and humanities in education?""",not_leading
"""27. ""How has your relationship with your community changed over the years?""",not_leading
"""28. ""What are your thoughts on the impact of globalization on our world?""",not_leading
"""29. ""Can you describe a moment when you felt proud of yourself and why?""",not_leading
"""30. ""How has your view on success evolved as you've grown older?""",not_leading
"""31. ""What do you think about the role of sports in society?""",not_leading
"""32. ""Can you share a time when you had to make a difficult decision and how you approached it?""",not_leading
"""33. ""How has your perspective on politics changed over time?""",not_leading
"""34. ""What are your thoughts on the influence of music on our society?""",not_leading
"""35. ""Can you describe a time when you helped someone else and how it made you feel?""",not_leading
"""36. ""How has your view on failure and its role in learning evolved?""",not_leading
"""37. ""What do you think about the importance of preserving historical sites and artifacts?""",not_leading
"""38. ""Can you share a unique tradition or custom from your culture?""",not_leading
"""39. ""How has your understanding of love and relationships changed over time?""",not_leading
"""40. ""What are your thoughts on the impact of technology on our attention spans?""",not_leading
"""41. ""Can you describe a moment when you felt inspired by someone else?""",not_leading
"""42. ""How has your view on education and its purpose evolved?""",not_leading
"""43. ""What do you think about the role of social movements in our society?""",not_leading
"""44. ""Can you share a time when you had to adapt to significant changes in your life?""",not_leading
"""45. ""How has your perspective on time and its value changed over the years?""",not_leading
"""46. ""What are your thoughts on the influence of food and culture on each other?""",not_leading
"""47. ""Can you describe a moment when you felt a strong sense of belonging?""",not_leading
"""48. ""How has your view on personal finances and budgeting changed over time?""",not_leading
"""49. ""What do you think about the impact of language on our perception of the world?""",not_leading
"""50. ""Can you share a time when you had to confront your own biases or assumptions?""",not_leading
"""What are your thoughts on the recent advancements in AI technology?""",not_leading
"""Can you describe your experience with remote work during the pandemic?""",not_leading
"""How has social media influenced your relationships with others?""",not_leading
"""What kind of art makes you feel most inspired?""",not_leading
"""How do you think we can promote sustainability in our daily lives?""",not_leading
"""Can you share a memorable moment from your childhood?""",not_leading
"""What are some challenges you've faced while learning a new language?""",not_leading
"""How has your career path evolved over the years?""",not_leading
"""What do you think about the future of autonomous vehicles?""",not_leading
"""Can you describe a time when you had to overcome a significant obstacle?""",not_leading
"""How do you prefer to receive news updates - television, online, or print?""",not_leading
"""What's your favorite book and why?""",not_leading
"""How has your perspective on mental health changed over time?""",not_leading
"""Can you describe your ideal weekend getaway?""",not_leading
"""What are some ways we can encourage creativity in education?""",not_leading
"""How has your cultural background influenced your worldview?""",not_leading
"""What do you think about the impact of climate change on polar bears?""",not_leading
"""Can you share a recipe that reminds you of home?""",not_leading
"""How do you approach setting and achieving personal goals?""",not_leading
"""What are your thoughts on the current state of virtual reality technology?""",not_leading
"""Can you describe a place you've visited that left a lasting impression?""",not_leading
"""How has your opinion on remote work changed since the pandemic began?""",not_leading
"""What are some strategies you use to manage stress?""",not_leading
"""What do you think about the role of technology in healthcare?""",not_leading
"""Can you describe your first job and what you learned from it?""",not_leading
"""How do you think we can improve access to quality education for all?""",not_leading
"""What are your thoughts on the rise of microlearning platforms?""",not_leading
"""Can you share a skill you've taught yourself and how you learned it?""",not_leading
"""How has your opinion on social issues evolved over time?""",not_leading
"""What do you think about the future of space exploration?""",not_leading
"""Can you describe your most memorable travel experience?""",not_leading
"""How do you approach learning new skills or hobbies?""",not_leading
"""What are your thoughts on the use of renewable energy sources?""",not_leading
"""Can you share a piece of advice that has stuck with you?""",not_leading
"""How has your opinion on remote work influenced your career goals?""",not_leading
"""What do you think about the impact of globalization on local cultures?""",not_leading
"""Can you describe your favorite childhood toy and the memories associated with it?""",not_leading
"""How do you think we can improve communication and understanding between different cultures?""",not_leading
"""What are your thoughts on the future of cryptocurrency?""",not_leading
"""Can you share a habit that has positively impacted your life?""",not_leading
"""How has your perspective on aging changed as you've grown older?""",not_leading
"""What do you think about the role of artificial intelligence in society?""",not_leading
"""Can you describe a tradition from your culture that you find meaningful?""",not_leading
"""How do you approach making important life decisions?""",not_leading
"""What are your thoughts on the impact of technology on human interaction?""",not_leading
"""Can you share a moment when you felt a strong sense of belonging?""",not_leading
"""How has your opinion on work-life balance evolved over time?""",not_leading
"""What do you think about the future of public transportation?""",not_leading
"""Can you describe a time when you stepped out of your comfort zone?""",not_leading
"""How do you think we can encourage more diversity and inclusion in the workplace?""",not_leading
"""What are your thoughts on the rise of smart cities?""",not_leading
"""Can you share a piece of advice you would give to your younger self?""",not_leading
"""How has your opinion on social media changed since you first started using it?""",not_leading
"""What do you think about the importance of mental health education in schools?""",not_leading
"""Can you describe your proudest achievement and what it took to get there?""",not_leading
"""How do you think we can improve access to affordable housing?""",not_leading
"""What are your thoughts on the future of wearables and the Internet of Things?""",not_leading
"""Can you share a time when you experienced cultural shock?""",not_leading
"""What are the potential impacts of artificial intelligence on the job market?""",not_leading
"""What do you think about the recent trends in sustainable energy?""",not_leading
"""Can you describe a time when you had to adapt to significant change?""",not_leading
"""How has social media influenced your interactions with others?""",not_leading
"""What do you find most challenging about learning a new language?""",not_leading
"""What are some traditional practices in your culture that you find meaningful?""",not_leading
"""How has your perception of remote work changed over time?""",not_leading
"""What do you think about the role of arts in education?""",not_leading
"""Can you share an example of a time when you demonstrated resilience?""",not_leading
"""What are your thoughts on the current state of mental health awareness?""",not_leading
"""How has technology changed the way you stay informed about news events?""",not_leading
"""What do you find most fascinating about space exploration?""",not_leading
"""What are some ways you practice self-care to maintain your mental well-being?""",not_leading
"""How has your understanding of diversity evolved over the years?""",not_leading
"""What do you think about the potential of virtual reality in education?""",not_leading
"""Can you describe a place that holds special significance for you?""",not_leading
"""How has your definition of success changed over time?""",not_leading
"""What are your views on the use of drones in various industries?""",not_leading
"""How has your approach to environmental conservation changed?""",not_leading
"""What do you think about the importance of financial literacy?""",not_leading
"""Can you share a book that has significantly influenced your perspective?""",not_leading
"""What are some misconceptions you'd like to clarify about your profession?""",not_leading
"""How has your eating habits changed over the years?""",not_leading
"""What do you think about the rise of influencers in popular culture?""",not_leading
"""How has your opinion on home schooling evolved?""",not_leading
"""What are some creative ways you've used to solve problems in the past?""",not_leading
"""What do you think about the impact of fast fashion on the environment?""",not_leading
"""Can you describe a moment when you felt a strong sense of belonging?""",not_leading
"""What are your thoughts on the use of AI in healthcare?""",not_leading
"""How has your approach to goal-setting changed over time?""",not_leading
"""What do you think about the concept of a universal basic income?""",not_leading
"""Can you share a skill you've learned recently and how it's been useful?""",not_leading
"""What do you think about the importance of emotional intelligence in leadership?""",not_leading
"""How has your opinion on public transportation changed?""",not_leading
"""What are some ways you've used to overcome procrastination?""",not_leading
"""What do you think about the potential of biotechnology in agriculture?""",not_leading
"""Can you describe a situation where you had to navigate cultural differences?""",not_leading
"""How has your perspective on failure changed over the years?""",not_leading
"""What do you think about the role of libraries in the digital age?""",not_leading
"""How has your approach to fitness evolved?""",not_leading
"""What are your thoughts on the use of microplastics in cosmetics?""",not_leading
"""Can you share a time when you stepped out of your comfort zone?""",not_leading
"""What do you think about the impact of climate change on global politics?""",not_leading
"""How has your understanding of love changed over time?""",not_leading
"""What are some ways you've used to manage stress effectively?""",not_leading
"""What do you think about the importance of preserving historical sites?""",not_leading
"""What are your thoughts on the recent advancements in AI?""",not_leading
"""Can you tell me about a time when you faced a significant challenge and how you overcame it?""",not_leading
"""How does music influence your mood or productivity?""",not_leading
"""What's the most interesting book you've read lately and why did you enjoy it?""",not_leading
"""How have your views on remote work changed during the pandemic?""",not_leading
"""What do you think about the role of social media in shaping public opinion?""",not_leading
"""Can you describe a place that holds special significance for you and why?""",not_leading
"""How have you incorporated sustainability practices into your daily life?""",not_leading
"""What do you think about the concept of 'cancel culture' in today's society?""",not_leading
"""How has learning a new skill or hobby impacted your life?""",not_leading
"""What's your perspective on the use of drones in various industries?""",not_leading
"""Can you share an experience that has shaped your worldview?""",not_leading
"""How do you prefer to consume news - traditional media, online platforms, or social media?""",not_leading
"""What are your thoughts on the growing trend of 'digital minimalism'?""",not_leading
"""How has your approach to mental health changed over time?""",not_leading
"""What do you think about the recent space exploration missions?""",not_leading
"""Can you describe a memorable dream you've had and what it might represent?""",not_leading
"""What are your thoughts on the impact of fast fashion on the environment?""",not_leading
"""How has your relationship with technology changed over the years?""",not_leading
"""What's the most important lesson you've learned from a mentor or teacher?""",not_leading
"""How do you think climate change will affect future generations?""",not_leading
"""Can you tell me about a cultural tradition from your heritage that you cherish?""",not_leading
"""What are your thoughts on the use of virtual reality in education or therapy?""",not_leading
"""How has your understanding of work-life balance evolved throughout your career?""",not_leading
"""What do you think about the rise of micro-influencers on social media?""",not_leading
"""Can you describe a time when you felt a strong sense of community or belonging?""",not_leading
"""What are your thoughts on the potential of lab-grown meat as an alternative to traditional farming?""",not_leading
"""How has your perspective on travel changed due to the COVID-19 pandemic?""",not_leading
"""What's your opinion on the impact of video games on children's development?""",not_leading
"""Can you share an experience that has made you question your beliefs?""",not_leading
"""What do you think about the use of non-fungible tokens (NFTs) in the art world?""",not_leading
"""How has your approach to finances changed over the years?""",not_leading
"""What's your perspective on the debate surrounding net neutrality?""",not_leading
"""Can you describe a moment when you felt a deep connection with nature?""",not_leading
"""What are your thoughts on the use of AI in healthcare?""",not_leading
"""How have your views on education evolved over time?""",not_leading
"""What do you think about the increasing trend of 'slow fashion'?""",not_leading
"""Can you share a memorable experience from your childhood that still affects you today?""",not_leading
"""What's your opinion on the impact of cryptocurrency on global economies?""",not_leading
"""How has your perception of leadership changed throughout your career?""",not_leading
"""What do you think about the role of art in promoting social change?""",not_leading
"""Can you describe a time when you felt true contentment?""",not_leading
"""What are your thoughts on the recent advancements in quantum computing?""",not_leading
"""Can you describe your favorite childhood memory?""",not_leading
"""How has the rise of remote work impacted your daily routine?""",not_leading
"""What do you think about the growing trend of plant-based diets?""",not_leading
"""Can you share your most embarrassing moment?""",not_leading
"""What are your views on the increasing use of artificial intelligence in everyday life?""",not_leading
"""How do you feel about the recent changes in public transportation in our city?""",not_leading
"""What is your understanding of the term 'cancel culture' and how do you think it's influencing society?""",not_leading
"""Can you tell me about a time when you had to overcome a significant challenge?""",not_leading
"""What are your thoughts on the potential benefits and drawbacks of social media?""",not_leading
"""How has learning from home during the pandemic affected your academic experience?""",not_leading
"""What do you think about the portrayal of mental health in popular media?""",not_leading
"""Can you describe your first job and what you learned from it?""",not_leading
"""What are your views on the increasing focus on sustainability in fashion?""",not_leading
"""How has your perspective on travel changed over the years?""",not_leading
"""What do you think about the role of video games in modern education?""",not_leading
"""Can you share a personal story about resilience and how you stayed strong?""",not_leading
"""What are your thoughts on the use of technology in healthcare?""",not_leading
"""How have your hobbies and interests evolved over time?""",not_leading
"""What do you think about the increasing popularity of true crime podcasts?""",not_leading
"""Can you describe a time when you experienced a significant cultural difference?""",not_leading
"""What are your views on the potential of space tourism?""",not_leading
"""How has your relationship with food changed throughout your life?""",not_leading
"""What do you think about the impact of climate change on global crop yields?""",not_leading
"""Can you tell me about a book that has significantly influenced your perspective?""",not_leading
"""What are your thoughts on the use of humor in difficult situations?""",not_leading
"""How has your understanding of history evolved over the years?""",not_leading
"""What do you think about the increasing use of virtual reality in therapy sessions?""",not_leading
"""Can you describe a moment when you felt a strong connection to nature?""",not_leading
"""What are your views on the potential of CRISPR gene-editing technology?""",not_leading
"""How has your approach to saving and spending money changed over time?""",not_leading
"""What do you think about the role of art in addressing social issues?""",not_leading
"""Can you share a personal story about a time when you stood up for what you believed in?""",not_leading
"""What are your thoughts on the increasing focus on mental health in the workplace?""",not_leading
"""How has your relationship with technology evolved throughout your life?""",not_leading
"""What do you think about the impact of globalization on local economies?""",not_leading
"""Can you describe a time when you experienced a significant personal growth?""",not_leading
"""What are your views on the potential of renewable energy sources to replace fossil fuels?""",not_leading
"""How has your understanding of love and relationships evolved over the years?""",not_leading
"""What do you think about the increasing use of surveillance technology in public spaces?""",not_leading
"""Can you tell me about a time when you experienced a significant cultural shift in your community?""",not_leading
"""What are your thoughts on the role of sports in uniting communities?""",not_leading
"""How has your perspective on failure changed over time?""",not_leading
"""What do you think about the impact of social media on mental health?""",not_leading
"""Can you describe a moment when you felt a strong sense of belonging?""",not_leading
"""What are your views on the potential of blockchain technology to revolutionize various industries?""",not_leading
"""How has your approach to learning and education evolved throughout your life?""",not_leading
"""What do you think about the increasing focus on body positivity in mainstream media?""",not_leading
"""Can you share a personal story about a time when you gained a new perspective on life?""",not_leading
"""What are your thoughts on the increasing use of artificial intelligence in everyday life?""",not_leading
"""Can you describe the last book you read that left a lasting impression on you?""",not_leading
"""How does climate change make you feel emotionally?""",not_leading
"""What is your understanding of the concept of 'mindfulness' and how do you incorporate it into your daily life?""",not_leading
"""What changes have you noticed in your city over the past decade?""",not_leading
"""How has remote work influenced your work-life balance?""",not_leading
"""Can you share a unique cultural tradition from your country?""",not_leading
"""What are some challenges you've faced while learning a new skill?""",not_leading
"""What do you think is the most pressing issue in global politics today?""",not_leading
"""How has social media impacted your relationships with others?""",not_leading
"""Can you explain a complex idea in simple terms, like you would to a child?""",not_leading
"""What do you appreciate most about your job?""",not_leading
"""What are some positive aspects of aging that society often overlooks?""",not_leading
"""How has your favorite hobby evolved over time?""",not_leading
"""What do you think is the most important invention in the last century?""",not_leading
"""What makes a good leader in your opinion?""",not_leading
"""How has your perspective on mental health changed over time?""",not_leading
"""What is the best piece of advice you've received and how has it influenced your life?""",not_leading
"""Can you describe a time when you experienced a significant cultural misunderstanding?""",not_leading
"""What do you think will be the impact of automation on the job market in the future?""",not_leading
"""How do you define success in your personal life?""",not_leading
"""What is your interpretation of the concept of 'home'?""",not_leading
"""What are some misconceptions people have about your cultural background?""",not_leading
"""What do you think is the most important aspect of a healthy relationship?""",not_leading
"""How has your relationship with technology changed over the years?""",not_leading
"""What is your interpretation of the concept of 'freedom'?""",not_leading
"""What are some common struggles faced by women in your industry?""",not_leading
"""Can you share a memorable experience from your childhood?""",not_leading
"""What do you think is the most important issue facing your local community?""",not_leading
"""How has your understanding of 'family' evolved over time?""",not_leading
"""What are some unique traditions or customs in your family?""",not_leading
"""What do you think is the biggest challenge facing humanity at the moment?""",not_leading
"""How do you handle stress and maintain work-life balance?""",not_leading
"""What is your interpretation of the concept of 'progress'?""",not_leading
"""What are some common misconceptions about your profession?""",not_leading
"""Can you describe a time when you experienced a significant personal growth?""",not_leading
"""What do you think is the role of art in society?""",not_leading
"""How has your relationship with food changed over time?""",not_leading
"""What is your understanding of the concept of 'resilience' and how do you cultivate it?""",not_leading
"""What are some common challenges faced by immigrants in your country?""",not_leading
"""What do you think is the most important aspect of a good education?""",not_leading
"""How has your perspective on failure changed over time?""",not_leading
"""What is your interpretation of the concept of 'happiness'?""",not_leading
"""What are some common struggles faced by individuals with disabilities in your country?""",not_leading
"""How has your approach to learning changed over the years?""",not_leading
"""What do you think is the most important lesson you've learned in life?""",not_leading
"""Can you describe a time when you had to overcome a significant fear?""",not_leading
"""What are some common misconceptions about your generation?""",not_leading
"""What do you think is the most important aspect of a good friendship?""",not_leading
"""How has your relationship with your body changed over time?""",not_leading
"""What is your understanding of the concept of 'justice'?""",not_leading
"""What are some unique aspects of your city that you appreciate?""",not_leading
"""How do you stay informed about current events and why is it important to you?""",not_leading
"""What are your thoughts on the recent advancements in AI technology?""",not_leading
"""Can you describe a time when you overcame a significant challenge?""",not_leading
"""How does music influence your mood and daily life?""",not_leading
"""What do you think are the most pressing environmental issues today?""",not_leading
"""How has social media changed the way we communicate and share information?""",not_leading
"""Can you recall a book that had a profound impact on your perspective?""",not_leading
"""What are some cultural trends you've noticed in the past decade?""",not_leading
"""How do you handle stress and maintain work-life balance?""",not_leading
"""What do you believe is the most important issue facing society today?""",not_leading
"""Can you share a unique tradition or festival from your culture?""",not_leading
"""How has learning a new skill or hobby enhanced your life?""",not_leading
"""What draws you to a particular cause or charity?""",not_leading
"""How do you envision the future of transportation, given current innovations?""",not_leading
"""Can you describe a place that holds special meaning for you?""",not_leading
"""What are your thoughts on the impact of remote work on businesses and employees?""",not_leading
"""How has your travel experiences broadened your perspective?""",not_leading
"""What do you think is the most important quality in a leader?""",not_leading
"""Can you share a memorable experience from your childhood?""",not_leading
"""How do you practice self-care and mental well-being?""",not_leading
"""What are your views on the role of education in shaping society?""",not_leading
"""Can you describe a time when you had to adapt to significant change?""",not_leading
"""What do you think about the rise of virtual reality and its potential applications?""",not_leading
"""How has your relationship with technology evolved over the years?""",not_leading
"""What are some misconceptions you'd like to clear up about your identity or background?""",not_leading
"""Can you share a piece of advice that has stayed with you?""",not_leading
"""How do you approach decision-making in complex situations?""",not_leading
"""What do you think about the ethical implications of gene editing?""",not_leading
"""Can you describe a time when you stood up for something you believed in?""",not_leading
"""How has your understanding of history influenced your present actions?""",not_leading
"""What do you think about the potential of renewable energy sources?""",not_leading
"""Can you share a skill you wish everyone could have?""",not_leading
"""How do you find inspiration and motivation in your daily life?""",not_leading
"""What are your thoughts on the influence of art and creativity in society?""",not_leading
"""Can you recall a moment when you felt a strong sense of belonging?""",not_leading
"""How do you navigate conflicts and disagreements in your relationships?""",not_leading
"""What do you think about the impact of automation on jobs and industries?""",not_leading
"""Can you share a tradition from your family that you hope to pass down?""",not_leading
"""How has your definition of success changed over time?""",not_leading
"""What do you think about the role of storytelling in understanding the world?""",not_leading
"""Can you describe a time when you stepped out of your comfort zone?""",not_leading
"""How do you stay informed about current events and news?""",not_leading
"""What are your thoughts on the potential of space exploration for humanity?""",not_leading
"""Can you share a time when you experienced a significant cultural exchange?""",not_leading
"""How do you approach learning from past mistakes and failures?""",not_leading
"""What do you think about the balance between privacy and security in the digital age?""",not_leading
"""Can you describe a place you'd like to visit and why?""",not_leading
"""What are your thoughts on the recent advancements in AI and its impact on society?""",not_leading
"""Can you share a memorable experience from your childhood?""",not_leading
"""How do you feel about the growing trend of remote work?""",not_leading
"""What are the main challenges facing our education system today?""",not_leading
"""Can you describe a time when you had to overcome a significant obstacle?""",not_leading
"""How has social media changed the way we communicate with each other?""",not_leading
"""What do you believe are the most pressing environmental issues in our world today?""",not_leading
"""Can you tell me about a hobby or interest that you're passionate about?""",not_leading
"""How has your cultural background influenced your worldview?""",not_leading
"""What do you think about the role of art in society and why?""",not_leading
"""Can you reflect on a time when you experienced a major change in your life?""",not_leading
"""How do you feel about the increasing use of technology in healthcare?""",not_leading
"""What are your thoughts on the balance between privacy and security in the digital age?""",not_leading
"""Can you describe a book or movie that has had a significant impact on you?""",not_leading
"""How do you approach decision-making in your personal life?""",not_leading
"""What are the benefits and drawbacks of globalization, in your opinion?""",not_leading
"""Can you share a moment when you felt a strong sense of community or belonging?""",not_leading
"""How has your perception of success changed over time?""",not_leading
"""What do you think about the ethical implications of gene editing?""",not_leading
"""Can you reflect on a time when you experienced a significant failure and what you learned from it?""",not_leading
"""How do you think our societal views on mental health have evolved over the years?""",not_leading
"""What are your thoughts on the impact of tourism on local cultures and economies?""",not_leading
"""Can you describe a skill or talent that you wish you had?""",not_leading
"""How do you feel about the increasing trend of ' Cancel Culture'?""",not_leading
"""What do you believe is the most important lesson history can teach us?""",not_leading
"""Can you reflect on a time when you stood up for something you believed in?""",not_leading
"""What are your thoughts on the role of government in addressing climate change?""",not_leading
"""How has your relationship with your family evolved over time?""",not_leading
"""Can you describe a place that holds special meaning for you?""",not_leading
"""What do you think about the current state of journalism and its future?""",not_leading
"""How do you feel about the increasing use of surveillance technology?""",not_leading
"""Can you share a time when you experienced a moment of pure joy or happiness?""",not_leading
"""What are your thoughts on the impact of technology on creativity and innovation?""",not_leading
"""How has your perspective on life changed as you've grown older?""",not_leading
"""What do you believe is the most important quality in a leader?""",not_leading
"""Can you describe a time when you had to adapt to significant change?""",not_leading
"""What are your thoughts on the role of education in shaping society?""",not_leading
"""How do you feel about the increasing trend of minimalism in design and lifestyle?""",not_leading
"""Can you reflect on a time when you experienced a profound sense of loss?""",not_leading
"""What do you think about the ethical implications of using animal models in scientific research?""",not_leading
"""How has your relationship with technology evolved over time?""",not_leading
"""Can you describe a time when you felt a deep connection with nature?""",not_leading
"""What are your thoughts on the impact of social movements on societal change?""",not_leading
"""How has your perception of love and relationships evolved over time?""",not_leading
"""Can you share a time when you experienced a moment of pure inspiration or creativity?""",not_leading
"""What do you think about the role of sports in society and why?""",not_leading
"""How do you feel about the increasing trend of ' slow living'?""",not_leading
"""Can you reflect on a time when you experienced a significant moment of growth or self-discovery?""",not_leading
"""What are your thoughts on the balance between progress and preservation in urban planning?""",not_leading
"""How has your relationship with your community changed over time?""",not_leading
"""Can you describe a time when you felt a strong sense of purpose or meaning in your life?""",not_leading
"""What do you think about the impact of technology on human connections and relationships?""",not_leading
"""How do you feel about the increasing trend of ' conscious consumerism'?""",not_leading
"""Can you reflect on a time when you experienced a significant moment of vulnerability and how you coped?""",not_leading
"""Here are 50 open-ended questions, covering diverse topics, contexts, and question types, while maintaining neutrality:""",not_leading
"""1. What are your thoughts on the recent advancements in AI technology?""",not_leading
"""2. Can you describe a time when you faced a significant challenge and how you overcame it?""",not_leading
"""3. How do you think climate change will impact future generations?""",not_leading
"""4. What's your interpretation of the latest trends in popular music?""",not_leading
"""5. Can you share an experience that broadened your cultural perspective?""",not_leading
"""6. How has social media influenced your life and interactions?""",not_leading
"""7. What do you believe is the most pressing issue in global politics today?""",not_leading
"""8. Can you describe your favorite childhood memory?""",not_leading
"""9. How has remote work changed your professional routine?""",not_leading
"""10. What's your opinion on the role of art in society?""",not_leading
"""11. Can you share a book that has significantly influenced your worldview?""",not_leading
"""12. How do you envision the future of transportation, given the shift towards electric vehicles?""",not_leading
"""13. What's your stance on the balance between privacy and security in the digital age?""",not_leading
"""14. Can you describe your first job and what you learned from it?""",not_leading
"""15. How has the pandemic impacted your mental health and well-being?""",not_leading
"""16. What's your perspective on the impact of fast fashion on the environment?""",not_leading
"""17. Can you share a moment when you felt a deep connection with nature?""",not_leading
"""18. How do you think technology is changing the way we learn and educate?""",not_leading
"""19. What's your interpretation of the latest findings in quantum physics?""",not_leading
"""20. Can you describe a time when you had to advocate for yourself or others?""",not_leading
"""21. How has your understanding of history evolved over time?""",not_leading
"""22. What's your stance on the use of technology in mental health treatment?""",not_leading
"""23. Can you share an experience that taught you about empathy and compassion?""",not_leading
"""24. How do you envision the future of healthcare, given the advancements in biotechnology?""",not_leading
"""25. What's your opinion on the portrayal of diversity in modern media?""",not_leading
"""26. Can you describe your most memorable travel experience?""",not_leading
"""27. How has your definition of success changed over the years?""",not_leading
"""28. What's your perspective on the impact of technology on creativity and innovation?""",not_leading
"""29. Can you share a moment when you felt a strong sense of community?""",not_leading
"""30. How do you think the gig economy is influencing traditional work structures?""",not_leading
"""31. What's your interpretation of the latest findings in marine biology?""",not_leading
"""32. Can you describe a time when you had to make a difficult decision?""",not_leading
"""33. How has your relationship with food evolved over time?""",not_leading
"""34. What's your stance on the use of virtual reality in education?""",not_leading
"""35. Can you share a memory that makes you feel truly grateful?""",not_leading
"""36. How do you think the rise of plant-based diets is influencing the food industry?""",not_leading
"""37. What's your perspective on the impact of technology on human relationships?""",not_leading
"""38. Can you describe your proudest personal achievement?""",not_leading
"""39. How has your understanding of social justice evolved over time?""",not_leading
"""40. What's your opinion on the role of sports in society?""",not_leading
"""41. Can you share a moment when you experienced pure joy?""",not_leading
"""42. How do you think the concept of beauty has changed over the centuries?""",not_leading
"""43. What's your stance on the use of drones in various industries?""",not_leading
"""44. Can you describe a time when you experienced a significant change in perspective?""",not_leading
"""45. How has your relationship with technology evolved over the years?""",not_leading
"""46. What's your interpretation of the latest findings in neuroscience?""",not_leading
"""47. Can you share a memory that brings you comfort and peace?""",not_leading
"""48. How do you think the traditional family structure has evolved over time?""",not_leading
"""49. What's your perspective on the impact of technology on human attention spans?""",not_leading
"""50. Can you describe your biggest fear and how you've coped with it?""",not_leading
"""What are your thoughts on the recent advancements in artificial intelligence?""",not_leading
"""Can you describe the last book that left a lasting impression on you?""",not_leading
"""How does public transportation in your city compare to others you've experienced?""",not_leading
"""What are some cultural traditions in your community that you find fascinating?""",not_leading
"""How do you prefer to stay informed about current events?""",not_leading
"""What was the most challenging project you've undertaken and how did you approach it?""",not_leading
"""Can you share a memorable experience from your childhood?""",not_leading
"""How has remote work changed your daily routine?""",not_leading
"""What are some environmental issues that you feel strongly about?""",not_leading
"""What inspires your creative pursuits?""",not_leading
"""How do you define success in your personal life?""",not_leading
"""What is your favorite mode of self-expression and why?""",not_leading
"""How has technology influenced your daily habits?""",not_leading
"""Can you describe a place that holds special significance for you?""",not_leading
"""What makes a good leader in your opinion?""",not_leading
"""How do you practice self-care and what does it mean to you?""",not_leading
"""What are some local initiatives in your community that you admire?""",not_leading
"""What is your favorite form of exercise and why?""",not_leading
"""How has your perspective on learning evolved over time?""",not_leading
"""What is one thing you regret not doing?""",not_leading
"""How do you handle stress and what strategies work best for you?""",not_leading
"""What are some traditions in your family that you cherish?""",not_leading
"""How do you think the role of education will change in the future?""",not_leading
"""What is your favorite genre of music and why does it resonate with you?""",not_leading
"""How do you balance work and personal life?""",not_leading
"""What is the most fulfilling volunteer work you've done?""",not_leading
"""What are some misconceptions about your cultural background that you'd like to clear up?""",not_leading
"""How do you approach goal-setting and what strategies help you achieve them?""",not_leading
"""What is your favorite way to spend a weekend?""",not_leading
"""How has your relationship with social media evolved over the years?""",not_leading
"""What is one skill you wish you could master?""",not_leading
"""What are some common myths or stereotypes about your profession that you'd like to debunk?""",not_leading
"""How do you stay motivated when working on a long-term project?""",not_leading
"""What is your favorite childhood memory?""",not_leading
"""What are some unique aspects of your hometown that you love?""",not_leading
"""How do you define resilience and how have you demonstrated it in your life?""",not_leading
"""What is one thing you're grateful for today?""",not_leading
"""What are some common challenges faced by people in your field and how can they be addressed?""",not_leading
"""How has your approach to finances changed over time?""",not_leading
"""What are some ways you're trying to reduce your environmental impact?""",not_leading
"""What is your proudest personal achievement?""",not_leading
"""What are some benefits and drawbacks of living in a big city?""",not_leading
"""How do you maintain a healthy lifestyle?""",not_leading
"""What is your favorite way to learn new things?""",not_leading
"""How has your perspective on failure changed over time?""",not_leading
"""What is one thing you'd like to change about your daily routine?""",not_leading
"""What are some common misconceptions about your personal beliefs or values?""",not_leading
"""How do you practice gratitude in your daily life?""",not_leading
"""What is your favorite way to unwind after a long day?""",not_leading
"""What are some things you wish were taught in schools but aren't?""",not_leading
"""How has your understanding of mental health evolved over time?""",not_leading
"""What is one thing you'd like to accomplish before the end of the year?""",not_leading
"""What are some ways you're trying to improve your community?""",not_leading
"""What is your favorite way to connect with others?""",not_leading
"""What are your thoughts on the recent advancements in artificial intelligence?""",not_leading
"""Can you recall a time when you experienced a significant change in your life?""",not_leading
"""What do you think are the most pressing environmental issues today?""",not_leading
"""How has social media influenced your relationships with others?""",not_leading
"""Can you describe a cultural tradition that you find particularly meaningful?""",not_leading
"""What is your perspective on the role of education in shaping society?""",not_leading
"""How has remote work impacted your daily life and routines?""",not_leading
"""What are some common misconceptions about mental health, according to your experiences?""",not_leading
"""Can you tell me about a book that has greatly influenced your worldview?""",not_leading
"""What do you believe are the key elements of a successful long-term relationship?""",not_leading
"""How has technology changed the way you consume and create art?""",not_leading
"""What is your stance on the balance between privacy and security in the digital age?""",not_leading
"""Can you describe a place that you find particularly peaceful and why?""",not_leading
"""What do you think is the most effective way to promote diversity and inclusion in the workplace?""",not_leading
"""How has your understanding of sustainability evolved over time?""",not_leading
"""What is your opinion on the impact of virtual reality in various industries?""",not_leading
"""Can you share an example of when you had to adapt to a significant change in your environment?""",not_leading
"""What do you believe are the most important factors in achieving personal growth?""",not_leading
"""How has your perception of nature and the outdoors changed throughout your life?""",not_leading
"""What are some common challenges faced by new entrepreneurs, in your experience?""",not_leading
"""Can you describe a moment when you felt a strong sense of community?""",not_leading
"""What is your perspective on the role of art in society and politics?""",not_leading
"""How has the rise of true crime podcasts affected public interest in criminal justice?""",not_leading
"""Can you tell me about a time when you had to overcome a personal fear or anxiety?""",not_leading
"""What do you think are the benefits and drawbacks of universal basic income?""",not_leading
"""How has your approach to social issues evolved over the years?""",not_leading
"""Can you describe a cultural festival that you find particularly vibrant and why?""",not_leading
"""What do you believe is the most important issue facing the global education system today?""",not_leading
"""How has your relationship with technology changed as you've grown older?""",not_leading
"""Can you tell me about a time when you experienced a significant cultural shift?""",not_leading
"""What are your thoughts on the potential of gene editing in medicine?""",not_leading
"""How has your understanding of leadership evolved throughout your career?""",not_leading
"""Can you describe a tradition in your family that you think reflects your cultural heritage?""",not_leading
"""What do you believe is the most effective way to address climate change?""",not_leading
"""How has your opinion on the gig economy evolved over time?""",not_leading
"""Can you share an example of a time when you had to advocate for yourself?""",not_leading
"""What are your thoughts on the impact of globalization on local cultures?""",not_leading
"""How has your approach to personal finance changed as you've aged?""",not_leading
"""Can you describe a time when you felt a strong connection to history?""",not_leading
"""What do you think are the most important factors in creating a positive work environment?""",not_leading
"""How has your perception of success changed throughout your life?""",not_leading
"""Can you tell me about a moment when you felt a strong sense of accomplishment?""",not_leading
"""What are your thoughts on the role of automation in the future of work?""",not_leading
"""How has your understanding of human rights evolved over time?""",not_leading
"""Can you describe a piece of art that has had a profound impact on you?""",not_leading
"""What do you believe are the most important aspects of a healthy lifestyle?""",not_leading
"""How has your opinion on the role of technology in education changed over time?""",not_leading
"""Can you share an example of a time when you had to navigate a complex ethical dilemma?""",not_leading
